{
  "qid": 100405,
  "query": "Báo cáo kết quả thanh tra chuyên ngành giáo dục học viện được thực hiện khi nào?",
  "metrics": {
    "mrr": 0.3333333333333333,
    "map": 0.3333333333333333,
    "p@1": 0.0,
    "r@1": 0.0,
    "ndcg@1": 0.0,
    "p@5": 0.2,
    "r@5": 1.0,
    "ndcg@5": 0.5,
    "p@10": 0.1,
    "r@10": 1.0,
    "ndcg@10": 0.5
  },
  "retrieved": [
    7032,
    4981,
    7025,
    4982,
    5504,
    7001,
    7016,
    13391,
    7003,
    7002
  ]
}