{
  "qid": 102443,
  "query": "Việc khám xét người được thực hiện khi có những căn cứ nào?",
  "metrics": {
    "mrr": 0.25,
    "map": 0.25,
    "p@1": 0.0,
    "r@1": 0.0,
    "ndcg@1": 0.0,
    "p@5": 0.2,
    "r@5": 1.0,
    "ndcg@5": 0.43067655807339306,
    "p@10": 0.1,
    "r@10": 1.0,
    "ndcg@10": 0.43067655807339306
  },
  "retrieved": [
    10671,
    10670,
    10672,
    10669,
    10675,
    10677,
    8409,
    10489,
    2484,
    11657
  ]
}