{
  "qid": 102812,
  "query": "Các hình thức khiếu nại đến Ban thanh tra nhân dân tại bệnh viện có bao gồm gửi đơn thư, gọi điện thoại, đến trực tiếp không?",
  "metrics": {
    "mrr": 0.16666666666666666,
    "map": 0.16666666666666666,
    "p@1": 0.0,
    "r@1": 0.0,
    "ndcg@1": 0.0,
    "p@5": 0.0,
    "r@5": 0.0,
    "ndcg@5": 0.0,
    "p@10": 0.1,
    "r@10": 1.0,
    "ndcg@10": 0.3562071871080222
  },
  "retrieved": [
    5994,
    3171,
    1749,
    7181,
    2205,
    1708,
    1489,
    1491,
    1710,
    7186
  ]
}