{
  "qid": 103076,
  "query": "Tổ chức kỷ niệm ngày thành lập, ngày truyền thống được quy định như thế nào?",
  "metrics": {
    "mrr": 0.5,
    "map": 0.5,
    "p@1": 0.0,
    "r@1": 0.0,
    "ndcg@1": 0.0,
    "p@5": 0.2,
    "r@5": 1.0,
    "ndcg@5": 0.6309297535714575,
    "p@10": 0.1,
    "r@10": 1.0,
    "ndcg@10": 0.6309297535714575
  },
  "retrieved": [
    13643,
    13648,
    13640,
    13655,
    6663,
    6662,
    985,
    986,
    1344,
    976
  ]
}