{
  "qid": 103127,
  "query": "Người dự thi tuyển công chức Viện kiểm sát nhân dân được xác định là trúng tuyển khi có kết quả điểm tại vòng 02 là bao nhiêu?",
  "metrics": {
    "mrr": 0.25,
    "map": 0.25,
    "p@1": 0.0,
    "r@1": 0.0,
    "ndcg@1": 0.0,
    "p@5": 0.2,
    "r@5": 1.0,
    "ndcg@5": 0.43067655807339306,
    "p@10": 0.1,
    "r@10": 1.0,
    "ndcg@10": 0.43067655807339306
  },
  "retrieved": [
    2372,
    2375,
    1318,
    14217,
    2363,
    2368,
    4188,
    2362,
    14213,
    10818
  ]
}