{
  "qid": 103252,
  "query": "Thừa phát lại có thể hành nghề tại nhiều Văn phòng Thừa phát lại hay không?",
  "metrics": {
    "mrr": 0.16666666666666666,
    "map": 0.16666666666666666,
    "p@1": 0.0,
    "r@1": 0.0,
    "ndcg@1": 0.0,
    "p@5": 0.0,
    "r@5": 0.0,
    "ndcg@5": 0.0,
    "p@10": 0.1,
    "r@10": 1.0,
    "ndcg@10": 0.3562071871080222
  },
  "retrieved": [
    8948,
    8947,
    8943,
    8994,
    8944,
    8942,
    8941,
    8955,
    5830,
    9410
  ]
}