{
  "qid": 103268,
  "query": "Cơ quan lập hồ sơ không xác định được ngôn ngữ chính thức của nước được yêu cầu ủy thác hoặc ngôn ngữ mà nước đó chấp nhận thì làm thế nào?",
  "metrics": {
    "mrr": 0.3333333333333333,
    "map": 0.3333333333333333,
    "p@1": 0.0,
    "r@1": 0.0,
    "ndcg@1": 0.0,
    "p@5": 0.2,
    "r@5": 1.0,
    "ndcg@5": 0.5,
    "p@10": 0.1,
    "r@10": 1.0,
    "ndcg@10": 0.5
  },
  "retrieved": [
    7966,
    9702,
    7960,
    7974,
    7969,
    10648,
    1912,
    5770,
    7758,
    7971
  ]
}