{
  "qid": 103363,
  "query": "Điều kiện để dùng biệt thự làm cơ sở lưu trú du lịch được quy định như thế nào?",
  "metrics": {
    "mrr": 0.3333333333333333,
    "map": 0.3333333333333333,
    "p@1": 0.0,
    "r@1": 0.0,
    "ndcg@1": 0.0,
    "p@5": 0.2,
    "r@5": 1.0,
    "ndcg@5": 0.5,
    "p@10": 0.1,
    "r@10": 1.0,
    "ndcg@10": 0.5
  },
  "retrieved": [
    9791,
    9793,
    9792,
    9796,
    9794,
    9795,
    9247,
    9252,
    9250,
    9254
  ]
}