{
  "qid": 103994,
  "query": "Bộ Công thương có trách nhiệm gì tại cơ quan đại diện hoạt động trong lĩnh vực thương mại?",
  "metrics": {
    "mrr": 0.2,
    "map": 0.2,
    "p@1": 0.0,
    "r@1": 0.0,
    "ndcg@1": 0.0,
    "p@5": 0.2,
    "r@5": 1.0,
    "ndcg@5": 0.38685280723454163,
    "p@10": 0.1,
    "r@10": 1.0,
    "ndcg@10": 0.38685280723454163
  },
  "retrieved": [
    11728,
    12940,
    11729,
    6036,
    11730,
    11726,
    11742,
    5330,
    487,
    12938
  ]
}