{
  "qid": 104689,
  "query": "Thủ tục kéo dài thời gian giữ chức vụ lãnh đạo của công chức cấp huyện đến tuổi nghỉ hưu được thực hiện ra sao?",
  "metrics": {
    "mrr": 0.5,
    "map": 0.5,
    "p@1": 0.0,
    "r@1": 0.0,
    "ndcg@1": 0.0,
    "p@5": 0.2,
    "r@5": 1.0,
    "ndcg@5": 0.6309297535714575,
    "p@10": 0.1,
    "r@10": 1.0,
    "ndcg@10": 0.6309297535714575
  },
  "retrieved": [
    14256,
    14259,
    14260,
    14266,
    2334,
    2357,
    9464,
    670,
    14263,
    930
  ]
}