{
  "qid": 104768,
  "query": "Thẻ bảo hiểm y tế cho người khác mượn bị xử lý thế nào?",
  "metrics": {
    "mrr": 0.2,
    "map": 0.2,
    "p@1": 0.0,
    "r@1": 0.0,
    "ndcg@1": 0.0,
    "p@5": 0.2,
    "r@5": 1.0,
    "ndcg@5": 0.38685280723454163,
    "p@10": 0.1,
    "r@10": 1.0,
    "ndcg@10": 0.38685280723454163
  },
  "retrieved": [
    9578,
    9575,
    9577,
    14622,
    14625,
    12345,
    2954,
    2948,
    11819,
    9580
  ]
}