{
  "qid": 105761,
  "query": "Cơ quan có thẩm quyền giải quyết tin báo về tội phạm có trách nhiệm thông báo kết quả giải quyết cho những ai?",
  "metrics": {
    "mrr": 0.16666666666666666,
    "map": 0.16666666666666666,
    "p@1": 0.0,
    "r@1": 0.0,
    "ndcg@1": 0.0,
    "p@5": 0.0,
    "r@5": 0.0,
    "ndcg@5": 0.0,
    "p@10": 0.1,
    "r@10": 1.0,
    "ndcg@10": 0.3562071871080222
  },
  "retrieved": [
    1000,
    994,
    10533,
    998,
    991,
    10622,
    995,
    10621,
    10637,
    990
  ]
}