{
  "qid": 107171,
  "query": "Cơ quan điều tra có phải cơ quan tiếp nhận văn bản kiến nghị khi phát hiện dấu hiệu tội phạm trong quá trình thanh tra không?",
  "metrics": {
    "mrr": 0.5,
    "map": 0.5,
    "p@1": 0.0,
    "r@1": 0.0,
    "ndcg@1": 0.0,
    "p@5": 0.2,
    "r@5": 1.0,
    "ndcg@5": 0.6309297535714575,
    "p@10": 0.1,
    "r@10": 1.0,
    "ndcg@10": 0.6309297535714575
  },
  "retrieved": [
    4978,
    3567,
    10621,
    3568,
    3563,
    3566,
    992,
    10623,
    10637,
    10482
  ]
}