{
  "qid": 107544,
  "query": "Cơ sở đăng ký thuốc có dữ liệu bảo mật thử nghiệm thì có trách nhiệm nào?",
  "metrics": {
    "mrr": 0.2,
    "map": 0.2,
    "p@1": 0.0,
    "r@1": 0.0,
    "ndcg@1": 0.0,
    "p@5": 0.2,
    "r@5": 1.0,
    "ndcg@5": 0.38685280723454163,
    "p@10": 0.1,
    "r@10": 1.0,
    "ndcg@10": 0.38685280723454163
  },
  "retrieved": [
    4736,
    4735,
    4726,
    4733,
    4737,
    4728,
    4731,
    4725,
    4734,
    4730
  ]
}