{
  "qid": 108087,
  "query": "Ai sẽ chịu trách nhiệm khi xảy ra tai nạn trong quá trình thi công công trình?",
  "metrics": {
    "mrr": 0.5,
    "map": 0.5,
    "p@1": 0.0,
    "r@1": 0.0,
    "ndcg@1": 0.0,
    "p@5": 0.2,
    "r@5": 1.0,
    "ndcg@5": 0.6309297535714575,
    "p@10": 0.1,
    "r@10": 1.0,
    "ndcg@10": 0.6309297535714575
  },
  "retrieved": [
    6882,
    6883,
    6888,
    6880,
    5104,
    6879,
    6870,
    10354,
    10311,
    6871
  ]
}