{
  "qid": 108210,
  "query": "Trong việc liên thông Tổ chức cung cấp dịch vụ chứng thực chữ ký số quốc gia và Tổ chức cung cấp dịch vụ chứng thực chữ ký số chuyên dùng Chính phủ có trách nhiệm thế nào?",
  "metrics": {
    "mrr": 0.25,
    "map": 0.25,
    "p@1": 0.0,
    "r@1": 0.0,
    "ndcg@1": 0.0,
    "p@5": 0.2,
    "r@5": 1.0,
    "ndcg@5": 0.43067655807339306,
    "p@10": 0.1,
    "r@10": 1.0,
    "ndcg@10": 0.43067655807339306
  },
  "retrieved": [
    4528,
    4531,
    4529,
    4535,
    4534,
    4530,
    1432,
    3318,
    1431,
    4532
  ]
}