{
  "qid": 108525,
  "query": "Người khuyết tật năm nay 19 tuổi được phép nhập học trung học phổ thông không?",
  "metrics": {
    "mrr": 0.5,
    "map": 0.5,
    "p@1": 0.0,
    "r@1": 0.0,
    "ndcg@1": 0.0,
    "p@5": 0.2,
    "r@5": 1.0,
    "ndcg@5": 0.6309297535714575,
    "p@10": 0.1,
    "r@10": 1.0,
    "ndcg@10": 0.6309297535714575
  },
  "retrieved": [
    1246,
    3434,
    3445,
    1235,
    1242,
    3441,
    1237,
    1539,
    1239,
    3428
  ]
}