{
  "qid": 108657,
  "query": "Hoạt động viễn thám được thực hiện theo nguyên tắc nào?",
  "metrics": {
    "mrr": 0.14285714285714285,
    "map": 0.14285714285714285,
    "p@1": 0.0,
    "r@1": 0.0,
    "ndcg@1": 0.0,
    "p@5": 0.0,
    "r@5": 0.0,
    "ndcg@5": 0.0,
    "p@10": 0.1,
    "r@10": 1.0,
    "ndcg@10": 0.3333333333333333
  },
  "retrieved": [
    3599,
    3591,
    9902,
    12568,
    3575,
    9886,
    3576,
    3589,
    3598,
    3592
  ]
}