{
  "qid": 112015,
  "query": "Cán bộ, công chức, viên chức trong ngành Thanh tra cố ý cản trở hoạt động thanh tra bị xử lý ra sao?",
  "metrics": {
    "mrr": 0.3333333333333333,
    "map": 0.3333333333333333,
    "p@1": 0.0,
    "r@1": 0.0,
    "ndcg@1": 0.0,
    "p@5": 0.2,
    "r@5": 1.0,
    "ndcg@5": 0.5,
    "p@10": 0.1,
    "r@10": 1.0,
    "ndcg@10": 0.5
  },
  "retrieved": [
    4831,
    2911,
    1674,
    2922,
    12448,
    5128,
    11020,
    2024,
    2909,
    978
  ]
}