{
  "qid": 112382,
  "query": "Kiểm tra việc thực hiện công tác quản lý nhà nước về đầu tư nước ngoài là gì?",
  "metrics": {
    "mrr": 0.5,
    "map": 0.5,
    "p@1": 0.0,
    "r@1": 0.0,
    "ndcg@1": 0.0,
    "p@5": 0.2,
    "r@5": 1.0,
    "ndcg@5": 0.6309297535714575,
    "p@10": 0.1,
    "r@10": 1.0,
    "ndcg@10": 0.6309297535714575
  },
  "retrieved": [
    9594,
    9595,
    9598,
    9606,
    14699,
    9618,
    9604,
    9609,
    6822,
    2306
  ]
}