{
  "qid": 112475,
  "query": "Viên chức được bổ nhiệm vào chức danh y tế công cộng hạng 3 được áp dụng hệ số lương bao nhiêu?",
  "metrics": {
    "mrr": 0.25,
    "map": 0.25,
    "p@1": 0.0,
    "r@1": 0.0,
    "ndcg@1": 0.0,
    "p@5": 0.2,
    "r@5": 1.0,
    "ndcg@5": 0.43067655807339306,
    "p@10": 0.1,
    "r@10": 1.0,
    "ndcg@10": 0.43067655807339306
  },
  "retrieved": [
    1536,
    8457,
    6460,
    8612,
    7562,
    7726,
    8458,
    14270,
    7561,
    7563
  ]
}