{
  "qid": 113116,
  "query": "Mối quan hệ giữa Hội đồng quản lý với người đứng đầu đơn vị sự nghiệp công lập thuộc ngành tài nguyên và môi trường được quy định như thế nào?",
  "metrics": {
    "mrr": 0.3333333333333333,
    "map": 0.3333333333333333,
    "p@1": 0.0,
    "r@1": 0.0,
    "ndcg@1": 0.0,
    "p@5": 0.2,
    "r@5": 1.0,
    "ndcg@5": 0.5,
    "p@10": 0.1,
    "r@10": 1.0,
    "ndcg@10": 0.5
  },
  "retrieved": [
    12015,
    3153,
    3155,
    3156,
    3149,
    3146,
    10995,
    5545,
    5536,
    14254
  ]
}