{
  "qid": 113252,
  "query": "Thành phần Ban chỉ đạo phòng, chống khủng bố quốc gia gồm những ai?",
  "metrics": {
    "mrr": 0.16666666666666666,
    "map": 0.16666666666666666,
    "p@1": 0.0,
    "r@1": 0.0,
    "ndcg@1": 0.0,
    "p@5": 0.0,
    "r@5": 0.0,
    "ndcg@5": 0.0,
    "p@10": 0.1,
    "r@10": 1.0,
    "ndcg@10": 0.3562071871080222
  },
  "retrieved": [
    7162,
    7161,
    7160,
    7156,
    7153,
    7152,
    7158,
    7159,
    7155,
    7150
  ]
}