{
  "qid": 11396,
  "query": "Có hai năm liên tiếp được xếp loại chất lượng ở mức không hoàn thành nhiệm vụ có được miễn nhiệm công chức lãnh đạo của Bộ Giáo dục và Đào tạo không?",
  "metrics": {
    "mrr": 0.3333333333333333,
    "map": 0.3333333333333333,
    "p@1": 0.0,
    "r@1": 0.0,
    "ndcg@1": 0.0,
    "p@5": 0.2,
    "r@5": 1.0,
    "ndcg@5": 0.5,
    "p@10": 0.1,
    "r@10": 1.0,
    "ndcg@10": 0.5
  },
  "retrieved": [
    2360,
    14263,
    14262,
    2356,
    6644,
    6646,
    10981,
    6648,
    526,
    9834
  ]
}