{
  "qid": 114022,
  "query": "Người đại diện của người dưới 18 tuổi có quyền được thông báo trước khi người dưới 18 tuổi bị lấy lời khai hay không?",
  "metrics": {
    "mrr": 0.25,
    "map": 0.25,
    "p@1": 0.0,
    "r@1": 0.0,
    "ndcg@1": 0.0,
    "p@5": 0.2,
    "r@5": 1.0,
    "ndcg@5": 0.43067655807339306,
    "p@10": 0.1,
    "r@10": 1.0,
    "ndcg@10": 0.43067655807339306
  },
  "retrieved": [
    10890,
    6705,
    10893,
    6698,
    10891,
    10910,
    2524,
    6694,
    10892,
    6696
  ]
}