{
  "qid": 114037,
  "query": "Trường hợp nào phải đình chỉ xét xử phúc thẩm vụ án hình sự?",
  "metrics": {
    "mrr": 0.25,
    "map": 0.25,
    "p@1": 0.0,
    "r@1": 0.0,
    "ndcg@1": 0.0,
    "p@5": 0.2,
    "r@5": 1.0,
    "ndcg@5": 0.43067655807339306,
    "p@10": 0.1,
    "r@10": 1.0,
    "ndcg@10": 0.43067655807339306
  },
  "retrieved": [
    10932,
    10930,
    10807,
    10825,
    10823,
    10836,
    10832,
    10760,
    10725,
    10759
  ]
}