{
  "qid": 114148,
  "query": "Thông tin trong giấy khai sinh bị sai thì có đổi lại thông tin được hay không?",
  "metrics": {
    "mrr": 0.25,
    "map": 0.25,
    "p@1": 0.0,
    "r@1": 0.0,
    "ndcg@1": 0.0,
    "p@5": 0.2,
    "r@5": 1.0,
    "ndcg@5": 0.43067655807339306,
    "p@10": 0.1,
    "r@10": 1.0,
    "ndcg@10": 0.43067655807339306
  },
  "retrieved": [
    3130,
    4563,
    2262,
    4562,
    4572,
    3762,
    4561,
    4569,
    4568,
    10194
  ]
}