{
  "qid": 114969,
  "query": "Thời gian chốt số liệu báo cáo tình hình hoạt động trong lĩnh vực vật liệu xây dựng là khi nào?",
  "metrics": {
    "mrr": 0.25,
    "map": 0.25,
    "p@1": 0.0,
    "r@1": 0.0,
    "ndcg@1": 0.0,
    "p@5": 0.2,
    "r@5": 1.0,
    "ndcg@5": 0.43067655807339306,
    "p@10": 0.1,
    "r@10": 1.0,
    "ndcg@10": 0.43067655807339306
  },
  "retrieved": [
    10260,
    2681,
    10257,
    10116,
    3613,
    10259,
    1307,
    10112,
    10248,
    10111
  ]
}