{
  "qid": 115037,
  "query": "Cấp bậc quân hàm cao nhất đối với chức vụ của hạ sĩ quan Quân đội nhân dân Việt Nam là cấp bậc gì?",
  "metrics": {
    "mrr": 0.5,
    "map": 0.25,
    "p@1": 0.0,
    "r@1": 0.0,
    "ndcg@1": 0.0,
    "p@5": 0.2,
    "r@5": 0.5,
    "ndcg@5": 0.38685280723454163,
    "p@10": 0.1,
    "r@10": 0.5,
    "ndcg@10": 0.38685280723454163
  },
  "retrieved": [
    7328,
    7331,
    7330,
    7341,
    7334,
    7332,
    7340,
    7329,
    14491,
    7333
  ]
}