{
  "qid": 116129,
  "query": "Ai có trách nhiệm phải khai báo hóa chất sản xuất, hóa chất nhập khẩu?",
  "metrics": {
    "mrr": 0.5,
    "map": 0.5,
    "p@1": 0.0,
    "r@1": 0.0,
    "ndcg@1": 0.0,
    "p@5": 0.2,
    "r@5": 1.0,
    "ndcg@5": 0.6309297535714575,
    "p@10": 0.1,
    "r@10": 1.0,
    "ndcg@10": 0.6309297535714575
  },
  "retrieved": [
    13916,
    13917,
    13926,
    13919,
    13923,
    13899,
    13891,
    13927,
    4499,
    4498
  ]
}