{
  "qid": 116853,
  "query": "Cơ sở y tế điều trị bằng thuốc kháng HIV theo phác đồ bậc 2 phải đáp ứng những điều kiện gì?",
  "metrics": {
    "mrr": 0.5,
    "map": 0.5,
    "p@1": 0.0,
    "r@1": 0.0,
    "ndcg@1": 0.0,
    "p@5": 0.2,
    "r@5": 1.0,
    "ndcg@5": 0.6309297535714575,
    "p@10": 0.1,
    "r@10": 1.0,
    "ndcg@10": 0.6309297535714575
  },
  "retrieved": [
    9222,
    9220,
    9221,
    9229,
    9227,
    9217,
    9216,
    9228,
    9226,
    2121
  ]
}