{
  "qid": 117437,
  "query": "Hóa chất sản xuất, kinh doanh có điều kiện trong lĩnh vực công nghiệp gồm những loại nào?",
  "metrics": {
    "mrr": 0.14285714285714285,
    "map": 0.14285714285714285,
    "p@1": 0.0,
    "r@1": 0.0,
    "ndcg@1": 0.0,
    "p@5": 0.0,
    "r@5": 0.0,
    "ndcg@5": 0.0,
    "p@10": 0.1,
    "r@10": 1.0,
    "ndcg@10": 0.3333333333333333
  },
  "retrieved": [
    13904,
    13905,
    13918,
    13901,
    4692,
    13531,
    13898,
    13891,
    13915,
    13893
  ]
}