{
  "qid": 118642,
  "query": "Dịch vụ thể thao tại các cơ sở kinh doanh du lịch được xếp vào loại dịch vụ du lịch nào?",
  "metrics": {
    "mrr": 0.25,
    "map": 0.25,
    "p@1": 0.0,
    "r@1": 0.0,
    "ndcg@1": 0.0,
    "p@5": 0.2,
    "r@5": 1.0,
    "ndcg@5": 0.43067655807339306,
    "p@10": 0.1,
    "r@10": 1.0,
    "ndcg@10": 0.43067655807339306
  },
  "retrieved": [
    9799,
    9754,
    9752,
    9797,
    9746,
    9792,
    9780,
    4003,
    9768,
    6607
  ]
}