{
  "qid": 11978,
  "query": "Hồ sơ đề nghị miễn giảm học phí với học sinh là người khuyết tật như thế nào?",
  "metrics": {
    "mrr": 0.1111111111111111,
    "map": 0.1111111111111111,
    "p@1": 0.0,
    "r@1": 0.0,
    "ndcg@1": 0.0,
    "p@5": 0.0,
    "r@5": 0.0,
    "ndcg@5": 0.0,
    "p@10": 0.1,
    "r@10": 1.0,
    "ndcg@10": 0.3010299956639812
  },
  "retrieved": [
    1246,
    3445,
    1239,
    1235,
    1237,
    1242,
    1243,
    3428,
    1238,
    3437
  ]
}