{
  "qid": 120125,
  "query": "Giấy chứng nhận xuất xứ hàng hóa (Giấy chứng nhận C/O) được hiểu là gì?",
  "metrics": {
    "mrr": 0.16666666666666666,
    "map": 0.16666666666666666,
    "p@1": 0.0,
    "r@1": 0.0,
    "ndcg@1": 0.0,
    "p@5": 0.0,
    "r@5": 0.0,
    "ndcg@5": 0.0,
    "p@10": 0.1,
    "r@10": 1.0,
    "ndcg@10": 0.3562071871080222
  },
  "retrieved": [
    5255,
    5518,
    2776,
    5257,
    5258,
    5520,
    5517,
    2787,
    2779,
    2798
  ]
}