{
  "qid": 120299,
  "query": "Khi xếp lương đối với chức danh nghề nghiệp phương pháp viên chuyên ngành văn hóa cơ sở áp dụng hệ số lương như thế nào?",
  "metrics": {
    "mrr": 0.5,
    "map": 0.5,
    "p@1": 0.0,
    "r@1": 0.0,
    "ndcg@1": 0.0,
    "p@5": 0.2,
    "r@5": 1.0,
    "ndcg@5": 0.6309297535714575,
    "p@10": 0.1,
    "r@10": 1.0,
    "ndcg@10": 0.6309297535714575
  },
  "retrieved": [
    6460,
    1536,
    8457,
    6450,
    7562,
    7561,
    7563,
    7726,
    7564,
    6459
  ]
}