{
  "qid": 120649,
  "query": "Tín ngưỡng tôn giáo được nhà nước quy định như thế nào?",
  "metrics": {
    "mrr": 0.2,
    "map": 0.2,
    "p@1": 0.0,
    "r@1": 0.0,
    "ndcg@1": 0.0,
    "p@5": 0.2,
    "r@5": 1.0,
    "ndcg@5": 0.38685280723454163,
    "p@10": 0.1,
    "r@10": 1.0,
    "ndcg@10": 0.38685280723454163
  },
  "retrieved": [
    2190,
    2134,
    2192,
    2131,
    2133,
    2135,
    2139,
    2191,
    2184,
    2186
  ]
}