{
  "qid": 121332,
  "query": "Tiếp nhận vật chứng, tài sản tạm giữ trong một số trường hợp đặc thù",
  "metrics": {
    "mrr": 0.2,
    "map": 0.2,
    "p@1": 0.0,
    "r@1": 0.0,
    "ndcg@1": 0.0,
    "p@5": 0.2,
    "r@5": 1.0,
    "ndcg@5": 0.38685280723454163,
    "p@10": 0.1,
    "r@10": 1.0,
    "ndcg@10": 0.38685280723454163
  },
  "retrieved": [
    945,
    952,
    957,
    953,
    955,
    956,
    959,
    950,
    948,
    1916
  ]
}