{
  "qid": 122530,
  "query": "Có phải chỉ khởi tố vụ án hình sự theo yêu cầu của bị hại về tội cưỡng dâm hay không?",
  "metrics": {
    "mrr": 0.3333333333333333,
    "map": 0.3333333333333333,
    "p@1": 0.0,
    "r@1": 0.0,
    "ndcg@1": 0.0,
    "p@5": 0.2,
    "r@5": 1.0,
    "ndcg@5": 0.5,
    "p@10": 0.1,
    "r@10": 1.0,
    "ndcg@10": 0.5
  },
  "retrieved": [
    10638,
    10635,
    10632,
    10631,
    10633,
    10630,
    10634,
    3569,
    10900,
    10507
  ]
}