{
  "qid": 123665,
  "query": "Hội đồng xét xử sử dụng kết quả ghi âm tại phiên tòa thì có phải chuẩn bị trước không?",
  "metrics": {
    "mrr": 0.2,
    "map": 0.2,
    "p@1": 0.0,
    "r@1": 0.0,
    "ndcg@1": 0.0,
    "p@5": 0.2,
    "r@5": 1.0,
    "ndcg@5": 0.38685280723454163,
    "p@10": 0.1,
    "r@10": 1.0,
    "ndcg@10": 0.38685280723454163
  },
  "retrieved": [
    10774,
    10765,
    10782,
    10735,
    3560,
    10778,
    10764,
    10756,
    10931,
    10791
  ]
}