{
  "qid": 123635,
  "query": "Chỉ tổ chức kỷ niệm Ngày Truyền thống của Ban Quản lý Lăng Chủ tịch Hồ Chí Minh khi nào?",
  "metrics": {
    "mrr": 0.5,
    "map": 0.5,
    "p@1": 0.0,
    "r@1": 0.0,
    "ndcg@1": 0.0,
    "p@5": 0.2,
    "r@5": 1.0,
    "ndcg@5": 0.6309297535714575,
    "p@10": 0.1,
    "r@10": 1.0,
    "ndcg@10": 0.6309297535714575
  },
  "retrieved": [
    13648,
    13643,
    13640,
    13655,
    10139,
    6662,
    985,
    986,
    6663,
    6365
  ]
}