{
  "qid": 126319,
  "query": "Thời hạn cấp giấy phép sản xuất rượu thủ công nhằm mục đích kinh doanh trong bao lâu?",
  "metrics": {
    "mrr": 0.14285714285714285,
    "map": 0.14285714285714285,
    "p@1": 0.0,
    "r@1": 0.0,
    "ndcg@1": 0.0,
    "p@5": 0.0,
    "r@5": 0.0,
    "ndcg@5": 0.0,
    "p@10": 0.1,
    "r@10": 1.0,
    "ndcg@10": 0.3333333333333333
  },
  "retrieved": [
    11882,
    11880,
    11900,
    11876,
    11888,
    11889,
    11897,
    11904,
    11885,
    11881
  ]
}