{
  "qid": 126960,
  "query": "Bị cáo có quyền đề nghị định giá lại tài sản đã có kết luận định giá hay không?",
  "metrics": {
    "mrr": 0.3333333333333333,
    "map": 0.3333333333333333,
    "p@1": 0.0,
    "r@1": 0.0,
    "ndcg@1": 0.0,
    "p@5": 0.2,
    "r@5": 1.0,
    "ndcg@5": 0.5,
    "p@10": 0.1,
    "r@10": 1.0,
    "ndcg@10": 0.5
  },
  "retrieved": [
    10698,
    10578,
    10691,
    2043,
    10695,
    10693,
    10692,
    10697,
    10694,
    2044
  ]
}