{
  "qid": 127498,
  "query": "Cơ sở hỗ trợ nạn nhân mua bán người sẽ bị thu hồi giấy phép thành lập khi nào?",
  "metrics": {
    "mrr": 0.5,
    "map": 0.5,
    "p@1": 0.0,
    "r@1": 0.0,
    "ndcg@1": 0.0,
    "p@5": 0.2,
    "r@5": 1.0,
    "ndcg@5": 0.6309297535714575,
    "p@10": 0.1,
    "r@10": 1.0,
    "ndcg@10": 0.6309297535714575
  },
  "retrieved": [
    9320,
    9336,
    9333,
    9344,
    9329,
    9326,
    9323,
    9346,
    448,
    446
  ]
}