{
  "qid": 129268,
  "query": "Quy định về chức trách và nhiệm vụ của nhân viên thuế như thế nào?",
  "metrics": {
    "mrr": 0.25,
    "map": 0.25,
    "p@1": 0.0,
    "r@1": 0.0,
    "ndcg@1": 0.0,
    "p@5": 0.2,
    "r@5": 1.0,
    "ndcg@5": 0.43067655807339306,
    "p@10": 0.1,
    "r@10": 1.0,
    "ndcg@10": 0.43067655807339306
  },
  "retrieved": [
    14468,
    14461,
    14460,
    9153,
    9152,
    14454,
    9150,
    9151,
    14469,
    14453
  ]
}