{
  "qid": 12999,
  "query": "Cơ quan nào có thẩm quyền ban hành định mức chi phí dự án đầu tư ứng dụng công nghệ thông tin?",
  "metrics": {
    "mrr": 0.3333333333333333,
    "map": 0.3333333333333333,
    "p@1": 0.0,
    "r@1": 0.0,
    "ndcg@1": 0.0,
    "p@5": 0.2,
    "r@5": 1.0,
    "ndcg@5": 0.5,
    "p@10": 0.1,
    "r@10": 1.0,
    "ndcg@10": 0.5
  },
  "retrieved": [
    4592,
    4597,
    4599,
    6016,
    6023,
    4600,
    4601,
    4593,
    6012,
    4594
  ]
}