{
  "qid": 130364,
  "query": "Trẻ em được người nước ngoài nhận làm con nuôi cần được bảo vệ khi nào?",
  "metrics": {
    "mrr": 0.1111111111111111,
    "map": 0.1111111111111111,
    "p@1": 0.0,
    "r@1": 0.0,
    "ndcg@1": 0.0,
    "p@5": 0.0,
    "r@5": 0.0,
    "ndcg@5": 0.0,
    "p@10": 0.1,
    "r@10": 1.0,
    "ndcg@10": 0.3010299956639812
  },
  "retrieved": [
    3232,
    3242,
    3226,
    13970,
    3227,
    3241,
    3239,
    3230,
    3236,
    3233
  ]
}