{
  "qid": 130814,
  "query": "Xử lý số dư kinh phí chi thực hiện chính sách ưu đãi người có công với cách mạng và người trực tiếp tham gia kháng chiến năm 2023?",
  "metrics": {
    "mrr": 0.3333333333333333,
    "map": 0.3333333333333333,
    "p@1": 0.0,
    "r@1": 0.0,
    "ndcg@1": 0.0,
    "p@5": 0.2,
    "r@5": 1.0,
    "ndcg@5": 0.5,
    "p@10": 0.1,
    "r@10": 1.0,
    "ndcg@10": 0.5
  },
  "retrieved": [
    11040,
    13388,
    11058,
    14394,
    13734,
    11039,
    11047,
    11052,
    13529,
    2574
  ]
}