{
  "qid": 130985,
  "query": "Quyết định giải quyết khiếu nại lần đầu được quy định ra sao?",
  "metrics": {
    "mrr": 0.16666666666666666,
    "map": 0.16666666666666666,
    "p@1": 0.0,
    "r@1": 0.0,
    "ndcg@1": 0.0,
    "p@5": 0.0,
    "r@5": 0.0,
    "ndcg@5": 0.0,
    "p@10": 0.1,
    "r@10": 1.0,
    "ndcg@10": 0.3562071871080222
  },
  "retrieved": [
    1732,
    1718,
    1714,
    1754,
    1733,
    1731,
    1741,
    1756,
    2211,
    1751
  ]
}