{
  "qid": 131943,
  "query": "Cơ quan quản lý nhà nước chỉ tham gia giải quyết tranh chấp về áp dụng biện pháp quản lý ngoại thương khi nào?",
  "metrics": {
    "mrr": 0.3333333333333333,
    "map": 0.3333333333333333,
    "p@1": 0.0,
    "r@1": 0.0,
    "ndcg@1": 0.0,
    "p@5": 0.2,
    "r@5": 1.0,
    "ndcg@5": 0.5,
    "p@10": 0.1,
    "r@10": 1.0,
    "ndcg@10": 0.5
  },
  "retrieved": [
    5332,
    5224,
    5331,
    5229,
    5225,
    4820,
    4819,
    5334,
    5333,
    4814
  ]
}