{
  "qid": 132240,
  "query": "Nội dung theo dõi công tác bồi thường nhà nước gồm những gì?",
  "metrics": {
    "mrr": 0.25,
    "map": 0.25,
    "p@1": 0.0,
    "r@1": 0.0,
    "ndcg@1": 0.0,
    "p@5": 0.2,
    "r@5": 1.0,
    "ndcg@5": 0.43067655807339306,
    "p@10": 0.1,
    "r@10": 1.0,
    "ndcg@10": 0.43067655807339306
  },
  "retrieved": [
    8886,
    12765,
    8893,
    8885,
    12766,
    8878,
    8891,
    8880,
    8894,
    8901
  ]
}