{
  "qid": 132329,
  "query": "Quy trình bổ nhiệm chức danh người đứng đầu Tạp chí Giáo dục thuộc Bộ GDĐT đối với nguồn nhân sự tại chỗ thực hiện như thế nào?",
  "metrics": {
    "mrr": 0.5,
    "map": 0.5,
    "p@1": 0.0,
    "r@1": 0.0,
    "ndcg@1": 0.0,
    "p@5": 0.2,
    "r@5": 1.0,
    "ndcg@5": 0.6309297535714575,
    "p@10": 0.1,
    "r@10": 1.0,
    "ndcg@10": 0.6309297535714575
  },
  "retrieved": [
    2333,
    14253,
    14258,
    2316,
    2345,
    14252,
    12624,
    2342,
    14254,
    2339
  ]
}