{
  "qid": 133281,
  "query": "Hồ sơ bồi thường, trợ cấp tai nạn lao động có bao gồm văn bản xác nhận bị tai nạn hay không?",
  "metrics": {
    "mrr": 0.3333333333333333,
    "map": 0.3333333333333333,
    "p@1": 0.0,
    "r@1": 0.0,
    "ndcg@1": 0.0,
    "p@5": 0.2,
    "r@5": 1.0,
    "ndcg@5": 0.5,
    "p@10": 0.1,
    "r@10": 1.0,
    "ndcg@10": 0.5
  },
  "retrieved": [
    4183,
    4180,
    4182,
    4187,
    4176,
    4179,
    4185,
    1903,
    4186,
    12734
  ]
}