{
  "qid": 133378,
  "query": "Điều kiện để làm kế toán trưởng là những gì?",
  "metrics": {
    "mrr": 0.16666666666666666,
    "map": 0.16666666666666666,
    "p@1": 0.0,
    "r@1": 0.0,
    "ndcg@1": 0.0,
    "p@5": 0.0,
    "r@5": 0.0,
    "ndcg@5": 0.0,
    "p@10": 0.1,
    "r@10": 1.0,
    "ndcg@10": 0.3562071871080222
  },
  "retrieved": [
    4397,
    4390,
    2895,
    2897,
    4396,
    2896,
    2891,
    4395,
    2899,
    4394
  ]
}