{
  "qid": 13420,
  "query": "Nhiệm vụ lập quy hoạch cảng hàng không sân bay gồm các nội dung nào?",
  "metrics": {
    "mrr": 0.2,
    "map": 0.2,
    "p@1": 0.0,
    "r@1": 0.0,
    "ndcg@1": 0.0,
    "p@5": 0.2,
    "r@5": 1.0,
    "ndcg@5": 0.38685280723454163,
    "p@10": 0.1,
    "r@10": 1.0,
    "ndcg@10": 0.38685280723454163
  },
  "retrieved": [
    5892,
    5885,
    5889,
    5886,
    5890,
    5882,
    5872,
    5891,
    5910,
    5883
  ]
}