{
  "qid": 134366,
  "query": "Sổ kế toán phải mở vào thời điểm nào của kỳ kế toán năm?",
  "metrics": {
    "mrr": 0.25,
    "map": 0.25,
    "p@1": 0.0,
    "r@1": 0.0,
    "ndcg@1": 0.0,
    "p@5": 0.2,
    "r@5": 1.0,
    "ndcg@5": 0.43067655807339306,
    "p@10": 0.1,
    "r@10": 1.0,
    "ndcg@10": 0.43067655807339306
  },
  "retrieved": [
    2856,
    2870,
    12083,
    5827,
    2869,
    9147,
    5825,
    2868,
    2847,
    2883
  ]
}