{
  "qid": 134887,
  "query": "Cục Quản lý cạnh tranh Bộ Công Thương có được giữ lại số tiền phí thẩm định thu được để trang trải chi phí không?",
  "metrics": {
    "mrr": 0.3333333333333333,
    "map": 0.3333333333333333,
    "p@1": 0.0,
    "r@1": 0.0,
    "ndcg@1": 0.0,
    "p@5": 0.2,
    "r@5": 1.0,
    "ndcg@5": 0.5,
    "p@10": 0.1,
    "r@10": 1.0,
    "ndcg@10": 0.5
  },
  "retrieved": [
    11066,
    14540,
    8776,
    8775,
    11922,
    11065,
    11970,
    5771,
    2296,
    8774
  ]
}