{
  "qid": 135128,
  "query": "Trường hợp bên cung cấp dịch vụ không giải quyết khiếu nại trong thời hạn giải quyết khiếu nại thì xử lý thế nào?",
  "metrics": {
    "mrr": 0.25,
    "map": 0.25,
    "p@1": 0.0,
    "r@1": 0.0,
    "ndcg@1": 0.0,
    "p@5": 0.2,
    "r@5": 1.0,
    "ndcg@5": 0.43067655807339306,
    "p@10": 0.1,
    "r@10": 1.0,
    "ndcg@10": 0.43067655807339306
  },
  "retrieved": [
    4805,
    4813,
    4818,
    4804,
    1733,
    4812,
    1492,
    1714,
    4811,
    4814
  ]
}