{
  "qid": 135327,
  "query": "Người bị tạm giữ có những quyền gì khi tiến hành khiếu nại quyết định của người có thẩm quyền quản lý, thi hành tạm giữ?",
  "metrics": {
    "mrr": 0.1111111111111111,
    "map": 0.1111111111111111,
    "p@1": 0.0,
    "r@1": 0.0,
    "ndcg@1": 0.0,
    "p@5": 0.0,
    "r@5": 0.0,
    "ndcg@5": 0.0,
    "p@10": 0.1,
    "r@10": 1.0,
    "ndcg@10": 0.3010299956639812
  },
  "retrieved": [
    1193,
    1175,
    10594,
    1735,
    10536,
    10946,
    1192,
    1174,
    10940,
    646
  ]
}