{
  "qid": 135705,
  "query": "Phụ cấp trách nhiệm đối với lái xe phục vụ chức danh Phó Chủ tịch nước có dùng để hưởng bảo hiểm xã hội không?",
  "metrics": {
    "mrr": 0.16666666666666666,
    "map": 0.16666666666666666,
    "p@1": 0.0,
    "r@1": 0.0,
    "ndcg@1": 0.0,
    "p@5": 0.0,
    "r@5": 0.0,
    "ndcg@5": 0.0,
    "p@10": 0.1,
    "r@10": 1.0,
    "ndcg@10": 0.3562071871080222
  },
  "retrieved": [
    797,
    11858,
    14094,
    11859,
    795,
    1685,
    14107,
    7560,
    1684,
    11871
  ]
}