{
  "qid": 136204,
  "query": "Khi thực hiện chương trình đào tạo thực hành đối với điều dưỡng viên thì cơ sở thực hành có những trách nhiệm gì cần thực hiện?",
  "metrics": {
    "mrr": 0.2,
    "map": 0.2,
    "p@1": 0.0,
    "r@1": 0.0,
    "ndcg@1": 0.0,
    "p@5": 0.2,
    "r@5": 1.0,
    "ndcg@5": 0.38685280723454163,
    "p@10": 0.1,
    "r@10": 1.0,
    "ndcg@10": 0.38685280723454163
  },
  "retrieved": [
    13623,
    13621,
    13631,
    13630,
    13625,
    13624,
    13622,
    13627,
    13620,
    13636
  ]
}