{
  "qid": 138848,
  "query": "Nguyên vật liệu đưa vào kho bảo thuế được sử dụng vào mục đích gì?",
  "metrics": {
    "mrr": 0.25,
    "map": 0.25,
    "p@1": 0.0,
    "r@1": 0.0,
    "ndcg@1": 0.0,
    "p@5": 0.2,
    "r@5": 1.0,
    "ndcg@5": 0.43067655807339306,
    "p@10": 0.1,
    "r@10": 1.0,
    "ndcg@10": 0.43067655807339306
  },
  "retrieved": [
    8402,
    8401,
    8399,
    8400,
    8403,
    10387,
    14460,
    9153,
    14454,
    13322
  ]
}