{
  "qid": 139917,
  "query": "Trách nhiệm quản lý nhà nước về lễ hội của các bộ, ngành liên quan được quy định như thế nào?",
  "metrics": {
    "mrr": 0.25,
    "map": 0.25,
    "p@1": 0.0,
    "r@1": 0.0,
    "ndcg@1": 0.0,
    "p@5": 0.2,
    "r@5": 1.0,
    "ndcg@5": 0.43067655807339306,
    "p@10": 0.1,
    "r@10": 1.0,
    "ndcg@10": 0.43067655807339306
  },
  "retrieved": [
    13424,
    13411,
    13422,
    13423,
    13418,
    13412,
    13413,
    13414,
    13419,
    13408
  ]
}