{
  "qid": 140163,
  "query": "Vào dịp Lễ Quốc khánh 02/9 năm nay phạm nhân tù chung thân có được giảm thời hạn chấp hành án không?",
  "metrics": {
    "mrr": 0.5,
    "map": 0.5,
    "p@1": 0.0,
    "r@1": 0.0,
    "ndcg@1": 0.0,
    "p@5": 0.2,
    "r@5": 1.0,
    "ndcg@5": 0.6309297535714575,
    "p@10": 0.1,
    "r@10": 1.0,
    "ndcg@10": 0.6309297535714575
  },
  "retrieved": [
    1891,
    1889,
    1892,
    3007,
    3009,
    1886,
    1890,
    1901,
    1887,
    1842
  ]
}