{
  "qid": 140233,
  "query": "Chi phí lập vi bằng là bao nhiêu?",
  "metrics": {
    "mrr": 0.5,
    "map": 0.5,
    "p@1": 0.0,
    "r@1": 0.0,
    "ndcg@1": 0.0,
    "p@5": 0.2,
    "r@5": 1.0,
    "ndcg@5": 0.6309297535714575,
    "p@10": 0.1,
    "r@10": 1.0,
    "ndcg@10": 0.6309297535714575
  },
  "retrieved": [
    8964,
    8990,
    5868,
    8966,
    6425,
    13227,
    2296,
    6015,
    963,
    5216
  ]
}