{
  "qid": 140708,
  "query": "Hệ số lương áp dụng đối với giáo viên trung học cơ sở hạng III là bao nhiêu?",
  "metrics": {
    "mrr": 0.2,
    "map": 0.2,
    "p@1": 0.0,
    "r@1": 0.0,
    "ndcg@1": 0.0,
    "p@5": 0.2,
    "r@5": 1.0,
    "ndcg@5": 0.38685280723454163,
    "p@10": 0.1,
    "r@10": 1.0,
    "ndcg@10": 0.38685280723454163
  },
  "retrieved": [
    3847,
    3852,
    7726,
    1533,
    1536,
    1534,
    1537,
    1538,
    6460,
    8612
  ]
}