{
  "qid": 140913,
  "query": "Mất sổ bảo hiểm xã hội và giấy quyết định nghỉ việc nhưng đã làm lại và muốn lãnh bảo hiểm xã hội một lần được không?",
  "metrics": {
    "mrr": 0.5,
    "map": 0.5,
    "p@1": 0.0,
    "r@1": 0.0,
    "ndcg@1": 0.0,
    "p@5": 0.2,
    "r@5": 1.0,
    "ndcg@5": 0.6309297535714575,
    "p@10": 0.1,
    "r@10": 1.0,
    "ndcg@10": 0.6309297535714575
  },
  "retrieved": [
    11870,
    14094,
    11859,
    14105,
    797,
    8438,
    8418,
    11858,
    8420,
    11851
  ]
}