{
  "qid": 141636,
  "query": "Phạm nhân là người lao động có thu nhập duy nhất trong gia đình để được tạm đình chỉ chấp hành án cần những điều kiện gì?",
  "metrics": {
    "mrr": 0.14285714285714285,
    "map": 0.14285714285714285,
    "p@1": 0.0,
    "r@1": 0.0,
    "ndcg@1": 0.0,
    "p@5": 0.0,
    "r@5": 0.0,
    "ndcg@5": 0.0,
    "p@10": 0.1,
    "r@10": 1.0,
    "ndcg@10": 0.3333333333333333
  },
  "retrieved": [
    3049,
    3052,
    3051,
    3054,
    3048,
    6652,
    3047,
    3055,
    6656,
    3044
  ]
}