{
  "qid": 141984,
  "query": "Nội dung cơ bản của nội quy người lao động làm việc trong lĩnh vực nghệ thuật được quy định ra sao?",
  "metrics": {
    "mrr": 0.3333333333333333,
    "map": 0.3333333333333333,
    "p@1": 0.0,
    "r@1": 0.0,
    "ndcg@1": 0.0,
    "p@5": 0.2,
    "r@5": 1.0,
    "ndcg@5": 0.5,
    "p@10": 0.1,
    "r@10": 1.0,
    "ndcg@10": 0.5
  },
  "retrieved": [
    3401,
    3402,
    3405,
    3403,
    3408,
    3407,
    3406,
    13831,
    13817,
    5984
  ]
}