{
  "qid": 14218,
  "query": "Trong các vụ án hình sự trường hợp nào cơ quan có thẩm quyền tiến hành tố tụng phải chỉ định người bào chữa cho người bị buộc tội?",
  "metrics": {
    "mrr": 0.25,
    "map": 0.25,
    "p@1": 0.0,
    "r@1": 0.0,
    "ndcg@1": 0.0,
    "p@5": 0.2,
    "r@5": 1.0,
    "ndcg@5": 0.43067655807339306,
    "p@10": 0.1,
    "r@10": 1.0,
    "ndcg@10": 0.43067655807339306
  },
  "retrieved": [
    6701,
    10549,
    10550,
    10553,
    10554,
    6695,
    6693,
    10556,
    10493,
    10555
  ]
}