{
  "qid": 142820,
  "query": "Các chế độ nghỉ dành cho quân nhân chuyên nghiệp gồm những gì?",
  "metrics": {
    "mrr": 0.3333333333333333,
    "map": 0.3333333333333333,
    "p@1": 0.0,
    "r@1": 0.0,
    "ndcg@1": 0.0,
    "p@5": 0.2,
    "r@5": 1.0,
    "ndcg@5": 0.5,
    "p@10": 0.1,
    "r@10": 1.0,
    "ndcg@10": 0.5
  },
  "retrieved": [
    13888,
    13878,
    13880,
    6943,
    13887,
    13881,
    13884,
    13882,
    13889,
    13886
  ]
}