{
  "qid": 142993,
  "query": "Điều khiển xe ô tô tham gia giao thông nhưng không mang theo Giấy chứng nhận kiểm định xe thì bị xử phạt thế nào?",
  "metrics": {
    "mrr": 0.3333333333333333,
    "map": 0.3333333333333333,
    "p@1": 0.0,
    "r@1": 0.0,
    "ndcg@1": 0.0,
    "p@5": 0.2,
    "r@5": 1.0,
    "ndcg@5": 0.5,
    "p@10": 0.1,
    "r@10": 1.0,
    "ndcg@10": 0.5
  },
  "retrieved": [
    4465,
    4449,
    10314,
    4471,
    4458,
    10328,
    4451,
    10333,
    4457,
    10304
  ]
}