{
  "qid": 143335,
  "query": "Xác lập hợp đồng hôn nhân bị phát hiện kết hôn giả tạo sẽ bị phạt bao nhiêu tiền?",
  "metrics": {
    "mrr": 0.2,
    "map": 0.2,
    "p@1": 0.0,
    "r@1": 0.0,
    "ndcg@1": 0.0,
    "p@5": 0.2,
    "r@5": 1.0,
    "ndcg@5": 0.38685280723454163,
    "p@10": 0.1,
    "r@10": 1.0,
    "ndcg@10": 0.38685280723454163
  },
  "retrieved": [
    4585,
    4565,
    2275,
    2263,
    909,
    907,
    4564,
    908,
    4586,
    3131
  ]
}