{
  "qid": 14404,
  "query": "Mã bưu chính quốc gia gồm bao nhiêu ký tự số?",
  "metrics": {
    "mrr": 0.3333333333333333,
    "map": 0.3333333333333333,
    "p@1": 0.0,
    "r@1": 0.0,
    "ndcg@1": 0.0,
    "p@5": 0.2,
    "r@5": 1.0,
    "ndcg@5": 0.5,
    "p@10": 0.1,
    "r@10": 1.0,
    "ndcg@10": 0.5
  },
  "retrieved": [
    7603,
    7597,
    7601,
    7602,
    7599,
    7600,
    7598,
    470,
    12828,
    12832
  ]
}