{
  "qid": 144125,
  "query": "Người chơi có được yêu cầu doanh nghiệp kinh doanh trò chơi điện tử có thưởng dành cho người nước ngoài giữ bí mật thông tin trúng thưởng hay không?",
  "metrics": {
    "mrr": 0.5,
    "map": 0.5,
    "p@1": 0.0,
    "r@1": 0.0,
    "ndcg@1": 0.0,
    "p@5": 0.2,
    "r@5": 1.0,
    "ndcg@5": 0.6309297535714575,
    "p@10": 0.1,
    "r@10": 1.0,
    "ndcg@10": 0.6309297535714575
  },
  "retrieved": [
    3256,
    3259,
    3301,
    3248,
    6525,
    7945,
    3255,
    11319,
    12841,
    3262
  ]
}