{
  "qid": 14425,
  "query": "Trình tự thủ tục tiến hành thủ tục hợp pháp hóa lãnh sự tại cơ quan đại diện Việt Nam ở nước ngoài như thế nào?",
  "metrics": {
    "mrr": 0.2,
    "map": 0.2,
    "p@1": 0.0,
    "r@1": 0.0,
    "ndcg@1": 0.0,
    "p@5": 0.2,
    "r@5": 1.0,
    "ndcg@5": 0.38685280723454163,
    "p@10": 0.1,
    "r@10": 1.0,
    "ndcg@10": 0.38685280723454163
  },
  "retrieved": [
    13492,
    13496,
    13500,
    7962,
    13505,
    13508,
    13498,
    13497,
    146,
    13507
  ]
}