{
  "qid": 144354,
  "query": "Hệ số lương viên chức được áp dụng đối với chức danh nghề nghiệp biên dịch viên hạng 3 là bao nhiêu?",
  "metrics": {
    "mrr": 0.25,
    "map": 0.25,
    "p@1": 0.0,
    "r@1": 0.0,
    "ndcg@1": 0.0,
    "p@5": 0.2,
    "r@5": 1.0,
    "ndcg@5": 0.43067655807339306,
    "p@10": 0.1,
    "r@10": 1.0,
    "ndcg@10": 0.43067655807339306
  },
  "retrieved": [
    14235,
    8612,
    14236,
    1536,
    14239,
    6460,
    8457,
    6924,
    6449,
    14209
  ]
}