{
  "qid": 145577,
  "query": "Ai có quyền yêu cầu nhà nước bồi thường thiệt hại trong những vụ án oan, sai?",
  "metrics": {
    "mrr": 0.2,
    "map": 0.1,
    "p@1": 0.0,
    "r@1": 0.0,
    "ndcg@1": 0.0,
    "p@5": 0.2,
    "r@5": 0.5,
    "ndcg@5": 0.23719771276929622,
    "p@10": 0.1,
    "r@10": 0.5,
    "ndcg@10": 0.23719771276929622
  },
  "retrieved": [
    10508,
    12693,
    12699,
    8885,
    12697,
    12705,
    8880,
    12747,
    12696,
    12724
  ]
}