{
  "qid": 146781,
  "query": "Trách nhiệm của các bên liên quan trong việc thi hành quyết định giải quyết khiếu nại lần hai là gì?",
  "metrics": {
    "mrr": 0.14285714285714285,
    "map": 0.14285714285714285,
    "p@1": 0.0,
    "r@1": 0.0,
    "ndcg@1": 0.0,
    "p@5": 0.0,
    "r@5": 0.0,
    "ndcg@5": 0.0,
    "p@10": 0.1,
    "r@10": 1.0,
    "ndcg@10": 0.3333333333333333
  },
  "retrieved": [
    2211,
    1733,
    1741,
    1756,
    1757,
    1732,
    1746,
    1715,
    1499,
    1731
  ]
}