{
  "qid": 146892,
  "query": "Hệ số lương giáo viên THCS (cấp 2) hiện nay là bao nhiêu?",
  "metrics": {
    "mrr": 0.1111111111111111,
    "map": 0.1111111111111111,
    "p@1": 0.0,
    "r@1": 0.0,
    "ndcg@1": 0.0,
    "p@5": 0.0,
    "r@5": 0.0,
    "ndcg@5": 0.0,
    "p@10": 0.1,
    "r@10": 1.0,
    "ndcg@10": 0.3010299956639812
  },
  "retrieved": [
    7726,
    7562,
    7564,
    7563,
    7561,
    8457,
    6460,
    7559,
    1536,
    664
  ]
}