{
  "qid": 147439,
  "query": "Lựa chọn nhà thầu cung cấp tàu bay dựa trên phương thức nào?",
  "metrics": {
    "mrr": 0.5,
    "map": 0.5,
    "p@1": 0.0,
    "r@1": 0.0,
    "ndcg@1": 0.0,
    "p@5": 0.2,
    "r@5": 1.0,
    "ndcg@5": 0.6309297535714575,
    "p@10": 0.1,
    "r@10": 1.0,
    "ndcg@10": 0.6309297535714575
  },
  "retrieved": [
    13290,
    13296,
    13291,
    13297,
    13293,
    13288,
    1799,
    13305,
    8371,
    1798
  ]
}