{
  "qid": 14750,
  "query": "Chế độ báo cáo của cơ quan hành chính nhà nước chỉ được ban hành khi nào?",
  "metrics": {
    "mrr": 0.25,
    "map": 0.25,
    "p@1": 0.0,
    "r@1": 0.0,
    "ndcg@1": 0.0,
    "p@5": 0.2,
    "r@5": 1.0,
    "ndcg@5": 0.43067655807339306,
    "p@10": 0.1,
    "r@10": 1.0,
    "ndcg@10": 0.43067655807339306
  },
  "retrieved": [
    10106,
    10105,
    10108,
    10109,
    3609,
    10151,
    3608,
    10110,
    10115,
    10149
  ]
}