{
  "qid": 148065,
  "query": "Viên chức được bổ nhiệm vào chức danh Đạo diễn truyền hình hạng 3 được áp dụng hệ số lương viên chức loại mấy?",
  "metrics": {
    "mrr": 0.3333333333333333,
    "map": 0.3333333333333333,
    "p@1": 0.0,
    "r@1": 0.0,
    "ndcg@1": 0.0,
    "p@5": 0.2,
    "r@5": 1.0,
    "ndcg@5": 0.5,
    "p@10": 0.1,
    "r@10": 1.0,
    "ndcg@10": 0.5
  },
  "retrieved": [
    8612,
    6449,
    1536,
    8457,
    12599,
    6458,
    6460,
    12588,
    8458,
    13119
  ]
}