{
  "qid": 148956,
  "query": "Nộp một trong những chứng từ chứng nhận hàng hóa xuất xứ có được hưởng ưu đãi thuế quan theo EVFTA không?",
  "metrics": {
    "mrr": 0.14285714285714285,
    "map": 0.14285714285714285,
    "p@1": 0.0,
    "r@1": 0.0,
    "ndcg@1": 0.0,
    "p@5": 0.0,
    "r@5": 0.0,
    "ndcg@5": 0.0,
    "p@10": 0.1,
    "r@10": 1.0,
    "ndcg@10": 0.3333333333333333
  },
  "retrieved": [
    2801,
    2798,
    5521,
    2811,
    2806,
    5255,
    2793,
    2800,
    5256,
    5518
  ]
}