{
  "qid": 149948,
  "query": "Thời hạn khởi tố vụ án hình sự sau khi tiếp nhận đơn tố giác tội phạm là bao nhiêu ngày?",
  "metrics": {
    "mrr": 0.1111111111111111,
    "map": 0.1111111111111111,
    "p@1": 0.0,
    "r@1": 0.0,
    "ndcg@1": 0.0,
    "p@5": 0.0,
    "r@5": 0.0,
    "ndcg@5": 0.0,
    "p@10": 0.1,
    "r@10": 1.0,
    "ndcg@10": 0.3010299956639812
  },
  "retrieved": [
    10635,
    989,
    995,
    10630,
    990,
    10622,
    10638,
    1000,
    10624,
    10636
  ]
}