{
  "qid": 149909,
  "query": "Chuyển lên ngạch chuyên viên chính thì hệ số lương của công chức nhà nước là bao nhiêu?",
  "metrics": {
    "mrr": 0.1111111111111111,
    "map": 0.1111111111111111,
    "p@1": 0.0,
    "r@1": 0.0,
    "ndcg@1": 0.0,
    "p@5": 0.0,
    "r@5": 0.0,
    "ndcg@5": 0.0,
    "p@10": 0.1,
    "r@10": 1.0,
    "ndcg@10": 0.3010299956639812
  },
  "retrieved": [
    7562,
    7561,
    7563,
    7564,
    8457,
    6460,
    7726,
    664,
    1536,
    4526
  ]
}