{
  "qid": 150112,
  "query": "Các hình thức thanh toán không sử dụng tiền bị cấm theo quy định pháp luật là gì?",
  "metrics": {
    "mrr": 0.5,
    "map": 0.5,
    "p@1": 0.0,
    "r@1": 0.0,
    "ndcg@1": 0.0,
    "p@5": 0.2,
    "r@5": 1.0,
    "ndcg@5": 0.6309297535714575,
    "p@10": 0.1,
    "r@10": 1.0,
    "ndcg@10": 0.6309297535714575
  },
  "retrieved": [
    5083,
    10437,
    5093,
    13678,
    10432,
    13581,
    10434,
    10442,
    2771,
    10443
  ]
}