{
  "qid": 150799,
  "query": "Cơ quan nào có thẩm quyền cấp bổ sung giấy phép sản xuất rượu thủ công nhằm mục đích kinh doanh?",
  "metrics": {
    "mrr": 0.2,
    "map": 0.2,
    "p@1": 0.0,
    "r@1": 0.0,
    "ndcg@1": 0.0,
    "p@5": 0.2,
    "r@5": 1.0,
    "ndcg@5": 0.38685280723454163,
    "p@10": 0.1,
    "r@10": 1.0,
    "ndcg@10": 0.38685280723454163
  },
  "retrieved": [
    11882,
    11880,
    11876,
    11900,
    11897,
    11889,
    11888,
    11904,
    11885,
    11881
  ]
}