{
  "qid": 150972,
  "query": "Nguyên tắc tham gia giải quyết tranh chấp về áp dụng biện pháp quản lý ngoại thương như thế nào?",
  "metrics": {
    "mrr": 0.3333333333333333,
    "map": 0.3333333333333333,
    "p@1": 0.0,
    "r@1": 0.0,
    "ndcg@1": 0.0,
    "p@5": 0.2,
    "r@5": 1.0,
    "ndcg@5": 0.5,
    "p@10": 0.1,
    "r@10": 1.0,
    "ndcg@10": 0.5
  },
  "retrieved": [
    5332,
    5224,
    5331,
    5229,
    4819,
    5334,
    3268,
    5326,
    5333,
    5225
  ]
}