{
  "qid": 151323,
  "query": "Có thời gian công tác về kế toán được 1 năm thì có đủ điều kiện làm Kế toán trưởng không?",
  "metrics": {
    "mrr": 0.2,
    "map": 0.2,
    "p@1": 0.0,
    "r@1": 0.0,
    "ndcg@1": 0.0,
    "p@5": 0.2,
    "r@5": 1.0,
    "ndcg@5": 0.38685280723454163,
    "p@10": 0.1,
    "r@10": 1.0,
    "ndcg@10": 0.38685280723454163
  },
  "retrieved": [
    2895,
    2891,
    2897,
    2892,
    2896,
    4395,
    2899,
    2893,
    4390,
    4396
  ]
}