{
  "qid": 151757,
  "query": "Quyết định giải quyết bồi thường phải có các nội dung chính nào?",
  "metrics": {
    "mrr": 0.3333333333333333,
    "map": 0.3333333333333333,
    "p@1": 0.0,
    "r@1": 0.0,
    "ndcg@1": 0.0,
    "p@5": 0.2,
    "r@5": 1.0,
    "ndcg@5": 0.5,
    "p@10": 0.1,
    "r@10": 1.0,
    "ndcg@10": 0.5
  },
  "retrieved": [
    12740,
    12743,
    11675,
    12739,
    12741,
    8906,
    8891,
    12742,
    12708,
    8886
  ]
}