{
  "qid": 152021,
  "query": "Người khiếu nại đang ở nước ngoài có thể ủy quyền cho người khác để làm đơn khiếu nại hay không?",
  "metrics": {
    "mrr": 0.1111111111111111,
    "map": 0.1111111111111111,
    "p@1": 0.0,
    "r@1": 0.0,
    "ndcg@1": 0.0,
    "p@5": 0.0,
    "r@5": 0.0,
    "ndcg@5": 0.0,
    "p@10": 0.1,
    "r@10": 1.0,
    "ndcg@10": 0.3010299956639812
  },
  "retrieved": [
    1749,
    1708,
    2205,
    1491,
    1710,
    5994,
    11401,
    6222,
    1712,
    10940
  ]
}