{
  "qid": 152831,
  "query": "Cán bộ hỏi cung bị can thì có cần phải đăng ký với ai hay không?",
  "metrics": {
    "mrr": 0.3333333333333333,
    "map": 0.3333333333333333,
    "p@1": 0.0,
    "r@1": 0.0,
    "ndcg@1": 0.0,
    "p@5": 0.2,
    "r@5": 1.0,
    "ndcg@5": 0.5,
    "p@10": 0.1,
    "r@10": 1.0,
    "ndcg@10": 0.5
  },
  "retrieved": [
    10660,
    10661,
    3557,
    10659,
    10719,
    10708,
    6705,
    6679,
    3559,
    10656
  ]
}