{
  "qid": 152863,
  "query": "Hội đồng thẩm định tài nguyên thông tin đề nghị thanh lọc do ai có thẩm quyền thành lập?",
  "metrics": {
    "mrr": 0.2,
    "map": 0.2,
    "p@1": 0.0,
    "r@1": 0.0,
    "ndcg@1": 0.0,
    "p@5": 0.2,
    "r@5": 1.0,
    "ndcg@5": 0.38685280723454163,
    "p@10": 0.1,
    "r@10": 1.0,
    "ndcg@10": 0.38685280723454163
  },
  "retrieved": [
    2749,
    2746,
    2744,
    2742,
    2745,
    2735,
    2737,
    2748,
    2736,
    2720
  ]
}