{
  "qid": 153134,
  "query": "Người nước ngoài muốn dự học bồi dưỡng kiến thức pháp luật về giao thông đường bộ khi điều khiển xe máy chuyên dùng thì phải học ở đâu?",
  "metrics": {
    "mrr": 0.1111111111111111,
    "map": 0.1111111111111111,
    "p@1": 0.0,
    "r@1": 0.0,
    "ndcg@1": 0.0,
    "p@5": 0.0,
    "r@5": 0.0,
    "ndcg@5": 0.0,
    "p@10": 0.1,
    "r@10": 1.0,
    "ndcg@10": 0.3010299956639812
  },
  "retrieved": [
    5996,
    5995,
    5997,
    10320,
    6006,
    6007,
    6002,
    5998,
    5999,
    6008
  ]
}