{
  "qid": 153466,
  "query": "Nhiệm vụ của cộng tác viên dân số là gì?",
  "metrics": {
    "mrr": 0.25,
    "map": 0.25,
    "p@1": 0.0,
    "r@1": 0.0,
    "ndcg@1": 0.0,
    "p@5": 0.2,
    "r@5": 1.0,
    "ndcg@5": 0.43067655807339306,
    "p@10": 0.1,
    "r@10": 1.0,
    "ndcg@10": 0.43067655807339306
  },
  "retrieved": [
    2842,
    2838,
    2840,
    2839,
    11555,
    11559,
    11561,
    11558,
    11585,
    11583
  ]
}