{
  "qid": 153604,
  "query": "Giám thị bắt nam sinh cởi quần áo để kiểm tra vi phạm, xúc phạm danh dự nhân phẩm học sinh thì bị phạt bao nhiêu tiền?",
  "metrics": {
    "mrr": 0.5,
    "map": 0.5,
    "p@1": 0.0,
    "r@1": 0.0,
    "ndcg@1": 0.0,
    "p@5": 0.2,
    "r@5": 1.0,
    "ndcg@5": 0.6309297535714575,
    "p@10": 0.1,
    "r@10": 1.0,
    "ndcg@10": 0.6309297535714575
  },
  "retrieved": [
    4627,
    4629,
    14905,
    14545,
    10488,
    11100,
    4604,
    10593,
    12022,
    10590
  ]
}