{
  "qid": 153978,
  "query": "Xe ô tô phục vụ công tác chung của cơ quan cấp huyện được quy định ra sao?",
  "metrics": {
    "mrr": 0.14285714285714285,
    "map": 0.14285714285714285,
    "p@1": 0.0,
    "r@1": 0.0,
    "ndcg@1": 0.0,
    "p@5": 0.0,
    "r@5": 0.0,
    "ndcg@5": 0.0,
    "p@10": 0.1,
    "r@10": 1.0,
    "ndcg@10": 0.3333333333333333
  },
  "retrieved": [
    4449,
    4471,
    4451,
    4457,
    4462,
    4458,
    4461,
    4456,
    4465,
    4464
  ]
}