{
  "qid": 154124,
  "query": "Đài Tiếng nói Việt Nam có chức năng như thế nào theo quy định hiện nay?",
  "metrics": {
    "mrr": 0.5,
    "map": 0.5,
    "p@1": 0.0,
    "r@1": 0.0,
    "ndcg@1": 0.0,
    "p@5": 0.2,
    "r@5": 1.0,
    "ndcg@5": 0.6309297535714575,
    "p@10": 0.1,
    "r@10": 1.0,
    "ndcg@10": 0.6309297535714575
  },
  "retrieved": [
    3421,
    3420,
    3702,
    3676,
    10506,
    3705,
    11449,
    12531,
    12527,
    7905
  ]
}