{
  "qid": 154215,
  "query": "Thẩm tra viên có được làm Kiểm sát viên trong cùng một vụ án hình sự hay không?",
  "metrics": {
    "mrr": 0.25,
    "map": 0.125,
    "p@1": 0.0,
    "r@1": 0.0,
    "ndcg@1": 0.0,
    "p@5": 0.2,
    "r@5": 0.5,
    "ndcg@5": 0.2640681225725909,
    "p@10": 0.1,
    "r@10": 0.5,
    "ndcg@10": 0.2640681225725909
  },
  "retrieved": [
    10507,
    12730,
    2380,
    10528,
    10726,
    10635,
    7983,
    10638,
    4434,
    1913
  ]
}