{
  "qid": 155174,
  "query": "Xin cấp Giấy xác nhận tình trạng hôn nhân trong trường hợp đăng ký thường trú tại nhiều nơi khác nhau được thực hiện như thế nào?",
  "metrics": {
    "mrr": 0.3333333333333333,
    "map": 0.3333333333333333,
    "p@1": 0.0,
    "r@1": 0.0,
    "ndcg@1": 0.0,
    "p@5": 0.2,
    "r@5": 1.0,
    "ndcg@5": 0.5,
    "p@10": 0.1,
    "r@10": 1.0,
    "ndcg@10": 0.5
  },
  "retrieved": [
    2275,
    4565,
    4557,
    5141,
    6413,
    2263,
    4585,
    4586,
    5136,
    6418
  ]
}