{
  "qid": 155838,
  "query": "Cơ quan nào có thẩm quyền đề nghị hoãn chấp hành án phạt tù cho phạm nhân bị ung thư dạ dày giai đoạn cuối?",
  "metrics": {
    "mrr": 0.3333333333333333,
    "map": 0.3333333333333333,
    "p@1": 0.0,
    "r@1": 0.0,
    "ndcg@1": 0.0,
    "p@5": 0.2,
    "r@5": 1.0,
    "ndcg@5": 0.5,
    "p@10": 0.1,
    "r@10": 1.0,
    "ndcg@10": 0.5
  },
  "retrieved": [
    1886,
    3052,
    3048,
    295,
    1890,
    1892,
    1901,
    1891,
    1842,
    3053
  ]
}