{
  "qid": 156745,
  "query": "Đổi loại hình công ty thì có cần làm hồ sơ để đổi lại giấy phép kinh doanh vận tải khác hay không?",
  "metrics": {
    "mrr": 0.5,
    "map": 0.5,
    "p@1": 0.0,
    "r@1": 0.0,
    "ndcg@1": 0.0,
    "p@5": 0.2,
    "r@5": 1.0,
    "ndcg@5": 0.6309297535714575,
    "p@10": 0.1,
    "r@10": 1.0,
    "ndcg@10": 0.6309297535714575
  },
  "retrieved": [
    13145,
    13144,
    13143,
    9778,
    5928,
    9950,
    6004,
    1464,
    13161,
    7113
  ]
}