{
  "qid": 157180,
  "query": "Kiến nghị trong báo cáo kiểm toán nội bộ được phân thành loại và đó là những loại nào?",
  "metrics": {
    "mrr": 0.3333333333333333,
    "map": 0.3333333333333333,
    "p@1": 0.0,
    "r@1": 0.0,
    "ndcg@1": 0.0,
    "p@5": 0.2,
    "r@5": 1.0,
    "ndcg@5": 0.5,
    "p@10": 0.1,
    "r@10": 1.0,
    "ndcg@10": 0.5
  },
  "retrieved": [
    5690,
    5686,
    6859,
    6861,
    5681,
    5684,
    6858,
    5692,
    6864,
    5670
  ]
}