{
  "qid": 157144,
  "query": "Biên bản giữ người trong trường hợp khẩn cấp phải có những nội dung gì?",
  "metrics": {
    "mrr": 0.25,
    "map": 0.325,
    "p@1": 0.0,
    "r@1": 0.0,
    "ndcg@1": 0.0,
    "p@5": 0.4,
    "r@5": 1.0,
    "ndcg@5": 0.5012658353418871,
    "p@10": 0.2,
    "r@10": 1.0,
    "ndcg@10": 0.5012658353418871
  },
  "retrieved": [
    3701,
    10587,
    10655,
    10592,
    10610,
    5325,
    12711,
    5324,
    7393,
    10535
  ]
}