{
  "qid": 157545,
  "query": "Trường giáo dưỡng phải thực hiện những hoạt động gì để giúp học sinh đã chấp hành xong quyết định tái hòa nhập cộng đồng?",
  "metrics": {
    "mrr": 0.5,
    "map": 0.5,
    "p@1": 0.0,
    "r@1": 0.0,
    "ndcg@1": 0.0,
    "p@5": 0.2,
    "r@5": 1.0,
    "ndcg@5": 0.6309297535714575,
    "p@10": 0.1,
    "r@10": 1.0,
    "ndcg@10": 0.6309297535714575
  },
  "retrieved": [
    1969,
    1968,
    1966,
    1948,
    1934,
    1974,
    1946,
    1938,
    4678,
    1939
  ]
}