{
  "qid": 157840,
  "query": "Trước khi xây dựng cơ sở dữ liệu địa chính thì văn phòng đăng ký đất đai cần thực hiện phân loại tài liệu, dữ liệu thu thập được như thế nào?",
  "metrics": {
    "mrr": 0.16666666666666666,
    "map": 0.16666666666666666,
    "p@1": 0.0,
    "r@1": 0.0,
    "ndcg@1": 0.0,
    "p@5": 0.0,
    "r@5": 0.0,
    "ndcg@5": 0.0,
    "p@10": 0.1,
    "r@10": 1.0,
    "ndcg@10": 0.3562071871080222
  },
  "retrieved": [
    5418,
    5403,
    5401,
    5426,
    5412,
    5404,
    5400,
    5397,
    5420,
    5399
  ]
}