{
  "qid": 15902,
  "query": "Việc thông báo liên quan đến hiệu lực của điều ước quốc tế được quy định thế nào?",
  "metrics": {
    "mrr": 0.5,
    "map": 0.5,
    "p@1": 0.0,
    "r@1": 0.0,
    "ndcg@1": 0.0,
    "p@5": 0.2,
    "r@5": 1.0,
    "ndcg@5": 0.6309297535714575,
    "p@10": 0.1,
    "r@10": 1.0,
    "ndcg@10": 0.6309297535714575
  },
  "retrieved": [
    12209,
    12213,
    12163,
    12238,
    12175,
    12233,
    12173,
    12216,
    12161,
    12176
  ]
}