{
  "qid": 159648,
  "query": "Hồ sơ đăng ký thế chấp tài sản bảo đảm bằng tài sản là động sản khác bao gồm những gì?",
  "metrics": {
    "mrr": 0.2,
    "map": 0.2,
    "p@1": 0.0,
    "r@1": 0.0,
    "ndcg@1": 0.0,
    "p@5": 0.2,
    "r@5": 1.0,
    "ndcg@5": 0.38685280723454163,
    "p@10": 0.1,
    "r@10": 1.0,
    "ndcg@10": 0.38685280723454163
  },
  "retrieved": [
    12665,
    12661,
    12660,
    12654,
    11199,
    12664,
    7823,
    12652,
    7822,
    12667
  ]
}