{
  "qid": 160977,
  "query": "Hạn ngạch thuế quan nhập khẩu là gì?",
  "metrics": {
    "mrr": 0.25,
    "map": 0.25,
    "p@1": 0.0,
    "r@1": 0.0,
    "ndcg@1": 0.0,
    "p@5": 0.2,
    "r@5": 1.0,
    "ndcg@5": 0.43067655807339306,
    "p@10": 0.1,
    "r@10": 1.0,
    "ndcg@10": 0.43067655807339306
  },
  "retrieved": [
    5244,
    5245,
    12901,
    5243,
    5242,
    5241,
    1381,
    5239,
    5314,
    5240
  ]
}