{
  "qid": 161172,
  "query": "Yêu cầu đối với báo cáo kết quả bồi dưỡng ở nước ngoài của học viên đi bồi dưỡng ở nước ngoài được quy định như thế nào?",
  "metrics": {
    "mrr": 0.16666666666666666,
    "map": 0.16666666666666666,
    "p@1": 0.0,
    "r@1": 0.0,
    "ndcg@1": 0.0,
    "p@5": 0.0,
    "r@5": 0.0,
    "ndcg@5": 0.0,
    "p@10": 0.1,
    "r@10": 1.0,
    "ndcg@10": 0.3562071871080222
  },
  "retrieved": [
    1040,
    12815,
    12807,
    1041,
    12821,
    1042,
    12812,
    11009,
    11005,
    11007
  ]
}