{
  "qid": 161762,
  "query": "Hồ sơ đề nghị cấp Giấy chứng nhận đủ điều kiện",
  "metrics": {
    "mrr": 0.25,
    "map": 0.25,
    "p@1": 0.0,
    "r@1": 0.0,
    "ndcg@1": 0.0,
    "p@5": 0.2,
    "r@5": 1.0,
    "ndcg@5": 0.43067655807339306,
    "p@10": 0.1,
    "r@10": 1.0,
    "ndcg@10": 0.43067655807339306
  },
  "retrieved": [
    11978,
    11981,
    11977,
    11976,
    12265,
    12093,
    12267,
    12092,
    13900,
    12264
  ]
}