{
  "qid": 162005,
  "query": "Chỉ định thương nhân xuất khẩu, nhập khẩu đối với trường hợp áp dụng biện pháp kiểm soát khẩn cấp là gì?",
  "metrics": {
    "mrr": 0.5,
    "map": 0.5,
    "p@1": 0.0,
    "r@1": 0.0,
    "ndcg@1": 0.0,
    "p@5": 0.2,
    "r@5": 1.0,
    "ndcg@5": 0.6309297535714575,
    "p@10": 0.1,
    "r@10": 1.0,
    "ndcg@10": 0.6309297535714575
  },
  "retrieved": [
    5249,
    5250,
    5251,
    5246,
    5324,
    5247,
    5252,
    5325,
    5248,
    5256
  ]
}