{
  "qid": 162115,
  "query": "Quyết định giám đốc thẩm bản án hình sự phúc thẩm có được thay đổi trước ngay tại phiên tòa không?",
  "metrics": {
    "mrr": 0.5,
    "map": 0.5,
    "p@1": 0.0,
    "r@1": 0.0,
    "ndcg@1": 0.0,
    "p@5": 0.2,
    "r@5": 1.0,
    "ndcg@5": 0.6309297535714575,
    "p@10": 0.1,
    "r@10": 1.0,
    "ndcg@10": 0.6309297535714575
  },
  "retrieved": [
    10860,
    10858,
    10871,
    10774,
    10854,
    10735,
    10782,
    10862,
    10935,
    10867
  ]
}