{
  "qid": 163114,
  "query": "Người phụ trách kinh doanh dịch vụ lữ hành nội địa cần đáp ứng những điều kiện gì?",
  "metrics": {
    "mrr": 1.0,
    "map": 0.6,
    "p@1": 1.0,
    "r@1": 0.5,
    "ndcg@1": 1.0,
    "p@5": 0.2,
    "r@5": 0.5,
    "ndcg@5": 0.6131471927654584,
    "p@10": 0.2,
    "r@10": 1.0,
    "ndcg@10": 0.7903864795495061
  },
  "retrieved": [
    9774,
    9773,
    9775,
    9779,
    6612,
    9783,
    9778,
    9777,
    9781,
    6609
  ]
}