{
  "qid": 163813,
  "query": "Các chức danh nghề nghiệp viên chức chuyên ngành mỹ thuật được áp dụng hệ số lương như thế nào?",
  "metrics": {
    "mrr": 0.3333333333333333,
    "map": 0.3333333333333333,
    "p@1": 0.0,
    "r@1": 0.0,
    "ndcg@1": 0.0,
    "p@5": 0.2,
    "r@5": 1.0,
    "ndcg@5": 0.5,
    "p@10": 0.1,
    "r@10": 1.0,
    "ndcg@10": 0.5
  },
  "retrieved": [
    8457,
    14271,
    1536,
    6460,
    8458,
    7562,
    3467,
    7561,
    7457,
    9582
  ]
}