{
  "qid": 164344,
  "query": "Quyết định xử lý kỷ luật đối với viên chức có hiệu lực trong bao lâu?",
  "metrics": {
    "mrr": 0.25,
    "map": 0.25,
    "p@1": 0.0,
    "r@1": 0.0,
    "ndcg@1": 0.0,
    "p@5": 0.2,
    "r@5": 1.0,
    "ndcg@5": 0.43067655807339306,
    "p@10": 0.1,
    "r@10": 1.0,
    "ndcg@10": 0.43067655807339306
  },
  "retrieved": [
    13771,
    13755,
    13782,
    13770,
    13761,
    13778,
    13742,
    13779,
    7816,
    1747
  ]
}