{
  "qid": 164837,
  "query": "Hồ sơ đề nghị xác nhận nội dung quảng cáo mỹ phẩm gồm có những giấy tờ gì?",
  "metrics": {
    "mrr": 0.3333333333333333,
    "map": 0.3333333333333333,
    "p@1": 0.0,
    "r@1": 0.0,
    "ndcg@1": 0.0,
    "p@5": 0.2,
    "r@5": 1.0,
    "ndcg@5": 0.5,
    "p@10": 0.1,
    "r@10": 1.0,
    "ndcg@10": 0.5
  },
  "retrieved": [
    9521,
    9539,
    9533,
    9538,
    9531,
    12277,
    9544,
    9524,
    14611,
    14612
  ]
}