{
  "qid": 165084,
  "query": "Nguồn kinh phí chi trả khi người trực tiếp tham gia hoạt động chữ thập đỏ bị tai nạn được lấy từ đâu?",
  "metrics": {
    "mrr": 0.3333333333333333,
    "map": 0.3333333333333333,
    "p@1": 0.0,
    "r@1": 0.0,
    "ndcg@1": 0.0,
    "p@5": 0.2,
    "r@5": 1.0,
    "ndcg@5": 0.5,
    "p@10": 0.1,
    "r@10": 1.0,
    "ndcg@10": 0.5
  },
  "retrieved": [
    1904,
    2956,
    2958,
    2960,
    2967,
    1903,
    2957,
    11053,
    2959,
    2573
  ]
}