{
  "qid": 166472,
  "query": "Lực lượng cảnh sát nhân dân vũ trang canh gác bảo vệ mục tiêu bằng phương pháp nào?",
  "metrics": {
    "mrr": 0.3333333333333333,
    "map": 0.3333333333333333,
    "p@1": 0.0,
    "r@1": 0.0,
    "ndcg@1": 0.0,
    "p@5": 0.2,
    "r@5": 1.0,
    "ndcg@5": 0.5,
    "p@10": 0.1,
    "r@10": 1.0,
    "ndcg@10": 0.5
  },
  "retrieved": [
    97,
    95,
    99,
    98,
    102,
    112,
    110,
    108,
    105,
    109
  ]
}