{
  "qid": 16809,
  "query": "Thương nhân được phép kinh doanh nhà ở có phòng cho khách du lịch thuê khi đáp ứng các điều kiện gì?",
  "metrics": {
    "mrr": 1.0,
    "map": 0.625,
    "p@1": 1.0,
    "r@1": 0.5,
    "ndcg@1": 1.0,
    "p@5": 0.2,
    "r@5": 0.5,
    "ndcg@5": 0.6131471927654584,
    "p@10": 0.2,
    "r@10": 1.0,
    "ndcg@10": 0.8065735963827293
  },
  "retrieved": [
    9792,
    9746,
    9744,
    9799,
    2770,
    9761,
    9752,
    9791,
    9818,
    9754
  ]
}