{
  "qid": 169026,
  "query": "Vụ trưởng Vụ Pháp chế có trách nhiệm gì trong việc tự kiểm tra, xử lý văn bản quy phạm pháp luật thuộc thẩm quyền của Thanh tra Chính phủ?",
  "metrics": {
    "mrr": 0.2,
    "map": 0.2,
    "p@1": 0.0,
    "r@1": 0.0,
    "ndcg@1": 0.0,
    "p@5": 0.2,
    "r@5": 1.0,
    "ndcg@5": 0.38685280723454163,
    "p@10": 0.1,
    "r@10": 1.0,
    "ndcg@10": 0.38685280723454163
  },
  "retrieved": [
    6343,
    6336,
    6344,
    6332,
    6335,
    6339,
    6324,
    6346,
    6355,
    6328
  ]
}