{
  "qid": 17133,
  "query": "Phương thức gửi báo cáo quý khẩn cấp về công tác dân tộc thì báo cáo nhanh bằng phương thức nào?",
  "metrics": {
    "mrr": 0.14285714285714285,
    "map": 0.14285714285714285,
    "p@1": 0.0,
    "r@1": 0.0,
    "ndcg@1": 0.0,
    "p@5": 0.0,
    "r@5": 0.0,
    "ndcg@5": 0.0,
    "p@10": 0.1,
    "r@10": 1.0,
    "ndcg@10": 0.3333333333333333
  },
  "retrieved": [
    1312,
    1303,
    1304,
    1309,
    1316,
    1308,
    1306,
    1314,
    4760,
    1275
  ]
}