{
  "qid": 175504,
  "query": "Tổ chức tín dụng giao dịch, mua bán vàng miếng với Ngân hàng Nhà nước phải đặt cọc thế nào?",
  "metrics": {
    "mrr": 0.2,
    "map": 0.2,
    "p@1": 0.0,
    "r@1": 0.0,
    "ndcg@1": 0.0,
    "p@5": 0.2,
    "r@5": 1.0,
    "ndcg@5": 0.38685280723454163,
    "p@10": 0.1,
    "r@10": 1.0,
    "ndcg@10": 0.38685280723454163
  },
  "retrieved": [
    6129,
    6133,
    6122,
    6134,
    6127,
    6126,
    6137,
    6120,
    6142,
    6130
  ]
}