{
  "qid": 179045,
  "query": "Trường hợp nào Kiểm sát viên phải từ chối tiến hành tố tụng hoặc bị thay đổi?",
  "metrics": {
    "mrr": 0.5,
    "map": 0.5833333333333333,
    "p@1": 0.0,
    "r@1": 0.0,
    "ndcg@1": 0.0,
    "p@5": 0.4,
    "r@5": 1.0,
    "ndcg@5": 0.6934264036172708,
    "p@10": 0.2,
    "r@10": 1.0,
    "ndcg@10": 0.6934264036172708
  },
  "retrieved": [
    10794,
    10528,
    10526,
    6695,
    6693,
    10556,
    10511,
    6698,
    10616,
    6701
  ]
}