{
  "qid": 18286,
  "query": "Thời gian áp dụng biện pháp cách ly y tế tại cửa khẩu là bao lâu?",
  "metrics": {
    "mrr": 0.25,
    "map": 0.25,
    "p@1": 0.0,
    "r@1": 0.0,
    "ndcg@1": 0.0,
    "p@5": 0.2,
    "r@5": 1.0,
    "ndcg@5": 0.43067655807339306,
    "p@10": 0.1,
    "r@10": 1.0,
    "ndcg@10": 0.43067655807339306
  },
  "retrieved": [
    10420,
    10424,
    10417,
    10414,
    10426,
    14552,
    10422,
    10425,
    10415,
    10416
  ]
}