{
  "qid": 19522,
  "query": "Sở Văn hóa Thể thao và Du lịch có trách nhiệm như thế nào đối với người cao tuổi?",
  "metrics": {
    "mrr": 0.3333333333333333,
    "map": 0.3333333333333333,
    "p@1": 0.0,
    "r@1": 0.0,
    "ndcg@1": 0.0,
    "p@5": 0.2,
    "r@5": 1.0,
    "ndcg@5": 0.5,
    "p@10": 0.1,
    "r@10": 1.0,
    "ndcg@10": 0.5
  },
  "retrieved": [
    6038,
    4003,
    6049,
    6037,
    2752,
    6039,
    142,
    7294,
    6040,
    4415
  ]
}