{
  "qid": 20424,
  "query": "Thành viên cơ quan Việt Nam ở nước ngoài đưa vợ cùng đi công tác thì người vợ có được hưởng chế độ sinh hoạt phí không?",
  "metrics": {
    "mrr": 0.3333333333333333,
    "map": 0.3333333333333333,
    "p@1": 0.0,
    "r@1": 0.0,
    "ndcg@1": 0.0,
    "p@5": 0.2,
    "r@5": 1.0,
    "ndcg@5": 0.5,
    "p@10": 0.1,
    "r@10": 1.0,
    "ndcg@10": 0.5
  },
  "retrieved": [
    7898,
    8795,
    8792,
    8799,
    8790,
    8794,
    8797,
    8800,
    8791,
    7900
  ]
}