{
  "qid": 20655,
  "query": "Các trường hợp định giá lại tài sản trong tố tụng hình sự?",
  "metrics": {
    "mrr": 0.14285714285714285,
    "map": 0.14285714285714285,
    "p@1": 0.0,
    "r@1": 0.0,
    "ndcg@1": 0.0,
    "p@5": 0.0,
    "r@5": 0.0,
    "ndcg@5": 0.0,
    "p@10": 0.1,
    "r@10": 1.0,
    "ndcg@10": 0.3333333333333333
  },
  "retrieved": [
    10693,
    10692,
    10696,
    2043,
    10694,
    10697,
    10695,
    10698,
    2041,
    2044
  ]
}