{
  "qid": 21057,
  "query": "Tổ chức, cá nhân tổ chức thi sáng tác tác phẩm mỹ thuật gửi hồ sơ đến cơ quan nhà nước có thẩm quyền trong thời hạn bao lâu?",
  "metrics": {
    "mrr": 1.0,
    "map": 0.75,
    "p@1": 1.0,
    "r@1": 0.5,
    "ndcg@1": 1.0,
    "p@5": 0.4,
    "r@5": 1.0,
    "ndcg@5": 0.8772153153380493,
    "p@10": 0.2,
    "r@10": 1.0,
    "ndcg@10": 0.8772153153380493
  },
  "retrieved": [
    13805,
    13804,
    13803,
    1074,
    1075,
    1073,
    1072,
    1070,
    13799,
    13798
  ]
}