{
  "qid": 21392,
  "query": "Về thẩm quyền tiếp nhận và giải quyết tố giác, tin báo về tội phạm",
  "metrics": {
    "mrr": 0.5,
    "map": 0.5,
    "p@1": 0.0,
    "r@1": 0.0,
    "ndcg@1": 0.0,
    "p@5": 0.2,
    "r@5": 1.0,
    "ndcg@5": 0.6309297535714575,
    "p@10": 0.1,
    "r@10": 1.0,
    "ndcg@10": 0.6309297535714575
  },
  "retrieved": [
    994,
    10622,
    10573,
    10623,
    1000,
    990,
    991,
    993,
    10533,
    995
  ]
}