{
  "qid": 24057,
  "query": "Có thể cung cấp các thông tin về kiểm toán nội bộ ra ngoài trong một số trường hợp nhất định không?",
  "metrics": {
    "mrr": 0.1111111111111111,
    "map": 0.1111111111111111,
    "p@1": 0.0,
    "r@1": 0.0,
    "ndcg@1": 0.0,
    "p@5": 0.0,
    "r@5": 0.0,
    "ndcg@5": 0.0,
    "p@10": 0.1,
    "r@10": 1.0,
    "ndcg@10": 0.3010299956639812
  },
  "retrieved": [
    5690,
    6864,
    5684,
    5693,
    5670,
    5689,
    6861,
    6865,
    5686,
    5672
  ]
}