{
  "qid": 24435,
  "query": "Chức danh nghề nghiệp giảng viên cao đẳng sư phạm cao cấp được hưởng hệ số lương như thế nào?",
  "metrics": {
    "mrr": 0.25,
    "map": 0.25,
    "p@1": 0.0,
    "r@1": 0.0,
    "ndcg@1": 0.0,
    "p@5": 0.2,
    "r@5": 1.0,
    "ndcg@5": 0.43067655807339306,
    "p@10": 0.1,
    "r@10": 1.0,
    "ndcg@10": 0.43067655807339306
  },
  "retrieved": [
    8457,
    6460,
    7562,
    1536,
    7561,
    531,
    8732,
    14492,
    7563,
    14237
  ]
}