{
  "qid": 24529,
  "query": "Người giải quyết khiếu nại lần đầu phải tự xác minh nội dung khiếu nại có đúng không?",
  "metrics": {
    "mrr": 0.5,
    "map": 0.5,
    "p@1": 0.0,
    "r@1": 0.0,
    "ndcg@1": 0.0,
    "p@5": 0.2,
    "r@5": 1.0,
    "ndcg@5": 0.6309297535714575,
    "p@10": 0.1,
    "r@10": 1.0,
    "ndcg@10": 0.6309297535714575
  },
  "retrieved": [
    1738,
    1729,
    2243,
    1731,
    1497,
    1752,
    1495,
    1754,
    1499,
    1755
  ]
}