{
  "qid": 24647,
  "query": "Thời điểm nào ra quyết định bổ nhiệm chức danh nghề nghiệp cho viên chức?",
  "metrics": {
    "mrr": 0.5,
    "map": 0.25,
    "p@1": 0.0,
    "r@1": 0.0,
    "ndcg@1": 0.0,
    "p@5": 0.2,
    "r@5": 0.5,
    "ndcg@5": 0.38685280723454163,
    "p@10": 0.1,
    "r@10": 0.5,
    "ndcg@10": 0.38685280723454163
  },
  "retrieved": [
    3467,
    14209,
    14269,
    14271,
    14237,
    14235,
    14210,
    7785,
    14236,
    14270
  ]
}