{
  "qid": 2558,
  "query": "Chức danh nghề nghiệp của giáo viên là viên chức được quy định ra sao?",
  "metrics": {
    "mrr": 0.16666666666666666,
    "map": 0.16666666666666666,
    "p@1": 0.0,
    "r@1": 0.0,
    "ndcg@1": 0.0,
    "p@5": 0.0,
    "r@5": 0.0,
    "ndcg@5": 0.0,
    "p@10": 0.1,
    "r@10": 1.0,
    "ndcg@10": 0.3562071871080222
  },
  "retrieved": [
    1534,
    14271,
    14209,
    14269,
    3467,
    14235,
    14237,
    14210,
    14236,
    14268
  ]
}