{
  "qid": 2656,
  "query": "Viên chức được bổ nhiệm chức danh thẩm kế viên hạng 2 được áp dụng hệ số lương viên chức loại mấy?",
  "metrics": {
    "mrr": 0.3333333333333333,
    "map": 0.3333333333333333,
    "p@1": 0.0,
    "r@1": 0.0,
    "ndcg@1": 0.0,
    "p@5": 0.2,
    "r@5": 1.0,
    "ndcg@5": 0.5,
    "p@10": 0.1,
    "r@10": 1.0,
    "ndcg@10": 0.5
  },
  "retrieved": [
    1536,
    8457,
    6460,
    8612,
    8458,
    7785,
    14270,
    14209,
    14269,
    14239
  ]
}