{
  "qid": 2726,
  "query": "Diễn viên phải bảo đảm an toàn vệ sinh lao động tại nơi làm việc như thế nào?",
  "metrics": {
    "mrr": 0.5,
    "map": 0.5,
    "p@1": 0.0,
    "r@1": 0.0,
    "ndcg@1": 0.0,
    "p@5": 0.2,
    "r@5": 1.0,
    "ndcg@5": 0.6309297535714575,
    "p@10": 0.1,
    "r@10": 1.0,
    "ndcg@10": 0.6309297535714575
  },
  "retrieved": [
    3404,
    3406,
    13384,
    3401,
    6884,
    11529,
    1805,
    3410,
    3403,
    8848
  ]
}