{
  "qid": 27449,
  "query": "Hoạt động kiểm soát nội bộ Ngân hàng nhà nước Việt Nam cần đáp ứng những yêu cầu nào?",
  "metrics": {
    "mrr": 0.14285714285714285,
    "map": 0.14285714285714285,
    "p@1": 0.0,
    "r@1": 0.0,
    "ndcg@1": 0.0,
    "p@5": 0.0,
    "r@5": 0.0,
    "ndcg@5": 0.0,
    "p@10": 0.1,
    "r@10": 1.0,
    "ndcg@10": 0.3333333333333333
  },
  "retrieved": [
    6835,
    6844,
    6843,
    6836,
    6869,
    6837,
    6840,
    6845,
    6839,
    6852
  ]
}