{
  "qid": 28446,
  "query": "Chi nhánh của tổ chức tài chính vi mô chấm dứt hoạt động, giải thể trong những trường hợp nào?",
  "metrics": {
    "mrr": 0.2,
    "map": 0.2,
    "p@1": 0.0,
    "r@1": 0.0,
    "ndcg@1": 0.0,
    "p@5": 0.2,
    "r@5": 1.0,
    "ndcg@5": 0.38685280723454163,
    "p@10": 0.1,
    "r@10": 1.0,
    "ndcg@10": 0.38685280723454163
  },
  "retrieved": [
    13001,
    13013,
    13014,
    10095,
    10082,
    10087,
    13003,
    10099,
    10084,
    13005
  ]
}