{
  "qid": 28584,
  "query": "Điều kiện xác nhận nội dung quảng cáo mỹ phẩm được quy định như thế nào?",
  "metrics": {
    "mrr": 0.14285714285714285,
    "map": 0.14285714285714285,
    "p@1": 0.0,
    "r@1": 0.0,
    "ndcg@1": 0.0,
    "p@5": 0.0,
    "r@5": 0.0,
    "ndcg@5": 0.0,
    "p@10": 0.1,
    "r@10": 1.0,
    "ndcg@10": 0.3333333333333333
  },
  "retrieved": [
    9539,
    9533,
    9521,
    9538,
    14611,
    14612,
    9524,
    9530,
    9531,
    12277
  ]
}