{
  "qid": 28585,
  "query": "Hồ sơ đề nghị xác nhận nội dung quảng cáo mỹ phẩm gồm những gì?",
  "metrics": {
    "mrr": 0.25,
    "map": 0.25,
    "p@1": 0.0,
    "r@1": 0.0,
    "ndcg@1": 0.0,
    "p@5": 0.2,
    "r@5": 1.0,
    "ndcg@5": 0.43067655807339306,
    "p@10": 0.1,
    "r@10": 1.0,
    "ndcg@10": 0.43067655807339306
  },
  "retrieved": [
    9521,
    9538,
    9539,
    9533,
    12277,
    9531,
    9544,
    9524,
    14611,
    14612
  ]
}