{
  "qid": 28611,
  "query": "Thời gian chốt số liệu báo cáo tình hình xây dựng, quản lý, sử dụng nghĩa trang và cơ sở hỏa táng của Ủy ban nhân dân cấp tỉnh là khi nào?",
  "metrics": {
    "mrr": 0.25,
    "map": 0.25,
    "p@1": 0.0,
    "r@1": 0.0,
    "ndcg@1": 0.0,
    "p@5": 0.2,
    "r@5": 1.0,
    "ndcg@5": 0.43067655807339306,
    "p@10": 0.1,
    "r@10": 1.0,
    "ndcg@10": 0.43067655807339306
  },
  "retrieved": [
    2677,
    14082,
    679,
    10116,
    3613,
    7296,
    685,
    678,
    1307,
    7300
  ]
}