{
  "qid": 29095,
  "query": "Trách nhiệm thực hiện điều chỉnh lương hưu theo Nghị định 42/2023/NĐ-CP của các cá nhân, tổ chức ra sao?",
  "metrics": {
    "mrr": 0.14285714285714285,
    "map": 0.14285714285714285,
    "p@1": 0.0,
    "r@1": 0.0,
    "ndcg@1": 0.0,
    "p@5": 0.0,
    "r@5": 0.0,
    "ndcg@5": 0.0,
    "p@10": 0.1,
    "r@10": 1.0,
    "ndcg@10": 0.3333333333333333
  },
  "retrieved": [
    3938,
    796,
    794,
    14093,
    9459,
    11855,
    9460,
    8169,
    11857,
    8060
  ]
}