{
  "qid": 29505,
  "query": "Cục Hộ tịch, quốc tịch, chứng thực đề xuất kế hoạch thanh tra gửi Thanh tra Bộ Tư pháp để tổng hợp chậm nhất vào ngày nào?",
  "metrics": {
    "mrr": 0.3333333333333333,
    "map": 0.3333333333333333,
    "p@1": 0.0,
    "r@1": 0.0,
    "ndcg@1": 0.0,
    "p@5": 0.2,
    "r@5": 1.0,
    "ndcg@5": 0.5,
    "p@10": 0.1,
    "r@10": 1.0,
    "ndcg@10": 0.5
  },
  "retrieved": [
    13390,
    2278,
    7039,
    13391,
    7010,
    7035,
    7018,
    7020,
    4580,
    7027
  ]
}