{
  "qid": 29912,
  "query": "Mức hoàn trả của người thi hành công vụ có lỗi gây thiệt hại được xác định thế nào?",
  "metrics": {
    "mrr": 0.5,
    "map": 0.5,
    "p@1": 0.0,
    "r@1": 0.0,
    "ndcg@1": 0.0,
    "p@5": 0.2,
    "r@5": 1.0,
    "ndcg@5": 0.6309297535714575,
    "p@10": 0.1,
    "r@10": 1.0,
    "ndcg@10": 0.6309297535714575
  },
  "retrieved": [
    12756,
    12757,
    12761,
    12758,
    12762,
    7445,
    12763,
    12760,
    12764,
    7453
  ]
}