{
  "qid": 31668,
  "query": "Đăng ký hành nghề đối với cơ sở khám bệnh, chữa bệnh bao gồm các nội dung nào?",
  "metrics": {
    "mrr": 0.3333333333333333,
    "map": 0.3333333333333333,
    "p@1": 0.0,
    "r@1": 0.0,
    "ndcg@1": 0.0,
    "p@5": 0.2,
    "r@5": 1.0,
    "ndcg@5": 0.5,
    "p@10": 0.1,
    "r@10": 1.0,
    "ndcg@10": 0.5
  },
  "retrieved": [
    12360,
    12362,
    12361,
    11080,
    12351,
    14579,
    12354,
    11078,
    9529,
    11089
  ]
}