{
  "qid": 31765,
  "query": "Lập dự toán ngân sách nhà nước hàng năm đối với Cơ quan Việt Nam ở nước ngoài trong hoạt động đối ngoại được quy định như thế nào?",
  "metrics": {
    "mrr": 0.5,
    "map": 0.5,
    "p@1": 0.0,
    "r@1": 0.0,
    "ndcg@1": 0.0,
    "p@5": 0.2,
    "r@5": 1.0,
    "ndcg@5": 0.6309297535714575,
    "p@10": 0.1,
    "r@10": 1.0,
    "ndcg@10": 0.6309297535714575
  },
  "retrieved": [
    14494,
    14501,
    14500,
    7903,
    14502,
    14504,
    7891,
    14509,
    3626,
    7892
  ]
}