{
  "qid": 32124,
  "query": "Thời hạn xét thăng cấp bậc quân hàm đối với Binh nhì phục vụ trong Quân đội nhân dân Việt Nam là bao lâu?",
  "metrics": {
    "mrr": 0.16666666666666666,
    "map": 0.16666666666666666,
    "p@1": 0.0,
    "r@1": 0.0,
    "ndcg@1": 0.0,
    "p@5": 0.0,
    "r@5": 0.0,
    "ndcg@5": 0.0,
    "p@10": 0.1,
    "r@10": 1.0,
    "ndcg@10": 0.3562071871080222
  },
  "retrieved": [
    7331,
    14491,
    7333,
    7330,
    7335,
    7334,
    7328,
    8171,
    7559,
    5650
  ]
}