{
  "qid": 34712,
  "query": "Công dân có thể yêu cầu Cơ quan Nhà nước cung cấp thông tin bằng các hình thức nào?",
  "metrics": {
    "mrr": 0.3333333333333333,
    "map": 0.3333333333333333,
    "p@1": 0.0,
    "r@1": 0.0,
    "ndcg@1": 0.0,
    "p@5": 0.2,
    "r@5": 1.0,
    "ndcg@5": 0.5,
    "p@10": 0.1,
    "r@10": 1.0,
    "ndcg@10": 0.5
  },
  "retrieved": [
    11709,
    11703,
    11708,
    11716,
    11710,
    11717,
    11711,
    11071,
    11072,
    11687
  ]
}