{
  "qid": 35006,
  "query": "Nguyên tắc và mục đích xây dựng Bộ Quy tắc ứng xử trong cơ sở giáo dục phổ thông, cơ sở giáo dục thường xuyên được quy định như thế nào?",
  "metrics": {
    "mrr": 0.3333333333333333,
    "map": 0.3333333333333333,
    "p@1": 0.0,
    "r@1": 0.0,
    "ndcg@1": 0.0,
    "p@5": 0.2,
    "r@5": 1.0,
    "ndcg@5": 0.5,
    "p@10": 0.1,
    "r@10": 1.0,
    "ndcg@10": 0.5
  },
  "retrieved": [
    6763,
    6762,
    6753,
    7175,
    4553,
    7172,
    5968,
    1665,
    6751,
    4545
  ]
}