{
  "qid": 35298,
  "query": "Việc quản lý và sử dụng phí đối với tổ chức thu phí là cơ quan nhà nước như thế nào?",
  "metrics": {
    "mrr": 0.3333333333333333,
    "map": 0.3333333333333333,
    "p@1": 0.0,
    "r@1": 0.0,
    "ndcg@1": 0.0,
    "p@5": 0.2,
    "r@5": 1.0,
    "ndcg@5": 0.5,
    "p@10": 0.1,
    "r@10": 1.0,
    "ndcg@10": 0.5
  },
  "retrieved": [
    14540,
    11066,
    8776,
    11065,
    8775,
    11922,
    5771,
    13165,
    14503,
    11970
  ]
}