{
  "qid": 36095,
  "query": "Hội đồng đấu giá tài sản có quyền giám định tài sản đấu giá không?",
  "metrics": {
    "mrr": 0.2,
    "map": 0.2,
    "p@1": 0.0,
    "r@1": 0.0,
    "ndcg@1": 0.0,
    "p@5": 0.2,
    "r@5": 1.0,
    "ndcg@5": 0.38685280723454163,
    "p@10": 0.1,
    "r@10": 1.0,
    "ndcg@10": 0.38685280723454163
  },
  "retrieved": [
    747,
    723,
    732,
    720,
    749,
    695,
    750,
    748,
    734,
    693
  ]
}