{
  "qid": 36558,
  "query": "Phương tiện được cấp phép rời cảng, bến thủy nội địa vẫn neo tại vùng nước cảng, bến thủy nội địa quá 24 giờ thì xử lý như thế nào?",
  "metrics": {
    "mrr": 0.5,
    "map": 0.5,
    "p@1": 0.0,
    "r@1": 0.0,
    "ndcg@1": 0.0,
    "p@5": 0.2,
    "r@5": 1.0,
    "ndcg@5": 0.6309297535714575,
    "p@10": 0.1,
    "r@10": 1.0,
    "ndcg@10": 0.6309297535714575
  },
  "retrieved": [
    9104,
    9098,
    9094,
    9068,
    9064,
    9047,
    9062,
    9067,
    9110,
    9113
  ]
}