{
  "qid": 36624,
  "query": "Đương sự có được làm người phiên dịch trong cùng một vụ án hình sự hay không?",
  "metrics": {
    "mrr": 0.5,
    "map": 0.5,
    "p@1": 0.0,
    "r@1": 0.0,
    "ndcg@1": 0.0,
    "p@5": 0.2,
    "r@5": 1.0,
    "ndcg@5": 0.6309297535714575,
    "p@10": 0.1,
    "r@10": 1.0,
    "ndcg@10": 0.6309297535714575
  },
  "retrieved": [
    10507,
    10526,
    12730,
    10546,
    10726,
    10635,
    10930,
    7983,
    10638,
    10932
  ]
}