{
  "qid": 37168,
  "query": "Cơ quan nào có trách nhiệm hướng dẫn, kiểm tra và tổ chức thực hiện các quy định về cơ sở vật chất và trang thiết bị khi tổ chức hoạt động thi đấu và biểu diễn môn Vũ đạo thể thao giải trí trong nhà?",
  "metrics": {
    "mrr": 0.14285714285714285,
    "map": 0.14285714285714285,
    "p@1": 0.0,
    "r@1": 0.0,
    "ndcg@1": 0.0,
    "p@5": 0.0,
    "r@5": 0.0,
    "ndcg@5": 0.0,
    "p@10": 0.1,
    "r@10": 1.0,
    "ndcg@10": 0.3333333333333333
  },
  "retrieved": [
    7746,
    7747,
    254,
    4411,
    6616,
    4412,
    4415,
    11969,
    4414,
    257
  ]
}