{
  "qid": 37487,
  "query": "Có yêu cầu đánh giá môi trường chiến lược trong hồ sơ nhiệm vụ quy hoạch chung xây dựng xã hay không?",
  "metrics": {
    "mrr": 0.3333333333333333,
    "map": 0.3333333333333333,
    "p@1": 0.0,
    "r@1": 0.0,
    "ndcg@1": 0.0,
    "p@5": 0.2,
    "r@5": 1.0,
    "ndcg@5": 0.5,
    "p@10": 0.1,
    "r@10": 1.0,
    "ndcg@10": 0.5
  },
  "retrieved": [
    8831,
    2403,
    2404,
    2418,
    10250,
    12677,
    2419,
    14070,
    2411,
    2406
  ]
}