{
  "qid": 38337,
  "query": "Trình tự, thủ tục đăng ký tổ chức sinh hoạt tôn giáo tập trung như thế nào?",
  "metrics": {
    "mrr": 1.0,
    "map": 0.6428571428571428,
    "p@1": 1.0,
    "r@1": 0.5,
    "ndcg@1": 1.0,
    "p@5": 0.2,
    "r@5": 0.5,
    "ndcg@5": 0.6131471927654584,
    "p@10": 0.2,
    "r@10": 1.0,
    "ndcg@10": 0.8175295903539445
  },
  "retrieved": [
    2147,
    2177,
    2160,
    2155,
    2137,
    4261,
    2146,
    2197,
    2161,
    2132
  ]
}