{
  "qid": 38970,
  "query": "Cán bộ cấp xã phải đền bù chi phí đào tạo trong những trường hợp nào?",
  "metrics": {
    "mrr": 0.5,
    "map": 0.5,
    "p@1": 0.0,
    "r@1": 0.0,
    "ndcg@1": 0.0,
    "p@5": 0.2,
    "r@5": 1.0,
    "ndcg@5": 0.6309297535714575,
    "p@10": 0.1,
    "r@10": 1.0,
    "ndcg@10": 0.6309297535714575
  },
  "retrieved": [
    10991,
    10984,
    10986,
    10990,
    10985,
    10987,
    10989,
    11015,
    6592,
    310
  ]
}