{
  "qid": 39869,
  "query": "Tiêu chuẩn, điều kiện bổ nhiệm viên chức quản lý ra sao?",
  "metrics": {
    "mrr": 0.2,
    "map": 0.2,
    "p@1": 0.0,
    "r@1": 0.0,
    "ndcg@1": 0.0,
    "p@5": 0.2,
    "r@5": 1.0,
    "ndcg@5": 0.38685280723454163,
    "p@10": 0.1,
    "r@10": 1.0,
    "ndcg@10": 0.38685280723454163
  },
  "retrieved": [
    2030,
    2335,
    2316,
    2334,
    14251,
    14258,
    14269,
    14233,
    7814,
    8613
  ]
}