{
  "qid": 40735,
  "query": "Mức lương của Đạo diễn nghệ thuật hạng III có thể tăng lên bao nhiêu nếu tăng lương cơ sở lên 1.800.000 đồng?",
  "metrics": {
    "mrr": 0.14285714285714285,
    "map": 0.14285714285714285,
    "p@1": 0.0,
    "r@1": 0.0,
    "ndcg@1": 0.0,
    "p@5": 0.0,
    "r@5": 0.0,
    "ndcg@5": 0.0,
    "p@10": 0.1,
    "r@10": 1.0,
    "ndcg@10": 0.3333333333333333
  },
  "retrieved": [
    12588,
    7460,
    12599,
    8612,
    12587,
    3938,
    1536,
    13119,
    7564,
    6460
  ]
}