{
  "qid": 42094,
  "query": "Tố giác tội phạm tại cơ quan công an nơi họ cư trú hay nơi mình ở?",
  "metrics": {
    "mrr": 0.2,
    "map": 0.2,
    "p@1": 0.0,
    "r@1": 0.0,
    "ndcg@1": 0.0,
    "p@5": 0.2,
    "r@5": 1.0,
    "ndcg@5": 0.38685280723454163,
    "p@10": 0.1,
    "r@10": 1.0,
    "ndcg@10": 0.38685280723454163
  },
  "retrieved": [
    991,
    10573,
    994,
    993,
    10622,
    10621,
    10623,
    10533,
    1000,
    990
  ]
}