{
  "qid": 43367,
  "query": "Có được dùng ngựa hoang để tham gia đua ngựa không?",
  "metrics": {
    "mrr": 0.25,
    "map": 0.25,
    "p@1": 0.0,
    "r@1": 0.0,
    "ndcg@1": 0.0,
    "p@5": 0.2,
    "r@5": 1.0,
    "ndcg@5": 0.43067655807339306,
    "p@10": 0.1,
    "r@10": 1.0,
    "ndcg@10": 0.43067655807339306
  },
  "retrieved": [
    6490,
    6487,
    6488,
    6489,
    11029,
    6493,
    6491,
    11026,
    11030,
    6492
  ]
}