{
  "qid": 43941,
  "query": "Lực lượng canh gác đê có thành tích xuất sắc thì có được khen thưởng không?",
  "metrics": {
    "mrr": 0.5,
    "map": 0.5,
    "p@1": 0.0,
    "r@1": 0.0,
    "ndcg@1": 0.0,
    "p@5": 0.2,
    "r@5": 1.0,
    "ndcg@5": 0.6309297535714575,
    "p@10": 0.1,
    "r@10": 1.0,
    "ndcg@10": 0.6309297535714575
  },
  "retrieved": [
    15,
    14,
    1,
    13,
    16,
    1150,
    5,
    13791,
    10038,
    10015
  ]
}