{
  "qid": 44144,
  "query": "Ai có quyền quyết định bổ nhiệm hay miễn nhiệm Giám đốc Trung tâm dịch vụ đấu giá tài sản?",
  "metrics": {
    "mrr": 0.5,
    "map": 0.5,
    "p@1": 0.0,
    "r@1": 0.0,
    "ndcg@1": 0.0,
    "p@5": 0.2,
    "r@5": 1.0,
    "ndcg@5": 0.6309297535714575,
    "p@10": 0.1,
    "r@10": 1.0,
    "ndcg@10": 0.6309297535714575
  },
  "retrieved": [
    709,
    766,
    754,
    720,
    753,
    711,
    755,
    723,
    734,
    688
  ]
}