{
  "qid": 44500,
  "query": "Phó Chủ tịch Hội đồng Thi đua khen thưởng có được chủ trì các phiên họp của Hội đồng hay không?",
  "metrics": {
    "mrr": 0.5,
    "map": 0.5,
    "p@1": 0.0,
    "r@1": 0.0,
    "ndcg@1": 0.0,
    "p@5": 0.2,
    "r@5": 1.0,
    "ndcg@5": 0.6309297535714575,
    "p@10": 0.1,
    "r@10": 1.0,
    "ndcg@10": 0.6309297535714575
  },
  "retrieved": [
    8755,
    7715,
    6288,
    8757,
    3493,
    7714,
    10017,
    8663,
    8865,
    8864
  ]
}