{
  "qid": 44605,
  "query": "Ai là người có quyền quyết định thay đổi Thẩm phán trong tiến hành tố tụng hình sự?",
  "metrics": {
    "mrr": 0.2,
    "map": 0.2,
    "p@1": 0.0,
    "r@1": 0.0,
    "ndcg@1": 0.0,
    "p@5": 0.2,
    "r@5": 1.0,
    "ndcg@5": 0.38685280723454163,
    "p@10": 0.1,
    "r@10": 1.0,
    "ndcg@10": 0.38685280723454163
  },
  "retrieved": [
    10888,
    12701,
    10859,
    1933,
    10530,
    1155,
    1934,
    10887,
    7203,
    10500
  ]
}