{
  "qid": 44809,
  "query": "Hướng dẫn thực hiện nghĩa vụ thuế áp dụng đối với tổ chức, cá nhân nước ngoài kinh doanh tại Việt Nam hoặc có thu nhập tại Việt Nam?",
  "metrics": {
    "mrr": 0.5,
    "map": 0.16666666666666666,
    "p@1": 0.0,
    "r@1": 0.0,
    "ndcg@1": 0.0,
    "p@5": 0.2,
    "r@5": 0.3333333333333333,
    "ndcg@5": 0.2960819109658652,
    "p@10": 0.1,
    "r@10": 0.3333333333333333,
    "ndcg@10": 0.2960819109658652
  },
  "retrieved": [
    11944,
    11472,
    4723,
    11947,
    7957,
    11945,
    11473,
    13406,
    11475,
    11948
  ]
}