{
  "qid": 44819,
  "query": "Hồ sơ đăng ký khai sinh cho trẻ em sinh ra ở nước ngoài có mẹ là công dân Việt Nam cần chuẩn bị những gì?",
  "metrics": {
    "mrr": 0.3333333333333333,
    "map": 0.3333333333333333,
    "p@1": 0.0,
    "r@1": 0.0,
    "ndcg@1": 0.0,
    "p@5": 0.2,
    "r@5": 1.0,
    "ndcg@5": 0.5,
    "p@10": 0.1,
    "r@10": 1.0,
    "ndcg@10": 0.5
  },
  "retrieved": [
    2262,
    2265,
    4560,
    4568,
    2270,
    3130,
    5136,
    4572,
    14443,
    4584
  ]
}