{
  "qid": 45512,
  "query": "Cơ sở đào tạo đấu thầu có trách nhiệm gì trong hoạt động đào tạo, bồi dưỡng?",
  "metrics": {
    "mrr": 0.5,
    "map": 0.5,
    "p@1": 0.0,
    "r@1": 0.0,
    "ndcg@1": 0.0,
    "p@5": 0.2,
    "r@5": 1.0,
    "ndcg@5": 0.6309297535714575,
    "p@10": 0.1,
    "r@10": 1.0,
    "ndcg@10": 0.6309297535714575
  },
  "retrieved": [
    4504,
    4519,
    4523,
    4503,
    4851,
    4502,
    11015,
    4507,
    1036,
    2253
  ]
}