{
  "qid": 46038,
  "query": "Cách chi trả phụ cấp trách nhiệm công việc giám định tư pháp đối với giám định viên kỹ thuật hình sự thế nào?",
  "metrics": {
    "mrr": 0.3333333333333333,
    "map": 0.3333333333333333,
    "p@1": 0.0,
    "r@1": 0.0,
    "ndcg@1": 0.0,
    "p@5": 0.2,
    "r@5": 0.5,
    "ndcg@5": 0.3065735963827292,
    "p@10": 0.2,
    "r@10": 1.0,
    "ndcg@10": 0.5249810332008933
  },
  "retrieved": [
    1682,
    1684,
    1686,
    1683,
    4002,
    1685,
    7921,
    7922,
    7923,
    7919
  ]
}