{
  "qid": 46037,
  "query": "Mức phụ cấp trách nhiệm công việc giám định tư pháp đối với giám định viên kỹ thuật hình sự là bao nhiêu?",
  "metrics": {
    "mrr": 0.3333333333333333,
    "map": 0.3333333333333333,
    "p@1": 0.0,
    "r@1": 0.0,
    "ndcg@1": 0.0,
    "p@5": 0.2,
    "r@5": 1.0,
    "ndcg@5": 0.5,
    "p@10": 0.1,
    "r@10": 1.0,
    "ndcg@10": 0.5
  },
  "retrieved": [
    1682,
    1684,
    1683,
    4002,
    7921,
    7922,
    7923,
    7919,
    1005,
    2666
  ]
}