{
  "qid": 46052,
  "query": "Kế toán trưởng có những trách nhiệm và quyền hạn gì trong quá trình làm việc?",
  "metrics": {
    "mrr": 0.3333333333333333,
    "map": 0.3333333333333333,
    "p@1": 0.0,
    "r@1": 0.0,
    "ndcg@1": 0.0,
    "p@5": 0.2,
    "r@5": 1.0,
    "ndcg@5": 0.5,
    "p@10": 0.1,
    "r@10": 1.0,
    "ndcg@10": 0.5
  },
  "retrieved": [
    4397,
    4399,
    2897,
    2895,
    4390,
    4396,
    2896,
    2891,
    2899,
    4395
  ]
}