{
  "qid": 47907,
  "query": "Trang phục của lực lượng bảo vệ doanh nghiệp phải đáp ứng yêu cầu nào?",
  "metrics": {
    "mrr": 0.1111111111111111,
    "map": 0.1111111111111111,
    "p@1": 0.0,
    "r@1": 0.0,
    "ndcg@1": 0.0,
    "p@5": 0.0,
    "r@5": 0.0,
    "ndcg@5": 0.0,
    "p@10": 0.1,
    "r@10": 1.0,
    "ndcg@10": 0.3010299956639812
  },
  "retrieved": [
    8497,
    6070,
    8496,
    8498,
    6069,
    6077,
    8485,
    6065,
    8486,
    8484
  ]
}