{
  "qid": 48850,
  "query": "Chương trình khung đào tạo đấu thầu cơ bản đối với lựa chọn nhà thầu bao gồm các chuyên đề cơ bản nào?",
  "metrics": {
    "mrr": 0.5,
    "map": 0.5,
    "p@1": 0.0,
    "r@1": 0.0,
    "ndcg@1": 0.0,
    "p@5": 0.2,
    "r@5": 1.0,
    "ndcg@5": 0.6309297535714575,
    "p@10": 0.1,
    "r@10": 1.0,
    "ndcg@10": 0.6309297535714575
  },
  "retrieved": [
    4504,
    4507,
    13298,
    4519,
    4509,
    4502,
    4510,
    4523,
    11734,
    12945
  ]
}