{
  "qid": 49887,
  "query": "Giáo viên tiểu học được tuyển dụng yêu cầu trình độ đào tạo đại học thì thời gian tập sự là bao lâu?",
  "metrics": {
    "mrr": 0.25,
    "map": 0.25,
    "p@1": 0.0,
    "r@1": 0.0,
    "ndcg@1": 0.0,
    "p@5": 0.2,
    "r@5": 1.0,
    "ndcg@5": 0.43067655807339306,
    "p@10": 0.1,
    "r@10": 1.0,
    "ndcg@10": 0.43067655807339306
  },
  "retrieved": [
    1537,
    14380,
    2815,
    14228,
    2820,
    1538,
    2814,
    14382,
    2817,
    14230
  ]
}