{
  "qid": 50463,
  "query": "Việc quyết định đền bù chi phí đào tạo đối với công chức cấp huyện căn cứ vào đâu và do ai quyết định?",
  "metrics": {
    "mrr": 0.5,
    "map": 0.5,
    "p@1": 0.0,
    "r@1": 0.0,
    "ndcg@1": 0.0,
    "p@5": 0.2,
    "r@5": 1.0,
    "ndcg@5": 0.6309297535714575,
    "p@10": 0.1,
    "r@10": 1.0,
    "ndcg@10": 0.6309297535714575
  },
  "retrieved": [
    10991,
    10990,
    10984,
    10986,
    10985,
    10989,
    10987,
    11015,
    11379,
    310
  ]
}