{
  "qid": 5095,
  "query": "Nguyên tắc đấu giá tài sản ngoài việc phải bảo vệ quyền, lợi ích hợp pháp của người trúng đấu giá thì cần đảm bảo những yếu tố nào?",
  "metrics": {
    "mrr": 1.0,
    "map": 0.75,
    "p@1": 1.0,
    "r@1": 0.5,
    "ndcg@1": 1.0,
    "p@5": 0.4,
    "r@5": 1.0,
    "ndcg@5": 0.8772153153380493,
    "p@10": 0.2,
    "r@10": 1.0,
    "ndcg@10": 0.8772153153380493
  },
  "retrieved": [
    693,
    759,
    733,
    694,
    735,
    762,
    738,
    731,
    720,
    689
  ]
}