{
  "qid": 51611,
  "query": "Thời hạn báo cáo Ngành Thi hành án Quân đội là bao lâu?",
  "metrics": {
    "mrr": 0.1111111111111111,
    "map": 0.1111111111111111,
    "p@1": 0.0,
    "r@1": 0.0,
    "ndcg@1": 0.0,
    "p@5": 0.0,
    "r@5": 0.0,
    "ndcg@5": 0.0,
    "p@10": 0.1,
    "r@10": 1.0,
    "ndcg@10": 0.3010299956639812
  },
  "retrieved": [
    1271,
    843,
    824,
    825,
    7451,
    8981,
    842,
    6800,
    1273,
    6794
  ]
}