{
  "qid": 52439,
  "query": "Mức lương đối với viên chức chuyên ngành Thể dục thể thao là hướng dẫn viên (hạng IV)?",
  "metrics": {
    "mrr": 0.5,
    "map": 0.5,
    "p@1": 0.0,
    "r@1": 0.0,
    "ndcg@1": 0.0,
    "p@5": 0.2,
    "r@5": 1.0,
    "ndcg@5": 0.6309297535714575,
    "p@10": 0.1,
    "r@10": 1.0,
    "ndcg@10": 0.6309297535714575
  },
  "retrieved": [
    6460,
    1536,
    1287,
    1291,
    4751,
    252,
    8457,
    14270,
    1286,
    262
  ]
}