{
  "qid": 52972,
  "query": "Nguyên tắc áp dụng các biện pháp phòng vệ thương mại là gì?",
  "metrics": {
    "mrr": 0.14285714285714285,
    "map": 0.14285714285714285,
    "p@1": 0.0,
    "r@1": 0.0,
    "ndcg@1": 0.0,
    "p@5": 0.0,
    "r@5": 0.0,
    "ndcg@5": 0.0,
    "p@10": 0.1,
    "r@10": 1.0,
    "ndcg@10": 0.3333333333333333
  },
  "retrieved": [
    12920,
    12848,
    12930,
    5290,
    12919,
    5296,
    5291,
    5295,
    12921,
    12927
  ]
}