{
  "qid": 52983,
  "query": "Người bào chữa có được tham gia phiên tòa giám đốc thẩm vụ án hình sự hay không?",
  "metrics": {
    "mrr": 0.14285714285714285,
    "map": 0.14285714285714285,
    "p@1": 0.0,
    "r@1": 0.0,
    "ndcg@1": 0.0,
    "p@5": 0.0,
    "r@5": 0.0,
    "ndcg@5": 0.0,
    "p@10": 0.1,
    "r@10": 1.0,
    "ndcg@10": 0.3333333333333333
  },
  "retrieved": [
    10764,
    10791,
    10782,
    10735,
    10768,
    10774,
    10860,
    10792,
    10935,
    10789
  ]
}