{
  "qid": 53779,
  "query": "Tuyển sinh vượt quá chỉ tiêu quy định thì bị phạt bao nhiêu?",
  "metrics": {
    "mrr": 0.5,
    "map": 0.5,
    "p@1": 0.0,
    "r@1": 0.0,
    "ndcg@1": 0.0,
    "p@5": 0.2,
    "r@5": 1.0,
    "ndcg@5": 0.6309297535714575,
    "p@10": 0.1,
    "r@10": 1.0,
    "ndcg@10": 0.6309297535714575
  },
  "retrieved": [
    4609,
    4611,
    9830,
    12826,
    1083,
    1085,
    7591,
    4610,
    11548,
    10366
  ]
}