{
  "qid": 5382,
  "query": "Việc đề xuất phê chuẩn điều ước quốc tế được quy định như thế nào?",
  "metrics": {
    "mrr": 0.16666666666666666,
    "map": 0.16666666666666666,
    "p@1": 0.0,
    "r@1": 0.0,
    "ndcg@1": 0.0,
    "p@5": 0.0,
    "r@5": 0.0,
    "ndcg@5": 0.0,
    "p@10": 0.1,
    "r@10": 1.0,
    "ndcg@10": 0.3562071871080222
  },
  "retrieved": [
    12161,
    12185,
    12221,
    12193,
    12188,
    12187,
    12233,
    12176,
    12175,
    12172
  ]
}