{
  "qid": 54189,
  "query": "Doanh nghiệp muốn kinh doanh xuất khẩu gạo thì cần đáp ứng điều kiện gì?",
  "metrics": {
    "mrr": 0.14285714285714285,
    "map": 0.14285714285714285,
    "p@1": 0.0,
    "r@1": 0.0,
    "ndcg@1": 0.0,
    "p@5": 0.0,
    "r@5": 0.0,
    "ndcg@5": 0.0,
    "p@10": 0.1,
    "r@10": 1.0,
    "ndcg@10": 0.3333333333333333
  },
  "retrieved": [
    12107,
    12108,
    12091,
    12089,
    12103,
    12106,
    12090,
    12087,
    12109,
    12101
  ]
}