{
  "qid": 55052,
  "query": "Để thực hiện các nội dung về quản lý an toàn đập, hồ chứa thủy lợi thì việc phân định nhiệm vụ chi đầu tư phát triển và chi thường xuyên sử dụng nguồn vốn ngân sách nhà nước được quy định như thế nào?",
  "metrics": {
    "mrr": 0.5,
    "map": 0.5,
    "p@1": 0.0,
    "r@1": 0.0,
    "ndcg@1": 0.0,
    "p@5": 0.2,
    "r@5": 1.0,
    "ndcg@5": 0.6309297535714575,
    "p@10": 0.1,
    "r@10": 1.0,
    "ndcg@10": 0.6309297535714575
  },
  "retrieved": [
    14008,
    14007,
    13985,
    14006,
    13987,
    13994,
    13996,
    13979,
    2630,
    13995
  ]
}