{
  "qid": 55720,
  "query": "Chứng từ điện tử là gì?",
  "metrics": {
    "mrr": 0.16666666666666666,
    "map": 0.16666666666666666,
    "p@1": 0.0,
    "r@1": 0.0,
    "ndcg@1": 0.0,
    "p@5": 0.0,
    "r@5": 0.0,
    "ndcg@5": 0.0,
    "p@10": 0.1,
    "r@10": 1.0,
    "ndcg@10": 0.3562071871080222
  },
  "retrieved": [
    7572,
    13331,
    2861,
    14863,
    13327,
    2863,
    2860,
    5819,
    2862,
    12081
  ]
}