{
  "qid": 56374,
  "query": "Quy trình mua phụ tùng vật tư tàu bay ban đầu được quy định như thế nào?",
  "metrics": {
    "mrr": 0.16666666666666666,
    "map": 0.16666666666666666,
    "p@1": 0.0,
    "r@1": 0.0,
    "ndcg@1": 0.0,
    "p@5": 0.0,
    "r@5": 0.0,
    "ndcg@5": 0.0,
    "p@10": 0.1,
    "r@10": 1.0,
    "ndcg@10": 0.3562071871080222
  },
  "retrieved": [
    13304,
    13305,
    13307,
    13282,
    13285,
    13308,
    13309,
    13306,
    13287,
    13283
  ]
}