{
  "qid": 56733,
  "query": "Khi thành lập văn phòng đại diện của liên hiệp hợp tác xã thì đăng ký tại cơ quan nào?",
  "metrics": {
    "mrr": 0.25,
    "map": 0.25,
    "p@1": 0.0,
    "r@1": 0.0,
    "ndcg@1": 0.0,
    "p@5": 0.2,
    "r@5": 1.0,
    "ndcg@5": 0.43067655807339306,
    "p@10": 0.1,
    "r@10": 1.0,
    "ndcg@10": 0.43067655807339306
  },
  "retrieved": [
    3064,
    3066,
    3068,
    3059,
    10068,
    3067,
    12078,
    3057,
    7794,
    3058
  ]
}