{
  "qid": 57006,
  "query": "Trường hợp nào phải áp dụng biện pháp cưỡng chế cách ly y tế?",
  "metrics": {
    "mrr": 0.5,
    "map": 0.5,
    "p@1": 0.0,
    "r@1": 0.0,
    "ndcg@1": 0.0,
    "p@5": 0.2,
    "r@5": 1.0,
    "ndcg@5": 0.6309297535714575,
    "p@10": 0.1,
    "r@10": 1.0,
    "ndcg@10": 0.6309297535714575
  },
  "retrieved": [
    10414,
    10420,
    10424,
    10422,
    14552,
    10425,
    10426,
    10417,
    10415,
    10423
  ]
}