{
  "qid": 57318,
  "query": "Cơ sở đào tạo tôn giáo muốn thành lập thì phải đáp ứng điều kiện gì, do ai thành lập?",
  "metrics": {
    "mrr": 0.5,
    "map": 0.5,
    "p@1": 0.0,
    "r@1": 0.0,
    "ndcg@1": 0.0,
    "p@5": 0.2,
    "r@5": 1.0,
    "ndcg@5": 0.6309297535714575,
    "p@10": 0.1,
    "r@10": 1.0,
    "ndcg@10": 0.6309297535714575
  },
  "retrieved": [
    2168,
    2167,
    2172,
    2169,
    2180,
    2136,
    4261,
    2137,
    2132,
    2161
  ]
}