{
  "qid": 5852,
  "query": "Điều kiện về yêu cầu đối ngoại đối với Đại sứ đặc mệnh toàn quyền trong trường hợp đặc biệt được quy định thế nào?",
  "metrics": {
    "mrr": 0.3333333333333333,
    "map": 0.3333333333333333,
    "p@1": 0.0,
    "r@1": 0.0,
    "ndcg@1": 0.0,
    "p@5": 0.2,
    "r@5": 1.0,
    "ndcg@5": 0.5,
    "p@10": 0.1,
    "r@10": 1.0,
    "ndcg@10": 0.5
  },
  "retrieved": [
    11738,
    11737,
    11740,
    11739,
    11741,
    11726,
    3648,
    4852,
    14494,
    14497
  ]
}