{
  "qid": 5893,
  "query": "Vừa đăng ký khai sinh vừa kết hợp đăng ký nhận cha mẹ con có được không?",
  "metrics": {
    "mrr": 0.5,
    "map": 0.5,
    "p@1": 0.0,
    "r@1": 0.0,
    "ndcg@1": 0.0,
    "p@5": 0.2,
    "r@5": 1.0,
    "ndcg@5": 0.6309297535714575,
    "p@10": 0.1,
    "r@10": 1.0,
    "ndcg@10": 0.6309297535714575
  },
  "retrieved": [
    3130,
    4568,
    4563,
    2262,
    4561,
    4562,
    4572,
    4569,
    5131,
    4560
  ]
}