{
  "qid": 60021,
  "query": "Chế độ báo cáo định kỳ thuộc phạm vi quản lý của Bộ Y tế phải đảm bảo được những thành phần chủ yếu nào?",
  "metrics": {
    "mrr": 0.14285714285714285,
    "map": 0.14285714285714285,
    "p@1": 0.0,
    "r@1": 0.0,
    "ndcg@1": 0.0,
    "p@5": 0.0,
    "r@5": 0.0,
    "ndcg@5": 0.0,
    "p@10": 0.1,
    "r@10": 1.0,
    "ndcg@10": 0.3333333333333333
  },
  "retrieved": [
    3608,
    10108,
    10134,
    10156,
    10151,
    10149,
    10115,
    10110,
    3607,
    10111
  ]
}