{
  "qid": 60502,
  "query": "Một giảng viên dạy trình độ sơ cấp tại trung tâm giáo dục nghề nghiệp cần đáp ứng các tiêu chuẩn chung về đạo đức nghề nghiệp theo quy định như thế nào?",
  "metrics": {
    "mrr": 0.14285714285714285,
    "map": 0.14285714285714285,
    "p@1": 0.0,
    "r@1": 0.0,
    "ndcg@1": 0.0,
    "p@5": 0.0,
    "r@5": 0.0,
    "ndcg@5": 0.0,
    "p@10": 0.1,
    "r@10": 1.0,
    "ndcg@10": 0.3333333333333333
  },
  "retrieved": [
    3455,
    12977,
    13387,
    3457,
    8607,
    534,
    3456,
    11011,
    13838,
    3914
  ]
}