{
  "qid": 60696,
  "query": "Các giấy tờ, tài liệu nào không được chứng nhận hợp pháp hóa lãnh sự?",
  "metrics": {
    "mrr": 0.1111111111111111,
    "map": 0.1111111111111111,
    "p@1": 0.0,
    "r@1": 0.0,
    "ndcg@1": 0.0,
    "p@5": 0.0,
    "r@5": 0.0,
    "ndcg@5": 0.0,
    "p@10": 0.1,
    "r@10": 1.0,
    "ndcg@10": 0.3010299956639812
  },
  "retrieved": [
    13495,
    13507,
    13512,
    13500,
    155,
    13494,
    156,
    13508,
    13501,
    13497
  ]
}