{
  "qid": 61003,
  "query": "Chủ dự án trong thi công xây dựng công trình có trách nhiệm bảo vệ môi trường thế nào?",
  "metrics": {
    "mrr": 0.25,
    "map": 0.25,
    "p@1": 0.0,
    "r@1": 0.0,
    "ndcg@1": 0.0,
    "p@5": 0.2,
    "r@5": 1.0,
    "ndcg@5": 0.43067655807339306,
    "p@10": 0.1,
    "r@10": 1.0,
    "ndcg@10": 0.43067655807339306
  },
  "retrieved": [
    2492,
    2498,
    2495,
    2494,
    9090,
    6883,
    5104,
    6888,
    6880,
    6889
  ]
}