{
  "qid": 61691,
  "query": "Ngân hàng hợp tác xã muốn bổ nhiệm Kiểm soát viên thì có cần được Ngân hàng Nhà nước chấp thuận không?",
  "metrics": {
    "mrr": 0.25,
    "map": 0.25,
    "p@1": 0.0,
    "r@1": 0.0,
    "ndcg@1": 0.0,
    "p@5": 0.2,
    "r@5": 1.0,
    "ndcg@5": 0.43067655807339306,
    "p@10": 0.1,
    "r@10": 1.0,
    "ndcg@10": 0.43067655807339306
  },
  "retrieved": [
    6867,
    5644,
    10071,
    5633,
    10075,
    1383,
    10086,
    5634,
    10061,
    5642
  ]
}