{
  "qid": 62309,
  "query": "Duy trì, củng cố và phát triển công ty nông lâm nghiệp Nhà nước nắm giữ 100% vốn điều lệ được quy định thế nào?",
  "metrics": {
    "mrr": 1.0,
    "map": 0.6,
    "p@1": 1.0,
    "r@1": 0.5,
    "ndcg@1": 1.0,
    "p@5": 0.2,
    "r@5": 0.5,
    "ndcg@5": 0.6131471927654584,
    "p@10": 0.2,
    "r@10": 1.0,
    "ndcg@10": 0.7903864795495061
  },
  "retrieved": [
    14661,
    13043,
    940,
    13046,
    14662,
    14676,
    14069,
    14063,
    14663,
    14665
  ]
}