{
  "qid": 62323,
  "query": "Hội đồng xét xử ra quyết định tạm giam bị cáo sau khi tuyên án hình sự sơ thẩm trong trường hợp nào?",
  "metrics": {
    "mrr": 1.0,
    "map": 0.7,
    "p@1": 1.0,
    "r@1": 0.5,
    "ndcg@1": 1.0,
    "p@5": 0.4,
    "r@5": 1.0,
    "ndcg@5": 0.8503449055347546,
    "p@10": 0.2,
    "r@10": 1.0,
    "ndcg@10": 0.8503449055347546
  },
  "retrieved": [
    10806,
    10824,
    10835,
    10868,
    10805,
    10737,
    10755,
    10739,
    10807,
    10927
  ]
}