{
  "qid": 62408,
  "query": "Muốn trở thành đấu giá viên có bắt buộc phải tham gia khóa đào tạo nghề đấu giá hay không?",
  "metrics": {
    "mrr": 0.3333333333333333,
    "map": 0.3333333333333333,
    "p@1": 0.0,
    "r@1": 0.0,
    "ndcg@1": 0.0,
    "p@5": 0.2,
    "r@5": 1.0,
    "ndcg@5": 0.5,
    "p@10": 0.1,
    "r@10": 1.0,
    "ndcg@10": 0.5
  },
  "retrieved": [
    698,
    6564,
    697,
    6566,
    693,
    764,
    706,
    696,
    729,
    731
  ]
}