{
  "qid": 62410,
  "query": "Tổ chức hành chính Tổng cục Tiêu chuẩn Đo lường Chất lượng giúp Tổng cục trưởng thực hiện chức năng quản lý nhà nước gồm những tổ chức nào?",
  "metrics": {
    "mrr": 0.5,
    "map": 0.5,
    "p@1": 0.0,
    "r@1": 0.0,
    "ndcg@1": 0.0,
    "p@5": 0.2,
    "r@5": 1.0,
    "ndcg@5": 0.6309297535714575,
    "p@10": 0.1,
    "r@10": 1.0,
    "ndcg@10": 0.6309297535714575
  },
  "retrieved": [
    8804,
    8806,
    8807,
    573,
    552,
    7082,
    553,
    14809,
    9168,
    8805
  ]
}