{
  "qid": 62676,
  "query": "Việc giám sát thực hiện cam kết loại trừ bán phá giá của nhà sản xuất có thể thực hiện theo định kỳ hay không?",
  "metrics": {
    "mrr": 0.3333333333333333,
    "map": 0.3333333333333333,
    "p@1": 0.0,
    "r@1": 0.0,
    "ndcg@1": 0.0,
    "p@5": 0.2,
    "r@5": 1.0,
    "ndcg@5": 0.5,
    "p@10": 0.1,
    "r@10": 1.0,
    "ndcg@10": 0.5
  },
  "retrieved": [
    12907,
    12885,
    12887,
    12888,
    5300,
    12886,
    12890,
    12906,
    12889,
    5302
  ]
}