{
  "qid": 63854,
  "query": "Trường hợp nào người lao động sẽ bị bắt tạm giữ?",
  "metrics": {
    "mrr": 0.16666666666666666,
    "map": 0.16666666666666666,
    "p@1": 0.0,
    "r@1": 0.0,
    "ndcg@1": 0.0,
    "p@5": 0.0,
    "r@5": 0.0,
    "ndcg@5": 0.0,
    "p@10": 0.1,
    "r@10": 1.0,
    "ndcg@10": 0.3562071871080222
  },
  "retrieved": [
    10591,
    10586,
    10593,
    10590,
    10535,
    10594,
    10595,
    10592,
    10588,
    10536
  ]
}