{
  "qid": 63935,
  "query": "Thời gian tập sự của Thẩm tra viên thi hành án dân sự có được tính hưởng phụ cấp thâm niên nghề không?",
  "metrics": {
    "mrr": 0.25,
    "map": 0.25,
    "p@1": 0.0,
    "r@1": 0.0,
    "ndcg@1": 0.0,
    "p@5": 0.2,
    "r@5": 1.0,
    "ndcg@5": 0.43067655807339306,
    "p@10": 0.1,
    "r@10": 1.0,
    "ndcg@10": 0.43067655807339306
  },
  "retrieved": [
    3898,
    8464,
    8461,
    3899,
    8463,
    9477,
    9476,
    2314,
    6806,
    819
  ]
}