{
  "qid": 64125,
  "query": "Cơ sở dữ liệu quốc gia về khoa học và công nghệ được xây dựng, quản lý theo nguyên tắc gì?",
  "metrics": {
    "mrr": 0.2,
    "map": 0.1,
    "p@1": 0.0,
    "r@1": 0.0,
    "ndcg@1": 0.0,
    "p@5": 0.2,
    "r@5": 0.5,
    "ndcg@5": 0.23719771276929622,
    "p@10": 0.1,
    "r@10": 0.5,
    "ndcg@10": 0.23719771276929622
  },
  "retrieved": [
    12799,
    12777,
    12802,
    12803,
    12778,
    12780,
    12800,
    12801,
    8253,
    12796
  ]
}