{
  "qid": 64884,
  "query": "Nộp hồ sơ đề nghị cấp, cấp lại chứng chỉ hành nghề y được quy định như thế nào?",
  "metrics": {
    "mrr": 0.25,
    "map": 0.25,
    "p@1": 0.0,
    "r@1": 0.0,
    "ndcg@1": 0.0,
    "p@5": 0.2,
    "r@5": 1.0,
    "ndcg@5": 0.43067655807339306,
    "p@10": 0.1,
    "r@10": 1.0,
    "ndcg@10": 0.43067655807339306
  },
  "retrieved": [
    6410,
    12358,
    6409,
    12357,
    12352,
    239,
    704,
    3812,
    238,
    241
  ]
}