{
  "qid": 64940,
  "query": "Doanh nghiệp có phải quy định về quy trình bảo dưỡng, sửa chữa máy trò chơi điện tử có thưởng vào Quy chế quản lý nội bộ không?",
  "metrics": {
    "mrr": 0.2,
    "map": 0.2,
    "p@1": 0.0,
    "r@1": 0.0,
    "ndcg@1": 0.0,
    "p@5": 0.2,
    "r@5": 1.0,
    "ndcg@5": 0.38685280723454163,
    "p@10": 0.1,
    "r@10": 1.0,
    "ndcg@10": 0.38685280723454163
  },
  "retrieved": [
    3256,
    3255,
    3263,
    3262,
    3264,
    3248,
    3259,
    7944,
    7945,
    7952
  ]
}