{
  "qid": 64947,
  "query": "Thẻ Chấp hành viên phải thể hiện được những nội dung gì ngay trên thẻ?",
  "metrics": {
    "mrr": 0.3333333333333333,
    "map": 0.3333333333333333,
    "p@1": 0.0,
    "r@1": 0.0,
    "ndcg@1": 0.0,
    "p@5": 0.2,
    "r@5": 1.0,
    "ndcg@5": 0.5,
    "p@10": 0.1,
    "r@10": 1.0,
    "ndcg@10": 0.5
  },
  "retrieved": [
    2394,
    2948,
    2382,
    2951,
    2952,
    5157,
    2954,
    2947,
    1696,
    9806
  ]
}