{
  "qid": 65564,
  "query": "Khi giải quyết thủ tục đăng ký hộ tịch tại Cơ quan đại diện lãnh sự của Việt Nam ở nước ngoài, công dân cần xuất trình những giấy tờ gì?",
  "metrics": {
    "mrr": 0.25,
    "map": 0.25,
    "p@1": 0.0,
    "r@1": 0.0,
    "ndcg@1": 0.0,
    "p@5": 0.2,
    "r@5": 1.0,
    "ndcg@5": 0.43067655807339306,
    "p@10": 0.1,
    "r@10": 1.0,
    "ndcg@10": 0.43067655807339306
  },
  "retrieved": [
    2273,
    1784,
    2258,
    2260,
    2257,
    1406,
    4575,
    7962,
    2270,
    13505
  ]
}