{
  "qid": 65616,
  "query": "Thời hạn giám định mức độ ô nhiễm môi trường là bao lâu?",
  "metrics": {
    "mrr": 0.14285714285714285,
    "map": 0.07142857142857142,
    "p@1": 0.0,
    "r@1": 0.0,
    "ndcg@1": 0.0,
    "p@5": 0.0,
    "r@5": 0.0,
    "ndcg@5": 0.0,
    "p@10": 0.1,
    "r@10": 0.5,
    "ndcg@10": 0.20438239758848611
  },
  "retrieved": [
    3117,
    7931,
    3139,
    3107,
    10688,
    7929,
    10685,
    10686,
    10687,
    1010
  ]
}