{
  "qid": 65614,
  "query": "Đối tượng nào có quyền đề nghị trưng cầu giám định?",
  "metrics": {
    "mrr": 0.2,
    "map": 0.2,
    "p@1": 0.0,
    "r@1": 0.0,
    "ndcg@1": 0.0,
    "p@5": 0.2,
    "r@5": 1.0,
    "ndcg@5": 0.38685280723454163,
    "p@10": 0.1,
    "r@10": 1.0,
    "ndcg@10": 0.38685280723454163
  },
  "retrieved": [
    10682,
    1009,
    1010,
    7928,
    10684,
    1008,
    7927,
    10688,
    2666,
    4009
  ]
}