{
  "qid": 66165,
  "query": "Tiêu chuẩn chức danh phó trưởng phòng giáo dục và đào tạo thuộc Ủy ban nhân dân huyện quy định như thế nào?",
  "metrics": {
    "mrr": 0.25,
    "map": 0.25,
    "p@1": 0.0,
    "r@1": 0.0,
    "ndcg@1": 0.0,
    "p@5": 0.2,
    "r@5": 1.0,
    "ndcg@5": 0.43067655807339306,
    "p@10": 0.1,
    "r@10": 1.0,
    "ndcg@10": 0.43067655807339306
  },
  "retrieved": [
    13063,
    13058,
    7301,
    13061,
    13060,
    7293,
    12302,
    13059,
    2325,
    2327
  ]
}