{
  "qid": 66619,
  "query": "Nguyên tắc nhập cảnh tro cốt về Việt Nam?",
  "metrics": {
    "mrr": 0.5,
    "map": 0.5,
    "p@1": 0.0,
    "r@1": 0.0,
    "ndcg@1": 0.0,
    "p@5": 0.2,
    "r@5": 1.0,
    "ndcg@5": 0.6309297535714575,
    "p@10": 0.1,
    "r@10": 1.0,
    "ndcg@10": 0.6309297535714575
  },
  "retrieved": [
    119,
    114,
    113,
    4251,
    9676,
    8367,
    8365,
    7481,
    115,
    13700
  ]
}