{
  "qid": 68554,
  "query": "Ai có thẩm quyền ra lệnh bắt bị can, bị cáo để tạm giam?",
  "metrics": {
    "mrr": 0.1111111111111111,
    "map": 0.1111111111111111,
    "p@1": 0.0,
    "r@1": 0.0,
    "ndcg@1": 0.0,
    "p@5": 0.0,
    "r@5": 0.0,
    "ndcg@5": 0.0,
    "p@10": 0.1,
    "r@10": 1.0,
    "ndcg@10": 0.3010299956639812
  },
  "retrieved": [
    10557,
    10806,
    10596,
    10824,
    6686,
    10586,
    6703,
    6677,
    10590,
    6679
  ]
}