{
  "qid": 68794,
  "query": "Công chức ngoài quân đội muốn được đề nghị bổ nhiệm Kiểm tra viên của Viện Kiểm sát quân sự cần đáp ứng điều kiện gì?",
  "metrics": {
    "mrr": 0.5,
    "map": 0.5,
    "p@1": 0.0,
    "r@1": 0.0,
    "ndcg@1": 0.0,
    "p@5": 0.2,
    "r@5": 1.0,
    "ndcg@5": 0.6309297535714575,
    "p@10": 0.1,
    "r@10": 1.0,
    "ndcg@10": 0.6309297535714575
  },
  "retrieved": [
    13861,
    13868,
    13864,
    13850,
    13863,
    13869,
    13875,
    13872,
    10818,
    1318
  ]
}