{
  "qid": 69048,
  "query": "Sinh viên học chuyên ngành Sư phạm Toán học được Nhà nước hỗ trợ chi phí sinh hoạt bao nhiêu một tháng?",
  "metrics": {
    "mrr": 0.5,
    "map": 0.5,
    "p@1": 0.0,
    "r@1": 0.0,
    "ndcg@1": 0.0,
    "p@5": 0.2,
    "r@5": 1.0,
    "ndcg@5": 0.6309297535714575,
    "p@10": 0.1,
    "r@10": 1.0,
    "ndcg@10": 0.6309297535714575
  },
  "retrieved": [
    14385,
    14383,
    14387,
    14384,
    12347,
    9862,
    9841,
    4239,
    9728,
    14386
  ]
}