{
  "qid": 69580,
  "query": "Việc xây dựng, cập nhật cơ sở dữ liệu đất đai được thực hiện theo nguyên tắc thế nào?",
  "metrics": {
    "mrr": 0.5,
    "map": 0.5,
    "p@1": 0.0,
    "r@1": 0.0,
    "ndcg@1": 0.0,
    "p@5": 0.2,
    "r@5": 1.0,
    "ndcg@5": 0.6309297535714575,
    "p@10": 0.1,
    "r@10": 1.0,
    "ndcg@10": 0.6309297535714575
  },
  "retrieved": [
    5399,
    5400,
    5396,
    5397,
    5475,
    5479,
    9882,
    5401,
    13250,
    5476
  ]
}