{
  "qid": 70502,
  "query": "Quyền và nghĩa vụ của tổ chức tín dụng trong hoạt động mua nợ như thế nào?",
  "metrics": {
    "mrr": 0.16666666666666666,
    "map": 0.16666666666666666,
    "p@1": 0.0,
    "r@1": 0.0,
    "ndcg@1": 0.0,
    "p@5": 0.0,
    "r@5": 0.0,
    "ndcg@5": 0.0,
    "p@10": 0.1,
    "r@10": 1.0,
    "ndcg@10": 0.3562071871080222
  },
  "retrieved": [
    9549,
    9564,
    9547,
    9561,
    9558,
    9560,
    9569,
    9557,
    9553,
    9545
  ]
}