{
  "qid": 70562,
  "query": "Cán bộ Lão thành cách mạng khi mất có được tổ chức Lễ tang theo nghi thức Lễ tang Cấp cao không?",
  "metrics": {
    "mrr": 0.5,
    "map": 0.5,
    "p@1": 0.0,
    "r@1": 0.0,
    "ndcg@1": 0.0,
    "p@5": 0.2,
    "r@5": 1.0,
    "ndcg@5": 0.6309297535714575,
    "p@10": 0.1,
    "r@10": 1.0,
    "ndcg@10": 0.6309297535714575
  },
  "retrieved": [
    11796,
    11783,
    11786,
    11756,
    11770,
    11765,
    11758,
    11750,
    11807,
    11751
  ]
}