{
  "qid": 70947,
  "query": "Hiến chương của tổ chức tôn giáo bao gồm những nội dung nào?",
  "metrics": {
    "mrr": 0.5,
    "map": 0.5,
    "p@1": 0.0,
    "r@1": 0.0,
    "ndcg@1": 0.0,
    "p@5": 0.2,
    "r@5": 1.0,
    "ndcg@5": 0.6309297535714575,
    "p@10": 0.1,
    "r@10": 1.0,
    "ndcg@10": 0.6309297535714575
  },
  "retrieved": [
    2137,
    2153,
    2154,
    2161,
    2155,
    2132,
    2183,
    2175,
    2182,
    2180
  ]
}