{
  "qid": 73490,
  "query": "Người bán hàng hóa có sử dụng hóa đơn điện tử có mã của cơ quan thuế phải gửi hóa đơn cho người mua vào thời điểm nào?",
  "metrics": {
    "mrr": 0.3333333333333333,
    "map": 0.3333333333333333,
    "p@1": 0.0,
    "r@1": 0.0,
    "ndcg@1": 0.0,
    "p@5": 0.2,
    "r@5": 1.0,
    "ndcg@5": 0.5,
    "p@10": 0.1,
    "r@10": 1.0,
    "ndcg@10": 0.5
  },
  "retrieved": [
    14869,
    14874,
    14871,
    14865,
    14856,
    14870,
    14872,
    14857,
    14876,
    14867
  ]
}