{
  "qid": 73968,
  "query": "Giáo viên trung học cơ sở có những hạng chức danh nghề nghiệp nào?",
  "metrics": {
    "mrr": 0.3333333333333333,
    "map": 0.3333333333333333,
    "p@1": 0.0,
    "r@1": 0.0,
    "ndcg@1": 0.0,
    "p@5": 0.2,
    "r@5": 1.0,
    "ndcg@5": 0.5,
    "p@10": 0.1,
    "r@10": 1.0,
    "ndcg@10": 0.5
  },
  "retrieved": [
    3852,
    1534,
    3847,
    14235,
    1533,
    1535,
    2820,
    12978,
    14236,
    1538
  ]
}