{
  "qid": 75142,
  "query": "Doanh nghiệp nhà nước được phép mua xe ô tô phục vụ cho công tác chung của doanh nghiệp trong hạn mức bao nhiêu?",
  "metrics": {
    "mrr": 0.25,
    "map": 0.25,
    "p@1": 0.0,
    "r@1": 0.0,
    "ndcg@1": 0.0,
    "p@5": 0.2,
    "r@5": 1.0,
    "ndcg@5": 0.43067655807339306,
    "p@10": 0.1,
    "r@10": 1.0,
    "ndcg@10": 0.43067655807339306
  },
  "retrieved": [
    4462,
    4449,
    4471,
    4464,
    4456,
    4451,
    4458,
    4457,
    4465,
    4468
  ]
}