{
  "qid": 75820,
  "query": "Kiểm tra sức khỏe của vận động viên gồm những nội dung gì?",
  "metrics": {
    "mrr": 0.3333333333333333,
    "map": 0.3333333333333333,
    "p@1": 0.0,
    "r@1": 0.0,
    "ndcg@1": 0.0,
    "p@5": 0.2,
    "r@5": 1.0,
    "ndcg@5": 0.5,
    "p@10": 0.1,
    "r@10": 1.0,
    "ndcg@10": 0.5
  },
  "retrieved": [
    3136,
    3143,
    3141,
    3133,
    3142,
    3134,
    9129,
    3144,
    11579,
    3135
  ]
}