{
  "qid": 75837,
  "query": "Hệ thống cung ứng dịch vụ tiêm chủng được quy định thế nào?",
  "metrics": {
    "mrr": 0.5,
    "map": 0.5,
    "p@1": 0.0,
    "r@1": 0.0,
    "ndcg@1": 0.0,
    "p@5": 0.2,
    "r@5": 1.0,
    "ndcg@5": 0.6309297535714575,
    "p@10": 0.1,
    "r@10": 1.0,
    "ndcg@10": 0.6309297535714575
  },
  "retrieved": [
    11659,
    11669,
    11681,
    11670,
    11682,
    11683,
    11661,
    11660,
    14550,
    11679
  ]
}