{
  "qid": 76757,
  "query": "Cơ quan nào phải thực hiện việc thông báo kết quả giải quyết nguồn tin về tội phạm cho người báo tin?",
  "metrics": {
    "mrr": 0.25,
    "map": 0.25,
    "p@1": 0.0,
    "r@1": 0.0,
    "ndcg@1": 0.0,
    "p@5": 0.2,
    "r@5": 1.0,
    "ndcg@5": 0.43067655807339306,
    "p@10": 0.1,
    "r@10": 1.0,
    "ndcg@10": 0.43067655807339306
  },
  "retrieved": [
    10533,
    1000,
    994,
    10622,
    991,
    10621,
    995,
    998,
    10637,
    10573
  ]
}