{
  "qid": 78018,
  "query": "Việc lựa chọn tổ chức tài chính tham gia kinh doanh sản phẩm phái sinh trên thị trường quốc tế cần thỏa mãn điều kiện nào?",
  "metrics": {
    "mrr": 0.2,
    "map": 0.2,
    "p@1": 0.0,
    "r@1": 0.0,
    "ndcg@1": 0.0,
    "p@5": 0.2,
    "r@5": 1.0,
    "ndcg@5": 0.38685280723454163,
    "p@10": 0.1,
    "r@10": 1.0,
    "ndcg@10": 0.38685280723454163
  },
  "retrieved": [
    618,
    612,
    627,
    623,
    619,
    620,
    617,
    615,
    609,
    610
  ]
}