{
  "qid": 78716,
  "query": "Quỹ hoạt động của Hội chữ thập đỏ có được dùng để bảo trợ các nạn nhân chất độc da cam hay không?",
  "metrics": {
    "mrr": 0.3333333333333333,
    "map": 0.3333333333333333,
    "p@1": 0.0,
    "r@1": 0.0,
    "ndcg@1": 0.0,
    "p@5": 0.2,
    "r@5": 1.0,
    "ndcg@5": 0.5,
    "p@10": 0.1,
    "r@10": 1.0,
    "ndcg@10": 0.5
  },
  "retrieved": [
    9340,
    2964,
    2960,
    9338,
    9339,
    449,
    444,
    448,
    9344,
    9346
  ]
}