{
  "qid": 81251,
  "query": "Ngân hàng được phép thực hiện xác nhận về số ngoại tệ tiền mặt mang ra nước ngoài của người nước ngoài có trách nhiệm như thế nào?",
  "metrics": {
    "mrr": 0.2,
    "map": 0.2,
    "p@1": 0.0,
    "r@1": 0.0,
    "ndcg@1": 0.0,
    "p@5": 0.2,
    "r@5": 1.0,
    "ndcg@5": 0.38685280723454163,
    "p@10": 0.1,
    "r@10": 1.0,
    "ndcg@10": 0.38685280723454163
  },
  "retrieved": [
    12840,
    12838,
    3266,
    12837,
    12844,
    12836,
    5748,
    12841,
    7106,
    3449
  ]
}