{
  "qid": 81315,
  "query": "Biện pháp phòng vệ ngoại thương bao gồm những loại biện pháp nào?",
  "metrics": {
    "mrr": 0.3333333333333333,
    "map": 0.3333333333333333,
    "p@1": 0.0,
    "r@1": 0.0,
    "ndcg@1": 0.0,
    "p@5": 0.2,
    "r@5": 1.0,
    "ndcg@5": 0.5,
    "p@10": 0.1,
    "r@10": 1.0,
    "ndcg@10": 0.5
  },
  "retrieved": [
    5224,
    12848,
    5290,
    12930,
    12920,
    5296,
    5229,
    5326,
    5295,
    12919
  ]
}