{
  "qid": 81480,
  "query": "Trường hợp đặc biệt nào được tra nạp nhiên liệu hàng không?",
  "metrics": {
    "mrr": 0.3333333333333333,
    "map": 0.3333333333333333,
    "p@1": 0.0,
    "r@1": 0.0,
    "ndcg@1": 0.0,
    "p@5": 0.2,
    "r@5": 1.0,
    "ndcg@5": 0.5,
    "p@10": 0.1,
    "r@10": 1.0,
    "ndcg@10": 0.5
  },
  "retrieved": [
    4331,
    4366,
    4365,
    4333,
    4362,
    4358,
    4363,
    4367,
    4368,
    4370
  ]
}