{
  "qid": 81584,
  "query": "Cảng vụ viên hàng hải hạng 4 được xếp theo hệ số lương của viên chức loại mấy?",
  "metrics": {
    "mrr": 0.5,
    "map": 0.5,
    "p@1": 0.0,
    "r@1": 0.0,
    "ndcg@1": 0.0,
    "p@5": 0.2,
    "r@5": 1.0,
    "ndcg@5": 0.6309297535714575,
    "p@10": 0.1,
    "r@10": 1.0,
    "ndcg@10": 0.6309297535714575
  },
  "retrieved": [
    8457,
    1536,
    6460,
    7726,
    7561,
    7562,
    8612,
    7563,
    7564,
    7787
  ]
}