{
  "qid": 82132,
  "query": "Đăng ký hỗ trợ tiền đóng học phí và chi phí sinh hoạt đối với sinh viên sư phạm được thực hiện theo trình tự như thế nào?",
  "metrics": {
    "mrr": 0.25,
    "map": 0.25,
    "p@1": 0.0,
    "r@1": 0.0,
    "ndcg@1": 0.0,
    "p@5": 0.2,
    "r@5": 1.0,
    "ndcg@5": 0.43067655807339306,
    "p@10": 0.1,
    "r@10": 1.0,
    "ndcg@10": 0.43067655807339306
  },
  "retrieved": [
    14384,
    14383,
    14385,
    14386,
    14387,
    14391,
    14388,
    9725,
    8800,
    9729
  ]
}