{
  "qid": 82497,
  "query": "Đối với Hệ thống thông tin báo cáo quốc gia thì khi xây dựng cần đáp ứng những nguyên tắc gì?",
  "metrics": {
    "mrr": 0.5,
    "map": 0.5,
    "p@1": 0.0,
    "r@1": 0.0,
    "ndcg@1": 0.0,
    "p@5": 0.2,
    "r@5": 1.0,
    "ndcg@5": 0.6309297535714575,
    "p@10": 0.1,
    "r@10": 1.0,
    "ndcg@10": 0.6309297535714575
  },
  "retrieved": [
    10124,
    10119,
    10130,
    10120,
    3616,
    10121,
    10122,
    1305,
    13250,
    10227
  ]
}