{
  "qid": 82584,
  "query": "Doanh nghiệp kinh doanh thiết bị ưu tiên có được quyền lắp đặt cho bất kỳ cá nhân nào có nhu cầu hay không?",
  "metrics": {
    "mrr": 0.2,
    "map": 0.2,
    "p@1": 0.0,
    "r@1": 0.0,
    "ndcg@1": 0.0,
    "p@5": 0.2,
    "r@5": 1.0,
    "ndcg@5": 0.38685280723454163,
    "p@10": 0.1,
    "r@10": 1.0,
    "ndcg@10": 0.38685280723454163
  },
  "retrieved": [
    12317,
    3967,
    12322,
    3966,
    12320,
    3972,
    12321,
    3968,
    12319,
    3969
  ]
}