{
  "qid": 82618,
  "query": "Ai có quyền quyết định việc xét tặng Danh hiệu Tập thể lao động tiên tiến cho tập thể ngành xây dựng?",
  "metrics": {
    "mrr": 0.25,
    "map": 0.25,
    "p@1": 0.0,
    "r@1": 0.0,
    "ndcg@1": 0.0,
    "p@5": 0.2,
    "r@5": 1.0,
    "ndcg@5": 0.43067655807339306,
    "p@10": 0.1,
    "r@10": 1.0,
    "ndcg@10": 0.43067655807339306
  },
  "retrieved": [
    1359,
    1335,
    8749,
    6286,
    7704,
    5604,
    6298,
    6299,
    8862,
    5588
  ]
}