{
  "qid": 83439,
  "query": "Người đại diện giao dịch của tổ chức tín dụng khi mua bán vàng miếng với Ngân hàng Nhà nước phải xuất trình các giấy tờ gì?",
  "metrics": {
    "mrr": 0.5,
    "map": 0.5,
    "p@1": 0.0,
    "r@1": 0.0,
    "ndcg@1": 0.0,
    "p@5": 0.2,
    "r@5": 1.0,
    "ndcg@5": 0.6309297535714575,
    "p@10": 0.1,
    "r@10": 1.0,
    "ndcg@10": 0.6309297535714575
  },
  "retrieved": [
    6122,
    6121,
    6120,
    6129,
    6130,
    6134,
    6142,
    6133,
    6136,
    6137
  ]
}