{
  "qid": 8371,
  "query": "Tính riêng biệt của trợ cấp trong các biện pháp phòng vệ thương mại được xác định như thế nào?",
  "metrics": {
    "mrr": 0.25,
    "map": 0.25,
    "p@1": 0.0,
    "r@1": 0.0,
    "ndcg@1": 0.0,
    "p@5": 0.2,
    "r@5": 1.0,
    "ndcg@5": 0.43067655807339306,
    "p@10": 0.1,
    "r@10": 1.0,
    "ndcg@10": 0.43067655807339306
  },
  "retrieved": [
    5290,
    12848,
    12920,
    12868,
    12930,
    5296,
    5295,
    12919,
    5291,
    12927
  ]
}