{
  "qid": 83774,
  "query": "Có được khiếu nại với quyết định hành chính của cơ quan nhà nước không?",
  "metrics": {
    "mrr": 0.14285714285714285,
    "map": 0.14285714285714285,
    "p@1": 0.0,
    "r@1": 0.0,
    "ndcg@1": 0.0,
    "p@5": 0.0,
    "r@5": 0.0,
    "ndcg@5": 0.0,
    "p@10": 0.1,
    "r@10": 1.0,
    "ndcg@10": 0.3333333333333333
  },
  "retrieved": [
    1711,
    1713,
    1740,
    1702,
    1714,
    1701,
    1707,
    1499,
    1746,
    1718
  ]
}