{
  "qid": 83923,
  "query": "Tiêu chuẩn để viên chức được bổ nhiệm viên chức quản lý là gì?",
  "metrics": {
    "mrr": 0.1111111111111111,
    "map": 0.1111111111111111,
    "p@1": 0.0,
    "r@1": 0.0,
    "ndcg@1": 0.0,
    "p@5": 0.0,
    "r@5": 0.0,
    "ndcg@5": 0.0,
    "p@10": 0.1,
    "r@10": 1.0,
    "ndcg@10": 0.3010299956639812
  },
  "retrieved": [
    2030,
    2335,
    2316,
    14269,
    14233,
    2334,
    14268,
    7814,
    14251,
    7805
  ]
}