{
  "qid": 85372,
  "query": "Quyết định thăng, giáng cấp bậc quân hàm đối với hạ sĩ quan, binh sĩ tại ngũ phải được công bố tại đâu?",
  "metrics": {
    "mrr": 0.2,
    "map": 0.2,
    "p@1": 0.0,
    "r@1": 0.0,
    "ndcg@1": 0.0,
    "p@5": 0.2,
    "r@5": 1.0,
    "ndcg@5": 0.38685280723454163,
    "p@10": 0.1,
    "r@10": 1.0,
    "ndcg@10": 0.38685280723454163
  },
  "retrieved": [
    7330,
    7329,
    7332,
    7328,
    7340,
    7341,
    7331,
    7334,
    7335,
    14491
  ]
}