{
  "qid": 85370,
  "query": "Ai có thẩm quyền thăng, giáng cấp bậc quân hàm đối với hạ sĩ quan, binh sĩ tại ngũ trong Quân đội nhân dân Việt Nam?",
  "metrics": {
    "mrr": 0.5,
    "map": 0.5,
    "p@1": 0.0,
    "r@1": 0.0,
    "ndcg@1": 0.0,
    "p@5": 0.2,
    "r@5": 1.0,
    "ndcg@5": 0.6309297535714575,
    "p@10": 0.1,
    "r@10": 1.0,
    "ndcg@10": 0.6309297535714575
  },
  "retrieved": [
    7330,
    7332,
    7329,
    7328,
    7331,
    7341,
    7340,
    7334,
    7335,
    3915
  ]
}