{
  "qid": 85948,
  "query": "Mang thai thì có được rút tiền bảo hiểm xã hội một lần luôn ngay sau khi nghỉ việc ở công ty hay không?",
  "metrics": {
    "mrr": 0.16666666666666666,
    "map": 0.16666666666666666,
    "p@1": 0.0,
    "r@1": 0.0,
    "ndcg@1": 0.0,
    "p@5": 0.0,
    "r@5": 0.0,
    "ndcg@5": 0.0,
    "p@10": 0.1,
    "r@10": 1.0,
    "ndcg@10": 0.3562071871080222
  },
  "retrieved": [
    14090,
    14089,
    14091,
    11850,
    11870,
    14094,
    11859,
    797,
    14105,
    8438
  ]
}