{
  "qid": 86446,
  "query": "Bảo hiểm bắt buộc trách nhiệm dân sự cho bên thứ ba có thuộc trách nhiệm nhà thầu xây dựng phải mua?",
  "metrics": {
    "mrr": 0.5,
    "map": 0.5,
    "p@1": 0.0,
    "r@1": 0.0,
    "ndcg@1": 0.0,
    "p@5": 0.2,
    "r@5": 1.0,
    "ndcg@5": 0.6309297535714575,
    "p@10": 0.1,
    "r@10": 1.0,
    "ndcg@10": 0.6309297535714575
  },
  "retrieved": [
    8598,
    14795,
    14794,
    14797,
    14792,
    14793,
    11445,
    14803,
    11430,
    11444
  ]
}