{
  "qid": 87040,
  "query": "Công ty cổ phần có phải thành lập Ủy ban kiểm toán nội bộ hay không?",
  "metrics": {
    "mrr": 0.3333333333333333,
    "map": 0.3333333333333333,
    "p@1": 0.0,
    "r@1": 0.0,
    "ndcg@1": 0.0,
    "p@5": 0.2,
    "r@5": 1.0,
    "ndcg@5": 0.5,
    "p@10": 0.1,
    "r@10": 1.0,
    "ndcg@10": 0.5
  },
  "retrieved": [
    5677,
    5684,
    5675,
    5690,
    6864,
    5679,
    7378,
    5670,
    6865,
    6861
  ]
}