{
  "qid": 87623,
  "query": "Doanh nghiệp kinh doanh dịch vụ lữ hành quốc tế phục vụ khách du lịch quốc tế đến Việt Nam có quyền hỗ trợ khách du lịch làm thủ tục quá cảnh không?",
  "metrics": {
    "mrr": 0.5,
    "map": 0.5,
    "p@1": 0.0,
    "r@1": 0.0,
    "ndcg@1": 0.0,
    "p@5": 0.2,
    "r@5": 1.0,
    "ndcg@5": 0.6309297535714575,
    "p@10": 0.1,
    "r@10": 1.0,
    "ndcg@10": 0.6309297535714575
  },
  "retrieved": [
    9773,
    9780,
    9775,
    9774,
    9777,
    9783,
    6612,
    9778,
    6609,
    9752
  ]
}