{
  "qid": 87875,
  "query": "Cơ quan nào phải nộp số tiền được thu hồi từ người có lỗi gây ra thiệt hại vào ngân sách?",
  "metrics": {
    "mrr": 0.25,
    "map": 0.25,
    "p@1": 0.0,
    "r@1": 0.0,
    "ndcg@1": 0.0,
    "p@5": 0.2,
    "r@5": 1.0,
    "ndcg@5": 0.43067655807339306,
    "p@10": 0.1,
    "r@10": 1.0,
    "ndcg@10": 0.43067655807339306
  },
  "retrieved": [
    14135,
    12756,
    835,
    7453,
    14137,
    6684,
    7445,
    14136,
    14133,
    14141
  ]
}