{
  "qid": 87876,
  "query": "Trường hợp người có lỗi gây ra thiệt hại có trách nhiệm hoàn trả các khoản bảo đảm tài chính để thi hành án chết thì xử lý ra sao?",
  "metrics": {
    "mrr": 0.25,
    "map": 0.25,
    "p@1": 0.0,
    "r@1": 0.0,
    "ndcg@1": 0.0,
    "p@5": 0.2,
    "r@5": 1.0,
    "ndcg@5": 0.43067655807339306,
    "p@10": 0.1,
    "r@10": 1.0,
    "ndcg@10": 0.43067655807339306
  },
  "retrieved": [
    12764,
    7445,
    7453,
    7455,
    12756,
    7450,
    12757,
    7448,
    12758,
    12761
  ]
}