{
  "qid": 88042,
  "query": "Để được hợp nhất tổ chức tôn giáo trực thuộc thì cần phải đáp ứng những điều kiện nào?",
  "metrics": {
    "mrr": 0.5,
    "map": 0.5,
    "p@1": 0.0,
    "r@1": 0.0,
    "ndcg@1": 0.0,
    "p@5": 0.2,
    "r@5": 1.0,
    "ndcg@5": 0.6309297535714575,
    "p@10": 0.1,
    "r@10": 1.0,
    "ndcg@10": 0.6309297535714575
  },
  "retrieved": [
    2157,
    2158,
    2159,
    2161,
    2153,
    2160,
    2155,
    2137,
    4261,
    2132
  ]
}