{
  "qid": 88303,
  "query": "Hình thức trao đổi thông tin về doanh nghiệp giữa Hệ thống thông tin quốc gia về đăng ký doanh nghiệp và Hệ thống thông tin thuế là gì?",
  "metrics": {
    "mrr": 0.1111111111111111,
    "map": 0.1111111111111111,
    "p@1": 0.0,
    "r@1": 0.0,
    "ndcg@1": 0.0,
    "p@5": 0.0,
    "r@5": 0.0,
    "ndcg@5": 0.0,
    "p@10": 0.1,
    "r@10": 1.0,
    "ndcg@10": 0.3010299956639812
  },
  "retrieved": [
    903,
    889,
    883,
    891,
    892,
    894,
    893,
    885,
    887,
    897
  ]
}