{
  "qid": 90449,
  "query": "Việc xếp lương cho chức danh nghề nghiệp an toàn thông tin được thực hiện theo nguyên tắc gì?",
  "metrics": {
    "mrr": 0.3333333333333333,
    "map": 0.3333333333333333,
    "p@1": 0.0,
    "r@1": 0.0,
    "ndcg@1": 0.0,
    "p@5": 0.2,
    "r@5": 1.0,
    "ndcg@5": 0.5,
    "p@10": 0.1,
    "r@10": 1.0,
    "ndcg@10": 0.5
  },
  "retrieved": [
    8457,
    7561,
    6458,
    7562,
    14237,
    7554,
    14235,
    6460,
    7556,
    7563
  ]
}