{
  "qid": 90474,
  "query": "Công tác chuyển giao vật chứng để yêu cầu nước ngoài tiếp tục truy cứu trách nhiệm hình sự được thực hiện theo thủ tục như thế nào?",
  "metrics": {
    "mrr": 0.25,
    "map": 0.25,
    "p@1": 0.0,
    "r@1": 0.0,
    "ndcg@1": 0.0,
    "p@5": 0.2,
    "r@5": 1.0,
    "ndcg@5": 0.43067655807339306,
    "p@10": 0.1,
    "r@10": 1.0,
    "ndcg@10": 0.43067655807339306
  },
  "retrieved": [
    1910,
    1915,
    1925,
    1918,
    1921,
    1909,
    1908,
    1923,
    1920,
    1919
  ]
}