{
  "qid": 9083,
  "query": "Sổ vi bằng có thể thay thế cho văn bản công chứng được hay không?",
  "metrics": {
    "mrr": 0.16666666666666666,
    "map": 0.16666666666666666,
    "p@1": 0.0,
    "r@1": 0.0,
    "ndcg@1": 0.0,
    "p@5": 0.0,
    "r@5": 0.0,
    "ndcg@5": 0.0,
    "p@10": 0.1,
    "r@10": 1.0,
    "ndcg@10": 0.3562071871080222
  },
  "retrieved": [
    1631,
    1632,
    8968,
    5858,
    5859,
    8962,
    1607,
    8965,
    1616,
    1627
  ]
}