{
  "qid": 90854,
  "query": "Các bản vẽ trong hồ sơ thiết kế kiến trúc cơ sở gồm những bản vẽ nào?",
  "metrics": {
    "mrr": 0.3333333333333333,
    "map": 0.3333333333333333,
    "p@1": 0.0,
    "r@1": 0.0,
    "ndcg@1": 0.0,
    "p@5": 0.2,
    "r@5": 1.0,
    "ndcg@5": 0.5,
    "p@10": 0.1,
    "r@10": 1.0,
    "ndcg@10": 0.5
  },
  "retrieved": [
    3804,
    3805,
    3806,
    3807,
    3803,
    3809,
    3810,
    457,
    3813,
    3808
  ]
}