{
  "qid": 91050,
  "query": "Xử lý kỷ luật viên chức cần áp dụng các nguyên tắc nào?",
  "metrics": {
    "mrr": 0.25,
    "map": 0.25,
    "p@1": 0.0,
    "r@1": 0.0,
    "ndcg@1": 0.0,
    "p@5": 0.2,
    "r@5": 1.0,
    "ndcg@5": 0.43067655807339306,
    "p@10": 0.1,
    "r@10": 1.0,
    "ndcg@10": 0.43067655807339306
  },
  "retrieved": [
    13755,
    13771,
    13778,
    13742,
    7815,
    13782,
    7816,
    13761,
    14268,
    13748
  ]
}