{
  "qid": 92023,
  "query": "Quyền và nghĩa vụ của bị can được quy định thế nào?",
  "metrics": {
    "mrr": 0.16666666666666666,
    "map": 0.16666666666666666,
    "p@1": 0.0,
    "r@1": 0.0,
    "ndcg@1": 0.0,
    "p@5": 0.0,
    "r@5": 0.0,
    "ndcg@5": 0.0,
    "p@10": 0.1,
    "r@10": 1.0,
    "ndcg@10": 0.3562071871080222
  },
  "retrieved": [
    10661,
    10660,
    10659,
    10719,
    10708,
    10537,
    5049,
    10656,
    6679,
    6682
  ]
}