{
  "qid": 92037,
  "query": "Giáo viên trung học cơ sở hạng II mã số V.07.04.11 chưa đáp ứng các tiêu chuẩn của giáo viên trung học cơ sở hạng II mã số V.07.04.31 thì có được xét công nhận trước rồi bổ sung sau hay không?",
  "metrics": {
    "mrr": 0.5,
    "map": 0.5,
    "p@1": 0.0,
    "r@1": 0.0,
    "ndcg@1": 0.0,
    "p@5": 0.2,
    "r@5": 1.0,
    "ndcg@5": 0.6309297535714575,
    "p@10": 0.1,
    "r@10": 1.0,
    "ndcg@10": 0.6309297535714575
  },
  "retrieved": [
    3847,
    3852,
    1533,
    1530,
    12978,
    1538,
    2815,
    1537,
    4644,
    1535
  ]
}