{
  "qid": 92138,
  "query": "Người bị buộc tội có quyền từ chối người bào chữa không?",
  "metrics": {
    "mrr": 1.0,
    "map": 0.7,
    "p@1": 1.0,
    "r@1": 0.5,
    "ndcg@1": 1.0,
    "p@5": 0.4,
    "r@5": 1.0,
    "ndcg@5": 0.8503449055347546,
    "p@10": 0.2,
    "r@10": 1.0,
    "ndcg@10": 0.8503449055347546
  },
  "retrieved": [
    10554,
    10493,
    10549,
    10555,
    10553,
    6701,
    10550,
    10552,
    13018,
    10768
  ]
}