{
  "qid": 92139,
  "query": "Người bị buộc tội trong vụ án hình sự có được quyền tự bào chữa cho mình hay không?",
  "metrics": {
    "mrr": 0.5,
    "map": 0.5,
    "p@1": 0.0,
    "r@1": 0.0,
    "ndcg@1": 0.0,
    "p@5": 0.2,
    "r@5": 1.0,
    "ndcg@5": 0.6309297535714575,
    "p@10": 0.1,
    "r@10": 1.0,
    "ndcg@10": 0.6309297535714575
  },
  "retrieved": [
    10549,
    10493,
    10554,
    10553,
    10550,
    10507,
    6701,
    12730,
    10555,
    10726
  ]
}