{
  "qid": 92770,
  "query": "Thời hạn phúc khảo kết quả thi tuyển dụng công chức là bao lâu?",
  "metrics": {
    "mrr": 0.5,
    "map": 0.5,
    "p@1": 0.0,
    "r@1": 0.0,
    "ndcg@1": 0.0,
    "p@5": 0.2,
    "r@5": 1.0,
    "ndcg@5": 0.6309297535714575,
    "p@10": 0.1,
    "r@10": 1.0,
    "ndcg@10": 0.6309297535714575
  },
  "retrieved": [
    5851,
    14222,
    14465,
    14223,
    14216,
    14247,
    4517,
    1075,
    14215,
    14225
  ]
}