{
  "qid": 93010,
  "query": "Người tập sự hành nghề Thừa phát lại có thể yêu cầu thay đổi người hướng dẫn nếu người hướng dẫn bị xử phạt vi phạm chính về Thừa phát lại hay không?",
  "metrics": {
    "mrr": 0.5,
    "map": 0.5,
    "p@1": 0.0,
    "r@1": 0.0,
    "ndcg@1": 0.0,
    "p@5": 0.2,
    "r@5": 1.0,
    "ndcg@5": 0.6309297535714575,
    "p@10": 0.1,
    "r@10": 1.0,
    "ndcg@10": 0.6309297535714575
  },
  "retrieved": [
    5837,
    5838,
    5841,
    5830,
    4212,
    5842,
    5844,
    8935,
    8934,
    5829
  ]
}