{
  "qid": 93500,
  "query": "Tất cả vụ án giết người đều phải được khám tử thi đúng hay không?",
  "metrics": {
    "mrr": 0.5,
    "map": 0.5,
    "p@1": 0.0,
    "r@1": 0.0,
    "ndcg@1": 0.0,
    "p@5": 0.2,
    "r@5": 1.0,
    "ndcg@5": 0.6309297535714575,
    "p@10": 0.1,
    "r@10": 1.0,
    "ndcg@10": 0.6309297535714575
  },
  "retrieved": [
    4935,
    10679,
    4934,
    341,
    10726,
    6997,
    4929,
    7983,
    339,
    10930
  ]
}