{
  "qid": 93719,
  "query": "Ai có thẩm quyền lập biên bản vi phạm hành chính?",
  "metrics": {
    "mrr": 0.14285714285714285,
    "map": 0.14285714285714285,
    "p@1": 0.0,
    "r@1": 0.0,
    "ndcg@1": 0.0,
    "p@5": 0.0,
    "r@5": 0.0,
    "ndcg@5": 0.0,
    "p@10": 0.1,
    "r@10": 1.0,
    "ndcg@10": 0.3333333333333333
  },
  "retrieved": [
    788,
    12063,
    14850,
    13364,
    11130,
    3534,
    10377,
    14204,
    14851,
    2194
  ]
}