{
  "qid": 94135,
  "query": "Việc tiêu hủy tài liệu lưu trữ điện tử hết giá trị của Bộ Tài chính được thực hiện như thế nào?",
  "metrics": {
    "mrr": 0.1111111111111111,
    "map": 0.1111111111111111,
    "p@1": 0.0,
    "r@1": 0.0,
    "ndcg@1": 0.0,
    "p@5": 0.0,
    "r@5": 0.0,
    "ndcg@5": 0.0,
    "p@10": 0.1,
    "r@10": 1.0,
    "ndcg@10": 0.3010299956639812
  },
  "retrieved": [
    226,
    225,
    230,
    221,
    66,
    85,
    220,
    13331,
    228,
    82
  ]
}