{
  "qid": 95289,
  "query": "Văn phòng Thừa phát lại không hoạt động ngay sau khi được cấp Giấy đăng ký hoạt động thì có bị gì không?",
  "metrics": {
    "mrr": 0.25,
    "map": 0.25,
    "p@1": 0.0,
    "r@1": 0.0,
    "ndcg@1": 0.0,
    "p@5": 0.2,
    "r@5": 1.0,
    "ndcg@5": 0.43067655807339306,
    "p@10": 0.1,
    "r@10": 1.0,
    "ndcg@10": 0.43067655807339306
  },
  "retrieved": [
    8950,
    8948,
    8943,
    8957,
    8956,
    8955,
    8954,
    8953,
    9426,
    5830
  ]
}