{
  "qid": 95559,
  "query": "Hội đồng kỷ luật viên chức làm việc dựa trên các nguyên tắc nào?",
  "metrics": {
    "mrr": 0.5,
    "map": 0.5,
    "p@1": 0.0,
    "r@1": 0.0,
    "ndcg@1": 0.0,
    "p@5": 0.2,
    "r@5": 1.0,
    "ndcg@5": 0.6309297535714575,
    "p@10": 0.1,
    "r@10": 1.0,
    "ndcg@10": 0.6309297535714575
  },
  "retrieved": [
    13769,
    13767,
    14264,
    14268,
    13775,
    7799,
    7805,
    7816,
    14227,
    14233
  ]
}