{
  "qid": 95756,
  "query": "Công ty có trách nhiệm về bồi thường và trợ cấp trong những trường hợp đặc thù khi người lao động bị tai nạn lao động ra sao?",
  "metrics": {
    "mrr": 0.5,
    "map": 0.5,
    "p@1": 0.0,
    "r@1": 0.0,
    "ndcg@1": 0.0,
    "p@5": 0.2,
    "r@5": 1.0,
    "ndcg@5": 0.6309297535714575,
    "p@10": 0.1,
    "r@10": 1.0,
    "ndcg@10": 0.6309297535714575
  },
  "retrieved": [
    4183,
    4180,
    4176,
    4187,
    4182,
    4179,
    4185,
    1903,
    4186,
    4181
  ]
}