{
  "qid": 96255,
  "query": "Đấu giá quyền sử dụng đất trong trường hợp chỉ có một người đăng ký tham gia đấu giá được thực hiện trong trường hợp nào?",
  "metrics": {
    "mrr": 0.16666666666666666,
    "map": 0.16666666666666666,
    "p@1": 0.0,
    "r@1": 0.0,
    "ndcg@1": 0.0,
    "p@5": 0.0,
    "r@5": 0.0,
    "ndcg@5": 0.0,
    "p@10": 0.1,
    "r@10": 1.0,
    "ndcg@10": 0.3562071871080222
  },
  "retrieved": [
    746,
    721,
    726,
    720,
    725,
    736,
    727,
    739,
    706,
    731
  ]
}