{
  "qid": 96743,
  "query": "Thẩm phán và người thuộc hội đồng xét xử là người thân thích của nhau thì Thẩm phán có bị thay đổi không?",
  "metrics": {
    "mrr": 0.3333333333333333,
    "map": 0.3333333333333333,
    "p@1": 0.0,
    "r@1": 0.0,
    "ndcg@1": 0.0,
    "p@5": 0.2,
    "r@5": 1.0,
    "ndcg@5": 0.5,
    "p@10": 0.1,
    "r@10": 1.0,
    "ndcg@10": 0.5
  },
  "retrieved": [
    10731,
    10765,
    10530,
    10859,
    10500,
    10888,
    10736,
    10887,
    1155,
    10884
  ]
}