{
  "qid": 97361,
  "query": "Quy trình, thủ tục cấp lại Giấy chứng nhận an toàn sinh học hết thời hạn được pháp luật quy định như thế nào?",
  "metrics": {
    "mrr": 0.25,
    "map": 0.25,
    "p@1": 0.0,
    "r@1": 0.0,
    "ndcg@1": 0.0,
    "p@5": 0.2,
    "r@5": 1.0,
    "ndcg@5": 0.43067655807339306,
    "p@10": 0.1,
    "r@10": 1.0,
    "ndcg@10": 0.43067655807339306
  },
  "retrieved": [
    8176,
    11518,
    8181,
    11516,
    8193,
    11526,
    14549,
    8173,
    11515,
    11521
  ]
}