{
  "qid": 97987,
  "query": "Việc phân loại hợp tác xã được thực hiện dựa trên nguyên tắc nào?",
  "metrics": {
    "mrr": 1.0,
    "map": 0.25,
    "p@1": 1.0,
    "r@1": 0.25,
    "ndcg@1": 1.0,
    "p@5": 0.2,
    "r@5": 0.25,
    "ndcg@5": 0.3903800499921017,
    "p@10": 0.1,
    "r@10": 0.25,
    "ndcg@10": 0.3903800499921017
  },
  "retrieved": [
    1384,
    1383,
    7794,
    3063,
    1391,
    1386,
    3057,
    3067,
    3076,
    3080
  ]
}