{
  "qid": 99302,
  "query": "Hồ sơ đăng ký văn bản thông báo về việc xử lý tài sản bảo đảm bằng tài sản là động sản khác bao gồm những gì?",
  "metrics": {
    "mrr": 0.14285714285714285,
    "map": 0.14285714285714285,
    "p@1": 0.0,
    "r@1": 0.0,
    "ndcg@1": 0.0,
    "p@5": 0.0,
    "r@5": 0.0,
    "ndcg@5": 0.0,
    "p@10": 0.1,
    "r@10": 1.0,
    "ndcg@10": 0.3333333333333333
  },
  "retrieved": [
    11189,
    11178,
    1281,
    11222,
    11192,
    11185,
    11199,
    11191,
    11180,
    11175
  ]
}