{
  "qid": 99556,
  "query": "Điều kiện để được cấp Chứng chỉ hành nghề đấu giá theo quy định hiện nay?",
  "metrics": {
    "mrr": 0.3333333333333333,
    "map": 0.3333333333333333,
    "p@1": 0.0,
    "r@1": 0.0,
    "ndcg@1": 0.0,
    "p@5": 0.2,
    "r@5": 1.0,
    "ndcg@5": 0.5,
    "p@10": 0.1,
    "r@10": 1.0,
    "ndcg@10": 0.5
  },
  "retrieved": [
    704,
    703,
    701,
    6589,
    765,
    12352,
    700,
    706,
    3812,
    239
  ]
}