{
  "qid": 99766,
  "query": "Trong hoạt động chuyển giao công nghệ cho vùng nông thôn, cá nhân cung cấp giống cây trồng có phải bồi thường thiệt hại phát sinh do việc cung cấp giống cây trồng gây ra không?",
  "metrics": {
    "mrr": 0.5,
    "map": 0.5,
    "p@1": 0.0,
    "r@1": 0.0,
    "ndcg@1": 0.0,
    "p@5": 0.2,
    "r@5": 1.0,
    "ndcg@5": 0.6309297535714575,
    "p@10": 0.1,
    "r@10": 1.0,
    "ndcg@10": 0.6309297535714575
  },
  "retrieved": [
    7542,
    7541,
    7503,
    7519,
    7546,
    7492,
    7517,
    7547,
    7516,
    7544
  ]
}