{
  "qid": 100430,
  "query": "Thông tin về nhu cầu sử dụng đất trong lập kế hoạch sử dụng đất hàng năm cấp huyện do cơ quan nào xác định?",
  "metrics": {
    "mrr": 0.07142857142857142,
    "map": 0.07142857142857142,
    "p@1": 0.0,
    "r@1": 0.0,
    "ndcg@1": 0.0,
    "p@5": 0.0,
    "r@5": 0.0,
    "ndcg@5": 0.0,
    "p@10": 0.0,
    "r@10": 0.0,
    "ndcg@10": 0.0,
    "p@15": 0.06666666666666667,
    "r@15": 1.0,
    "ndcg@15": 0.2559580248098155
  },
  "retrieved": [
    1598,
    1591,
    1586,
    1595,
    1579,
    1604,
    1580,
    1596,
    1564,
    1572,
    1590,
    1557,
    1584,
    1562,
    1573
  ],
  "ground_truth": [
    1562
  ]
}