{
  "qid": 100469,
  "query": "Hình thức tổ chức phong trào thi đua thường xuyên của Kiểm toán Nhà nước là gì?",
  "metrics": {
    "mrr": 0.25,
    "map": 0.25,
    "p@1": 0.0,
    "r@1": 0.0,
    "ndcg@1": 0.0,
    "p@5": 0.2,
    "r@5": 1.0,
    "ndcg@5": 0.43067655807339306,
    "p@10": 0.1,
    "r@10": 1.0,
    "ndcg@10": 0.43067655807339306
  },
  "retrieved": [
    3472,
    8744,
    10020,
    1322,
    2084,
    8745,
    10019,
    1136,
    1328,
    1323
  ]
}