{
  "qid": 100505,
  "query": "Cửa hàng kinh doanh trò chơi điện tử không có internet không được kinh doanh những trò chơi có nội dung nào?",
  "metrics": {
    "mrr": 0.1111111111111111,
    "map": 0.1111111111111111,
    "p@1": 0.0,
    "r@1": 0.0,
    "ndcg@1": 0.0,
    "p@5": 0.0,
    "r@5": 0.0,
    "ndcg@5": 0.0,
    "p@10": 0.1,
    "r@10": 1.0,
    "ndcg@10": 0.3010299956639812,
    "p@15": 0.06666666666666667,
    "r@15": 1.0,
    "ndcg@15": 0.3010299956639812
  },
  "retrieved": [
    7945,
    7944,
    7949,
    7952,
    3255,
    3263,
    3256,
    7950,
    7947,
    3248,
    3262,
    7953,
    3299,
    3253,
    7951
  ],
  "ground_truth": [
    7947
  ]
}