{
  "qid": 100680,
  "query": "Học sinh trung học phổ thông là người dân tộc Kinh thuộc hộ nghèo có được hưởng chính sách hỗ trợ không?",
  "metrics": {
    "mrr": 0.25,
    "map": 0.25,
    "p@1": 0.0,
    "r@1": 0.0,
    "ndcg@1": 0.0,
    "p@5": 0.2,
    "r@5": 1.0,
    "ndcg@5": 0.43067655807339306,
    "p@10": 0.1,
    "r@10": 1.0,
    "ndcg@10": 0.43067655807339306
  },
  "retrieved": [
    14309,
    6594,
    1531,
    14311,
    14308,
    14314,
    14312,
    4760,
    14313,
    2453
  ]
}