{
  "qid": 100813,
  "query": "Được thăng hạng chức danh trợ giúp viên pháp hạng 2 thì viên chức sẽ được hưởng hệ số lương là bao nhiêu?",
  "metrics": {
    "mrr": 0.2,
    "map": 0.2,
    "p@1": 0.0,
    "r@1": 0.0,
    "ndcg@1": 0.0,
    "p@5": 0.2,
    "r@5": 1.0,
    "ndcg@5": 0.38685280723454163,
    "p@10": 0.1,
    "r@10": 1.0,
    "ndcg@10": 0.38685280723454163
  },
  "retrieved": [
    8457,
    7562,
    6460,
    7561,
    1536,
    8737,
    6925,
    3879,
    6926,
    3878
  ]
}