{
  "qid": 101411,
  "query": "Công an xã có tiếp nhận tố giác, tin báo về tội phạm về việc mất tài sản?",
  "metrics": {
    "mrr": 0.25,
    "map": 0.25,
    "p@1": 0.0,
    "r@1": 0.0,
    "ndcg@1": 0.0,
    "p@5": 0.2,
    "r@5": 1.0,
    "ndcg@5": 0.43067655807339306,
    "p@10": 0.1,
    "r@10": 1.0,
    "ndcg@10": 0.43067655807339306
  },
  "retrieved": [
    994,
    993,
    10573,
    10623,
    991,
    10622,
    990,
    10533,
    1000,
    995
  ]
}