{
  "qid": 101435,
  "query": "Hồ sơ đề nghị phê duyệt định mức sử dụng máy móc thiết bị chuyên dùng thuộc lĩnh vực y tế gồm các giấy tờ nào?",
  "metrics": {
    "mrr": 0.3333333333333333,
    "map": 0.3333333333333333,
    "p@1": 0.0,
    "r@1": 0.0,
    "ndcg@1": 0.0,
    "p@5": 0.2,
    "r@5": 1.0,
    "ndcg@5": 0.5,
    "p@10": 0.1,
    "r@10": 1.0,
    "ndcg@10": 0.5,
    "p@15": 0.06666666666666667,
    "r@15": 1.0,
    "ndcg@15": 0.5
  },
  "retrieved": [
    8923,
    8920,
    8924,
    8919,
    8922,
    4314,
    8926,
    8921,
    5732,
    4312,
    4466,
    1067,
    3716,
    4303,
    8827
  ],
  "ground_truth": [
    8924
  ]
}