{
  "qid": 101422,
  "query": "Tài sản tạm giữ tồn đọng trong kho vật chứng từ 01 năm trở lên thì cơ quan thi hành án dân sự xử lý như thế nào?",
  "metrics": {
    "mrr": 0.3333333333333333,
    "map": 0.3333333333333333,
    "p@1": 0.0,
    "r@1": 0.0,
    "ndcg@1": 0.0,
    "p@5": 0.2,
    "r@5": 1.0,
    "ndcg@5": 0.5,
    "p@10": 0.1,
    "r@10": 1.0,
    "ndcg@10": 0.5,
    "p@15": 0.06666666666666667,
    "r@15": 1.0,
    "ndcg@15": 0.5
  },
  "retrieved": [
    946,
    819,
    957,
    2315,
    8983,
    947,
    8978,
    2223,
    6805,
    6795,
    2200,
    818,
    951,
    8984,
    3020
  ],
  "ground_truth": [
    957
  ]
}