{
  "qid": 101535,
  "query": "Văn bản điện tử hỏa tốc của Bộ Giao thông vận tải đến ngoài giờ làm việc thì có cần phải qua bộ phân văn thư không?",
  "metrics": {
    "mrr": 0.1,
    "map": 0.1,
    "p@1": 0.0,
    "r@1": 0.0,
    "ndcg@1": 0.0,
    "p@5": 0.0,
    "r@5": 0.0,
    "ndcg@5": 0.0,
    "p@10": 0.1,
    "r@10": 1.0,
    "ndcg@10": 0.2890648263178879,
    "p@15": 0.06666666666666667,
    "r@15": 1.0,
    "ndcg@15": 0.2890648263178879
  },
  "retrieved": [
    3894,
    1062,
    3893,
    13156,
    13155,
    13146,
    3895,
    6546,
    8109,
    1254,
    13160,
    929,
    7932,
    13153,
    7920
  ],
  "ground_truth": [
    1254
  ]
}