{
  "qid": 10182,
  "query": "Khi mất Thẻ Thừa phát lại phải chuẩn bị giấy tờ gì để đề nghị cấp lại Thẻ Thừa phát lại?",
  "metrics": {
    "mrr": 0.3333333333333333,
    "map": 0.3333333333333333,
    "p@1": 0.0,
    "r@1": 0.0,
    "ndcg@1": 0.0,
    "p@5": 0.2,
    "r@5": 1.0,
    "ndcg@5": 0.5,
    "p@10": 0.1,
    "r@10": 1.0,
    "ndcg@10": 0.5
  },
  "retrieved": [
    5863,
    3652,
    8941,
    14909,
    9427,
    3698,
    12305,
    12308,
    3651,
    13503
  ]
}