{
  "qid": 101896,
  "query": "Người bào chữa theo quy định mới nhất hiện nay",
  "metrics": {
    "mrr": 0.5,
    "map": 0.5,
    "p@1": 0.0,
    "r@1": 0.0,
    "ndcg@1": 0.0,
    "p@5": 0.2,
    "r@5": 1.0,
    "ndcg@5": 0.6309297535714575,
    "p@10": 0.1,
    "r@10": 1.0,
    "ndcg@10": 0.6309297535714575
  },
  "retrieved": [
    10768,
    10549,
    10554,
    10553,
    10555,
    10558,
    10552,
    10493,
    10550,
    10551
  ]
}