{
  "qid": 102249,
  "query": "Chỉ số sinh hoạt phí mà thành viên cơ quan đại diện Việt Nam ở nước ngoài giữ chức vụ Đại sứ được hưởng là bao nhiêu?",
  "metrics": {
    "mrr": 0.3333333333333333,
    "map": 0.3333333333333333,
    "p@1": 0.0,
    "r@1": 0.0,
    "ndcg@1": 0.0,
    "p@5": 0.2,
    "r@5": 1.0,
    "ndcg@5": 0.5,
    "p@10": 0.1,
    "r@10": 1.0,
    "ndcg@10": 0.5
  },
  "retrieved": [
    8792,
    8791,
    8793,
    7898,
    8789,
    7892,
    8790,
    14509,
    1295,
    4051
  ]
}