{
  "qid": 102411,
  "query": "Nhà nước có trách nhiệm gì trong việc bảo đảm quyền tự do tín ngưỡng, tôn giáo?",
  "metrics": {
    "mrr": 0.5,
    "map": 0.5,
    "p@1": 0.0,
    "r@1": 0.0,
    "ndcg@1": 0.0,
    "p@5": 0.2,
    "r@5": 1.0,
    "ndcg@5": 0.6309297535714575,
    "p@10": 0.1,
    "r@10": 1.0,
    "ndcg@10": 0.6309297535714575,
    "p@15": 0.06666666666666667,
    "r@15": 1.0,
    "ndcg@15": 0.6309297535714575
  },
  "retrieved": [
    2131,
    2133,
    2190,
    2139,
    2134,
    2192,
    2136,
    2135,
    2191,
    2138,
    2132,
    2180,
    2193,
    2186,
    2184
  ],
  "ground_truth": [
    2133
  ]
}