{
  "qid": 102574,
  "query": "Sau khi có kết quả rà soát nhà sản xuất mới, thì cơ quan có thẩm quyền có thể ban hành quyết định gì?",
  "metrics": {
    "mrr": 0.1,
    "map": 0.1,
    "p@1": 0.0,
    "r@1": 0.0,
    "ndcg@1": 0.0,
    "p@5": 0.0,
    "r@5": 0.0,
    "ndcg@5": 0.0,
    "p@10": 0.1,
    "r@10": 1.0,
    "ndcg@10": 0.2890648263178879,
    "p@15": 0.06666666666666667,
    "r@15": 1.0,
    "ndcg@15": 0.2890648263178879
  },
  "retrieved": [
    12917,
    12906,
    12903,
    5305,
    12902,
    12907,
    12905,
    6328,
    9617,
    12914,
    4383,
    5729,
    13244,
    12904,
    558
  ],
  "ground_truth": [
    12914
  ]
}