{
  "qid": 102649,
  "query": "Người tập sự hành nghề đấu giá có bắt buộc phải lập báo cáo kết quả tập sự hay không?",
  "metrics": {
    "mrr": 0.3333333333333333,
    "map": 0.3333333333333333,
    "p@1": 0.0,
    "r@1": 0.0,
    "ndcg@1": 0.0,
    "p@5": 0.2,
    "r@5": 1.0,
    "ndcg@5": 0.5,
    "p@10": 0.1,
    "r@10": 1.0,
    "ndcg@10": 0.5,
    "p@15": 0.06666666666666667,
    "r@15": 1.0,
    "ndcg@15": 0.5
  },
  "retrieved": [
    700,
    6578,
    6572,
    6568,
    6565,
    6570,
    6569,
    6573,
    4207,
    6564,
    4203,
    4208,
    4226,
    6576,
    5836
  ],
  "ground_truth": [
    6572
  ]
}