{
  "qid": 102748,
  "query": "Giáo trình đào tạo trình độ cao đẳng có bắt buộc phải có câu hỏi, bài tập theo từng chương và từng bài hay không?",
  "metrics": {
    "mrr": 0.2,
    "map": 0.2,
    "p@1": 0.0,
    "r@1": 0.0,
    "ndcg@1": 0.0,
    "p@5": 0.2,
    "r@5": 1.0,
    "ndcg@5": 0.38685280723454163,
    "p@10": 0.1,
    "r@10": 1.0,
    "ndcg@10": 0.38685280723454163
  },
  "retrieved": [
    3347,
    3350,
    3922,
    3334,
    3345,
    3348,
    3926,
    3349,
    3920,
    3351
  ]
}