{
  "qid": 102749,
  "query": "Việc biên soạn giáo trình đào tạo trình độ cao đẳng thực hiện thế nào?",
  "metrics": {
    "mrr": 0.2,
    "map": 0.2,
    "p@1": 0.0,
    "r@1": 0.0,
    "ndcg@1": 0.0,
    "p@5": 0.2,
    "r@5": 1.0,
    "ndcg@5": 0.38685280723454163,
    "p@10": 0.1,
    "r@10": 1.0,
    "ndcg@10": 0.38685280723454163,
    "p@15": 0.06666666666666667,
    "r@15": 1.0,
    "ndcg@15": 0.38685280723454163
  },
  "retrieved": [
    3350,
    3334,
    3926,
    3348,
    3347,
    3925,
    3920,
    3927,
    3349,
    3930,
    3922,
    3931,
    3351,
    9836,
    3921
  ],
  "ground_truth": [
    3347
  ]
}