{
  "qid": 102874,
  "query": "Để có thể xác định hàng hóa nhập khẩu vào Việt Nam có bán phá giá không thì cần thực hiện những gì?",
  "metrics": {
    "mrr": 0.25,
    "map": 0.25,
    "p@1": 0.0,
    "r@1": 0.0,
    "ndcg@1": 0.0,
    "p@5": 0.2,
    "r@5": 1.0,
    "ndcg@5": 0.43067655807339306,
    "p@10": 0.1,
    "r@10": 1.0,
    "ndcg@10": 0.43067655807339306,
    "p@15": 0.06666666666666667,
    "r@15": 1.0,
    "ndcg@15": 0.43067655807339306
  },
  "retrieved": [
    5300,
    12879,
    12871,
    5303,
    12874,
    12875,
    8324,
    9938,
    5317,
    8323,
    8326,
    8325,
    12870,
    12897,
    13358
  ],
  "ground_truth": [
    5303
  ]
}