{
  "qid": 103125,
  "query": "Trong bài thi tuyển công chức Viện kiểm sát nhân dân vòng 2, người dự thi là người hoàn thành nghĩa vụ quân sự thì được cộng mấy điểm?",
  "metrics": {
    "mrr": 0.3333333333333333,
    "map": 0.3333333333333333,
    "p@1": 0.0,
    "r@1": 0.0,
    "ndcg@1": 0.0,
    "p@5": 0.2,
    "r@5": 1.0,
    "ndcg@5": 0.5,
    "p@10": 0.1,
    "r@10": 1.0,
    "ndcg@10": 0.5
  },
  "retrieved": [
    9866,
    14464,
    14213,
    2368,
    14465,
    14216,
    2363,
    14222,
    1318,
    9848
  ]
}