{
  "qid": 103166,
  "query": "Thương nhân thực hiện đăng ký giá sữa dành cho trẻ em dưới 06 tuổi có nghĩa vụ gì?",
  "metrics": {
    "mrr": 0.2,
    "map": 0.2,
    "p@1": 0.0,
    "r@1": 0.0,
    "ndcg@1": 0.0,
    "p@5": 0.2,
    "r@5": 1.0,
    "ndcg@5": 0.38685280723454163,
    "p@10": 0.1,
    "r@10": 1.0,
    "ndcg@10": 0.38685280723454163
  },
  "retrieved": [
    8639,
    8638,
    8653,
    8640,
    8652,
    8641,
    8651,
    14592,
    8644,
    8647
  ]
}