{
  "qid": 10332,
  "query": "Việc giám sát hoạt động của Đoàn thanh tra, kiểm tra thuế nhằm mục đích gì?",
  "metrics": {
    "mrr": 0.2,
    "map": 0.2,
    "p@1": 0.0,
    "r@1": 0.0,
    "ndcg@1": 0.0,
    "p@5": 0.2,
    "r@5": 1.0,
    "ndcg@5": 0.38685280723454163,
    "p@10": 0.1,
    "r@10": 1.0,
    "ndcg@10": 0.38685280723454163,
    "p@15": 0.06666666666666667,
    "r@15": 1.0,
    "ndcg@15": 0.38685280723454163
  },
  "retrieved": [
    5121,
    5122,
    5119,
    4963,
    5111,
    5118,
    5124,
    5117,
    5113,
    5112,
    5126,
    5114,
    4986,
    5123,
    5115
  ],
  "ground_truth": [
    5111
  ]
}