{
  "qid": 103500,
  "query": "Ủy ban nhân dân cấp xã có trách nhiệm tham gia vào công tác dân tộc hay không?",
  "metrics": {
    "mrr": 0.5,
    "map": 0.5,
    "p@1": 0.0,
    "r@1": 0.0,
    "ndcg@1": 0.0,
    "p@5": 0.2,
    "r@5": 1.0,
    "ndcg@5": 0.6309297535714575,
    "p@10": 0.1,
    "r@10": 1.0,
    "ndcg@10": 0.6309297535714575
  },
  "retrieved": [
    1303,
    4759,
    1316,
    4762,
    2527,
    4761,
    4758,
    2529,
    4760,
    678
  ]
}