{
  "qid": 103593,
  "query": "Khi có nhiều cá nhân cùng đủ điều kiện xét khen thưởng trong ngành Kế hoạch và Đầu tư thì theo quy định phải lựa chọn người nào?",
  "metrics": {
    "mrr": 0.16666666666666666,
    "map": 0.16666666666666666,
    "p@1": 0.0,
    "r@1": 0.0,
    "ndcg@1": 0.0,
    "p@5": 0.0,
    "r@5": 0.0,
    "ndcg@5": 0.0,
    "p@10": 0.1,
    "r@10": 1.0,
    "ndcg@10": 0.3562071871080222,
    "p@15": 0.06666666666666667,
    "r@15": 1.0,
    "ndcg@15": 0.3562071871080222
  },
  "retrieved": [
    7700,
    7718,
    3889,
    5585,
    7710,
    7682,
    10015,
    3322,
    1134,
    7860,
    7716,
    6310,
    3471,
    7699,
    8761
  ],
  "ground_truth": [
    7682
  ]
}