{
  "qid": 103591,
  "query": "Có những hình thức tổ chức thi đua nào trong ngành Kế hoạch và Đầu tư?",
  "metrics": {
    "mrr": 0.09090909090909091,
    "map": 0.09090909090909091,
    "p@1": 0.0,
    "r@1": 0.0,
    "ndcg@1": 0.0,
    "p@5": 0.0,
    "r@5": 0.0,
    "ndcg@5": 0.0,
    "p@10": 0.0,
    "r@10": 0.0,
    "ndcg@10": 0.0,
    "p@15": 0.06666666666666667,
    "r@15": 1.0,
    "ndcg@15": 0.27894294565112987
  },
  "retrieved": [
    7718,
    5587,
    7700,
    3472,
    7710,
    5586,
    7723,
    8840,
    7681,
    1136,
    1322,
    7849,
    3322,
    7719,
    7716
  ],
  "ground_truth": [
    1322
  ]
}