{
  "qid": 103535,
  "query": "Viên chức có thể được bổ nhiệm lại chức vụ quản lý mấy lần liên tiếp?",
  "metrics": {
    "mrr": 0.25,
    "map": 0.25,
    "p@1": 0.0,
    "r@1": 0.0,
    "ndcg@1": 0.0,
    "p@5": 0.2,
    "r@5": 1.0,
    "ndcg@5": 0.43067655807339306,
    "p@10": 0.1,
    "r@10": 1.0,
    "ndcg@10": 0.43067655807339306
  },
  "retrieved": [
    2334,
    2335,
    14251,
    14250,
    2357,
    14261,
    14256,
    670,
    2356,
    2316
  ]
}