{
  "qid": 103536,
  "query": "Viên chức được bổ nhiệm lại chức vụ quản lý cần đáp ứng những điều kiện nào?",
  "metrics": {
    "mrr": 0.125,
    "map": 0.125,
    "p@1": 0.0,
    "r@1": 0.0,
    "ndcg@1": 0.0,
    "p@5": 0.0,
    "r@5": 0.0,
    "ndcg@5": 0.0,
    "p@10": 0.1,
    "r@10": 1.0,
    "ndcg@10": 0.31546487678572877,
    "p@15": 0.06666666666666667,
    "r@15": 1.0,
    "ndcg@15": 0.31546487678572877
  },
  "retrieved": [
    2334,
    2335,
    14251,
    14250,
    2357,
    14261,
    14256,
    14257,
    670,
    2316,
    14258,
    14233,
    2356,
    14210,
    14260
  ],
  "ground_truth": [
    14257
  ]
}