{
  "qid": 103780,
  "query": "Tiền đặt trước tham gia đấu giá biển số xe ô tô được quy định ra sao?",
  "metrics": {
    "mrr": 0.25,
    "map": 0.25,
    "p@1": 0.0,
    "r@1": 0.0,
    "ndcg@1": 0.0,
    "p@5": 0.2,
    "r@5": 1.0,
    "ndcg@5": 0.43067655807339306,
    "p@10": 0.1,
    "r@10": 1.0,
    "ndcg@10": 0.43067655807339306,
    "p@15": 0.06666666666666667,
    "r@15": 1.0,
    "ndcg@15": 0.43067655807339306
  },
  "retrieved": [
    4449,
    4451,
    4465,
    726,
    4471,
    4458,
    4464,
    4457,
    4472,
    4462,
    721,
    746,
    4456,
    725,
    720
  ],
  "ground_truth": [
    726
  ]
}