{
  "qid": 103993,
  "query": "Việc lập dự toán kinh phí hoạt động trong lĩnh vực thương mại của Bộ Công thương tại cơ quan đại diện được thực hiện thế nào?",
  "metrics": {
    "mrr": 0.5,
    "map": 0.5,
    "p@1": 0.0,
    "r@1": 0.0,
    "ndcg@1": 0.0,
    "p@5": 0.2,
    "r@5": 1.0,
    "ndcg@5": 0.6309297535714575,
    "p@10": 0.1,
    "r@10": 1.0,
    "ndcg@10": 0.6309297535714575,
    "p@15": 0.06666666666666667,
    "r@15": 1.0,
    "ndcg@15": 0.6309297535714575
  },
  "retrieved": [
    11728,
    11729,
    11742,
    11726,
    11730,
    12940,
    14502,
    6036,
    5330,
    14898,
    5655,
    8801,
    11386,
    3626,
    8570
  ],
  "ground_truth": [
    11729
  ]
}