{
  "qid": 104115,
  "query": "Quy định về thẩm định và phê duyệt sơ bộ tổng mức đầu tư xây dựng?",
  "metrics": {
    "mrr": 0.5,
    "map": 0.5,
    "p@1": 0.0,
    "r@1": 0.0,
    "ndcg@1": 0.0,
    "p@5": 0.2,
    "r@5": 1.0,
    "ndcg@5": 0.6309297535714575,
    "p@10": 0.1,
    "r@10": 1.0,
    "ndcg@10": 0.6309297535714575,
    "p@15": 0.06666666666666667,
    "r@15": 1.0,
    "ndcg@15": 0.6309297535714575
  },
  "retrieved": [
    6423,
    13226,
    13229,
    13231,
    13230,
    6422,
    13266,
    6020,
    6419,
    6019,
    13232,
    11732,
    13225,
    13235,
    6012
  ],
  "ground_truth": [
    13226
  ]
}