{
  "qid": 104212,
  "query": "Thành phần Hội đồng xét xử sơ thẩm vụ án hình sự bao gồm những ai?",
  "metrics": {
    "mrr": 0.2,
    "map": 0.2,
    "p@1": 0.0,
    "r@1": 0.0,
    "ndcg@1": 0.0,
    "p@5": 0.2,
    "r@5": 1.0,
    "ndcg@5": 0.38685280723454163,
    "p@10": 0.1,
    "r@10": 1.0,
    "ndcg@10": 0.38685280723454163,
    "p@15": 0.06666666666666667,
    "r@15": 1.0,
    "ndcg@15": 0.38685280723454163
  },
  "retrieved": [
    10837,
    10523,
    10835,
    10930,
    10731,
    10832,
    10807,
    10836,
    10838,
    10773,
    10873,
    10932,
    10803,
    10507,
    10630
  ],
  "ground_truth": [
    10731
  ]
}