{
  "qid": 104293,
  "query": "Tổ chức đấu giá tài sản nhận tập sự có những quyền và nghĩa vụ như thế nào?",
  "metrics": {
    "mrr": 0.1111111111111111,
    "map": 0.1111111111111111,
    "p@1": 0.0,
    "r@1": 0.0,
    "ndcg@1": 0.0,
    "p@5": 0.0,
    "r@5": 0.0,
    "ndcg@5": 0.0,
    "p@10": 0.1,
    "r@10": 1.0,
    "ndcg@10": 0.3010299956639812
  },
  "retrieved": [
    6569,
    6568,
    6573,
    6565,
    700,
    706,
    711,
    6585,
    6576,
    720
  ]
}