{
  "qid": 104308,
  "query": "Tòa án cấp sơ thẩm phải giao bản án trong vụ án hình sự cho bị hại sau bao lâu kể từ ngày tuyên án?",
  "metrics": {
    "mrr": 0.2,
    "map": 0.2,
    "p@1": 0.0,
    "r@1": 0.0,
    "ndcg@1": 0.0,
    "p@5": 0.2,
    "r@5": 1.0,
    "ndcg@5": 0.38685280723454163,
    "p@10": 0.1,
    "r@10": 1.0,
    "ndcg@10": 0.38685280723454163
  },
  "retrieved": [
    10832,
    10838,
    3978,
    10504,
    10739,
    10835,
    10930,
    10837,
    10807,
    8905
  ]
}