{
  "qid": 104407,
  "query": "Vị trí nội dung dành cho trẻ em trên báo được quy định như thế nào?",
  "metrics": {
    "mrr": 0.5,
    "map": 0.5,
    "p@1": 0.0,
    "r@1": 0.0,
    "ndcg@1": 0.0,
    "p@5": 0.2,
    "r@5": 1.0,
    "ndcg@5": 0.6309297535714575,
    "p@10": 0.1,
    "r@10": 1.0,
    "ndcg@10": 0.6309297535714575
  },
  "retrieved": [
    9905,
    9915,
    9912,
    9919,
    9908,
    9920,
    9907,
    9923,
    9914,
    3228
  ]
}