{
  "qid": 104454,
  "query": "Lực lượng chuyên trách bảo vệ rừng gồm có những thành viên nào?",
  "metrics": {
    "mrr": 0.25,
    "map": 0.25,
    "p@1": 0.0,
    "r@1": 0.0,
    "ndcg@1": 0.0,
    "p@5": 0.2,
    "r@5": 1.0,
    "ndcg@5": 0.43067655807339306,
    "p@10": 0.1,
    "r@10": 1.0,
    "ndcg@10": 0.43067655807339306,
    "p@15": 0.06666666666666667,
    "r@15": 1.0,
    "ndcg@15": 0.43067655807339306
  },
  "retrieved": [
    1220,
    1205,
    1219,
    1218,
    7049,
    1221,
    1217,
    1222,
    1207,
    1204,
    7047,
    7051,
    1208,
    1206,
    7046
  ],
  "ground_truth": [
    1218
  ]
}