{
  "qid": 104406,
  "query": "Nội dung về trẻ em trên báo điện tử được quy định như thế nào?",
  "metrics": {
    "mrr": 0.25,
    "map": 0.25,
    "p@1": 0.0,
    "r@1": 0.0,
    "ndcg@1": 0.0,
    "p@5": 0.2,
    "r@5": 1.0,
    "ndcg@5": 0.43067655807339306,
    "p@10": 0.1,
    "r@10": 1.0,
    "ndcg@10": 0.43067655807339306,
    "p@15": 0.06666666666666667,
    "r@15": 1.0,
    "ndcg@15": 0.43067655807339306
  },
  "retrieved": [
    9915,
    9905,
    9920,
    9914,
    9919,
    9908,
    9923,
    9912,
    9907,
    3228,
    9922,
    3239,
    9916,
    3236,
    9913
  ],
  "ground_truth": [
    9914
  ]
}