{
  "qid": 104575,
  "query": "Thời hạn biệt phái viên chức được quy định như thế nào? Có thể biệt phái viên chức nhà nước trên 03 năm hay không?",
  "metrics": {
    "mrr": 0.3333333333333333,
    "map": 0.3333333333333333,
    "p@1": 0.0,
    "r@1": 0.0,
    "ndcg@1": 0.0,
    "p@5": 0.2,
    "r@5": 1.0,
    "ndcg@5": 0.5,
    "p@10": 0.1,
    "r@10": 1.0,
    "ndcg@10": 0.5
  },
  "retrieved": [
    9466,
    14268,
    14234,
    7799,
    7805,
    9463,
    9462,
    4792,
    14269,
    7816
  ]
}