{
  "qid": 104613,
  "query": "Nội dung tố cáo được xác minh như thế nào?",
  "metrics": {
    "mrr": 0.3333333333333333,
    "map": 0.3333333333333333,
    "p@1": 0.0,
    "r@1": 0.0,
    "ndcg@1": 0.0,
    "p@5": 0.2,
    "r@5": 1.0,
    "ndcg@5": 0.5,
    "p@10": 0.1,
    "r@10": 1.0,
    "ndcg@10": 0.5,
    "p@15": 0.06666666666666667,
    "r@15": 1.0,
    "ndcg@15": 0.5
  },
  "retrieved": [
    2215,
    1513,
    1510,
    4904,
    6151,
    2219,
    1512,
    6168,
    6155,
    1494,
    6143,
    1518,
    6159,
    6156,
    2221
  ],
  "ground_truth": [
    1510
  ]
}