{
  "qid": 104750,
  "query": "Kế hoạch kiểm tra công tác thi hành án dân sự gồm những nội dung chủ yếu nào?",
  "metrics": {
    "mrr": 0.5,
    "map": 0.5,
    "p@1": 0.0,
    "r@1": 0.0,
    "ndcg@1": 0.0,
    "p@5": 0.2,
    "r@5": 1.0,
    "ndcg@5": 0.6309297535714575,
    "p@10": 0.1,
    "r@10": 1.0,
    "ndcg@10": 0.6309297535714575,
    "p@15": 0.06666666666666667,
    "r@15": 1.0,
    "ndcg@15": 0.6309297535714575
  },
  "retrieved": [
    837,
    838,
    819,
    946,
    2315,
    6794,
    843,
    6805,
    6795,
    9475,
    822,
    2314,
    2200,
    2330,
    818
  ],
  "ground_truth": [
    838
  ]
}