{
  "qid": 104893,
  "query": "Chứng chỉ hành nghề lưu trữ có giá trị bao lâu? Khi nào sẽ nhận được Chứng chỉ?",
  "metrics": {
    "mrr": 0.16666666666666666,
    "map": 0.22619047619047616,
    "p@1": 0.0,
    "r@1": 0.0,
    "ndcg@1": 0.0,
    "p@5": 0.0,
    "r@5": 0.0,
    "ndcg@5": 0.0,
    "p@10": 0.2,
    "r@10": 1.0,
    "ndcg@10": 0.4227898344066503,
    "p@15": 0.13333333333333333,
    "r@15": 1.0,
    "ndcg@15": 0.4227898344066503
  },
  "retrieved": [
    239,
    240,
    241,
    242,
    90,
    235,
    238,
    12352,
    3812,
    6410,
    9374,
    9368,
    9378,
    704,
    703
  ],
  "ground_truth": [
    235,
    238
  ]
}