{
  "qid": 104978,
  "query": "Trường hợp nào giáo viên phổ thông bị cắt phụ cấp trách nhiệm mà mình đang được hưởng?",
  "metrics": {
    "mrr": 0.5,
    "map": 0.5,
    "p@1": 0.0,
    "r@1": 0.0,
    "ndcg@1": 0.0,
    "p@5": 0.2,
    "r@5": 1.0,
    "ndcg@5": 0.6309297535714575,
    "p@10": 0.1,
    "r@10": 1.0,
    "ndcg@10": 0.6309297535714575
  },
  "retrieved": [
    1684,
    1685,
    13839,
    8464,
    7560,
    1683,
    8119,
    7631,
    4397,
    14107
  ]
}