{
  "qid": 105123,
  "query": "Chứng từ kế toán được lập dưới dạng điện tử không và được lưu trữ như thế nào?",
  "metrics": {
    "mrr": 0.25,
    "map": 0.25,
    "p@1": 0.0,
    "r@1": 0.0,
    "ndcg@1": 0.0,
    "p@5": 0.2,
    "r@5": 1.0,
    "ndcg@5": 0.43067655807339306,
    "p@10": 0.1,
    "r@10": 1.0,
    "ndcg@10": 0.43067655807339306
  },
  "retrieved": [
    13331,
    2860,
    2862,
    2883,
    2863,
    2861,
    7572,
    2865,
    12081,
    13327
  ]
}