{
  "qid": 105239,
  "query": "Báo cáo tài chính được quy định như thế nào?",
  "metrics": {
    "mrr": 0.3333333333333333,
    "map": 0.3333333333333333,
    "p@1": 0.0,
    "r@1": 0.0,
    "ndcg@1": 0.0,
    "p@5": 0.2,
    "r@5": 1.0,
    "ndcg@5": 0.5,
    "p@10": 0.1,
    "r@10": 1.0,
    "ndcg@10": 0.5,
    "p@15": 0.06666666666666667,
    "r@15": 1.0,
    "ndcg@15": 0.5
  },
  "retrieved": [
    12085,
    2063,
    2873,
    2872,
    900,
    12299,
    11342,
    2637,
    366,
    2874,
    3288,
    10111,
    2641,
    2636,
    10112
  ],
  "ground_truth": [
    2873
  ]
}