{
  "qid": 10539,
  "query": "Thời điểm bắt đầu tính thời hạn tước quyền sử dụng giấy phép là khi nào?",
  "metrics": {
    "mrr": 0.5,
    "map": 0.5,
    "p@1": 0.0,
    "r@1": 0.0,
    "ndcg@1": 0.0,
    "p@5": 0.2,
    "r@5": 1.0,
    "ndcg@5": 0.6309297535714575,
    "p@10": 0.1,
    "r@10": 1.0,
    "ndcg@10": 0.6309297535714575
  },
  "retrieved": [
    3531,
    10379,
    11898,
    9950,
    10447,
    13830,
    13145,
    11900,
    3279,
    11905
  ]
}