{
  "qid": 105420,
  "query": "Phương thức chiết khấu công cụ chuyển nhượng, giấy tờ có giá khác gồm những phương thức nào?",
  "metrics": {
    "mrr": 0.3333333333333333,
    "map": 0.3333333333333333,
    "p@1": 0.0,
    "r@1": 0.0,
    "ndcg@1": 0.0,
    "p@5": 0.2,
    "r@5": 1.0,
    "ndcg@5": 0.5,
    "p@10": 0.1,
    "r@10": 1.0,
    "ndcg@10": 0.5
  },
  "retrieved": [
    4014,
    4025,
    4021,
    4015,
    4026,
    4016,
    4027,
    2432,
    4020,
    163
  ]
}