{
  "qid": 105605,
  "query": "Nghĩa vụ của người làm chứng",
  "metrics": {
    "mrr": 0.16666666666666666,
    "map": 0.16666666666666666,
    "p@1": 0.0,
    "r@1": 0.0,
    "ndcg@1": 0.0,
    "p@5": 0.0,
    "r@5": 0.0,
    "ndcg@5": 0.0,
    "p@10": 0.1,
    "r@10": 1.0,
    "ndcg@10": 0.3562071871080222
  },
  "retrieved": [
    10781,
    10662,
    10788,
    10663,
    10568,
    10543,
    10664,
    7963,
    10770,
    10964
  ]
}