{
  "qid": 106060,
  "query": "Cơ quan điều tra ra quyết định không khởi tố vụ án hình sự trong những trường hợp nào?",
  "metrics": {
    "mrr": 0.16666666666666666,
    "map": 0.16666666666666666,
    "p@1": 0.0,
    "r@1": 0.0,
    "ndcg@1": 0.0,
    "p@5": 0.0,
    "r@5": 0.0,
    "ndcg@5": 0.0,
    "p@10": 0.1,
    "r@10": 1.0,
    "ndcg@10": 0.3562071871080222,
    "p@15": 0.06666666666666667,
    "r@15": 1.0,
    "ndcg@15": 0.3562071871080222
  },
  "retrieved": [
    10633,
    10638,
    10631,
    10635,
    10630,
    3569,
    10642,
    10641,
    10646,
    10513,
    10713,
    10517,
    10636,
    10516,
    3567
  ],
  "ground_truth": [
    3569
  ]
}