{
  "qid": 106589,
  "query": "Các loại xe bắt buộc phải lắp camera hành trình?",
  "metrics": {
    "mrr": 0.5,
    "map": 0.5,
    "p@1": 0.0,
    "r@1": 0.0,
    "ndcg@1": 0.0,
    "p@5": 0.2,
    "r@5": 1.0,
    "ndcg@5": 0.6309297535714575,
    "p@10": 0.1,
    "r@10": 1.0,
    "ndcg@10": 0.6309297535714575,
    "p@15": 0.06666666666666667,
    "r@15": 1.0,
    "ndcg@15": 0.6309297535714575
  },
  "retrieved": [
    13138,
    13139,
    10321,
    10326,
    4465,
    12306,
    10303,
    10304,
    12307,
    13158,
    13132,
    13149,
    10314,
    4458,
    12318
  ],
  "ground_truth": [
    13139,
    13139
  ]
}