{
  "qid": 106671,
  "query": "Báo cáo kết quả tập sự hành nghề đấu giá phải có nhận xét của những ai?",
  "metrics": {
    "mrr": 0.3333333333333333,
    "map": 0.3333333333333333,
    "p@1": 0.0,
    "r@1": 0.0,
    "ndcg@1": 0.0,
    "p@5": 0.2,
    "r@5": 1.0,
    "ndcg@5": 0.5,
    "p@10": 0.1,
    "r@10": 1.0,
    "ndcg@10": 0.5,
    "p@15": 0.06666666666666667,
    "r@15": 1.0,
    "ndcg@15": 0.5
  },
  "retrieved": [
    700,
    6578,
    6572,
    6565,
    6568,
    6570,
    6569,
    6564,
    6573,
    4207,
    4226,
    4209,
    6585,
    5842,
    4208
  ],
  "ground_truth": [
    6572
  ]
}