{
  "qid": 106628,
  "query": "Người trúng tuyển trong kỳ xét tuyển công chức được xác định như thế nào?",
  "metrics": {
    "mrr": 0.5,
    "map": 0.5,
    "p@1": 0.0,
    "r@1": 0.0,
    "ndcg@1": 0.0,
    "p@5": 0.2,
    "r@5": 1.0,
    "ndcg@5": 0.6309297535714575,
    "p@10": 0.1,
    "r@10": 1.0,
    "ndcg@10": 0.6309297535714575
  },
  "retrieved": [
    14219,
    14217,
    8737,
    13125,
    2372,
    2375,
    8075,
    4611,
    6923,
    3879
  ]
}