{
  "qid": 106766,
  "query": "Giáo viên trung học phổ thông hạng 1 có bắt buộc phải biết tiếng dân tộc không?",
  "metrics": {
    "mrr": 0.07692307692307693,
    "map": 0.07692307692307693,
    "p@1": 0.0,
    "r@1": 0.0,
    "ndcg@1": 0.0,
    "p@5": 0.0,
    "r@5": 0.0,
    "ndcg@5": 0.0,
    "p@10": 0.0,
    "r@10": 0.0,
    "ndcg@10": 0.0,
    "p@15": 0.06666666666666667,
    "r@15": 1.0,
    "ndcg@15": 0.26264953503719357
  },
  "retrieved": [
    4644,
    1539,
    3846,
    3852,
    1530,
    3847,
    2815,
    2820,
    1538,
    1535,
    12978,
    1531,
    1533,
    2817,
    6562
  ],
  "ground_truth": [
    1533
  ]
}