{
  "qid": 106844,
  "query": "Việc áp dụng các biện pháp kiểm dịch được thực hiện như thế nào?",
  "metrics": {
    "mrr": 0.09090909090909091,
    "map": 0.09090909090909091,
    "p@1": 0.0,
    "r@1": 0.0,
    "ndcg@1": 0.0,
    "p@5": 0.0,
    "r@5": 0.0,
    "ndcg@5": 0.0,
    "p@10": 0.0,
    "r@10": 0.0,
    "ndcg@10": 0.0,
    "p@15": 0.06666666666666667,
    "r@15": 1.0,
    "ndcg@15": 0.27894294565112987
  },
  "retrieved": [
    5283,
    14295,
    5286,
    14302,
    5287,
    5226,
    14301,
    10419,
    14294,
    10417,
    5285,
    5025,
    10718,
    12916,
    12915
  ],
  "ground_truth": [
    5285
  ]
}