{
  "qid": 107213,
  "query": "Có thể ủy quyền cho người khác đi đăng ký khai sinh cho con mình không?",
  "metrics": {
    "mrr": 0.125,
    "map": 0.125,
    "p@1": 0.0,
    "r@1": 0.0,
    "ndcg@1": 0.0,
    "p@5": 0.0,
    "r@5": 0.0,
    "ndcg@5": 0.0,
    "p@10": 0.1,
    "r@10": 1.0,
    "ndcg@10": 0.31546487678572877,
    "p@15": 0.06666666666666667,
    "r@15": 1.0,
    "ndcg@15": 0.31546487678572877
  },
  "retrieved": [
    3130,
    4563,
    2262,
    4561,
    4562,
    4572,
    4568,
    4555,
    7060,
    4577,
    5131,
    4560,
    4569,
    5137,
    5136
  ],
  "ground_truth": [
    4555
  ]
}