{
  "qid": 107346,
  "query": "Phải làm sao khi bị từ chối không giải quyết khiếu nại lần đầu?",
  "metrics": {
    "mrr": 0.5,
    "map": 0.5,
    "p@1": 0.0,
    "r@1": 0.0,
    "ndcg@1": 0.0,
    "p@5": 0.2,
    "r@5": 1.0,
    "ndcg@5": 0.6309297535714575,
    "p@10": 0.1,
    "r@10": 1.0,
    "ndcg@10": 0.6309297535714575
  },
  "retrieved": [
    1732,
    1733,
    1714,
    1718,
    1731,
    1751,
    1741,
    1754,
    11401,
    1756
  ]
}