{
  "qid": 107546,
  "query": "Viên chức được bổ nhiệm vào chức danh nghề nghiệp họa sĩ hạng 3 được xếp lương như thế nào?",
  "metrics": {
    "mrr": 0.3333333333333333,
    "map": 0.3333333333333333,
    "p@1": 0.0,
    "r@1": 0.0,
    "ndcg@1": 0.0,
    "p@5": 0.2,
    "r@5": 1.0,
    "ndcg@5": 0.5,
    "p@10": 0.1,
    "r@10": 1.0,
    "ndcg@10": 0.5,
    "p@15": 0.06666666666666667,
    "r@15": 1.0,
    "ndcg@15": 0.5
  },
  "retrieved": [
    7465,
    8457,
    1536,
    7458,
    14270,
    6460,
    14209,
    14235,
    14249,
    14239,
    14236,
    13119,
    3467,
    14269,
    6458
  ],
  "ground_truth": [
    1536
  ]
}