{
  "qid": 107545,
  "query": "Cục quản lý Dược phải thực hiện những biện pháp nào về bảo mật dữ liệu thuốc cho cơ sở đăng ký thuốc?",
  "metrics": {
    "mrr": 0.14285714285714285,
    "map": 0.14285714285714285,
    "p@1": 0.0,
    "r@1": 0.0,
    "ndcg@1": 0.0,
    "p@5": 0.0,
    "r@5": 0.0,
    "ndcg@5": 0.0,
    "p@10": 0.1,
    "r@10": 1.0,
    "ndcg@10": 0.3333333333333333,
    "p@15": 0.06666666666666667,
    "r@15": 1.0,
    "ndcg@15": 0.3333333333333333
  },
  "retrieved": [
    4725,
    4730,
    4736,
    4731,
    4737,
    4732,
    4733,
    4735,
    4729,
    9532,
    4728,
    4734,
    4726,
    9177,
    9178
  ],
  "ground_truth": [
    4733
  ]
}