{
  "qid": 10769,
  "query": "Công tác điều tra việc bán phá giá được thực hiện trong thời gian bao lâu?",
  "metrics": {
    "mrr": 0.2,
    "map": 0.2,
    "p@1": 0.0,
    "r@1": 0.0,
    "ndcg@1": 0.0,
    "p@5": 0.2,
    "r@5": 1.0,
    "ndcg@5": 0.38685280723454163,
    "p@10": 0.1,
    "r@10": 1.0,
    "ndcg@10": 0.38685280723454163
  },
  "retrieved": [
    12882,
    12867,
    5300,
    5293,
    12881,
    12883,
    12910,
    12911,
    12907,
    5303
  ]
}