{
  "qid": 10791,
  "query": "Tác giả ngành Nông nghiệp và Phát triển nông thôn được trao tặng Giải thưởng Bông lúa vàng Việt Nam cần đáp ứng các điều kiện gì?",
  "metrics": {
    "mrr": 0.125,
    "map": 0.125,
    "p@1": 0.0,
    "r@1": 0.0,
    "ndcg@1": 0.0,
    "p@5": 0.0,
    "r@5": 0.0,
    "ndcg@5": 0.0,
    "p@10": 0.1,
    "r@10": 1.0,
    "ndcg@10": 0.31546487678572877,
    "p@15": 0.06666666666666667,
    "r@15": 1.0,
    "ndcg@15": 0.31546487678572877
  },
  "retrieved": [
    6198,
    6208,
    8738,
    6201,
    8516,
    9879,
    13370,
    6202,
    6793,
    6212,
    8753,
    6200,
    6675,
    6792,
    13793
  ],
  "ground_truth": [
    6202
  ]
}