{
  "qid": 108038,
  "query": "Tổ chức kỷ niệm ngày thành lập vào năm tròn đối với cơ quan nhà nước cấp bộ được pháp luật quy định như thế nào?",
  "metrics": {
    "mrr": 0.5,
    "map": 0.5,
    "p@1": 0.0,
    "r@1": 0.0,
    "ndcg@1": 0.0,
    "p@5": 0.2,
    "r@5": 1.0,
    "ndcg@5": 0.6309297535714575,
    "p@10": 0.1,
    "r@10": 1.0,
    "ndcg@10": 0.6309297535714575
  },
  "retrieved": [
    13643,
    13648,
    13655,
    6663,
    13640,
    986,
    8254,
    6662,
    12832,
    14536
  ]
}