{
  "qid": 10818,
  "query": "Việc báo cáo tình hình điều chỉnh Giấy chứng nhận đầu tư được thực hiện như thế nào?",
  "metrics": {
    "mrr": 0.25,
    "map": 0.25,
    "p@1": 0.0,
    "r@1": 0.0,
    "ndcg@1": 0.0,
    "p@5": 0.2,
    "r@5": 1.0,
    "ndcg@5": 0.43067655807339306,
    "p@10": 0.1,
    "r@10": 1.0,
    "ndcg@10": 0.43067655807339306
  },
  "retrieved": [
    3454,
    14759,
    14758,
    14749,
    14737,
    14756,
    9604,
    3274,
    14760,
    14730
  ]
}