{
  "qid": 108611,
  "query": "Doanh nghiệp đấu giá tài sản đăng ký hoạt động như thế nào?",
  "metrics": {
    "mrr": 0.5,
    "map": 0.5,
    "p@1": 0.0,
    "r@1": 0.0,
    "ndcg@1": 0.0,
    "p@5": 0.2,
    "r@5": 1.0,
    "ndcg@5": 0.6309297535714575,
    "p@10": 0.1,
    "r@10": 1.0,
    "ndcg@10": 0.6309297535714575
  },
  "retrieved": [
    715,
    712,
    714,
    767,
    713,
    765,
    720,
    766,
    711,
    732
  ]
}