{
  "qid": 108735,
  "query": "Thuốc lá điện tử có thuộc Danh mục hàng hoá cấm nhập khẩu, tạm dừng nhập khẩu hay không?",
  "metrics": {
    "mrr": 0.09090909090909091,
    "map": 0.045454545454545456,
    "p@1": 0.0,
    "r@1": 0.0,
    "ndcg@1": 0.0,
    "p@5": 0.0,
    "r@5": 0.0,
    "ndcg@5": 0.0,
    "p@10": 0.0,
    "r@10": 0.0,
    "ndcg@10": 0.0,
    "p@15": 0.06666666666666667,
    "r@15": 0.5,
    "ndcg@15": 0.1710330840677181
  },
  "retrieved": [
    8325,
    8326,
    5233,
    5274,
    5271,
    9938,
    5272,
    4940,
    5273,
    8324,
    5235,
    5254,
    14567,
    5262,
    5267
  ],
  "ground_truth": [
    5232,
    5235
  ]
}