{
  "qid": 108831,
  "query": "Vị trí lắp đặt thiết bị phát tín hiệu của xe ưu tiên được quy định như thế nào?",
  "metrics": {
    "mrr": 0.08333333333333333,
    "map": 0.08333333333333333,
    "p@1": 0.0,
    "r@1": 0.0,
    "ndcg@1": 0.0,
    "p@5": 0.0,
    "r@5": 0.0,
    "ndcg@5": 0.0,
    "p@10": 0.0,
    "r@10": 0.0,
    "ndcg@10": 0.0,
    "p@15": 0.06666666666666667,
    "r@15": 1.0,
    "ndcg@15": 0.27023815442731974
  },
  "retrieved": [
    12317,
    3966,
    3969,
    12305,
    3967,
    3972,
    3968,
    12320,
    3970,
    12322,
    12321,
    12318,
    12319,
    3971,
    12309
  ],
  "ground_truth": [
    12318
  ]
}