{
  "qid": 108820,
  "query": "Đối với xe xi téc vận chuyển nhiên liệu hàng không được thực hiện kiểm tra khi nào?",
  "metrics": {
    "mrr": 0.16666666666666666,
    "map": 0.16666666666666666,
    "p@1": 0.0,
    "r@1": 0.0,
    "ndcg@1": 0.0,
    "p@5": 0.0,
    "r@5": 0.0,
    "ndcg@5": 0.0,
    "p@10": 0.1,
    "r@10": 1.0,
    "ndcg@10": 0.3562071871080222,
    "p@15": 0.06666666666666667,
    "r@15": 1.0,
    "ndcg@15": 0.3562071871080222
  },
  "retrieved": [
    4353,
    4358,
    4331,
    4357,
    4333,
    4344,
    4350,
    4351,
    4348,
    4345,
    4352,
    4363,
    4355,
    4370,
    4342
  ],
  "ground_truth": [
    4344
  ]
}