{
  "qid": 109014,
  "query": "Ai có quyền ra quyết định khởi tố vụ án khủng bố nhằm chống chính quyền nhân dân?",
  "metrics": {
    "mrr": 0.1,
    "map": 0.1,
    "p@1": 0.0,
    "r@1": 0.0,
    "ndcg@1": 0.0,
    "p@5": 0.0,
    "r@5": 0.0,
    "ndcg@5": 0.0,
    "p@10": 0.1,
    "r@10": 1.0,
    "ndcg@10": 0.2890648263178879,
    "p@15": 0.06666666666666667,
    "r@15": 1.0,
    "ndcg@15": 0.2890648263178879
  },
  "retrieved": [
    10635,
    10638,
    7156,
    10633,
    10631,
    2248,
    7162,
    7161,
    2250,
    10630,
    7159,
    3569,
    7155,
    7158,
    2255
  ],
  "ground_truth": [
    10630
  ]
}