{
  "qid": 109261,
  "query": "Hợp đồng bao thanh toán bao gồm những nội dung nào?",
  "metrics": {
    "mrr": 0.3333333333333333,
    "map": 0.3333333333333333,
    "p@1": 0.0,
    "r@1": 0.0,
    "ndcg@1": 0.0,
    "p@5": 0.2,
    "r@5": 1.0,
    "ndcg@5": 0.5,
    "p@10": 0.1,
    "r@10": 1.0,
    "ndcg@10": 0.5,
    "p@15": 0.06666666666666667,
    "r@15": 1.0,
    "ndcg@15": 0.5
  },
  "retrieved": [
    2450,
    2437,
    2444,
    2442,
    2436,
    2433,
    2443,
    2446,
    2440,
    2445,
    2447,
    2438,
    2434,
    2448,
    2439
  ],
  "ground_truth": [
    2444
  ]
}