{
  "qid": 10924,
  "query": "Có phải kiểm tra, xác minh thông tin, tài liệu thu thập được trong quá trình thực hiện cuộc thanh tra không?",
  "metrics": {
    "mrr": 0.5,
    "map": 0.5,
    "p@1": 0.0,
    "r@1": 0.0,
    "ndcg@1": 0.0,
    "p@5": 0.2,
    "r@5": 1.0,
    "ndcg@5": 0.6309297535714575,
    "p@10": 0.1,
    "r@10": 1.0,
    "ndcg@10": 0.6309297535714575
  },
  "retrieved": [
    2017,
    4972,
    4836,
    8214,
    4971,
    6159,
    1494,
    8207,
    8218,
    8209
  ]
}