{
  "qid": 109384,
  "query": "Tàu vận tải khách du lịch bằng đường thủy nội địa được cấp biển hiệu khi đáp ứng các điều kiện gì?",
  "metrics": {
    "mrr": 0.3333333333333333,
    "map": 0.3333333333333333,
    "p@1": 0.0,
    "r@1": 0.0,
    "ndcg@1": 0.0,
    "p@5": 0.2,
    "r@5": 1.0,
    "ndcg@5": 0.5,
    "p@10": 0.1,
    "r@10": 1.0,
    "ndcg@10": 0.5
  },
  "retrieved": [
    9059,
    9106,
    9789,
    9109,
    9045,
    9081,
    9083,
    9084,
    9108,
    9107
  ]
}