{
  "qid": 109681,
  "query": "Muốn kinh doanh vận tải bằng xe ô tô đối với ô tô chở hàng nông sản tải trọng 850kg thì xin giấy phép ở cơ quan nào?",
  "metrics": {
    "mrr": 0.3333333333333333,
    "map": 0.3333333333333333,
    "p@1": 0.0,
    "r@1": 0.0,
    "ndcg@1": 0.0,
    "p@5": 0.2,
    "r@5": 1.0,
    "ndcg@5": 0.5,
    "p@10": 0.1,
    "r@10": 1.0,
    "ndcg@10": 0.5
  },
  "retrieved": [
    13127,
    13128,
    13143,
    13162,
    10326,
    13150,
    13149,
    4449,
    13135,
    4471
  ]
}