{
  "qid": 11005,
  "query": "Người làm công tác cơ yếu không phải là quân nhân, Công an nhân dân khi chuyển ngành được hưởng quyền lợi gì?",
  "metrics": {
    "mrr": 0.3333333333333333,
    "map": 0.3333333333333333,
    "p@1": 0.0,
    "r@1": 0.0,
    "ndcg@1": 0.0,
    "p@5": 0.2,
    "r@5": 1.0,
    "ndcg@5": 0.5,
    "p@10": 0.1,
    "r@10": 1.0,
    "ndcg@10": 0.5,
    "p@15": 0.06666666666666667,
    "r@15": 1.0,
    "ndcg@15": 0.5
  },
  "retrieved": [
    4791,
    4795,
    4799,
    5032,
    11843,
    7555,
    4786,
    7565,
    4792,
    4787,
    5033,
    4790,
    4771,
    4766,
    3937
  ],
  "ground_truth": [
    4799
  ]
}