{
  "qid": 110685,
  "query": "Công chức Kiểm lâm có được sử dụng vũ khí, công cụ hỗ trợ trong lúc làm nhiệm vụ không?",
  "metrics": {
    "mrr": 0.5,
    "map": 0.5,
    "p@1": 0.0,
    "r@1": 0.0,
    "ndcg@1": 0.0,
    "p@5": 0.2,
    "r@5": 1.0,
    "ndcg@5": 0.6309297535714575,
    "p@10": 0.1,
    "r@10": 1.0,
    "ndcg@10": 0.6309297535714575,
    "p@15": 0.06666666666666667,
    "r@15": 1.0,
    "ndcg@15": 0.6309297535714575
  },
  "retrieved": [
    1215,
    1210,
    105,
    7050,
    5873,
    1214,
    1213,
    14425,
    1216,
    13433,
    13429,
    13449,
    774,
    13440,
    13437
  ],
  "ground_truth": [
    1210
  ]
}