{
  "qid": 110705,
  "query": "Giấy chứng nhận đủ điều kiện kinh doanh đặt cược bóng đá quốc tế gồm những nội dung nào?",
  "metrics": {
    "mrr": 1.0,
    "map": 0.5,
    "p@1": 1.0,
    "r@1": 0.5,
    "ndcg@1": 1.0,
    "p@5": 0.2,
    "r@5": 0.5,
    "ndcg@5": 0.6131471927654584,
    "p@10": 0.1,
    "r@10": 0.5,
    "ndcg@10": 0.6131471927654584,
    "p@15": 0.06666666666666667,
    "r@15": 0.5,
    "ndcg@15": 0.6131471927654584
  },
  "retrieved": [
    6504,
    6505,
    6502,
    6501,
    3247,
    6467,
    11025,
    6476,
    6533,
    6514,
    6498,
    6469,
    6534,
    6466,
    6499
  ],
  "ground_truth": [
    6504,
    6496
  ]
}