{
  "qid": 110783,
  "query": "Trường hợp nào Hội đồng xét xử phúc thẩm ra quyết định sửa bản án sơ thẩm?",
  "metrics": {
    "mrr": 0.1,
    "map": 0.1,
    "p@1": 0.0,
    "r@1": 0.0,
    "ndcg@1": 0.0,
    "p@5": 0.0,
    "r@5": 0.0,
    "ndcg@5": 0.0,
    "p@10": 0.1,
    "r@10": 1.0,
    "ndcg@10": 0.2890648263178879,
    "p@15": 0.06666666666666667,
    "r@15": 1.0,
    "ndcg@15": 0.2890648263178879
  },
  "retrieved": [
    10832,
    10835,
    10837,
    10867,
    10838,
    10504,
    10865,
    10836,
    10868,
    10834,
    10833,
    10807,
    10937,
    10737,
    10825
  ],
  "ground_truth": [
    10834
  ]
}