{
  "qid": 110726,
  "query": "Trường hợp nào quân nhân chuyên nghiệp có thể nghỉ phép nhưng lại không bị trừ ngày phép năm?",
  "metrics": {
    "mrr": 0.16666666666666666,
    "map": 0.16666666666666666,
    "p@1": 0.0,
    "r@1": 0.0,
    "ndcg@1": 0.0,
    "p@5": 0.0,
    "r@5": 0.0,
    "ndcg@5": 0.0,
    "p@10": 0.1,
    "r@10": 1.0,
    "ndcg@10": 0.3562071871080222
  },
  "retrieved": [
    13889,
    13887,
    13882,
    13888,
    6943,
    13883,
    13879,
    13878,
    13880,
    13881
  ]
}