{
  "qid": 110985,
  "query": "Giáo viên tiểu học để được bổ nhiệm trở thành giáo viên tiểu học hạng II thì phải đạt những tiêu chuẩn nào?",
  "metrics": {
    "mrr": 0.2,
    "map": 0.2,
    "p@1": 0.0,
    "r@1": 0.0,
    "ndcg@1": 0.0,
    "p@5": 0.2,
    "r@5": 1.0,
    "ndcg@5": 0.38685280723454163,
    "p@10": 0.1,
    "r@10": 1.0,
    "ndcg@10": 0.38685280723454163
  },
  "retrieved": [
    2820,
    1538,
    2815,
    1537,
    2817,
    2814,
    3852,
    1535,
    1530,
    3847
  ]
}