{
  "qid": 111263,
  "query": "Điều kiện để doanh nghiệp sản xuất hàng hóa xuất khẩu được công nhận kho bảo thuế là gì?",
  "metrics": {
    "mrr": 0.5,
    "map": 0.5,
    "p@1": 0.0,
    "r@1": 0.0,
    "ndcg@1": 0.0,
    "p@5": 0.2,
    "r@5": 1.0,
    "ndcg@5": 0.6309297535714575,
    "p@10": 0.1,
    "r@10": 1.0,
    "ndcg@10": 0.6309297535714575,
    "p@15": 0.06666666666666667,
    "r@15": 1.0,
    "ndcg@15": 0.6309297535714575
  },
  "retrieved": [
    8400,
    8399,
    8402,
    8401,
    8403,
    8392,
    10387,
    10389,
    10408,
    10393,
    13358,
    8343,
    8324,
    8323,
    8326
  ],
  "ground_truth": [
    8399
  ]
}