{
  "qid": 111245,
  "query": "Trường hợp nào sẽ áp dụng hình thức xử lý kỷ luật hạ bậc lương đối với công chức?",
  "metrics": {
    "mrr": 0.06666666666666667,
    "map": 0.06666666666666667,
    "p@1": 0.0,
    "r@1": 0.0,
    "ndcg@1": 0.0,
    "p@5": 0.0,
    "r@5": 0.0,
    "ndcg@5": 0.0,
    "p@10": 0.0,
    "r@10": 0.0,
    "ndcg@10": 0.0,
    "p@15": 0.06666666666666667,
    "r@15": 1.0,
    "ndcg@15": 0.25
  },
  "retrieved": [
    13779,
    13753,
    13764,
    13742,
    13778,
    3868,
    13755,
    8224,
    13761,
    13765,
    13741,
    2069,
    8170,
    13745,
    13749
  ],
  "ground_truth": [
    13749
  ]
}