{
  "qid": 111339,
  "query": "Nhà xuất khẩu mới có quyền nộp Hồ sơ yêu cầu rà soát biện pháp chống bán phá giá, chống trợ cấp khi đáp ứng các điều kiện gì?",
  "metrics": {
    "mrr": 0.14285714285714285,
    "map": 0.14285714285714285,
    "p@1": 0.0,
    "r@1": 0.0,
    "ndcg@1": 0.0,
    "p@5": 0.0,
    "r@5": 0.0,
    "ndcg@5": 0.0,
    "p@10": 0.1,
    "r@10": 1.0,
    "ndcg@10": 0.3333333333333333,
    "p@15": 0.06666666666666667,
    "r@15": 1.0,
    "ndcg@15": 0.3333333333333333
  },
  "retrieved": [
    12906,
    12905,
    12909,
    12908,
    12911,
    12910,
    12912,
    12907,
    12891,
    12884,
    12892,
    5305,
    12914,
    12890,
    12879
  ],
  "ground_truth": [
    12912
  ]
}