{
  "qid": 111663,
  "query": "Thừa phát lại không được tổ chức thi hành án đối với những bản án, quyết định nào?",
  "metrics": {
    "mrr": 0.14285714285714285,
    "map": 0.14285714285714285,
    "p@1": 0.0,
    "r@1": 0.0,
    "ndcg@1": 0.0,
    "p@5": 0.0,
    "r@5": 0.0,
    "ndcg@5": 0.0,
    "p@10": 0.1,
    "r@10": 1.0,
    "ndcg@10": 0.3333333333333333,
    "p@15": 0.06666666666666667,
    "r@15": 1.0,
    "ndcg@15": 0.3333333333333333
  },
  "retrieved": [
    8981,
    8978,
    8979,
    820,
    12713,
    10842,
    8977,
    821,
    7446,
    9410,
    8973,
    10854,
    8984,
    9417,
    8982
  ],
  "ground_truth": [
    8977
  ]
}