{
  "qid": 111740,
  "query": "Có bắt buộc tất cả người dân phải đổi từ chứng minh sang căn cước công dân gắn chip?",
  "metrics": {
    "mrr": 0.06666666666666667,
    "map": 0.06666666666666667,
    "p@1": 0.0,
    "r@1": 0.0,
    "ndcg@1": 0.0,
    "p@5": 0.0,
    "r@5": 0.0,
    "ndcg@5": 0.0,
    "p@10": 0.0,
    "r@10": 0.0,
    "ndcg@10": 0.0,
    "p@15": 0.06666666666666667,
    "r@15": 1.0,
    "ndcg@15": 0.25
  },
  "retrieved": [
    12637,
    12633,
    12639,
    12630,
    12642,
    12634,
    12638,
    12635,
    12644,
    12632,
    12643,
    12636,
    12641,
    12645,
    4673
  ],
  "ground_truth": [
    4673
  ]
}