{
  "qid": 112063,
  "query": "Khi thực hiện sửa chữa sổ kế toán có bắt buộc phải có chữ ký của kế toán trưởng đơn vị kế toán hay không?",
  "metrics": {
    "mrr": 0.125,
    "map": 0.125,
    "p@1": 0.0,
    "r@1": 0.0,
    "ndcg@1": 0.0,
    "p@5": 0.0,
    "r@5": 0.0,
    "ndcg@5": 0.0,
    "p@10": 0.1,
    "r@10": 1.0,
    "ndcg@10": 0.31546487678572877,
    "p@15": 0.06666666666666667,
    "r@15": 1.0,
    "ndcg@15": 0.31546487678572877
  },
  "retrieved": [
    2891,
    2897,
    2895,
    5827,
    12083,
    2869,
    2892,
    2871,
    2870,
    2899,
    2896,
    2893,
    5826,
    9147,
    2868
  ],
  "ground_truth": [
    2871
  ]
}