{
  "qid": 11208,
  "query": "Kế toán trưởng tại doanh nghiệp do Nhà nước nắm giữ trên 50% vốn điều lệ có những quyền hạn nào tại doanh nghiệp?",
  "metrics": {
    "mrr": 0.08333333333333333,
    "map": 0.08333333333333333,
    "p@1": 0.0,
    "r@1": 0.0,
    "ndcg@1": 0.0,
    "p@5": 0.0,
    "r@5": 0.0,
    "ndcg@5": 0.0,
    "p@10": 0.0,
    "r@10": 0.0,
    "ndcg@10": 0.0,
    "p@15": 0.06666666666666667,
    "r@15": 1.0,
    "ndcg@15": 0.27023815442731974
  },
  "retrieved": [
    13043,
    13046,
    14069,
    14063,
    4450,
    2895,
    12016,
    14065,
    13048,
    13045,
    13944,
    2897,
    13057,
    13054,
    940
  ],
  "ground_truth": [
    2897
  ]
}