{
  "qid": 112168,
  "query": "Điều kiện xét tặng danh hiệu Cờ thi đua của Chính phủ trong ngành Kiểm sát nhân dân là gì?",
  "metrics": {
    "mrr": 0.5,
    "map": 0.5,
    "p@1": 0.0,
    "r@1": 0.0,
    "ndcg@1": 0.0,
    "p@5": 0.2,
    "r@5": 1.0,
    "ndcg@5": 0.6309297535714575,
    "p@10": 0.1,
    "r@10": 1.0,
    "ndcg@10": 0.6309297535714575,
    "p@15": 0.06666666666666667,
    "r@15": 1.0,
    "ndcg@15": 0.6309297535714575
  },
  "retrieved": [
    1336,
    1337,
    1149,
    3476,
    1333,
    1360,
    1148,
    5593,
    5588,
    1320,
    7853,
    1331,
    6295,
    7851,
    7687
  ],
  "ground_truth": [
    1337
  ]
}