{
  "qid": 112178,
  "query": "Đại lý lữ hành có phải thông báo cho cơ quan chuyên môn về du lịch cấp tỉnh thông tin về doanh nghiệp giao đại lý lữ hành không?",
  "metrics": {
    "mrr": 0.5,
    "map": 0.5,
    "p@1": 0.0,
    "r@1": 0.0,
    "ndcg@1": 0.0,
    "p@5": 0.2,
    "r@5": 1.0,
    "ndcg@5": 0.6309297535714575,
    "p@10": 0.1,
    "r@10": 1.0,
    "ndcg@10": 0.6309297535714575,
    "p@15": 0.06666666666666667,
    "r@15": 1.0,
    "ndcg@15": 0.6309297535714575
  },
  "retrieved": [
    9785,
    9786,
    9783,
    9784,
    6609,
    9780,
    9777,
    9775,
    9782,
    9773,
    9774,
    9787,
    6612,
    9778,
    9779
  ],
  "ground_truth": [
    9786
  ]
}