{
  "qid": 112321,
  "query": "Hồ sơ đề nghị công nhận ngày truyền thống của cơ quan nhà nước cấp bộ phải chuẩn bị những giấy tờ gì?",
  "metrics": {
    "mrr": 0.5,
    "map": 0.5,
    "p@1": 0.0,
    "r@1": 0.0,
    "ndcg@1": 0.0,
    "p@5": 0.2,
    "r@5": 1.0,
    "ndcg@5": 0.6309297535714575,
    "p@10": 0.1,
    "r@10": 1.0,
    "ndcg@10": 0.6309297535714575,
    "p@15": 0.06666666666666667,
    "r@15": 1.0,
    "ndcg@15": 0.6309297535714575
  },
  "retrieved": [
    13646,
    13645,
    13644,
    13656,
    13640,
    13647,
    1880,
    8254,
    1883,
    14831,
    8844,
    13493,
    2152,
    13505,
    13502
  ],
  "ground_truth": [
    13645
  ]
}