{
  "qid": 112384,
  "query": "Kiểm tra việc thực hiện công tác quản lý nhà nước về đầu tư nước ngoài được thực hiện theo những hình thức nào?",
  "metrics": {
    "mrr": 0.3333333333333333,
    "map": 0.3333333333333333,
    "p@1": 0.0,
    "r@1": 0.0,
    "ndcg@1": 0.0,
    "p@5": 0.2,
    "r@5": 1.0,
    "ndcg@5": 0.5,
    "p@10": 0.1,
    "r@10": 1.0,
    "ndcg@10": 0.5,
    "p@15": 0.06666666666666667,
    "r@15": 1.0,
    "ndcg@15": 0.5
  },
  "retrieved": [
    9594,
    9595,
    9606,
    9598,
    14699,
    2306,
    9618,
    9604,
    9609,
    3644,
    6822,
    9608,
    14702,
    14698,
    6820
  ],
  "ground_truth": [
    9606
  ]
}