{
  "qid": 112735,
  "query": "Đối tượng nào được ưu tiên trong tuyển dụng viên chức? Điểm ưu tiên được cộng là bao nhiêu?",
  "metrics": {
    "mrr": 0.07692307692307693,
    "map": 0.07692307692307693,
    "p@1": 0.0,
    "r@1": 0.0,
    "ndcg@1": 0.0,
    "p@5": 0.0,
    "r@5": 0.0,
    "ndcg@5": 0.0,
    "p@10": 0.0,
    "r@10": 0.0,
    "ndcg@10": 0.0,
    "p@15": 0.06666666666666667,
    "r@15": 1.0,
    "ndcg@15": 0.26264953503719357
  },
  "retrieved": [
    14225,
    14211,
    14223,
    12319,
    4188,
    7799,
    14268,
    12317,
    14274,
    7805,
    12305,
    14215,
    14213,
    8318,
    12322
  ],
  "ground_truth": [
    14213
  ]
}