{
  "qid": 113125,
  "query": "Thời hiệu khiếu nại quyết định, hành vi trong tố tụng dân sự là bao nhiêu năm?",
  "metrics": {
    "mrr": 0.5,
    "map": 0.5,
    "p@1": 0.0,
    "r@1": 0.0,
    "ndcg@1": 0.0,
    "p@5": 0.2,
    "r@5": 1.0,
    "ndcg@5": 0.6309297535714575,
    "p@10": 0.1,
    "r@10": 1.0,
    "ndcg@10": 0.6309297535714575
  },
  "retrieved": [
    1709,
    10939,
    4809,
    10941,
    1491,
    1711,
    11401,
    1740,
    1499,
    12702
  ]
}