{
  "qid": 113167,
  "query": "Ai có quyền bắt người đang bị truy nã?",
  "metrics": {
    "mrr": 0.14285714285714285,
    "map": 0.14285714285714285,
    "p@1": 0.0,
    "r@1": 0.0,
    "ndcg@1": 0.0,
    "p@5": 0.0,
    "r@5": 0.0,
    "ndcg@5": 0.0,
    "p@10": 0.1,
    "r@10": 1.0,
    "ndcg@10": 0.3333333333333333,
    "p@15": 0.06666666666666667,
    "r@15": 1.0,
    "ndcg@15": 0.3333333333333333
  },
  "retrieved": [
    10591,
    10535,
    10590,
    10593,
    10708,
    10586,
    10588,
    10592,
    6995,
    10487,
    10557,
    10508,
    10536,
    11833,
    7348
  ],
  "ground_truth": [
    10588
  ]
}