{
  "qid": 113371,
  "query": "Công tác phối hợp bảo đảm trật tự, an toàn giao thông đường sắt được thực hiện theo nguyên tắc nào?",
  "metrics": {
    "mrr": 0.16666666666666666,
    "map": 0.16666666666666666,
    "p@1": 0.0,
    "r@1": 0.0,
    "ndcg@1": 0.0,
    "p@5": 0.0,
    "r@5": 0.0,
    "ndcg@5": 0.0,
    "p@10": 0.1,
    "r@10": 1.0,
    "ndcg@10": 0.3562071871080222,
    "p@15": 0.06666666666666667,
    "r@15": 1.0,
    "ndcg@15": 0.3562071871080222
  },
  "retrieved": [
    8108,
    8111,
    8114,
    8112,
    8113,
    8110,
    8109,
    8115,
    10353,
    10346,
    10347,
    10350,
    6767,
    789,
    10356
  ],
  "ground_truth": [
    8110
  ]
}