{
  "qid": 113375,
  "query": "Điều kiện để rút bảo hiểm xã hội 1 lần như thế nào?",
  "metrics": {
    "mrr": 0.2,
    "map": 0.2,
    "p@1": 0.0,
    "r@1": 0.0,
    "ndcg@1": 0.0,
    "p@5": 0.2,
    "r@5": 1.0,
    "ndcg@5": 0.38685280723454163,
    "p@10": 0.1,
    "r@10": 1.0,
    "ndcg@10": 0.38685280723454163
  },
  "retrieved": [
    11870,
    11859,
    797,
    14105,
    14094,
    8438,
    11858,
    14097,
    8420,
    8427
  ]
}