{
  "qid": 113430,
  "query": "Ban hành chế độ báo cáo định kỳ phải đảm bảo yêu cầu gì?",
  "metrics": {
    "mrr": 0.5,
    "map": 0.5,
    "p@1": 0.0,
    "r@1": 0.0,
    "ndcg@1": 0.0,
    "p@5": 0.2,
    "r@5": 1.0,
    "ndcg@5": 0.6309297535714575,
    "p@10": 0.1,
    "r@10": 1.0,
    "ndcg@10": 0.6309297535714575,
    "p@15": 0.06666666666666667,
    "r@15": 1.0,
    "ndcg@15": 0.6309297535714575
  },
  "retrieved": [
    10108,
    10115,
    10156,
    3608,
    10134,
    10113,
    10105,
    10109,
    10151,
    10149,
    10153,
    10112,
    10106,
    10157,
    3607
  ],
  "ground_truth": [
    10115
  ]
}