{
  "qid": 113537,
  "query": "Thời gian chốt số liệu báo cáo tình hình quản lý hoạt động đầu tư xây dựng như thế nào?",
  "metrics": {
    "mrr": 0.5,
    "map": 0.5,
    "p@1": 0.0,
    "r@1": 0.0,
    "ndcg@1": 0.0,
    "p@5": 0.2,
    "r@5": 1.0,
    "ndcg@5": 0.6309297535714575,
    "p@10": 0.1,
    "r@10": 1.0,
    "ndcg@10": 0.6309297535714575
  },
  "retrieved": [
    2673,
    10116,
    3613,
    1307,
    10112,
    10111,
    13225,
    14749,
    3328,
    6833
  ]
}