{
  "qid": 113685,
  "query": "Thời gian trả lời hồ sơ đề nghị cử chức sắc, chức việc, nhà tu hành, tín đồ tham gia hoạt động tôn giáo, đào tạo tôn giáo ở nước ngoài là bao lâu?",
  "metrics": {
    "mrr": 0.5,
    "map": 0.5,
    "p@1": 0.0,
    "r@1": 0.0,
    "ndcg@1": 0.0,
    "p@5": 0.2,
    "r@5": 1.0,
    "ndcg@5": 0.6309297535714575,
    "p@10": 0.1,
    "r@10": 1.0,
    "ndcg@10": 0.6309297535714575,
    "p@15": 0.06666666666666667,
    "r@15": 1.0,
    "ndcg@15": 0.6309297535714575
  },
  "retrieved": [
    2182,
    2180,
    2178,
    2138,
    2139,
    2132,
    4261,
    2193,
    2134,
    2136,
    2183,
    2168,
    2172,
    2153,
    2166
  ],
  "ground_truth": [
    2180
  ]
}