{
  "qid": 114161,
  "query": "Được dùng ngoại tệ để thanh toán số tiền mua, bán nợ hay không?",
  "metrics": {
    "mrr": 0.2,
    "map": 0.2,
    "p@1": 0.0,
    "r@1": 0.0,
    "ndcg@1": 0.0,
    "p@5": 0.2,
    "r@5": 1.0,
    "ndcg@5": 0.38685280723454163,
    "p@10": 0.1,
    "r@10": 1.0,
    "ndcg@10": 0.38685280723454163
  },
  "retrieved": [
    9553,
    9557,
    9547,
    9561,
    9552,
    9548,
    9560,
    2771,
    9556,
    9564
  ]
}