{
  "qid": 114238,
  "query": "Thời hạn bảo mật dữ liệu thử nghiệm trong đăng ký thuốc trong bao lâu?",
  "metrics": {
    "mrr": 0.16666666666666666,
    "map": 0.16666666666666666,
    "p@1": 0.0,
    "r@1": 0.0,
    "ndcg@1": 0.0,
    "p@5": 0.0,
    "r@5": 0.0,
    "ndcg@5": 0.0,
    "p@10": 0.1,
    "r@10": 1.0,
    "ndcg@10": 0.3562071871080222,
    "p@15": 0.06666666666666667,
    "r@15": 1.0,
    "ndcg@15": 0.3562071871080222
  },
  "retrieved": [
    4735,
    4726,
    4733,
    4736,
    4728,
    4734,
    4731,
    4737,
    4730,
    4729,
    4725,
    4722,
    4724,
    4732,
    14821
  ],
  "ground_truth": [
    4734
  ]
}