{
  "qid": 114213,
  "query": "Thời điểm lập hóa đơn điện tử là khi nào?",
  "metrics": {
    "mrr": 0.07142857142857142,
    "map": 0.07142857142857142,
    "p@1": 0.0,
    "r@1": 0.0,
    "ndcg@1": 0.0,
    "p@5": 0.0,
    "r@5": 0.0,
    "ndcg@5": 0.0,
    "p@10": 0.0,
    "r@10": 0.0,
    "ndcg@10": 0.0,
    "p@15": 0.06666666666666667,
    "r@15": 1.0,
    "ndcg@15": 0.2559580248098155
  },
  "retrieved": [
    14856,
    14854,
    14876,
    14862,
    14886,
    14874,
    14871,
    14882,
    14870,
    14887,
    14865,
    14864,
    14884,
    14860,
    14881
  ],
  "ground_truth": [
    14860
  ]
}