{
  "qid": 114425,
  "query": "Trường hợp nào người điều khiển xe máy có đội mũ bảo hiểm nhưng vẫn bị phạt?",
  "metrics": {
    "mrr": 0.1,
    "map": 0.1,
    "p@1": 0.0,
    "r@1": 0.0,
    "ndcg@1": 0.0,
    "p@5": 0.0,
    "r@5": 0.0,
    "ndcg@5": 0.0,
    "p@10": 0.1,
    "r@10": 1.0,
    "ndcg@10": 0.2890648263178879,
    "p@15": 0.06666666666666667,
    "r@15": 1.0,
    "ndcg@15": 0.2890648263178879
  },
  "retrieved": [
    10320,
    6171,
    6170,
    5997,
    14836,
    5996,
    6176,
    6172,
    6174,
    6177,
    6002,
    6179,
    6178,
    10306,
    6183
  ],
  "ground_truth": [
    6177
  ]
}