{
  "qid": 114550,
  "query": "Điều kiện của chủ thể có thẩm quyền tiến hành tố tụng đối với vụ án có người dưới 18 tuổi?",
  "metrics": {
    "mrr": 0.25,
    "map": 0.25,
    "p@1": 0.0,
    "r@1": 0.0,
    "ndcg@1": 0.0,
    "p@5": 0.2,
    "r@5": 1.0,
    "ndcg@5": 0.43067655807339306,
    "p@10": 0.1,
    "r@10": 1.0,
    "ndcg@10": 0.43067655807339306,
    "p@15": 0.06666666666666667,
    "r@15": 1.0,
    "ndcg@15": 0.43067655807339306
  },
  "retrieved": [
    6692,
    6695,
    10891,
    6696,
    6693,
    6698,
    10526,
    10628,
    6700,
    1180,
    6704,
    2516,
    2532,
    10773,
    10890
  ],
  "ground_truth": [
    6696
  ]
}