{
  "qid": 114718,
  "query": "Sử dụng phương tiện vận chuyển vật liệu phóng xạ không đúng quy định về an toàn bức xạ thì tổ chức bị xử phạt thế nào?",
  "metrics": {
    "mrr": 1.0,
    "map": 0.5,
    "p@1": 1.0,
    "r@1": 0.5,
    "ndcg@1": 1.0,
    "p@5": 0.2,
    "r@5": 0.5,
    "ndcg@5": 0.6131471927654584,
    "p@10": 0.1,
    "r@10": 0.5,
    "ndcg@10": 0.6131471927654584,
    "p@15": 0.06666666666666667,
    "r@15": 0.5,
    "ndcg@15": 0.6131471927654584
  },
  "retrieved": [
    12035,
    12045,
    1226,
    6937,
    12020,
    1228,
    12023,
    12021,
    1224,
    11157,
    6936,
    1230,
    12032,
    4033,
    12024
  ],
  "ground_truth": [
    12035,
    12022
  ]
}