{
  "qid": 114831,
  "query": "Tổ chức tôn giáo có địa bàn hoạt động ở nhiều tỉnh muốn được công nhận phải đáp ứng những điều kiện gì?",
  "metrics": {
    "mrr": 0.25,
    "map": 0.25,
    "p@1": 0.0,
    "r@1": 0.0,
    "ndcg@1": 0.0,
    "p@5": 0.2,
    "r@5": 1.0,
    "ndcg@5": 0.43067655807339306,
    "p@10": 0.1,
    "r@10": 1.0,
    "ndcg@10": 0.43067655807339306,
    "p@15": 0.06666666666666667,
    "r@15": 1.0,
    "ndcg@15": 0.43067655807339306
  },
  "retrieved": [
    2152,
    2173,
    2155,
    2146,
    2161,
    2132,
    4261,
    2137,
    2160,
    2153,
    2180,
    2197,
    2178,
    2175,
    2157
  ],
  "ground_truth": [
    2146
  ]
}