{
  "qid": 114921,
  "query": "Vừa được bằng khen của Ủy ban nhân dân tỉnh vừa được danh hiệu thi đua thì được nhận tiền thưởng như thế nào?",
  "metrics": {
    "mrr": 0.3333333333333333,
    "map": 0.3333333333333333,
    "p@1": 0.0,
    "r@1": 0.0,
    "ndcg@1": 0.0,
    "p@5": 0.2,
    "r@5": 1.0,
    "ndcg@5": 0.5,
    "p@10": 0.1,
    "r@10": 1.0,
    "ndcg@10": 0.5
  },
  "retrieved": [
    1369,
    2108,
    3497,
    6290,
    10045,
    7846,
    5584,
    7873,
    3887,
    8760
  ]
}