{
  "qid": 115022,
  "query": "Cơ cấu tổ chức của Đoàn thanh tra chuyên ngành ngân hàng được quy định thế nào?",
  "metrics": {
    "mrr": 0.07692307692307693,
    "map": 0.07692307692307693,
    "p@1": 0.0,
    "r@1": 0.0,
    "ndcg@1": 0.0,
    "p@5": 0.0,
    "r@5": 0.0,
    "ndcg@5": 0.0,
    "p@10": 0.0,
    "r@10": 0.0,
    "ndcg@10": 0.0,
    "p@15": 0.06666666666666667,
    "r@15": 1.0,
    "ndcg@15": 0.26264953503719357
  },
  "retrieved": [
    4986,
    5117,
    7002,
    4950,
    7003,
    4981,
    7017,
    7304,
    4967,
    4835,
    7016,
    4951,
    4955,
    5110,
    4265
  ],
  "ground_truth": [
    4955
  ]
}