{
  "qid": 115039,
  "query": "Các chức vụ tương đương với hạ sĩ quan Quân đội nhân dân Việt Nam giữ chức vụ Tiểu đội trưởng là gì?",
  "metrics": {
    "mrr": 0.07692307692307693,
    "map": 0.07692307692307693,
    "p@1": 0.0,
    "r@1": 0.0,
    "ndcg@1": 0.0,
    "p@5": 0.0,
    "r@5": 0.0,
    "ndcg@5": 0.0,
    "p@10": 0.0,
    "r@10": 0.0,
    "ndcg@10": 0.0,
    "p@15": 0.06666666666666667,
    "r@15": 1.0,
    "ndcg@15": 0.26264953503719357
  },
  "retrieved": [
    7339,
    7336,
    11492,
    7328,
    11485,
    7332,
    11493,
    7331,
    670,
    7341,
    8194,
    5151,
    7338,
    5650,
    9464
  ],
  "ground_truth": [
    7338
  ]
}