{
  "qid": 115194,
  "query": "Giáo viên tiểu học hạng II có bắt buộc phải có bằng ngoại ngữ hay không?",
  "metrics": {
    "mrr": 0.25,
    "map": 0.25,
    "p@1": 0.0,
    "r@1": 0.0,
    "ndcg@1": 0.0,
    "p@5": 0.2,
    "r@5": 1.0,
    "ndcg@5": 0.43067655807339306,
    "p@10": 0.1,
    "r@10": 1.0,
    "ndcg@10": 0.43067655807339306,
    "p@15": 0.06666666666666667,
    "r@15": 1.0,
    "ndcg@15": 0.43067655807339306
  },
  "retrieved": [
    1538,
    2815,
    2820,
    2817,
    1537,
    2814,
    3852,
    1530,
    3847,
    1535,
    4644,
    12978,
    1533,
    1532,
    6562
  ],
  "ground_truth": [
    2817
  ]
}