{
  "qid": 115135,
  "query": "Hội đồng xét xử phúc thẩm hủy bản án hình sự sơ thẩm để xét xử lại trong những trường hợp nào?",
  "metrics": {
    "mrr": 0.5,
    "map": 0.5,
    "p@1": 0.0,
    "r@1": 0.0,
    "ndcg@1": 0.0,
    "p@5": 0.2,
    "r@5": 1.0,
    "ndcg@5": 0.6309297535714575,
    "p@10": 0.1,
    "r@10": 1.0,
    "ndcg@10": 0.6309297535714575,
    "p@15": 0.06666666666666667,
    "r@15": 1.0,
    "ndcg@15": 0.6309297535714575
  },
  "retrieved": [
    10832,
    10835,
    10837,
    10836,
    10868,
    10504,
    10867,
    9242,
    10731,
    10737,
    10865,
    10838,
    10825,
    10833,
    10873
  ],
  "ground_truth": [
    10835
  ]
}