{
  "qid": 115205,
  "query": "Người kháng cáo có được thay đổi kháng cáo bản án hình sự sơ thẩm ngay tại phiên tòa phúc thẩm hay không?",
  "metrics": {
    "mrr": 0.16666666666666666,
    "map": 0.16666666666666666,
    "p@1": 0.0,
    "r@1": 0.0,
    "ndcg@1": 0.0,
    "p@5": 0.0,
    "r@5": 0.0,
    "ndcg@5": 0.0,
    "p@10": 0.1,
    "r@10": 1.0,
    "ndcg@10": 0.3562071871080222,
    "p@15": 0.06666666666666667,
    "r@15": 1.0,
    "ndcg@15": 0.3562071871080222
  },
  "retrieved": [
    10825,
    10831,
    10833,
    10809,
    10832,
    10819,
    10504,
    10810,
    10839,
    10820,
    10812,
    10822,
    10811,
    10808,
    10816
  ],
  "ground_truth": [
    10819
  ]
}