{
  "qid": 115402,
  "query": "Người khuyết tật theo học tại cơ sở giáo dục có phải bảo vệ những tài sản chung không?",
  "metrics": {
    "mrr": 0.14285714285714285,
    "map": 0.14285714285714285,
    "p@1": 0.0,
    "r@1": 0.0,
    "ndcg@1": 0.0,
    "p@5": 0.0,
    "r@5": 0.0,
    "ndcg@5": 0.0,
    "p@10": 0.1,
    "r@10": 1.0,
    "ndcg@10": 0.3333333333333333
  },
  "retrieved": [
    3445,
    3435,
    3428,
    3441,
    3437,
    3434,
    3440,
    3431,
    3427,
    3439
  ]
}