{
  "qid": 115603,
  "query": "Đơn đề nghị cấp Giấy phép kinh doanh dịch vụ lữ hành nội địa theo mẫu do cơ quan nào có thẩm quyền quy định?",
  "metrics": {
    "mrr": 0.25,
    "map": 0.25,
    "p@1": 0.0,
    "r@1": 0.0,
    "ndcg@1": 0.0,
    "p@5": 0.2,
    "r@5": 1.0,
    "ndcg@5": 0.43067655807339306,
    "p@10": 0.1,
    "r@10": 1.0,
    "ndcg@10": 0.43067655807339306,
    "p@15": 0.06666666666666667,
    "r@15": 1.0,
    "ndcg@15": 0.43067655807339306
  },
  "retrieved": [
    9777,
    9779,
    9774,
    9775,
    9778,
    6612,
    9773,
    6624,
    9783,
    9781,
    9787,
    13145,
    13144,
    6613,
    9780
  ],
  "ground_truth": [
    9775
  ]
}