{
  "qid": 11578,
  "query": "Có thể cải chính hộ tịch bằng việc thay đổi ngày, tháng, năm sinh trên giấy tờ tùy thân được hay không?",
  "metrics": {
    "mrr": 0.3333333333333333,
    "map": 0.3333333333333333,
    "p@1": 0.0,
    "r@1": 0.0,
    "ndcg@1": 0.0,
    "p@5": 0.2,
    "r@5": 1.0,
    "ndcg@5": 0.5,
    "p@10": 0.1,
    "r@10": 1.0,
    "ndcg@10": 0.5,
    "p@15": 0.06666666666666667,
    "r@15": 1.0,
    "ndcg@15": 0.5
  },
  "retrieved": [
    4571,
    4573,
    4570,
    2266,
    4588,
    4574,
    4576,
    2260,
    4556,
    4578,
    2273,
    4584,
    2276,
    4554,
    4580
  ],
  "ground_truth": [
    4570
  ]
}