{
  "qid": 115791,
  "query": "Thời hạn cấp lại Chứng chỉ hành nghề lưu trữ là bao lâu?",
  "metrics": {
    "mrr": 0.2,
    "map": 0.2,
    "p@1": 0.0,
    "r@1": 0.0,
    "ndcg@1": 0.0,
    "p@5": 0.2,
    "r@5": 1.0,
    "ndcg@5": 0.38685280723454163,
    "p@10": 0.1,
    "r@10": 1.0,
    "ndcg@10": 0.38685280723454163,
    "p@15": 0.06666666666666667,
    "r@15": 1.0,
    "ndcg@15": 0.38685280723454163
  },
  "retrieved": [
    239,
    240,
    241,
    242,
    238,
    90,
    235,
    12352,
    3812,
    9378,
    9368,
    9374,
    6410,
    243,
    218
  ],
  "ground_truth": [
    238
  ]
}