{
  "qid": 115932,
  "query": "Lệnh phong tỏa tài khoản có bị hủy bỏ trong trường hợp đình chỉ vụ án hình sự không?",
  "metrics": {
    "mrr": 0.25,
    "map": 0.25,
    "p@1": 0.0,
    "r@1": 0.0,
    "ndcg@1": 0.0,
    "p@5": 0.2,
    "r@5": 1.0,
    "ndcg@5": 0.43067655807339306,
    "p@10": 0.1,
    "r@10": 1.0,
    "ndcg@10": 0.43067655807339306,
    "p@15": 0.06666666666666667,
    "r@15": 1.0,
    "ndcg@15": 0.43067655807339306
  },
  "retrieved": [
    7311,
    10606,
    7312,
    10607,
    7309,
    7303,
    7310,
    10906,
    10760,
    10725,
    7305,
    10759,
    10507,
    10443,
    10726
  ],
  "ground_truth": [
    10607
  ]
}