{
  "qid": 115952,
  "query": "Dịch vụ phát thanh truyền hình gồm bao nhiêu loại dịch vụ?",
  "metrics": {
    "mrr": 0.5,
    "map": 0.5,
    "p@1": 0.0,
    "r@1": 0.0,
    "ndcg@1": 0.0,
    "p@5": 0.2,
    "r@5": 1.0,
    "ndcg@5": 0.6309297535714575,
    "p@10": 0.1,
    "r@10": 1.0,
    "ndcg@10": 0.6309297535714575
  },
  "retrieved": [
    6371,
    6369,
    6376,
    6368,
    6373,
    6386,
    6370,
    6392,
    14918,
    6391
  ]
}