{
  "qid": 115981,
  "query": "Không được lập vi bằng trong những trường hợp nào?",
  "metrics": {
    "mrr": 0.1111111111111111,
    "map": 0.1111111111111111,
    "p@1": 0.0,
    "r@1": 0.0,
    "ndcg@1": 0.0,
    "p@5": 0.0,
    "r@5": 0.0,
    "ndcg@5": 0.0,
    "p@10": 0.1,
    "r@10": 1.0,
    "ndcg@10": 0.3010299956639812,
    "p@15": 0.06666666666666667,
    "r@15": 1.0,
    "ndcg@15": 0.3010299956639812
  },
  "retrieved": [
    8964,
    5868,
    8966,
    8998,
    8965,
    8990,
    8929,
    5860,
    8963,
    8967,
    5859,
    8962,
    2347,
    10587,
    901
  ],
  "ground_truth": [
    8963
  ]
}