{
  "qid": 116202,
  "query": "Xét tuyển viên chức thì có phải thi các môn nghiệp vụ chuyên ngành không?",
  "metrics": {
    "mrr": 0.14285714285714285,
    "map": 0.07142857142857142,
    "p@1": 0.0,
    "r@1": 0.0,
    "ndcg@1": 0.0,
    "p@5": 0.0,
    "r@5": 0.0,
    "ndcg@5": 0.0,
    "p@10": 0.1,
    "r@10": 0.5,
    "ndcg@10": 0.20438239758848611,
    "p@15": 0.06666666666666667,
    "r@15": 0.5,
    "ndcg@15": 0.20438239758848611
  },
  "retrieved": [
    14465,
    9866,
    13122,
    13121,
    14246,
    5944,
    14216,
    4514,
    14464,
    14238,
    14245,
    3872,
    8733,
    9851,
    6611
  ],
  "ground_truth": [
    14218,
    14216
  ]
}