{
  "qid": 11637,
  "query": "Việc quản lý và sử dụng phí được quy định như thế nào?",
  "metrics": {
    "mrr": 0.25,
    "map": 0.25,
    "p@1": 0.0,
    "r@1": 0.0,
    "ndcg@1": 0.0,
    "p@5": 0.2,
    "r@5": 1.0,
    "ndcg@5": 0.43067655807339306,
    "p@10": 0.1,
    "r@10": 1.0,
    "ndcg@10": 0.43067655807339306,
    "p@15": 0.06666666666666667,
    "r@15": 1.0,
    "ndcg@15": 0.43067655807339306
  },
  "retrieved": [
    14540,
    11065,
    8775,
    8776,
    11970,
    13165,
    11181,
    11922,
    11066,
    10288,
    14040,
    5771,
    14745,
    7894,
    11392
  ],
  "ground_truth": [
    8776
  ]
}