{
  "qid": 116402,
  "query": "Hồ sơ đề nghị cấp lại chứng chỉ hành nghề hoạt động đấu thầu bao gồm những giấy tờ gì?",
  "metrics": {
    "mrr": 0.25,
    "map": 0.25,
    "p@1": 0.0,
    "r@1": 0.0,
    "ndcg@1": 0.0,
    "p@5": 0.2,
    "r@5": 1.0,
    "ndcg@5": 0.43067655807339306,
    "p@10": 0.1,
    "r@10": 1.0,
    "ndcg@10": 0.43067655807339306,
    "p@15": 0.06666666666666667,
    "r@15": 1.0,
    "ndcg@15": 0.43067655807339306
  },
  "retrieved": [
    4521,
    6410,
    4512,
    4518,
    4517,
    12352,
    6409,
    12358,
    4506,
    239,
    3812,
    704,
    12356,
    12355,
    12357
  ],
  "ground_truth": [
    4518
  ]
}