{
  "qid": 116429,
  "query": "Có thể tổ chức sinh hoạt tôn giáo tập trung khi chưa được cấp chứng nhận đăng ký sinh hoạt tôn giáo hay không?",
  "metrics": {
    "mrr": 0.3333333333333333,
    "map": 0.3333333333333333,
    "p@1": 0.0,
    "r@1": 0.0,
    "ndcg@1": 0.0,
    "p@5": 0.2,
    "r@5": 1.0,
    "ndcg@5": 0.5,
    "p@10": 0.1,
    "r@10": 1.0,
    "ndcg@10": 0.5,
    "p@15": 0.06666666666666667,
    "r@15": 1.0,
    "ndcg@15": 0.5
  },
  "retrieved": [
    2147,
    2177,
    2146,
    2155,
    2137,
    2132,
    4261,
    2197,
    2161,
    2150,
    2173,
    2180,
    2160,
    2138,
    2153
  ],
  "ground_truth": [
    2146
  ]
}