{
  "qid": 116684,
  "query": "Viên chức hướng dẫn viên văn hóa hạng III là tiến sĩ được hưởng mức lương bao nhiêu?",
  "metrics": {
    "mrr": 0.5,
    "map": 0.5,
    "p@1": 0.0,
    "r@1": 0.0,
    "ndcg@1": 0.0,
    "p@5": 0.2,
    "r@5": 1.0,
    "ndcg@5": 0.6309297535714575,
    "p@10": 0.1,
    "r@10": 1.0,
    "ndcg@10": 0.6309297535714575,
    "p@15": 0.06666666666666667,
    "r@15": 1.0,
    "ndcg@15": 0.6309297535714575
  },
  "retrieved": [
    6460,
    1536,
    6455,
    6456,
    6459,
    8612,
    14270,
    6450,
    8457,
    3875,
    9805,
    13124,
    13119,
    9807,
    7726
  ],
  "ground_truth": [
    1536
  ]
}