{
  "qid": 116700,
  "query": "Thanh tra Bộ Văn hóa, Thể thao và Du lịch có các nhiệm vụ và quyền hạn gì?",
  "metrics": {
    "mrr": 0.07692307692307693,
    "map": 0.07692307692307693,
    "p@1": 0.0,
    "r@1": 0.0,
    "ndcg@1": 0.0,
    "p@5": 0.0,
    "r@5": 0.0,
    "ndcg@5": 0.0,
    "p@10": 0.0,
    "r@10": 0.0,
    "ndcg@10": 0.0,
    "p@15": 0.06666666666666667,
    "r@15": 1.0,
    "ndcg@15": 0.26264953503719357
  },
  "retrieved": [
    4003,
    7294,
    9399,
    246,
    4415,
    2288,
    142,
    2752,
    6038,
    9382,
    594,
    7292,
    13374,
    9817,
    13400
  ],
  "ground_truth": [
    13374
  ]
}