{
  "qid": 11679,
  "query": "Để thành lập Hội đồng quản lý trong đơn vị sự nghiệp công lập thuộc lĩnh vực giao thông vận tải thì cần đáp ứng những điều kiện gì?",
  "metrics": {
    "mrr": 0.14285714285714285,
    "map": 0.14285714285714285,
    "p@1": 0.0,
    "r@1": 0.0,
    "ndcg@1": 0.0,
    "p@5": 0.0,
    "r@5": 0.0,
    "ndcg@5": 0.0,
    "p@10": 0.1,
    "r@10": 1.0,
    "ndcg@10": 0.3333333333333333,
    "p@15": 0.06666666666666667,
    "r@15": 1.0,
    "ndcg@15": 0.3333333333333333
  },
  "retrieved": [
    5529,
    5545,
    5528,
    3156,
    5533,
    3149,
    3147,
    3151,
    3150,
    5531,
    3153,
    3148,
    5532,
    3146,
    3154
  ],
  "ground_truth": [
    3147
  ]
}