{
  "qid": 11681,
  "query": "Hội đồng quản lý trong đơn vị sự nghiệp công lập thuộc lĩnh vực giao thông vận tải có những nhiệm vụ và quyền hạn gì?",
  "metrics": {
    "mrr": 0.16666666666666666,
    "map": 0.16666666666666666,
    "p@1": 0.0,
    "r@1": 0.0,
    "ndcg@1": 0.0,
    "p@5": 0.0,
    "r@5": 0.0,
    "ndcg@5": 0.0,
    "p@10": 0.1,
    "r@10": 1.0,
    "ndcg@10": 0.3562071871080222
  },
  "retrieved": [
    5528,
    5529,
    3156,
    5545,
    5540,
    3153,
    3151,
    3148,
    3146,
    3150
  ]
}