{
  "qid": 117045,
  "query": "Các loại thuế áp dụng cho nhà thầu nước ngoài, nhà thầu phụ nước ngoài?",
  "metrics": {
    "mrr": 0.5,
    "map": 0.5,
    "p@1": 0.0,
    "r@1": 0.0,
    "ndcg@1": 0.0,
    "p@5": 0.2,
    "r@5": 1.0,
    "ndcg@5": 0.6309297535714575,
    "p@10": 0.1,
    "r@10": 1.0,
    "ndcg@10": 0.6309297535714575,
    "p@15": 0.06666666666666667,
    "r@15": 1.0,
    "ndcg@15": 0.6309297535714575
  },
  "retrieved": [
    11476,
    11473,
    11479,
    11480,
    8595,
    11471,
    11482,
    11481,
    11472,
    9713,
    11945,
    11475,
    11947,
    8596,
    8579
  ],
  "ground_truth": [
    11473
  ]
}