{
  "qid": 117222,
  "query": "Ai có quyền đề nghị trưng cầu giám định trong tố tụng hình sự?",
  "metrics": {
    "mrr": 0.3333333333333333,
    "map": 0.3333333333333333,
    "p@1": 0.0,
    "r@1": 0.0,
    "ndcg@1": 0.0,
    "p@5": 0.2,
    "r@5": 1.0,
    "ndcg@5": 0.5,
    "p@10": 0.1,
    "r@10": 1.0,
    "ndcg@10": 0.5,
    "p@15": 0.06666666666666667,
    "r@15": 1.0,
    "ndcg@15": 0.5
  },
  "retrieved": [
    10682,
    1010,
    10684,
    1009,
    7928,
    1008,
    7927,
    10688,
    4009,
    2666,
    10690,
    6160,
    1006,
    7931,
    7930
  ],
  "ground_truth": [
    10684
  ]
}