{
  "qid": 11728,
  "query": "Trường hợp nào được giảm lệ phí đăng ký nuôi con nuôi nước ngoài theo quy định của pháp luật hiện hành?",
  "metrics": {
    "mrr": 0.5,
    "map": 0.5,
    "p@1": 0.0,
    "r@1": 0.0,
    "ndcg@1": 0.0,
    "p@5": 0.2,
    "r@5": 1.0,
    "ndcg@5": 0.6309297535714575,
    "p@10": 0.1,
    "r@10": 1.0,
    "ndcg@10": 0.6309297535714575,
    "p@15": 0.06666666666666667,
    "r@15": 1.0,
    "ndcg@15": 0.6309297535714575
  },
  "retrieved": [
    13963,
    13966,
    13964,
    13968,
    13965,
    13971,
    13970,
    13969,
    3234,
    3230,
    3229,
    2313,
    3232,
    3227,
    13972
  ],
  "ground_truth": [
    13966
  ]
}