{
  "qid": 11755,
  "query": "Thẩm quyền giải quyết tin báo về tội phạm thuộc về chủ thể nào?",
  "metrics": {
    "mrr": 0.3333333333333333,
    "map": 0.3333333333333333,
    "p@1": 0.0,
    "r@1": 0.0,
    "ndcg@1": 0.0,
    "p@5": 0.2,
    "r@5": 1.0,
    "ndcg@5": 0.5,
    "p@10": 0.1,
    "r@10": 1.0,
    "ndcg@10": 0.5,
    "p@15": 0.06666666666666667,
    "r@15": 1.0,
    "ndcg@15": 0.5
  },
  "retrieved": [
    10533,
    994,
    10622,
    1000,
    995,
    991,
    10621,
    10573,
    990,
    998,
    989,
    10623,
    10637,
    10626,
    993
  ],
  "ground_truth": [
    10622
  ]
}