{
  "qid": 117680,
  "query": "Người làm công tác kiểm soát nội bộ chuyên trách ở các đơn vị Ngân hàng Nhà nước có những quyền hạn gì?",
  "metrics": {
    "mrr": 0.16666666666666666,
    "map": 0.16666666666666666,
    "p@1": 0.0,
    "r@1": 0.0,
    "ndcg@1": 0.0,
    "p@5": 0.0,
    "r@5": 0.0,
    "ndcg@5": 0.0,
    "p@10": 0.1,
    "r@10": 1.0,
    "ndcg@10": 0.3562071871080222,
    "p@15": 0.06666666666666667,
    "r@15": 1.0,
    "ndcg@15": 0.3562071871080222
  },
  "retrieved": [
    6844,
    6843,
    6835,
    6836,
    6840,
    6845,
    6846,
    6837,
    6869,
    6860,
    6839,
    6865,
    6852,
    5667,
    6867
  ],
  "ground_truth": [
    6845
  ]
}