{
  "qid": 117602,
  "query": "Trường hợp nào tang vật bị tịch thu do vi phạm hành chính sẽ được thực hiện đấu giá theo thủ tục rút gọn?",
  "metrics": {
    "mrr": 0.5,
    "map": 0.5,
    "p@1": 0.0,
    "r@1": 0.0,
    "ndcg@1": 0.0,
    "p@5": 0.2,
    "r@5": 1.0,
    "ndcg@5": 0.6309297535714575,
    "p@10": 0.1,
    "r@10": 1.0,
    "ndcg@10": 0.6309297535714575,
    "p@15": 0.06666666666666667,
    "r@15": 1.0,
    "ndcg@15": 0.6309297535714575
  },
  "retrieved": [
    14016,
    740,
    14015,
    10925,
    14031,
    14022,
    14023,
    14017,
    14025,
    10926,
    14018,
    10924,
    14030,
    10923,
    737
  ],
  "ground_truth": [
    740
  ]
}