{
  "qid": 117620,
  "query": "Đề xuất tổ chức xây dựng chương trình đào tạo nghề trình độ trung cấp, cao đẳng có nhiệm vụ như thế nào?",
  "metrics": {
    "mrr": 0.125,
    "map": 0.125,
    "p@1": 0.0,
    "r@1": 0.0,
    "ndcg@1": 0.0,
    "p@5": 0.0,
    "r@5": 0.0,
    "ndcg@5": 0.0,
    "p@10": 0.1,
    "r@10": 1.0,
    "ndcg@10": 0.31546487678572877,
    "p@15": 0.06666666666666667,
    "r@15": 1.0,
    "ndcg@15": 0.31546487678572877
  },
  "retrieved": [
    3350,
    3334,
    3341,
    9836,
    3336,
    3335,
    3343,
    3339,
    3351,
    11534,
    11535,
    3337,
    9842,
    3914,
    492
  ],
  "ground_truth": [
    3339
  ]
}