{
  "qid": 118306,
  "query": "Kế toán trưởng của đơn vị nhà nước có phải báo cáo với trưởng phòng tài chính - kế hoạch không?",
  "metrics": {
    "mrr": 0.2,
    "map": 0.2,
    "p@1": 0.0,
    "r@1": 0.0,
    "ndcg@1": 0.0,
    "p@5": 0.2,
    "r@5": 1.0,
    "ndcg@5": 0.38685280723454163,
    "p@10": 0.1,
    "r@10": 1.0,
    "ndcg@10": 0.38685280723454163,
    "p@15": 0.06666666666666667,
    "r@15": 1.0,
    "ndcg@15": 0.38685280723454163
  },
  "retrieved": [
    7301,
    12085,
    13063,
    2063,
    2897,
    7293,
    504,
    2325,
    2323,
    2895,
    2327,
    4397,
    2873,
    2872,
    941
  ],
  "ground_truth": [
    2897
  ]
}