{
  "qid": 118397,
  "query": "Thủ tục bổ nhiệm kế toán trưởng trong đơn vị sự nghiệp công lập?",
  "metrics": {
    "mrr": 1.0,
    "map": 0.75,
    "p@1": 1.0,
    "r@1": 0.5,
    "ndcg@1": 1.0,
    "p@5": 0.4,
    "r@5": 1.0,
    "ndcg@5": 0.8772153153380493,
    "p@10": 0.2,
    "r@10": 1.0,
    "ndcg@10": 0.8772153153380493,
    "p@15": 0.13333333333333333,
    "r@15": 1.0,
    "ndcg@15": 0.8772153153380493
  },
  "retrieved": [
    4392,
    14254,
    3153,
    4394,
    4397,
    14214,
    12006,
    4395,
    5529,
    3146,
    7797,
    12007,
    7800,
    4399,
    7798
  ],
  "ground_truth": [
    4394,
    4392
  ]
}