{
  "qid": 118410,
  "query": "Tòa án nhân dân tỉnh chỉ có thể xét xử vắng mặt bị cáo là nhà chức sắc tôn giáo trong trường hợp nào?",
  "metrics": {
    "mrr": 0.5,
    "map": 0.5,
    "p@1": 0.0,
    "r@1": 0.0,
    "ndcg@1": 0.0,
    "p@5": 0.2,
    "r@5": 1.0,
    "ndcg@5": 0.6309297535714575,
    "p@10": 0.1,
    "r@10": 1.0,
    "ndcg@10": 0.6309297535714575,
    "p@15": 0.06666666666666667,
    "r@15": 1.0,
    "ndcg@15": 0.6309297535714575
  },
  "retrieved": [
    10746,
    10767,
    10750,
    10828,
    10748,
    10775,
    1131,
    10768,
    10752,
    10737,
    10801,
    1485,
    10739,
    2180,
    10821
  ],
  "ground_truth": [
    10767
  ]
}