{
  "qid": 118462,
  "query": "Khi thực hiện nhiệm vụ vũ trang canh gác, lực lượng cảnh sát nhân dân được trang bị những gì?",
  "metrics": {
    "mrr": 0.3333333333333333,
    "map": 0.3333333333333333,
    "p@1": 0.0,
    "r@1": 0.0,
    "ndcg@1": 0.0,
    "p@5": 0.2,
    "r@5": 1.0,
    "ndcg@5": 0.5,
    "p@10": 0.1,
    "r@10": 1.0,
    "ndcg@10": 0.5,
    "p@15": 0.06666666666666667,
    "r@15": 1.0,
    "ndcg@15": 0.5
  },
  "retrieved": [
    97,
    95,
    105,
    98,
    112,
    99,
    6077,
    16,
    15,
    102,
    11835,
    2566,
    109,
    13,
    11446
  ],
  "ground_truth": [
    105
  ]
}