{
  "qid": 118409,
  "query": "Tòa án nhân dân tỉnh có quyền xét xử sơ thẩm vụ án hình sự mà bị cáo là nhà chức sắc tôn giáo không?",
  "metrics": {
    "mrr": 0.3333333333333333,
    "map": 0.3333333333333333,
    "p@1": 0.0,
    "r@1": 0.0,
    "ndcg@1": 0.0,
    "p@5": 0.2,
    "r@5": 1.0,
    "ndcg@5": 0.5,
    "p@10": 0.1,
    "r@10": 1.0,
    "ndcg@10": 0.5
  },
  "retrieved": [
    10750,
    10930,
    10745,
    10746,
    10807,
    10835,
    10837,
    10748,
    10932,
    10838
  ]
}