{
  "qid": 118779,
  "query": "Cử nhân luật phải đáp ứng những tiêu chuẩn nào để được xem xét tuyển chọn cán bộ Viện kiểm sát quân sự?",
  "metrics": {
    "mrr": 0.3333333333333333,
    "map": 0.3333333333333333,
    "p@1": 0.0,
    "r@1": 0.0,
    "ndcg@1": 0.0,
    "p@5": 0.2,
    "r@5": 1.0,
    "ndcg@5": 0.5,
    "p@10": 0.1,
    "r@10": 1.0,
    "ndcg@10": 0.5,
    "p@15": 0.06666666666666667,
    "r@15": 1.0,
    "ndcg@15": 0.5
  },
  "retrieved": [
    13855,
    13849,
    13854,
    13848,
    13856,
    13861,
    13859,
    13853,
    13850,
    13863,
    13860,
    13875,
    13869,
    10818,
    13871
  ],
  "ground_truth": [
    13854
  ]
}