{
  "qid": 118838,
  "query": "Trong kinh doanh vận tải hành khách theo hợp đồng, hợp đồng vận chuyển hành khách phải bao gồm những nội dung tối thiểu nào?",
  "metrics": {
    "mrr": 0.5,
    "map": 0.5,
    "p@1": 0.0,
    "r@1": 0.0,
    "ndcg@1": 0.0,
    "p@5": 0.2,
    "r@5": 1.0,
    "ndcg@5": 0.6309297535714575,
    "p@10": 0.1,
    "r@10": 1.0,
    "ndcg@10": 0.6309297535714575,
    "p@15": 0.06666666666666667,
    "r@15": 1.0,
    "ndcg@15": 0.6309297535714575
  },
  "retrieved": [
    13133,
    13141,
    13142,
    13129,
    13161,
    13160,
    13144,
    13143,
    10326,
    13135,
    10321,
    10369,
    10329,
    1795,
    13137
  ],
  "ground_truth": [
    13141
  ]
}