{
  "qid": 119359,
  "query": "Cá nhân muốn được cấp chứng chỉ ứng dụng CNTT phải dựa trên chuẩn các kỹ năng sử dụng CNTT nào?",
  "metrics": {
    "mrr": 0.5,
    "map": 0.5,
    "p@1": 0.0,
    "r@1": 0.0,
    "ndcg@1": 0.0,
    "p@5": 0.2,
    "r@5": 1.0,
    "ndcg@5": 0.6309297535714575,
    "p@10": 0.1,
    "r@10": 1.0,
    "ndcg@10": 0.6309297535714575
  },
  "retrieved": [
    3083,
    3084,
    14812,
    1051,
    1425,
    14813,
    2607,
    14820,
    7595,
    6255
  ]
}