{
  "qid": 119428,
  "query": "Các công việc nào cần phải thực hiện để chuẩn bị đàm phán điều ước quốc tế?",
  "metrics": {
    "mrr": 0.5,
    "map": 0.5,
    "p@1": 0.0,
    "r@1": 0.0,
    "ndcg@1": 0.0,
    "p@5": 0.2,
    "r@5": 1.0,
    "ndcg@5": 0.6309297535714575,
    "p@10": 0.1,
    "r@10": 1.0,
    "ndcg@10": 0.6309297535714575,
    "p@15": 0.06666666666666667,
    "r@15": 1.0,
    "ndcg@15": 0.6309297535714575
  },
  "retrieved": [
    12168,
    12166,
    12167,
    12169,
    12228,
    12215,
    12165,
    12238,
    12229,
    12163,
    12175,
    12233,
    12176,
    12161,
    12209
  ],
  "ground_truth": [
    12166
  ]
}