{
  "qid": 119446,
  "query": "Điều tra viên có thể triệu tập và hỏi cung bị can được hay không?",
  "metrics": {
    "mrr": 0.125,
    "map": 0.125,
    "p@1": 0.0,
    "r@1": 0.0,
    "ndcg@1": 0.0,
    "p@5": 0.0,
    "r@5": 0.0,
    "ndcg@5": 0.0,
    "p@10": 0.1,
    "r@10": 1.0,
    "ndcg@10": 0.31546487678572877,
    "p@15": 0.06666666666666667,
    "r@15": 1.0,
    "ndcg@15": 0.31546487678572877
  },
  "retrieved": [
    10660,
    10661,
    10659,
    3557,
    13870,
    10719,
    10708,
    10514,
    10515,
    10908,
    6705,
    3559,
    10662,
    6679,
    10537
  ],
  "ground_truth": [
    10514
  ]
}