{
  "qid": 119574,
  "query": "Quy định về xe khi đi làm nhiệm vụ khẩn cấp hiện nay như thế nào?",
  "metrics": {
    "mrr": 0.3333333333333333,
    "map": 0.3333333333333333,
    "p@1": 0.0,
    "r@1": 0.0,
    "ndcg@1": 0.0,
    "p@5": 0.2,
    "r@5": 1.0,
    "ndcg@5": 0.5,
    "p@10": 0.1,
    "r@10": 1.0,
    "ndcg@10": 0.5,
    "p@15": 0.06666666666666667,
    "r@15": 1.0,
    "ndcg@15": 0.5
  },
  "retrieved": [
    12313,
    12306,
    12307,
    10304,
    10303,
    4462,
    4465,
    10306,
    3701,
    4458,
    12309,
    10321,
    10326,
    4457,
    10314
  ],
  "ground_truth": [
    12307
  ]
}