{
  "qid": 11979,
  "query": "Trình tự, thủ tục miễn giảm học phí đối với học sinh là người khuyết tật được quy định ra sao?",
  "metrics": {
    "mrr": 0.16666666666666666,
    "map": 0.16666666666666666,
    "p@1": 0.0,
    "r@1": 0.0,
    "ndcg@1": 0.0,
    "p@5": 0.0,
    "r@5": 0.0,
    "ndcg@5": 0.0,
    "p@10": 0.1,
    "r@10": 1.0,
    "ndcg@10": 0.3562071871080222,
    "p@15": 0.06666666666666667,
    "r@15": 1.0,
    "ndcg@15": 0.3562071871080222
  },
  "retrieved": [
    1235,
    1246,
    1242,
    3445,
    1243,
    1239,
    1237,
    3428,
    3437,
    14312,
    1945,
    9729,
    14309,
    1238,
    9730
  ],
  "ground_truth": [
    1239
  ]
}