{
  "qid": 119828,
  "query": "Hội đồng thẩm định sản phẩm quảng cáo phải đảm bảo có ít nhất từ bao nhiêu thành viên?",
  "metrics": {
    "mrr": 0.25,
    "map": 0.25,
    "p@1": 0.0,
    "r@1": 0.0,
    "ndcg@1": 0.0,
    "p@5": 0.2,
    "r@5": 1.0,
    "ndcg@5": 0.43067655807339306,
    "p@10": 0.1,
    "r@10": 1.0,
    "ndcg@10": 0.43067655807339306,
    "p@15": 0.06666666666666667,
    "r@15": 1.0,
    "ndcg@15": 0.43067655807339306
  },
  "retrieved": [
    12517,
    12519,
    12520,
    12518,
    12516,
    12514,
    12524,
    5896,
    9521,
    5899,
    12521,
    3344,
    12522,
    7394,
    9544
  ],
  "ground_truth": [
    12518
  ]
}