{
  "qid": 120139,
  "query": "Việc kiểm tra gia cầm trước khi giết mổ được quy định như thế nào?",
  "metrics": {
    "mrr": 0.3333333333333333,
    "map": 0.3333333333333333,
    "p@1": 0.0,
    "r@1": 0.0,
    "ndcg@1": 0.0,
    "p@5": 0.2,
    "r@5": 1.0,
    "ndcg@5": 0.5,
    "p@10": 0.1,
    "r@10": 1.0,
    "ndcg@10": 0.5,
    "p@15": 0.06666666666666667,
    "r@15": 1.0,
    "ndcg@15": 0.5
  },
  "retrieved": [
    9629,
    9631,
    9627,
    9657,
    9630,
    4714,
    9655,
    9634,
    9652,
    9654,
    9628,
    9626,
    3393,
    9613,
    14073
  ],
  "ground_truth": [
    9627
  ]
}