{
  "qid": 1201,
  "query": "Viên chức tự ý nghỉ việc mà không có sự đồng ý của người đứng đầu đơn vị thì bị xử lý kỷ luật như thế nào?",
  "metrics": {
    "mrr": 0.25,
    "map": 0.25,
    "p@1": 0.0,
    "r@1": 0.0,
    "ndcg@1": 0.0,
    "p@5": 0.2,
    "r@5": 1.0,
    "ndcg@5": 0.43067655807339306,
    "p@10": 0.1,
    "r@10": 1.0,
    "ndcg@10": 0.43067655807339306,
    "p@15": 0.06666666666666667,
    "r@15": 1.0,
    "ndcg@15": 0.43067655807339306
  },
  "retrieved": [
    13771,
    13775,
    2926,
    13755,
    7816,
    13764,
    13778,
    14264,
    7815,
    7814,
    12624,
    13742,
    7809,
    13782,
    13741
  ],
  "ground_truth": [
    13755
  ]
}