{
  "qid": 120160,
  "query": "Xây dựng hệ thống mạng để bảo đảm an toàn hệ thống thông tin trong hoạt động ngân hàng thì các tổ chức cần đáp ứng yêu cầu gì?",
  "metrics": {
    "mrr": 0.2,
    "map": 0.2,
    "p@1": 0.0,
    "r@1": 0.0,
    "ndcg@1": 0.0,
    "p@5": 0.2,
    "r@5": 1.0,
    "ndcg@5": 0.38685280723454163,
    "p@10": 0.1,
    "r@10": 1.0,
    "ndcg@10": 0.38685280723454163
  },
  "retrieved": [
    5347,
    3390,
    10159,
    10227,
    10213,
    12146,
    12150,
    3400,
    10211,
    10195
  ]
}