{
  "qid": 120487,
  "query": "Khi xếp lương chức danh nghề nghiệp đối với viên chức chuyên ngành di sản văn hóa cần tuân theo những nguyên tắc gì?",
  "metrics": {
    "mrr": 0.08333333333333333,
    "map": 0.08333333333333333,
    "p@1": 0.0,
    "r@1": 0.0,
    "ndcg@1": 0.0,
    "p@5": 0.0,
    "r@5": 0.0,
    "ndcg@5": 0.0,
    "p@10": 0.0,
    "r@10": 0.0,
    "ndcg@10": 0.0,
    "p@15": 0.06666666666666667,
    "r@15": 1.0,
    "ndcg@15": 0.27023815442731974
  },
  "retrieved": [
    9582,
    13116,
    14271,
    8453,
    8605,
    14249,
    3466,
    13124,
    3467,
    12425,
    3911,
    6458,
    12408,
    14270,
    8457
  ],
  "ground_truth": [
    6458
  ]
}