{
  "qid": 120488,
  "query": "Các chức danh nghề nghiệp viên chức chuyên ngành di sản văn hóa được áp dụng ngạch lương, hệ số lương như thế nào?",
  "metrics": {
    "mrr": 0.3333333333333333,
    "map": 0.3333333333333333,
    "p@1": 0.0,
    "r@1": 0.0,
    "ndcg@1": 0.0,
    "p@5": 0.2,
    "r@5": 1.0,
    "ndcg@5": 0.5,
    "p@10": 0.1,
    "r@10": 1.0,
    "ndcg@10": 0.5,
    "p@15": 0.06666666666666667,
    "r@15": 1.0,
    "ndcg@15": 0.5
  },
  "retrieved": [
    9582,
    8457,
    1536,
    6460,
    7561,
    7562,
    14271,
    8458,
    13116,
    7726,
    8612,
    13124,
    7563,
    3467,
    3466
  ],
  "ground_truth": [
    1536
  ]
}