{
  "qid": 120584,
  "query": "Người khuyết tật có được đăng ký kết hôn lưu động tại nhà?",
  "metrics": {
    "mrr": 0.5,
    "map": 0.5,
    "p@1": 0.0,
    "r@1": 0.0,
    "ndcg@1": 0.0,
    "p@5": 0.2,
    "r@5": 1.0,
    "ndcg@5": 0.6309297535714575,
    "p@10": 0.1,
    "r@10": 1.0,
    "ndcg@10": 0.6309297535714575
  },
  "retrieved": [
    4579,
    4577,
    4585,
    3131,
    4564,
    908,
    1246,
    3445,
    907,
    2263
  ]
}