{
  "qid": 120587,
  "query": "Hồ sơ và trình tự thủ tục cấp Giấy phép cho công ty kinh doanh du lịch quốc tế được phép luật quy định như thế nào?",
  "metrics": {
    "mrr": 0.3333333333333333,
    "map": 0.16666666666666666,
    "p@1": 0.0,
    "r@1": 0.0,
    "ndcg@1": 0.0,
    "p@5": 0.2,
    "r@5": 0.5,
    "ndcg@5": 0.3065735963827292,
    "p@10": 0.1,
    "r@10": 0.5,
    "ndcg@10": 0.3065735963827292
  },
  "retrieved": [
    9752,
    13906,
    9775,
    13145,
    6607,
    9780,
    9767,
    9947,
    9744,
    9799
  ]
}