{
  "qid": 120585,
  "query": "Có được phép ép buộc khách du lịch mua và sử dụng những dịch vụ không cần thiết trong tour không?",
  "metrics": {
    "mrr": 0.07142857142857142,
    "map": 0.07142857142857142,
    "p@1": 0.0,
    "r@1": 0.0,
    "ndcg@1": 0.0,
    "p@5": 0.0,
    "r@5": 0.0,
    "ndcg@5": 0.0,
    "p@10": 0.0,
    "r@10": 0.0,
    "ndcg@10": 0.0,
    "p@15": 0.06666666666666667,
    "r@15": 1.0,
    "ndcg@15": 0.2559580248098155
  },
  "retrieved": [
    9754,
    9746,
    9799,
    9797,
    9780,
    9808,
    9768,
    9744,
    9816,
    9766,
    9818,
    9748,
    9792,
    9752,
    9756
  ],
  "ground_truth": [
    9752
  ]
}