{
  "qid": 120699,
  "query": "Cơ sở giáo dục về đào tạo khối ngành sức khỏe có được kê khai người giảng dạy thực hành của cơ sở là giảng viên không?",
  "metrics": {
    "mrr": 0.5,
    "map": 0.5,
    "p@1": 0.0,
    "r@1": 0.0,
    "ndcg@1": 0.0,
    "p@5": 0.2,
    "r@5": 1.0,
    "ndcg@5": 0.6309297535714575,
    "p@10": 0.1,
    "r@10": 1.0,
    "ndcg@10": 0.6309297535714575,
    "p@15": 0.06666666666666667,
    "r@15": 1.0,
    "ndcg@15": 0.6309297535714575
  },
  "retrieved": [
    13619,
    13633,
    13620,
    13636,
    13634,
    13624,
    13625,
    13621,
    13630,
    13631,
    13627,
    13623,
    9824,
    13632,
    13626
  ],
  "ground_truth": [
    13633
  ]
}