{
  "qid": 120768,
  "query": "Phó Chánh Văn phòng Cục thi hành án dân sự ngoài việc tham mưu cho Chánh Văn phòng thì còn những nhiệm nào khác?",
  "metrics": {
    "mrr": 0.5,
    "map": 0.5,
    "p@1": 0.0,
    "r@1": 0.0,
    "ndcg@1": 0.0,
    "p@5": 0.2,
    "r@5": 1.0,
    "ndcg@5": 0.6309297535714575,
    "p@10": 0.1,
    "r@10": 1.0,
    "ndcg@10": 0.6309297535714575,
    "p@15": 0.06666666666666667,
    "r@15": 1.0,
    "ndcg@15": 0.6309297535714575
  },
  "retrieved": [
    680,
    2321,
    683,
    2320,
    8986,
    2319,
    9476,
    2315,
    8979,
    2318,
    9425,
    2322,
    8985,
    9477,
    6805
  ],
  "ground_truth": [
    2321
  ]
}