{
  "qid": 120700,
  "query": "Người giảng dạy thực hành tại cơ sở giáo dục có được xem là nhân lực của cơ sở thực hành không?",
  "metrics": {
    "mrr": 0.2,
    "map": 0.2,
    "p@1": 0.0,
    "r@1": 0.0,
    "ndcg@1": 0.0,
    "p@5": 0.2,
    "r@5": 1.0,
    "ndcg@5": 0.38685280723454163,
    "p@10": 0.1,
    "r@10": 1.0,
    "ndcg@10": 0.38685280723454163,
    "p@15": 0.06666666666666667,
    "r@15": 1.0,
    "ndcg@15": 0.38685280723454163
  },
  "retrieved": [
    13633,
    13625,
    13634,
    13627,
    13632,
    13631,
    13620,
    13635,
    13623,
    13621,
    13626,
    13624,
    13630,
    12364,
    13619
  ],
  "ground_truth": [
    13632
  ]
}