{
  "qid": 120967,
  "query": "Tổ chức giám sát các nhà thầu tuân thủ các quy định về bảo vệ môi trường trong thi công xây dựng công trình là trách nhiệm của ai?",
  "metrics": {
    "mrr": 0.3333333333333333,
    "map": 0.3333333333333333,
    "p@1": 0.0,
    "r@1": 0.0,
    "ndcg@1": 0.0,
    "p@5": 0.2,
    "r@5": 1.0,
    "ndcg@5": 0.5,
    "p@10": 0.1,
    "r@10": 1.0,
    "ndcg@10": 0.5,
    "p@15": 0.06666666666666667,
    "r@15": 1.0,
    "ndcg@15": 0.5
  },
  "retrieved": [
    2492,
    6888,
    2494,
    6883,
    2495,
    9090,
    2498,
    4537,
    6880,
    14795,
    6882,
    6889,
    5104,
    6876,
    6879
  ],
  "ground_truth": [
    2494
  ]
}