{
  "qid": 120968,
  "query": "Hiện nay có bao nhiêu hình thức thăng hạng chức danh nghề nghiệp giáo viên?",
  "metrics": {
    "mrr": 0.14285714285714285,
    "map": 0.15476190476190477,
    "p@1": 0.0,
    "r@1": 0.0,
    "ndcg@1": 0.0,
    "p@5": 0.0,
    "r@5": 0.0,
    "ndcg@5": 0.0,
    "p@10": 0.1,
    "r@10": 0.5,
    "ndcg@10": 0.20438239758848611,
    "p@15": 0.13333333333333333,
    "r@15": 1.0,
    "ndcg@15": 0.37007816335371563
  },
  "retrieved": [
    14244,
    6925,
    14241,
    1534,
    6926,
    3878,
    14236,
    6924,
    3872,
    8733,
    13118,
    14240,
    8737,
    14245,
    14239
  ],
  "ground_truth": [
    14236,
    14240
  ]
}