{
  "qid": 121076,
  "query": "Cơ quan nào có thẩm quyền thành lập Hội đồng quản lý đơn vị sự nghiệp công lập thuộc Ngân hàng Nhà nước Việt Nam?",
  "metrics": {
    "mrr": 0.3333333333333333,
    "map": 0.3333333333333333,
    "p@1": 0.0,
    "r@1": 0.0,
    "ndcg@1": 0.0,
    "p@5": 0.2,
    "r@5": 1.0,
    "ndcg@5": 0.5,
    "p@10": 0.1,
    "r@10": 1.0,
    "ndcg@10": 0.5
  },
  "retrieved": [
    3149,
    5533,
    3151,
    3147,
    5531,
    3156,
    5545,
    3150,
    3146,
    3153
  ]
}