{
  "qid": 121048,
  "query": "Công chức lãnh đạo sau khi bị miễn nhiệm có được hưởng phụ cấp chức vụ đến hết nhiệm kỳ ban đầu hay không?",
  "metrics": {
    "mrr": 0.3333333333333333,
    "map": 0.3333333333333333,
    "p@1": 0.0,
    "r@1": 0.0,
    "ndcg@1": 0.0,
    "p@5": 0.2,
    "r@5": 1.0,
    "ndcg@5": 0.5,
    "p@10": 0.1,
    "r@10": 1.0,
    "ndcg@10": 0.5
  },
  "retrieved": [
    670,
    9464,
    14263,
    930,
    9465,
    14492,
    13839,
    2360,
    7560,
    14262
  ]
}