{
  "qid": 121167,
  "query": "Thực hiện hoàn trả chi phí cưỡng chế thi hành quyết định xử phạt vi phạm hành chính cho ngân sách nhà nước thực hiện thế nào?",
  "metrics": {
    "mrr": 0.5,
    "map": 0.5,
    "p@1": 0.0,
    "r@1": 0.0,
    "ndcg@1": 0.0,
    "p@5": 0.2,
    "r@5": 1.0,
    "ndcg@5": 0.6309297535714575,
    "p@10": 0.1,
    "r@10": 1.0,
    "ndcg@10": 0.6309297535714575,
    "p@15": 0.06666666666666667,
    "r@15": 1.0,
    "ndcg@15": 0.6309297535714575
  },
  "retrieved": [
    5389,
    5394,
    5391,
    5390,
    5393,
    7453,
    12759,
    3027,
    5392,
    11132,
    11467,
    11129,
    11822,
    5395,
    12063
  ],
  "ground_truth": [
    5394
  ]
}