{
  "qid": 121275,
  "query": "Thủ tục quyết định phản đối bảo lưu điều ước quốc tế của bên ký kết nước ngoài được quy định thế nào?",
  "metrics": {
    "mrr": 1.0,
    "map": 0.5,
    "p@1": 1.0,
    "r@1": 0.5,
    "ndcg@1": 1.0,
    "p@5": 0.2,
    "r@5": 0.5,
    "ndcg@5": 0.6131471927654584,
    "p@10": 0.1,
    "r@10": 0.5,
    "ndcg@10": 0.6131471927654584,
    "p@15": 0.06666666666666667,
    "r@15": 0.5,
    "ndcg@15": 0.6131471927654584
  },
  "retrieved": [
    12207,
    12206,
    12205,
    12222,
    12162,
    12202,
    12172,
    12173,
    12208,
    12213,
    12188,
    12209,
    12210,
    12161,
    12238
  ],
  "ground_truth": [
    12207,
    12193
  ]
}