{
  "qid": 121389,
  "query": "Hệ số lương của viên chức chuyên ngành quản lý dự án hàng hải ra sao?",
  "metrics": {
    "mrr": 0.25,
    "map": 0.25,
    "p@1": 0.0,
    "r@1": 0.0,
    "ndcg@1": 0.0,
    "p@5": 0.2,
    "r@5": 1.0,
    "ndcg@5": 0.43067655807339306,
    "p@10": 0.1,
    "r@10": 1.0,
    "ndcg@10": 0.43067655807339306,
    "p@15": 0.06666666666666667,
    "r@15": 1.0,
    "ndcg@15": 0.43067655807339306
  },
  "retrieved": [
    8457,
    7562,
    8458,
    1536,
    7561,
    6460,
    7563,
    7726,
    7564,
    14271,
    8612,
    13087,
    13069,
    7660,
    8060
  ],
  "ground_truth": [
    1536
  ]
}