{
  "qid": 121583,
  "query": "Việc xây dựng cơ sở dữ liệu đất đai quốc gia sẽ do cơ quan nhà nước nào thực hiện?",
  "metrics": {
    "mrr": 0.25,
    "map": 0.25,
    "p@1": 0.0,
    "r@1": 0.0,
    "ndcg@1": 0.0,
    "p@5": 0.2,
    "r@5": 1.0,
    "ndcg@5": 0.43067655807339306,
    "p@10": 0.1,
    "r@10": 1.0,
    "ndcg@10": 0.43067655807339306,
    "p@15": 0.06666666666666667,
    "r@15": 1.0,
    "ndcg@15": 0.43067655807339306
  },
  "retrieved": [
    5400,
    5399,
    5396,
    5397,
    5401,
    5479,
    5475,
    9882,
    12799,
    12791,
    12779,
    12790,
    12780,
    13250,
    9883
  ],
  "ground_truth": [
    5397
  ]
}