{
  "qid": 121575,
  "query": "Áp dụng pháp luật về khiếu nại và giải quyết khiếu nại được quy định như thế nào?",
  "metrics": {
    "mrr": 0.3333333333333333,
    "map": 0.3333333333333333,
    "p@1": 0.0,
    "r@1": 0.0,
    "ndcg@1": 0.0,
    "p@5": 0.2,
    "r@5": 1.0,
    "ndcg@5": 0.5,
    "p@10": 0.1,
    "r@10": 1.0,
    "ndcg@10": 0.5,
    "p@15": 0.06666666666666667,
    "r@15": 1.0,
    "ndcg@15": 0.5
  },
  "retrieved": [
    1501,
    1714,
    1703,
    1733,
    1499,
    1715,
    10940,
    1741,
    1490,
    1731,
    11401,
    1712,
    1732,
    1704,
    1491
  ],
  "ground_truth": [
    1703
  ]
}