{
  "qid": 12170,
  "query": "Công nghệ tiên tiến được khuyến khích chuyển giao từ nước ngoài vào Việt Nam khi đáp ứng được những điều kiện nào?",
  "metrics": {
    "mrr": 0.14285714285714285,
    "map": 0.14285714285714285,
    "p@1": 0.0,
    "r@1": 0.0,
    "ndcg@1": 0.0,
    "p@5": 0.0,
    "r@5": 0.0,
    "ndcg@5": 0.0,
    "p@10": 0.1,
    "r@10": 1.0,
    "ndcg@10": 0.3333333333333333
  },
  "retrieved": [
    7492,
    7519,
    7549,
    7494,
    7546,
    7522,
    7500,
    7544,
    7545,
    7503
  ]
}