{
  "qid": 121830,
  "query": "Nội dung dự toán chi tiết của đơn vị sử dụng nguồn vốn ngân sách nhà nước sẽ gồm những loại chi phí nào?",
  "metrics": {
    "mrr": 0.5,
    "map": 0.5,
    "p@1": 0.0,
    "r@1": 0.0,
    "ndcg@1": 0.0,
    "p@5": 0.2,
    "r@5": 1.0,
    "ndcg@5": 0.6309297535714575,
    "p@10": 0.1,
    "r@10": 1.0,
    "ndcg@10": 0.6309297535714575,
    "p@15": 0.06666666666666667,
    "r@15": 1.0,
    "ndcg@15": 0.6309297535714575
  },
  "retrieved": [
    14894,
    3798,
    3795,
    6025,
    3626,
    6024,
    11747,
    14897,
    14501,
    11552,
    5485,
    14896,
    8530,
    3801,
    11742
  ],
  "ground_truth": [
    3798
  ]
}