{
  "qid": 122071,
  "query": "Các tài liệu có thật nhưng không được thu thập theo trình tự được quy định thì có được dùng làm căn cứ để giải quyết vụ án hình sự không?",
  "metrics": {
    "mrr": 0.25,
    "map": 0.25,
    "p@1": 0.0,
    "r@1": 0.0,
    "ndcg@1": 0.0,
    "p@5": 0.2,
    "r@5": 1.0,
    "ndcg@5": 0.43067655807339306,
    "p@10": 0.1,
    "r@10": 1.0,
    "ndcg@10": 0.43067655807339306,
    "p@15": 0.06666666666666667,
    "r@15": 1.0,
    "ndcg@15": 0.43067655807339306
  },
  "retrieved": [
    10507,
    2537,
    12730,
    10564,
    10608,
    10704,
    7968,
    10635,
    10585,
    10725,
    10900,
    10726,
    10638,
    10565,
    10563
  ],
  "ground_truth": [
    10564
  ]
}