{
  "qid": 122231,
  "query": "Nội dung quản lý đối tượng tiêm chủng vắc xin bao gồm những nội dung gì?",
  "metrics": {
    "mrr": 0.14285714285714285,
    "map": 0.14285714285714285,
    "p@1": 0.0,
    "r@1": 0.0,
    "ndcg@1": 0.0,
    "p@5": 0.0,
    "r@5": 0.0,
    "ndcg@5": 0.0,
    "p@10": 0.1,
    "r@10": 1.0,
    "ndcg@10": 0.3333333333333333
  },
  "retrieved": [
    11679,
    11664,
    11659,
    14550,
    11658,
    11660,
    11661,
    11670,
    11681,
    11669
  ]
}