{
  "qid": 122203,
  "query": "Phân phối vé đặt cược qua các phương thức nào?",
  "metrics": {
    "mrr": 0.25,
    "map": 0.25,
    "p@1": 0.0,
    "r@1": 0.0,
    "ndcg@1": 0.0,
    "p@5": 0.2,
    "r@5": 1.0,
    "ndcg@5": 0.43067655807339306,
    "p@10": 0.1,
    "r@10": 1.0,
    "ndcg@10": 0.43067655807339306,
    "p@15": 0.06666666666666667,
    "r@15": 1.0,
    "ndcg@15": 0.43067655807339306
  },
  "retrieved": [
    6479,
    6476,
    6477,
    6475,
    11033,
    6481,
    6472,
    6465,
    6483,
    6518,
    6484,
    6467,
    6466,
    6471,
    6496
  ],
  "ground_truth": [
    6475
  ]
}