{
  "qid": 122486,
  "query": "Lập tài khoản sử dụng Hệ thống dịch vụ công trực tuyến Bộ Tài nguyên và Môi trường như thế nào?",
  "metrics": {
    "mrr": 0.3333333333333333,
    "map": 0.3333333333333333,
    "p@1": 0.0,
    "r@1": 0.0,
    "ndcg@1": 0.0,
    "p@5": 0.2,
    "r@5": 1.0,
    "ndcg@5": 0.5,
    "p@10": 0.1,
    "r@10": 1.0,
    "ndcg@10": 0.5,
    "p@15": 0.06666666666666667,
    "r@15": 1.0,
    "ndcg@15": 0.5
  },
  "retrieved": [
    7567,
    7584,
    7573,
    7568,
    7579,
    7566,
    7586,
    7570,
    7583,
    7578,
    7574,
    7587,
    7589,
    7569,
    7582
  ],
  "ground_truth": [
    7573
  ]
}