{
  "qid": 122697,
  "query": "Hội đồng quản lý đơn vị sự nghiệp công lập thuộc Ngân hàng Nhà nước có bao nhiêu thành viên?",
  "metrics": {
    "mrr": 0.09090909090909091,
    "map": 0.09090909090909091,
    "p@1": 0.0,
    "r@1": 0.0,
    "ndcg@1": 0.0,
    "p@5": 0.0,
    "r@5": 0.0,
    "ndcg@5": 0.0,
    "p@10": 0.0,
    "r@10": 0.0,
    "ndcg@10": 0.0,
    "p@15": 0.06666666666666667,
    "r@15": 1.0,
    "ndcg@15": 0.27894294565112987
  },
  "retrieved": [
    3154,
    5545,
    3156,
    5537,
    3151,
    3149,
    3153,
    5533,
    5540,
    3147,
    5536,
    12015,
    3146,
    3152,
    14214
  ],
  "ground_truth": [
    5536
  ]
}