{
  "qid": 122990,
  "query": "Người đại diện cơ sở tín ngưỡng có bắt buộc phải thường trú tại Việt Nam không?",
  "metrics": {
    "mrr": 0.5,
    "map": 0.5,
    "p@1": 0.0,
    "r@1": 0.0,
    "ndcg@1": 0.0,
    "p@5": 0.2,
    "r@5": 1.0,
    "ndcg@5": 0.6309297535714575,
    "p@10": 0.1,
    "r@10": 1.0,
    "ndcg@10": 0.6309297535714575
  },
  "retrieved": [
    2142,
    2141,
    2140,
    2139,
    2190,
    2192,
    2145,
    2134,
    13405,
    2133
  ]
}