{
  "qid": 122991,
  "query": "Người đại diện cơ sở tín ngưỡng phải gửi văn bản đăng ký hoạt động tín ngưỡng đến cơ quan nào trước khi hoạt động?",
  "metrics": {
    "mrr": 1.0,
    "map": 0.625,
    "p@1": 1.0,
    "r@1": 0.5,
    "ndcg@1": 1.0,
    "p@5": 0.2,
    "r@5": 0.5,
    "ndcg@5": 0.6131471927654584,
    "p@10": 0.2,
    "r@10": 1.0,
    "ndcg@10": 0.8065735963827293
  },
  "retrieved": [
    2142,
    2139,
    2140,
    2141,
    2131,
    2190,
    2192,
    2144,
    2134,
    2135
  ]
}