{
  "qid": 122952,
  "query": "Ban Chỉ đạo Phòng thủ dân sự Quốc gia có những nhiệm vụ gì?",
  "metrics": {
    "mrr": 0.1111111111111111,
    "map": 0.1111111111111111,
    "p@1": 0.0,
    "r@1": 0.0,
    "ndcg@1": 0.0,
    "p@5": 0.0,
    "r@5": 0.0,
    "ndcg@5": 0.0,
    "p@10": 0.1,
    "r@10": 1.0,
    "ndcg@10": 0.3010299956639812,
    "p@15": 0.06666666666666667,
    "r@15": 1.0,
    "ndcg@15": 0.3010299956639812
  },
  "retrieved": [
    2549,
    5340,
    2559,
    2564,
    7160,
    2562,
    2551,
    5342,
    2557,
    2560,
    8145,
    2548,
    7152,
    2544,
    2541
  ],
  "ground_truth": [
    2557
  ]
}