{
  "qid": 123246,
  "query": "Quyết định không khởi tố vụ án hình sự phải được gửi cho Viện kiểm sát trong thời gian bao lâu?",
  "metrics": {
    "mrr": 0.5,
    "map": 0.5,
    "p@1": 0.0,
    "r@1": 0.0,
    "ndcg@1": 0.0,
    "p@5": 0.2,
    "r@5": 1.0,
    "ndcg@5": 0.6309297535714575,
    "p@10": 0.1,
    "r@10": 1.0,
    "ndcg@10": 0.6309297535714575
  },
  "retrieved": [
    10631,
    10635,
    10633,
    10638,
    10630,
    3569,
    3570,
    10716,
    10900,
    10726
  ]
}