{
  "qid": 123454,
  "query": "Viện kiểm sát quyết định tạm đình chỉ vụ án hình sự trong trường hợp nào?",
  "metrics": {
    "mrr": 0.25,
    "map": 0.25,
    "p@1": 0.0,
    "r@1": 0.0,
    "ndcg@1": 0.0,
    "p@5": 0.2,
    "r@5": 1.0,
    "ndcg@5": 0.43067655807339306,
    "p@10": 0.1,
    "r@10": 1.0,
    "ndcg@10": 0.43067655807339306
  },
  "retrieved": [
    10760,
    3055,
    10725,
    10724,
    10717,
    10759,
    10726,
    10763,
    10758,
    10716
  ]
}