{
  "qid": 123666,
  "query": "Sử dụng kết quả ghi âm cắt ghép thì có bị vi phạm điều cấm không?",
  "metrics": {
    "mrr": 0.5,
    "map": 0.5,
    "p@1": 0.0,
    "r@1": 0.0,
    "ndcg@1": 0.0,
    "p@5": 0.2,
    "r@5": 1.0,
    "ndcg@5": 0.6309297535714575,
    "p@10": 0.1,
    "r@10": 1.0,
    "ndcg@10": 0.6309297535714575,
    "p@15": 0.06666666666666667,
    "r@15": 1.0,
    "ndcg@15": 0.6309297535714575
  },
  "retrieved": [
    12580,
    3556,
    7631,
    12582,
    8038,
    3555,
    8036,
    3561,
    3982,
    3553,
    6556,
    3830,
    3554,
    8397,
    7179
  ],
  "ground_truth": [
    3556
  ]
}