{
  "qid": 123722,
  "query": "Các cá nhân, tổ chức được thực hiện kinh doanh dịch vụ phát thanh, truyền hình dưới các hình thức nào?",
  "metrics": {
    "mrr": 0.5,
    "map": 0.5,
    "p@1": 0.0,
    "r@1": 0.0,
    "ndcg@1": 0.0,
    "p@5": 0.2,
    "r@5": 1.0,
    "ndcg@5": 0.6309297535714575,
    "p@10": 0.1,
    "r@10": 1.0,
    "ndcg@10": 0.6309297535714575,
    "p@15": 0.06666666666666667,
    "r@15": 1.0,
    "ndcg@15": 0.6309297535714575
  },
  "retrieved": [
    6371,
    6369,
    6376,
    6368,
    6370,
    6373,
    6386,
    14918,
    6392,
    6391,
    6375,
    6390,
    6372,
    6374,
    6393
  ],
  "ground_truth": [
    6369
  ]
}