{
  "qid": 123934,
  "query": "Thời hạn giám định đối với nguyên nhân chết người là bao lâu?",
  "metrics": {
    "mrr": 0.16666666666666666,
    "map": 0.16666666666666666,
    "p@1": 0.0,
    "r@1": 0.0,
    "ndcg@1": 0.0,
    "p@5": 0.0,
    "r@5": 0.0,
    "ndcg@5": 0.0,
    "p@10": 0.1,
    "r@10": 1.0,
    "ndcg@10": 0.3562071871080222
  },
  "retrieved": [
    7931,
    3139,
    10688,
    6915,
    7929,
    10685,
    10686,
    10687,
    1010,
    10690
  ]
}