{
  "qid": 12427,
  "query": "Trong xét xử sơ thẩm vụ án hình sự, trước khi xét hỏi thì ai phải trình bày tóm tắt nội dung vụ án, quyết định của bản án sơ thẩm, nội dung kháng cáo, kháng nghị?",
  "metrics": {
    "mrr": 0.06666666666666667,
    "map": 0.06666666666666667,
    "p@1": 0.0,
    "r@1": 0.0,
    "ndcg@1": 0.0,
    "p@5": 0.0,
    "r@5": 0.0,
    "ndcg@5": 0.0,
    "p@10": 0.0,
    "r@10": 0.0,
    "ndcg@10": 0.0,
    "p@15": 0.06666666666666667,
    "r@15": 1.0,
    "ndcg@15": 0.25
  },
  "retrieved": [
    10807,
    10820,
    10504,
    10832,
    10833,
    10839,
    10816,
    10815,
    10930,
    10835,
    10837,
    10838,
    10822,
    10737,
    10831
  ],
  "ground_truth": [
    10831
  ]
}