{
  "qid": 124550,
  "query": "Giáo viên dạy lớp 2 có trẻ khuyết tật trong trường phổ thông dân tộc bán trú có thuộc đối tượng được phụ cấp không?",
  "metrics": {
    "mrr": 0.08333333333333333,
    "map": 0.08333333333333333,
    "p@1": 0.0,
    "r@1": 0.0,
    "ndcg@1": 0.0,
    "p@5": 0.0,
    "r@5": 0.0,
    "ndcg@5": 0.0,
    "p@10": 0.0,
    "r@10": 0.0,
    "ndcg@10": 0.0,
    "p@15": 0.06666666666666667,
    "r@15": 1.0,
    "ndcg@15": 0.27023815442731974
  },
  "retrieved": [
    14310,
    6360,
    8809,
    4747,
    6751,
    6358,
    12324,
    14308,
    7782,
    14309,
    7148,
    13835,
    8501,
    13842,
    12326
  ],
  "ground_truth": [
    13835
  ]
}