{
  "qid": 124551,
  "query": "Các trường hợp quy định về mức phụ cấp của nhà giáo?",
  "metrics": {
    "mrr": 0.2,
    "map": 0.2,
    "p@1": 0.0,
    "r@1": 0.0,
    "ndcg@1": 0.0,
    "p@5": 0.2,
    "r@5": 1.0,
    "ndcg@5": 0.38685280723454163,
    "p@10": 0.1,
    "r@10": 1.0,
    "ndcg@10": 0.38685280723454163
  },
  "retrieved": [
    13839,
    13835,
    13843,
    13847,
    13842,
    1683,
    8463,
    13838,
    7560,
    4627
  ]
}