{
  "qid": 124616,
  "query": "Người giải quyết khiếu nại lần đầu có được giao cho cơ quan khác xác minh nội dung khiếu nại hay không?",
  "metrics": {
    "mrr": 0.5,
    "map": 0.5,
    "p@1": 0.0,
    "r@1": 0.0,
    "ndcg@1": 0.0,
    "p@5": 0.2,
    "r@5": 1.0,
    "ndcg@5": 0.6309297535714575,
    "p@10": 0.1,
    "r@10": 1.0,
    "ndcg@10": 0.6309297535714575,
    "p@15": 0.06666666666666667,
    "r@15": 1.0,
    "ndcg@15": 0.6309297535714575
  },
  "retrieved": [
    1738,
    1729,
    2243,
    1495,
    1497,
    1752,
    1493,
    1731,
    1755,
    1754,
    1499,
    1732,
    1714,
    1500,
    1756
  ],
  "ground_truth": [
    1729
  ]
}