{
  "qid": 125140,
  "query": "Thời hạn tạm giam trong các giai đoạn khác của vụ án hình sự quy định như thế nào?",
  "metrics": {
    "mrr": 0.5,
    "map": 0.5,
    "p@1": 0.0,
    "r@1": 0.0,
    "ndcg@1": 0.0,
    "p@5": 0.2,
    "r@5": 1.0,
    "ndcg@5": 0.6309297535714575,
    "p@10": 0.1,
    "r@10": 1.0,
    "ndcg@10": 0.6309297535714575,
    "p@15": 0.06666666666666667,
    "r@15": 1.0,
    "ndcg@15": 0.6309297535714575
  },
  "retrieved": [
    1179,
    10927,
    10721,
    10824,
    1177,
    1183,
    10760,
    10755,
    1189,
    10597,
    1187,
    1180,
    10726,
    1192,
    1188
  ],
  "ground_truth": [
    10927
  ]
}