{
  "qid": 125266,
  "query": "Ai có trách nhiệm yêu cầu cơ quan trực tiếp quản lý người thi hành công vụ gây thiệt hại phục hồi danh dự cho người bị thiệt hại trong Bồi thường Nhà nước?",
  "metrics": {
    "mrr": 0.16666666666666666,
    "map": 0.16666666666666666,
    "p@1": 0.0,
    "r@1": 0.0,
    "ndcg@1": 0.0,
    "p@5": 0.0,
    "r@5": 0.0,
    "ndcg@5": 0.0,
    "p@10": 0.1,
    "r@10": 1.0,
    "ndcg@10": 0.3562071871080222
  },
  "retrieved": [
    12749,
    12693,
    8885,
    12695,
    12723,
    12707,
    8893,
    12699,
    12761,
    12706
  ]
}