{
  "qid": 125290,
  "query": "Doanh nghiệp nước ngoài có thu nhập từ bản quyền có phải chịu thuế thu nhập doanh nghiệp không?",
  "metrics": {
    "mrr": 0.1111111111111111,
    "map": 0.1111111111111111,
    "p@1": 0.0,
    "r@1": 0.0,
    "ndcg@1": 0.0,
    "p@5": 0.0,
    "r@5": 0.0,
    "ndcg@5": 0.0,
    "p@10": 0.1,
    "r@10": 1.0,
    "ndcg@10": 0.3010299956639812
  },
  "retrieved": [
    14013,
    14012,
    14014,
    5800,
    11469,
    12716,
    12768,
    198,
    11475,
    6814
  ]
}