{
  "qid": 125393,
  "query": "Chiến sĩ dân quân tự vệ được mặc trang phục hằng ngày khi nào?",
  "metrics": {
    "mrr": 0.3333333333333333,
    "map": 0.3333333333333333,
    "p@1": 0.0,
    "r@1": 0.0,
    "ndcg@1": 0.0,
    "p@5": 0.2,
    "r@5": 1.0,
    "ndcg@5": 0.5,
    "p@10": 0.1,
    "r@10": 1.0,
    "ndcg@10": 0.5,
    "p@15": 0.06666666666666667,
    "r@15": 1.0,
    "ndcg@15": 0.5
  },
  "retrieved": [
    4194,
    4192,
    4196,
    4193,
    4190,
    4198,
    4197,
    4199,
    4191,
    12916,
    8496,
    12915,
    5314,
    5318,
    5854
  ],
  "ground_truth": [
    4196
  ]
}