{
  "qid": 125436,
  "query": "Tổ chức kinh doanh dịch vụ lưu trú du lịch với loại hình biệt thự du lịch có bắt buộc phải niêm yết giá dịch vụ hay không?",
  "metrics": {
    "mrr": 0.5,
    "map": 0.5,
    "p@1": 0.0,
    "r@1": 0.0,
    "ndcg@1": 0.0,
    "p@5": 0.2,
    "r@5": 1.0,
    "ndcg@5": 0.6309297535714575,
    "p@10": 0.1,
    "r@10": 1.0,
    "ndcg@10": 0.6309297535714575,
    "p@15": 0.06666666666666667,
    "r@15": 1.0,
    "ndcg@15": 0.6309297535714575
  },
  "retrieved": [
    9792,
    9796,
    9791,
    9793,
    9752,
    9794,
    9799,
    9754,
    9746,
    9768,
    9795,
    9744,
    9780,
    9818,
    6607
  ],
  "ground_truth": [
    9796
  ]
}