{
  "qid": 125466,
  "query": "Đối tượng nào phải làm thủ tục hải quan và chịu sự kiểm tra, giám sát hải quan?",
  "metrics": {
    "mrr": 0.1,
    "map": 0.1,
    "p@1": 0.0,
    "r@1": 0.0,
    "ndcg@1": 0.0,
    "p@5": 0.0,
    "r@5": 0.0,
    "ndcg@5": 0.0,
    "p@10": 0.1,
    "r@10": 1.0,
    "ndcg@10": 0.2890648263178879,
    "p@15": 0.06666666666666667,
    "r@15": 1.0,
    "ndcg@15": 0.2890648263178879
  },
  "retrieved": [
    13360,
    8308,
    8320,
    8334,
    8310,
    8321,
    8370,
    13359,
    8384,
    8313,
    9154,
    8333,
    8413,
    8405,
    12449
  ],
  "ground_truth": [
    8313
  ]
}