{
  "qid": 125419,
  "query": "Người giúp việc nhà có phải tham gia bảo hiểm xã hội bắt buộc không?",
  "metrics": {
    "mrr": 0.09090909090909091,
    "map": 0.09090909090909091,
    "p@1": 0.0,
    "r@1": 0.0,
    "ndcg@1": 0.0,
    "p@5": 0.0,
    "r@5": 0.0,
    "ndcg@5": 0.0,
    "p@10": 0.0,
    "r@10": 0.0,
    "ndcg@10": 0.0,
    "p@15": 0.06666666666666667,
    "r@15": 1.0,
    "ndcg@15": 0.27894294565112987
  },
  "retrieved": [
    14101,
    795,
    11859,
    11870,
    797,
    14087,
    14094,
    11858,
    14105,
    14097,
    793,
    11862,
    8438,
    11867,
    8419
  ],
  "ground_truth": [
    793
  ]
}