{
  "qid": 125553,
  "query": "Việc công khai thông tin của người phải thi hành án dân sự chưa có điều kiện thi hành được thực hiện theo nguyên tắc nào?",
  "metrics": {
    "mrr": 0.5,
    "map": 0.5,
    "p@1": 0.0,
    "r@1": 0.0,
    "ndcg@1": 0.0,
    "p@5": 0.2,
    "r@5": 1.0,
    "ndcg@5": 0.6309297535714575,
    "p@10": 0.1,
    "r@10": 1.0,
    "ndcg@10": 0.6309297535714575,
    "p@15": 0.06666666666666667,
    "r@15": 1.0,
    "ndcg@15": 0.6309297535714575
  },
  "retrieved": [
    823,
    820,
    824,
    825,
    6805,
    822,
    821,
    853,
    826,
    827,
    2315,
    819,
    946,
    6794,
    6795
  ],
  "ground_truth": [
    820,
    820
  ]
}