{
  "qid": 125662,
  "query": "Luồng đường thủy nội địa địa phương có thể xin chuyển đổi thành luồng đường thủy nội địa quốc gia hay không?",
  "metrics": {
    "mrr": 1.0,
    "map": 0.8333333333333333,
    "p@1": 1.0,
    "r@1": 0.5,
    "ndcg@1": 1.0,
    "p@5": 0.4,
    "r@5": 1.0,
    "ndcg@5": 0.9197207891481876,
    "p@10": 0.2,
    "r@10": 1.0,
    "ndcg@10": 0.9197207891481876,
    "p@15": 0.13333333333333333,
    "r@15": 1.0,
    "ndcg@15": 0.9197207891481876
  },
  "retrieved": [
    9051,
    9083,
    9054,
    9053,
    9081,
    9108,
    9055,
    9052,
    9084,
    9106,
    9057,
    11165,
    9109,
    9045,
    9107
  ],
  "ground_truth": [
    9051,
    9054
  ]
}