{
  "qid": 1256,
  "query": "Phương thức trả giá lên trong đấu giá tài sản phải được quy định tại đâu và có buộc phải công khai không?",
  "metrics": {
    "mrr": 0.16666666666666666,
    "map": 0.16666666666666666,
    "p@1": 0.0,
    "r@1": 0.0,
    "ndcg@1": 0.0,
    "p@5": 0.0,
    "r@5": 0.0,
    "ndcg@5": 0.0,
    "p@10": 0.1,
    "r@10": 1.0,
    "ndcg@10": 0.3562071871080222
  },
  "retrieved": [
    745,
    692,
    746,
    736,
    739,
    727,
    730,
    728,
    744,
    729
  ]
}