{
  "qid": 125636,
  "query": "Giám đốc Trung tâm Truyền thông giáo dục sức khỏe Trung ương có thời hạn giữ chức vụ bao lâu sau khi được bổ nhiệm?",
  "metrics": {
    "mrr": 0.5,
    "map": 0.5,
    "p@1": 0.0,
    "r@1": 0.0,
    "ndcg@1": 0.0,
    "p@5": 0.2,
    "r@5": 1.0,
    "ndcg@5": 0.6309297535714575,
    "p@10": 0.1,
    "r@10": 1.0,
    "ndcg@10": 0.6309297535714575,
    "p@15": 0.06666666666666667,
    "r@15": 1.0,
    "ndcg@15": 0.6309297535714575
  },
  "retrieved": [
    2334,
    14250,
    14251,
    670,
    2335,
    5979,
    2357,
    14256,
    13106,
    6247,
    14260,
    14257,
    13115,
    11492,
    10004
  ],
  "ground_truth": [
    14250
  ]
}