{
  "qid": 125806,
  "query": "Mức lương của viên chức địa chính viên hạng II là bao nhiêu?",
  "metrics": {
    "mrr": 0.5,
    "map": 0.5,
    "p@1": 0.0,
    "r@1": 0.0,
    "ndcg@1": 0.0,
    "p@5": 0.2,
    "r@5": 1.0,
    "ndcg@5": 0.6309297535714575,
    "p@10": 0.1,
    "r@10": 1.0,
    "ndcg@10": 0.6309297535714575,
    "p@15": 0.06666666666666667,
    "r@15": 1.0,
    "ndcg@15": 0.6309297535714575
  },
  "retrieved": [
    14270,
    1536,
    8612,
    3875,
    8457,
    6460,
    7726,
    7787,
    8060,
    8732,
    3874,
    587,
    8458,
    14239,
    7561
  ],
  "ground_truth": [
    1536
  ]
}