{
  "qid": 125809,
  "query": "Gia hạn thời hạn giải quyết nguồn tin về tội phạm được thực hiện trong thời gian nào?",
  "metrics": {
    "mrr": 0.125,
    "map": 0.125,
    "p@1": 0.0,
    "r@1": 0.0,
    "ndcg@1": 0.0,
    "p@5": 0.0,
    "r@5": 0.0,
    "ndcg@5": 0.0,
    "p@10": 0.1,
    "r@10": 1.0,
    "ndcg@10": 0.31546487678572877,
    "p@15": 0.06666666666666667,
    "r@15": 1.0,
    "ndcg@15": 0.31546487678572877
  },
  "retrieved": [
    10637,
    997,
    10636,
    10649,
    6161,
    995,
    10754,
    10624,
    6405,
    1000,
    10621,
    994,
    10533,
    10651,
    10626
  ],
  "ground_truth": [
    10624
  ]
}