{
  "qid": 125879,
  "query": "Sử dụng sữa tươi nguyên liệu không rõ nguồn gốc xuất xứ để chế biến cung cấp thực phẩm sẽ bị xử phạt như thế nào?",
  "metrics": {
    "mrr": 0.5,
    "map": 0.5,
    "p@1": 0.0,
    "r@1": 0.0,
    "ndcg@1": 0.0,
    "p@5": 0.2,
    "r@5": 1.0,
    "ndcg@5": 0.6309297535714575,
    "p@10": 0.1,
    "r@10": 1.0,
    "ndcg@10": 0.6309297535714575
  },
  "retrieved": [
    2781,
    14173,
    2783,
    2779,
    8638,
    14178,
    14182,
    14171,
    14170,
    14592
  ]
}