{
  "qid": 125909,
  "query": "Thời hạn nộp hồ sơ hải quan đối với ô tô xuất nhập cảnh theo quy định là bao lâu?",
  "metrics": {
    "mrr": 0.16666666666666666,
    "map": 0.16666666666666666,
    "p@1": 0.0,
    "r@1": 0.0,
    "ndcg@1": 0.0,
    "p@5": 0.0,
    "r@5": 0.0,
    "ndcg@5": 0.0,
    "p@10": 0.1,
    "r@10": 1.0,
    "ndcg@10": 0.3562071871080222
  },
  "retrieved": [
    14331,
    8384,
    8334,
    8370,
    14359,
    8383,
    14342,
    8413,
    14343,
    8338
  ]
}