{
  "qid": 126001,
  "query": "Huấn luyện viên chính tàu biển Việt Nam phải đáp ứng những tiêu chí nào?",
  "metrics": {
    "mrr": 0.5,
    "map": 0.5,
    "p@1": 0.0,
    "r@1": 0.0,
    "ndcg@1": 0.0,
    "p@5": 0.2,
    "r@5": 1.0,
    "ndcg@5": 0.6309297535714575,
    "p@10": 0.1,
    "r@10": 1.0,
    "ndcg@10": 0.6309297535714575,
    "p@15": 0.06666666666666667,
    "r@15": 1.0,
    "ndcg@15": 0.6309297535714575
  },
  "retrieved": [
    11201,
    3765,
    7661,
    1389,
    3761,
    7662,
    7665,
    13610,
    13937,
    13953,
    11208,
    7678,
    3783,
    588,
    9876
  ],
  "ground_truth": [
    3765,
    3765
  ]
}