{
  "qid": 126386,
  "query": "Biện pháp tự vệ đặc biệt, tự vệ chuyển tiếp là gì?",
  "metrics": {
    "mrr": 0.125,
    "map": 0.125,
    "p@1": 0.0,
    "r@1": 0.0,
    "ndcg@1": 0.0,
    "p@5": 0.0,
    "r@5": 0.0,
    "ndcg@5": 0.0,
    "p@10": 0.1,
    "r@10": 1.0,
    "ndcg@10": 0.31546487678572877,
    "p@15": 0.06666666666666667,
    "r@15": 1.0,
    "ndcg@15": 0.31546487678572877
  },
  "retrieved": [
    12916,
    12915,
    5314,
    5318,
    5320,
    5319,
    12900,
    5322,
    12899,
    4194,
    12880,
    5316,
    4192,
    4198,
    12849
  ],
  "ground_truth": [
    5322
  ]
}