{
  "qid": 126437,
  "query": "Người khuyết tật có được học tập trong các cơ sở giáo dục hay không?",
  "metrics": {
    "mrr": 0.25,
    "map": 0.25,
    "p@1": 0.0,
    "r@1": 0.0,
    "ndcg@1": 0.0,
    "p@5": 0.2,
    "r@5": 1.0,
    "ndcg@5": 0.43067655807339306,
    "p@10": 0.1,
    "r@10": 1.0,
    "ndcg@10": 0.43067655807339306,
    "p@15": 0.06666666666666667,
    "r@15": 1.0,
    "ndcg@15": 0.43067655807339306
  },
  "retrieved": [
    3428,
    3445,
    3440,
    3441,
    3437,
    3427,
    3439,
    3435,
    3431,
    13841,
    3433,
    1246,
    3432,
    1239,
    1235
  ],
  "ground_truth": [
    3441
  ]
}