{
  "qid": 126593,
  "query": "Thành viên lưu ký được quyền nhận ký gửi chứng khoán của khách hàng đã mở tài khoản lưu ký hay không?",
  "metrics": {
    "mrr": 0.3333333333333333,
    "map": 0.3333333333333333,
    "p@1": 0.0,
    "r@1": 0.0,
    "ndcg@1": 0.0,
    "p@5": 0.2,
    "r@5": 1.0,
    "ndcg@5": 0.5,
    "p@10": 0.1,
    "r@10": 1.0,
    "ndcg@10": 0.5,
    "p@15": 0.06666666666666667,
    "r@15": 1.0,
    "ndcg@15": 0.5
  },
  "retrieved": [
    14962,
    5069,
    5071,
    5064,
    5066,
    14959,
    14958,
    14960,
    5065,
    5067,
    14963,
    5052,
    5070,
    5077,
    14966
  ],
  "ground_truth": [
    5071
  ]
}