{
  "qid": 126625,
  "query": "Doanh nghiệp được sử dụng hóa đơn điện tử không có mã của cơ quan thuế khi nào?",
  "metrics": {
    "mrr": 0.25,
    "map": 0.25,
    "p@1": 0.0,
    "r@1": 0.0,
    "ndcg@1": 0.0,
    "p@5": 0.2,
    "r@5": 1.0,
    "ndcg@5": 0.43067655807339306,
    "p@10": 0.1,
    "r@10": 1.0,
    "ndcg@10": 0.43067655807339306,
    "p@15": 0.06666666666666667,
    "r@15": 1.0,
    "ndcg@15": 0.43067655807339306
  },
  "retrieved": [
    14865,
    14872,
    14867,
    14874,
    14871,
    14856,
    14887,
    14876,
    14875,
    14854,
    14870,
    14857,
    14866,
    14869,
    14868
  ],
  "ground_truth": [
    14874
  ]
}