{
  "qid": 126701,
  "query": "Các thông tin nào trên Cơ sở dữ liệu quốc gia về khoa học và công nghệ mà mọi tổ chức, cá nhân được sử dụng miễn phí?",
  "metrics": {
    "mrr": 0.5,
    "map": 0.5,
    "p@1": 0.0,
    "r@1": 0.0,
    "ndcg@1": 0.0,
    "p@5": 0.2,
    "r@5": 1.0,
    "ndcg@5": 0.6309297535714575,
    "p@10": 0.1,
    "r@10": 1.0,
    "ndcg@10": 0.6309297535714575
  },
  "retrieved": [
    12777,
    12796,
    12799,
    12803,
    12800,
    12802,
    12792,
    12781,
    12805,
    12778
  ]
}