{
  "qid": 12717,
  "query": "Biện pháp hạn ngạch xuất khẩu, hạn ngạch nhập khẩu được áp dụng khi nào?",
  "metrics": {
    "mrr": 0.5,
    "map": 0.5,
    "p@1": 0.0,
    "r@1": 0.0,
    "ndcg@1": 0.0,
    "p@5": 0.2,
    "r@5": 1.0,
    "ndcg@5": 0.6309297535714575,
    "p@10": 0.1,
    "r@10": 1.0,
    "ndcg@10": 0.6309297535714575,
    "p@15": 0.06666666666666667,
    "r@15": 1.0,
    "ndcg@15": 0.6309297535714575
  },
  "retrieved": [
    5242,
    5241,
    12901,
    5244,
    5243,
    5245,
    5240,
    5239,
    6744,
    5252,
    5314,
    5246,
    5249,
    5266,
    5247
  ],
  "ground_truth": [
    5241
  ]
}