{
  "qid": 127255,
  "query": "Mức phụ cấp thâm niên của giáo viên là bao nhiêu?",
  "metrics": {
    "mrr": 0.25,
    "map": 0.25,
    "p@1": 0.0,
    "r@1": 0.0,
    "ndcg@1": 0.0,
    "p@5": 0.2,
    "r@5": 1.0,
    "ndcg@5": 0.43067655807339306,
    "p@10": 0.1,
    "r@10": 1.0,
    "ndcg@10": 0.43067655807339306,
    "p@15": 0.06666666666666667,
    "r@15": 1.0,
    "ndcg@15": 0.43067655807339306
  },
  "retrieved": [
    8461,
    8464,
    13839,
    3898,
    7560,
    13842,
    8463,
    3899,
    3900,
    1683,
    14382,
    11499,
    5970,
    5977,
    8465
  ],
  "ground_truth": [
    3898
  ]
}