{
  "qid": 127554,
  "query": "Thanh tra viên làm việc bao lâu được hưởng phụ cấp thâm niên nghề thanh tra? Mức hưởng phụ cấp là bao nhiêu?",
  "metrics": {
    "mrr": 0.25,
    "map": 0.25,
    "p@1": 0.0,
    "r@1": 0.0,
    "ndcg@1": 0.0,
    "p@5": 0.2,
    "r@5": 1.0,
    "ndcg@5": 0.43067655807339306,
    "p@10": 0.1,
    "r@10": 1.0,
    "ndcg@10": 0.43067655807339306
  },
  "retrieved": [
    8464,
    8461,
    3899,
    3898,
    7560,
    8463,
    13839,
    13395,
    11499,
    13842
  ]
}