{
  "qid": 127731,
  "query": "Việc tiếp nhận thông báo bản án hình sự của Tòa án đã có hiệu lực pháp luật cần xét lại theo thủ tục giám đốc thẩm được thực hiện như thế nào?",
  "metrics": {
    "mrr": 0.2,
    "map": 0.2,
    "p@1": 0.0,
    "r@1": 0.0,
    "ndcg@1": 0.0,
    "p@5": 0.2,
    "r@5": 1.0,
    "ndcg@5": 0.38685280723454163,
    "p@10": 0.1,
    "r@10": 1.0,
    "ndcg@10": 0.38685280723454163
  },
  "retrieved": [
    10847,
    10850,
    10849,
    10865,
    10852,
    10867,
    10866,
    12729,
    10848,
    10504
  ]
}