{
  "qid": 127907,
  "query": "Đạo diễn truyền hình hạng 1 được áp dụng hệ số lương của viên chức loại mấy?",
  "metrics": {
    "mrr": 0.5,
    "map": 0.5,
    "p@1": 0.0,
    "r@1": 0.0,
    "ndcg@1": 0.0,
    "p@5": 0.2,
    "r@5": 1.0,
    "ndcg@5": 0.6309297535714575,
    "p@10": 0.1,
    "r@10": 1.0,
    "ndcg@10": 0.6309297535714575,
    "p@15": 0.06666666666666667,
    "r@15": 1.0,
    "ndcg@15": 0.6309297535714575
  },
  "retrieved": [
    8612,
    1536,
    8457,
    6460,
    7726,
    6458,
    7562,
    12588,
    6449,
    7561,
    8458,
    7563,
    7564,
    12599,
    14270
  ],
  "ground_truth": [
    1536
  ]
}