{
  "qid": 128153,
  "query": "Hệ số lương của phương pháp viên hạng 2 chuyên ngành văn hóa cơ sở hiện nay là bao nhiêu?",
  "metrics": {
    "mrr": 0.5,
    "map": 0.5,
    "p@1": 0.0,
    "r@1": 0.0,
    "ndcg@1": 0.0,
    "p@5": 0.2,
    "r@5": 1.0,
    "ndcg@5": 0.6309297535714575,
    "p@10": 0.1,
    "r@10": 1.0,
    "ndcg@10": 0.6309297535714575
  },
  "retrieved": [
    6460,
    1536,
    6452,
    6459,
    6450,
    6453,
    8457,
    7562,
    8612,
    7564
  ]
}