{
  "qid": 128116,
  "query": "Công chức tại cơ sở giáo dục đang bị tạm giam để đi điều tra gian lận được hưởng những khoản tiền nào?",
  "metrics": {
    "mrr": 0.1111111111111111,
    "map": 0.1111111111111111,
    "p@1": 0.0,
    "r@1": 0.0,
    "ndcg@1": 0.0,
    "p@5": 0.0,
    "r@5": 0.0,
    "ndcg@5": 0.0,
    "p@10": 0.1,
    "r@10": 1.0,
    "ndcg@10": 0.3010299956639812
  },
  "retrieved": [
    1177,
    1185,
    1189,
    1188,
    10649,
    10824,
    10927,
    1190,
    13781,
    1179
  ]
}