{
  "qid": 128733,
  "query": "Quản lý ngoại hối trong hoạt động mua, bán nợ của chi nhánh ngân hàng nước ngoài được quy định như thế nào?",
  "metrics": {
    "mrr": 0.07142857142857142,
    "map": 0.07142857142857142,
    "p@1": 0.0,
    "r@1": 0.0,
    "ndcg@1": 0.0,
    "p@5": 0.0,
    "r@5": 0.0,
    "ndcg@5": 0.0,
    "p@10": 0.0,
    "r@10": 0.0,
    "ndcg@10": 0.0,
    "p@15": 0.06666666666666667,
    "r@15": 1.0,
    "ndcg@15": 0.2559580248098155
  },
  "retrieved": [
    9568,
    9555,
    7106,
    9545,
    9566,
    9550,
    169,
    9551,
    437,
    610,
    1647,
    9546,
    10080,
    9553,
    612
  ],
  "ground_truth": [
    9553
  ]
}