{
  "qid": 128967,
  "query": "Thành viên Hội đồng phối hợp liên ngành Trung ương về trợ giúp pháp lý làm việc theo chế độ gì?",
  "metrics": {
    "mrr": 0.5,
    "map": 0.5,
    "p@1": 0.0,
    "r@1": 0.0,
    "ndcg@1": 0.0,
    "p@5": 0.2,
    "r@5": 1.0,
    "ndcg@5": 0.6309297535714575,
    "p@10": 0.1,
    "r@10": 1.0,
    "ndcg@10": 0.6309297535714575,
    "p@15": 0.06666666666666667,
    "r@15": 1.0,
    "ndcg@15": 0.6309297535714575
  },
  "retrieved": [
    13034,
    13033,
    13040,
    13035,
    13037,
    13036,
    13020,
    13025,
    8609,
    13022,
    3792,
    13038,
    13023,
    5481,
    9341
  ],
  "ground_truth": [
    13033
  ]
}