{
  "qid": 129149,
  "query": "Thông báo về việc bắt người bị giữ trong trường hợp khẩn cấp được thực hiện như thế nào?",
  "metrics": {
    "mrr": 0.5,
    "map": 0.5,
    "p@1": 0.0,
    "r@1": 0.0,
    "ndcg@1": 0.0,
    "p@5": 0.2,
    "r@5": 1.0,
    "ndcg@5": 0.6309297535714575,
    "p@10": 0.1,
    "r@10": 1.0,
    "ndcg@10": 0.6309297535714575,
    "p@15": 0.06666666666666667,
    "r@15": 1.0,
    "ndcg@15": 0.6309297535714575
  },
  "retrieved": [
    10535,
    10593,
    10587,
    10591,
    10586,
    10590,
    10592,
    3701,
    10588,
    10572,
    10487,
    5325,
    5324,
    12711,
    10514
  ],
  "ground_truth": [
    10593
  ]
}