{
  "qid": 129185,
  "query": "Thẩm quyền áp dụng biện pháp quản lý theo điều kiện xuất khẩu, nhập khẩu như thế nào?",
  "metrics": {
    "mrr": 0.16666666666666666,
    "map": 0.16666666666666666,
    "p@1": 0.0,
    "r@1": 0.0,
    "ndcg@1": 0.0,
    "p@5": 0.0,
    "r@5": 0.0,
    "ndcg@5": 0.0,
    "p@10": 0.1,
    "r@10": 1.0,
    "ndcg@10": 0.3562071871080222
  },
  "retrieved": [
    5252,
    5246,
    5249,
    5247,
    5248,
    5254,
    5238,
    5230,
    5239,
    5250
  ]
}