{
  "qid": 129273,
  "query": "Tập thể trong Quân đội nhân dân Việt Nam có nghĩa vụ gì trong thi đua khen thưởng?",
  "metrics": {
    "mrr": 0.2,
    "map": 0.2,
    "p@1": 0.0,
    "r@1": 0.0,
    "ndcg@1": 0.0,
    "p@5": 0.2,
    "r@5": 1.0,
    "ndcg@5": 0.38685280723454163,
    "p@10": 0.1,
    "r@10": 1.0,
    "ndcg@10": 0.38685280723454163
  },
  "retrieved": [
    7680,
    10046,
    7721,
    1164,
    1373,
    7844,
    1325,
    6315,
    6285,
    1130
  ]
}