{
  "qid": 129222,
  "query": "Quy trình và thủ tục bầu Phó Chủ tịch Ủy ban nhân dân như thế nào?",
  "metrics": {
    "mrr": 0.3333333333333333,
    "map": 0.3333333333333333,
    "p@1": 0.0,
    "r@1": 0.0,
    "ndcg@1": 0.0,
    "p@5": 0.2,
    "r@5": 1.0,
    "ndcg@5": 0.5,
    "p@10": 0.1,
    "r@10": 1.0,
    "ndcg@10": 0.5,
    "p@15": 0.06666666666666667,
    "r@15": 1.0,
    "ndcg@15": 0.5
  },
  "retrieved": [
    8478,
    8472,
    8477,
    8471,
    8473,
    8476,
    8481,
    8470,
    8468,
    678,
    679,
    8467,
    8480,
    8479,
    4455
  ],
  "ground_truth": [
    8477
  ]
}