{
  "qid": 129232,
  "query": "Cơ quan nào có thẩm quyền cấp Giấy chứng nhận đăng ký cảng hàng không, sân bay?",
  "metrics": {
    "mrr": 0.5,
    "map": 0.5,
    "p@1": 0.0,
    "r@1": 0.0,
    "ndcg@1": 0.0,
    "p@5": 0.2,
    "r@5": 1.0,
    "ndcg@5": 0.6309297535714575,
    "p@10": 0.1,
    "r@10": 1.0,
    "ndcg@10": 0.6309297535714575,
    "p@15": 0.06666666666666667,
    "r@15": 1.0,
    "ndcg@15": 0.6309297535714575
  },
  "retrieved": [
    5924,
    5923,
    5872,
    5910,
    5915,
    5879,
    5912,
    5885,
    5911,
    5880,
    5877,
    5933,
    5881,
    5876,
    5926
  ],
  "ground_truth": [
    5923
  ]
}