{
  "qid": 129492,
  "query": "Bị can đặt tiền để bảo đảm có được trả lại tiền nếu bị đình chỉ điều tra hay không?",
  "metrics": {
    "mrr": 0.125,
    "map": 0.125,
    "p@1": 0.0,
    "r@1": 0.0,
    "ndcg@1": 0.0,
    "p@5": 0.0,
    "r@5": 0.0,
    "ndcg@5": 0.0,
    "p@10": 0.1,
    "r@10": 1.0,
    "ndcg@10": 0.31546487678572877,
    "p@15": 0.06666666666666667,
    "r@15": 1.0,
    "ndcg@15": 0.31546487678572877
  },
  "retrieved": [
    10706,
    10707,
    6681,
    6686,
    10658,
    10712,
    10911,
    6687,
    6685,
    6688,
    10599,
    10711,
    10709,
    6684,
    10717
  ],
  "ground_truth": [
    6687
  ]
}