{
  "qid": 129549,
  "query": "Người bị tố cáo trong thi hành tạm giữ hình sự có quyền và nghĩa vụ gì?",
  "metrics": {
    "mrr": 0.25,
    "map": 0.25,
    "p@1": 0.0,
    "r@1": 0.0,
    "ndcg@1": 0.0,
    "p@5": 0.2,
    "r@5": 1.0,
    "ndcg@5": 0.43067655807339306,
    "p@10": 0.1,
    "r@10": 1.0,
    "ndcg@10": 0.43067655807339306,
    "p@15": 0.06666666666666667,
    "r@15": 1.0,
    "ndcg@15": 0.43067655807339306
  },
  "retrieved": [
    10946,
    10947,
    1193,
    10948,
    1519,
    4434,
    10594,
    12730,
    12541,
    12544,
    2221,
    6149,
    1192,
    2213,
    8997
  ],
  "ground_truth": [
    10948
  ]
}