{
  "qid": 129896,
  "query": "Sử dụng kết quả ghi âm để hỏi cung bị can trong giai đoạn xét xử như thế nào?",
  "metrics": {
    "mrr": 0.16666666666666666,
    "map": 0.16666666666666666,
    "p@1": 0.0,
    "r@1": 0.0,
    "ndcg@1": 0.0,
    "p@5": 0.0,
    "r@5": 0.0,
    "ndcg@5": 0.0,
    "p@10": 0.1,
    "r@10": 1.0,
    "ndcg@10": 0.3562071871080222,
    "p@15": 0.06666666666666667,
    "r@15": 1.0,
    "ndcg@15": 0.3562071871080222
  },
  "retrieved": [
    10660,
    10661,
    3557,
    3553,
    3559,
    3560,
    3558,
    6705,
    10719,
    3561,
    6686,
    10659,
    10927,
    10708,
    3555
  ],
  "ground_truth": [
    3560
  ]
}