{
  "qid": 129857,
  "query": "Người nộp hồ sơ đề nghị cấp thẻ hướng dẫn viên có thể nộp bảng điểm thay cho các văn bằng, chứng chỉ do luật định không?",
  "metrics": {
    "mrr": 0.5,
    "map": 0.5,
    "p@1": 0.0,
    "r@1": 0.0,
    "ndcg@1": 0.0,
    "p@5": 0.2,
    "r@5": 1.0,
    "ndcg@5": 0.6309297535714575,
    "p@10": 0.1,
    "r@10": 1.0,
    "ndcg@10": 0.6309297535714575,
    "p@15": 0.06666666666666667,
    "r@15": 1.0,
    "ndcg@15": 0.6309297535714575
  },
  "retrieved": [
    9806,
    9803,
    9805,
    9807,
    9804,
    4622,
    9801,
    6626,
    4624,
    6004,
    2948,
    4623,
    835,
    1612,
    6410
  ],
  "ground_truth": [
    9803
  ]
}