{
  "qid": 129934,
  "query": "Hệ số lương của Quản lý dự án đường thủy hạng 3 ra sao?",
  "metrics": {
    "mrr": 0.3333333333333333,
    "map": 0.3333333333333333,
    "p@1": 0.0,
    "r@1": 0.0,
    "ndcg@1": 0.0,
    "p@5": 0.2,
    "r@5": 1.0,
    "ndcg@5": 0.5,
    "p@10": 0.1,
    "r@10": 1.0,
    "ndcg@10": 0.5,
    "p@15": 0.06666666666666667,
    "r@15": 1.0,
    "ndcg@15": 0.5
  },
  "retrieved": [
    3874,
    6460,
    1536,
    7562,
    8612,
    9045,
    8457,
    7726,
    7564,
    7563,
    9106,
    9081,
    7561,
    9050,
    13172
  ],
  "ground_truth": [
    1536
  ]
}