{
  "qid": 130055,
  "query": "Có thể lập vi bằng để ghi nhận hành vi chuyển quyền sử dụng đất đai không?",
  "metrics": {
    "mrr": 0.25,
    "map": 0.25,
    "p@1": 0.0,
    "r@1": 0.0,
    "ndcg@1": 0.0,
    "p@5": 0.2,
    "r@5": 1.0,
    "ndcg@5": 0.43067655807339306,
    "p@10": 0.1,
    "r@10": 1.0,
    "ndcg@10": 0.43067655807339306,
    "p@15": 0.06666666666666667,
    "r@15": 1.0,
    "ndcg@15": 0.43067655807339306
  },
  "retrieved": [
    8964,
    8966,
    5868,
    8963,
    5399,
    5479,
    5475,
    8998,
    11108,
    11127,
    5397,
    8965,
    7820,
    5433,
    11098
  ],
  "ground_truth": [
    8963
  ]
}