{
  "qid": 130054,
  "query": "Khi lập sổ vi bằng thì Thừa phát lại có cần trực tiếp chứng kiến không?",
  "metrics": {
    "mrr": 0.1111111111111111,
    "map": 0.1111111111111111,
    "p@1": 0.0,
    "r@1": 0.0,
    "ndcg@1": 0.0,
    "p@5": 0.0,
    "r@5": 0.0,
    "ndcg@5": 0.0,
    "p@10": 0.1,
    "r@10": 1.0,
    "ndcg@10": 0.3010299956639812
  },
  "retrieved": [
    10574,
    5830,
    8927,
    8992,
    8931,
    10653,
    10544,
    5829,
    8965,
    8943
  ]
}