{
  "qid": 130074,
  "query": "Giáo viên có thể xét thăng hạng giáo viên trung học cơ sở hạng II nếu có thời gian giữ chức danh nghề nghiệp giáo viên trung học cơ sở hạng III là 7 năm hay không?",
  "metrics": {
    "mrr": 0.25,
    "map": 0.25,
    "p@1": 0.0,
    "r@1": 0.0,
    "ndcg@1": 0.0,
    "p@5": 0.2,
    "r@5": 1.0,
    "ndcg@5": 0.43067655807339306,
    "p@10": 0.1,
    "r@10": 1.0,
    "ndcg@10": 0.43067655807339306,
    "p@15": 0.06666666666666667,
    "r@15": 1.0,
    "ndcg@15": 0.43067655807339306
  },
  "retrieved": [
    3852,
    3847,
    1534,
    1533,
    1538,
    1535,
    2820,
    6924,
    14239,
    12978,
    14236,
    13119,
    3875,
    14240,
    1530
  ],
  "ground_truth": [
    1533
  ]
}