{
  "qid": 130076,
  "query": "Giáo viên trung học cơ sở hạng II mã số V.07.04.11 sau khi đạt các tiêu chuẩn của hạng II mã số V.07.04.31 thì có cần yêu cầu xét thăng hạng không?",
  "metrics": {
    "mrr": 0.14285714285714285,
    "map": 0.14285714285714285,
    "p@1": 0.0,
    "r@1": 0.0,
    "ndcg@1": 0.0,
    "p@5": 0.0,
    "r@5": 0.0,
    "ndcg@5": 0.0,
    "p@10": 0.1,
    "r@10": 1.0,
    "ndcg@10": 0.3333333333333333,
    "p@15": 0.06666666666666667,
    "r@15": 1.0,
    "ndcg@15": 0.3333333333333333
  },
  "retrieved": [
    3847,
    3852,
    1533,
    1538,
    12978,
    1530,
    1537,
    2815,
    1535,
    2820,
    4644,
    6562,
    13119,
    1534,
    3875
  ],
  "ground_truth": [
    1537
  ]
}