{
  "qid": 13016,
  "query": "Người làm kế toán trưởng có những quyền hạn và trách nhiệm gì đối với công việc?",
  "metrics": {
    "mrr": 0.3333333333333333,
    "map": 0.3333333333333333,
    "p@1": 0.0,
    "r@1": 0.0,
    "ndcg@1": 0.0,
    "p@5": 0.2,
    "r@5": 1.0,
    "ndcg@5": 0.5,
    "p@10": 0.1,
    "r@10": 1.0,
    "ndcg@10": 0.5,
    "p@15": 0.06666666666666667,
    "r@15": 1.0,
    "ndcg@15": 0.5
  },
  "retrieved": [
    4397,
    4399,
    2897,
    2895,
    4390,
    4880,
    2899,
    4396,
    2896,
    2891,
    4395,
    4879,
    4388,
    4394,
    2892
  ],
  "ground_truth": [
    2897
  ]
}