{
  "qid": 130119,
  "query": "Người phụ trách kế toán có thể thay thế vị trí kế toán trưởng hay không?",
  "metrics": {
    "mrr": 0.2,
    "map": 0.2,
    "p@1": 0.0,
    "r@1": 0.0,
    "ndcg@1": 0.0,
    "p@5": 0.2,
    "r@5": 1.0,
    "ndcg@5": 0.38685280723454163,
    "p@10": 0.1,
    "r@10": 1.0,
    "ndcg@10": 0.38685280723454163,
    "p@15": 0.06666666666666667,
    "r@15": 1.0,
    "ndcg@15": 0.38685280723454163
  },
  "retrieved": [
    4396,
    2891,
    4395,
    4390,
    2895,
    4399,
    2897,
    4394,
    4388,
    4393,
    2892,
    2896,
    2899,
    4391,
    2893
  ],
  "ground_truth": [
    2895
  ]
}