{
  "qid": 13012,
  "query": "Cán bộ cấp huyện giữ chức vụ lãnh đạo phải thực hiện bổ nhiệm lại sau bao nhiêm năm?",
  "metrics": {
    "mrr": 0.07142857142857142,
    "map": 0.07142857142857142,
    "p@1": 0.0,
    "r@1": 0.0,
    "ndcg@1": 0.0,
    "p@5": 0.0,
    "r@5": 0.0,
    "ndcg@5": 0.0,
    "p@10": 0.0,
    "r@10": 0.0,
    "ndcg@10": 0.0,
    "p@15": 0.06666666666666667,
    "r@15": 1.0,
    "ndcg@15": 0.2559580248098155
  },
  "retrieved": [
    2334,
    670,
    14256,
    2335,
    9464,
    14257,
    2356,
    2357,
    14251,
    14260,
    9465,
    1054,
    14492,
    14250,
    2030
  ],
  "ground_truth": [
    14250
  ]
}