{
  "qid": 130286,
  "query": "Thủ tục tiến hành phiên toà tái thẩm được thực hiện như thế nào?",
  "metrics": {
    "mrr": 0.5,
    "map": 0.25,
    "p@1": 0.0,
    "r@1": 0.0,
    "ndcg@1": 0.0,
    "p@5": 0.2,
    "r@5": 0.5,
    "ndcg@5": 0.38685280723454163,
    "p@10": 0.1,
    "r@10": 0.5,
    "ndcg@10": 0.38685280723454163
  },
  "retrieved": [
    10931,
    10880,
    10735,
    10774,
    10782,
    10764,
    10935,
    10829,
    10778,
    10831
  ]
}