{
  "qid": 130261,
  "query": "Hoạt động cơ yếu là gì? Người làm việc trong tổ chức cơ yếu là ai?",
  "metrics": {
    "mrr": 0.5,
    "map": 0.25,
    "p@1": 0.0,
    "r@1": 0.0,
    "ndcg@1": 0.0,
    "p@5": 0.2,
    "r@5": 0.5,
    "ndcg@5": 0.38685280723454163,
    "p@10": 0.1,
    "r@10": 0.5,
    "ndcg@10": 0.38685280723454163
  },
  "retrieved": [
    4766,
    4787,
    5033,
    4786,
    4765,
    4775,
    4794,
    4768,
    7555,
    4771
  ]
}