{
  "qid": 130528,
  "query": "Cán bộ Viện kiểm sát quân sự được tuyển chọn, đào tạo và bồi dưỡng sẽ hưởng những quyền và lợi ích gì?",
  "metrics": {
    "mrr": 0.07142857142857142,
    "map": 0.07142857142857142,
    "p@1": 0.0,
    "r@1": 0.0,
    "ndcg@1": 0.0,
    "p@5": 0.0,
    "r@5": 0.0,
    "ndcg@5": 0.0,
    "p@10": 0.0,
    "r@10": 0.0,
    "ndcg@10": 0.0,
    "p@15": 0.06666666666666667,
    "r@15": 1.0,
    "ndcg@15": 0.2559580248098155
  },
  "retrieved": [
    13849,
    13848,
    13855,
    13856,
    13854,
    13860,
    13859,
    13861,
    13858,
    13863,
    11014,
    13850,
    13875,
    13852,
    11019
  ],
  "ground_truth": [
    13852
  ]
}