{
  "qid": 130512,
  "query": "Ai là người có thẩm quyền thay đổi Kiểm sát viên trước khi mở phiên tòa?",
  "metrics": {
    "mrr": 0.1111111111111111,
    "map": 0.1111111111111111,
    "p@1": 0.0,
    "r@1": 0.0,
    "ndcg@1": 0.0,
    "p@5": 0.0,
    "r@5": 0.0,
    "ndcg@5": 0.0,
    "p@10": 0.1,
    "r@10": 1.0,
    "ndcg@10": 0.3010299956639812,
    "p@15": 0.06666666666666667,
    "r@15": 1.0,
    "ndcg@15": 0.3010299956639812
  },
  "retrieved": [
    10766,
    10735,
    10782,
    10774,
    10764,
    10831,
    10756,
    10779,
    10528,
    10931,
    10791,
    10860,
    10789,
    10935,
    10778
  ],
  "ground_truth": [
    10528
  ]
}