{
  "qid": 130544,
  "query": "Trợ cấp thôi việc đối với viên chức là giáo viên nghỉ việc được quy định như thế nào?",
  "metrics": {
    "mrr": 0.2,
    "map": 0.2,
    "p@1": 0.0,
    "r@1": 0.0,
    "ndcg@1": 0.0,
    "p@5": 0.2,
    "r@5": 1.0,
    "ndcg@5": 0.38685280723454163,
    "p@10": 0.1,
    "r@10": 1.0,
    "ndcg@10": 0.38685280723454163,
    "p@15": 0.06666666666666667,
    "r@15": 1.0,
    "ndcg@15": 0.38685280723454163
  },
  "retrieved": [
    10143,
    12868,
    5308,
    10142,
    14265,
    11805,
    5306,
    9458,
    5013,
    14382,
    13280,
    8124,
    14268,
    12869,
    14113
  ],
  "ground_truth": [
    14265
  ]
}