{
  "qid": 130627,
  "query": "Thẩm quyền xử lý kỷ luật đối với cán bộ",
  "metrics": {
    "mrr": 0.07142857142857142,
    "map": 0.07142857142857142,
    "p@1": 0.0,
    "r@1": 0.0,
    "ndcg@1": 0.0,
    "p@5": 0.0,
    "r@5": 0.0,
    "ndcg@5": 0.0,
    "p@10": 0.0,
    "r@10": 0.0,
    "ndcg@10": 0.0,
    "p@15": 0.06666666666666667,
    "r@15": 1.0,
    "ndcg@15": 0.2559580248098155
  },
  "retrieved": [
    13761,
    13778,
    13745,
    1747,
    13779,
    13742,
    13744,
    13782,
    13771,
    13764,
    13741,
    8226,
    13755,
    13760,
    13770
  ],
  "ground_truth": [
    13760
  ]
}