{
  "qid": 130692,
  "query": "Khi nào thì Hội đồng xét xử phúc thẩm sẽ hủy bản án sơ thẩm để xét xử sơ thẩm lại?",
  "metrics": {
    "mrr": 0.5,
    "map": 0.5,
    "p@1": 0.0,
    "r@1": 0.0,
    "ndcg@1": 0.0,
    "p@5": 0.2,
    "r@5": 1.0,
    "ndcg@5": 0.6309297535714575,
    "p@10": 0.1,
    "r@10": 1.0,
    "ndcg@10": 0.6309297535714575,
    "p@15": 0.06666666666666667,
    "r@15": 1.0,
    "ndcg@15": 0.6309297535714575
  },
  "retrieved": [
    10832,
    10835,
    10837,
    10836,
    10504,
    10838,
    10867,
    10868,
    10731,
    10833,
    10865,
    10737,
    10825,
    10873,
    10807
  ],
  "ground_truth": [
    10835
  ]
}