{
  "qid": 130836,
  "query": "Ai có quyền thay đổi Thẩm phán trong tố tụng hình sự?",
  "metrics": {
    "mrr": 0.14285714285714285,
    "map": 0.14285714285714285,
    "p@1": 0.0,
    "r@1": 0.0,
    "ndcg@1": 0.0,
    "p@5": 0.0,
    "r@5": 0.0,
    "ndcg@5": 0.0,
    "p@10": 0.1,
    "r@10": 1.0,
    "ndcg@10": 0.3333333333333333,
    "p@15": 0.06666666666666667,
    "r@15": 1.0,
    "ndcg@15": 0.3333333333333333
  },
  "retrieved": [
    1155,
    10859,
    12701,
    10500,
    10888,
    10506,
    10530,
    10887,
    7203,
    10731,
    10765,
    10959,
    10884,
    12747,
    10881
  ],
  "ground_truth": [
    10530
  ]
}