{
  "qid": 130987,
  "query": "Khiếu nại lần hai hoặc khởi kiện vụ án hành chính ra sao?",
  "metrics": {
    "mrr": 0.09090909090909091,
    "map": 0.09090909090909091,
    "p@1": 0.0,
    "r@1": 0.0,
    "ndcg@1": 0.0,
    "p@5": 0.0,
    "r@5": 0.0,
    "ndcg@5": 0.0,
    "p@10": 0.0,
    "r@10": 0.0,
    "ndcg@10": 0.0,
    "p@15": 0.06666666666666667,
    "r@15": 1.0,
    "ndcg@15": 0.27894294565112987
  },
  "retrieved": [
    1707,
    1742,
    1740,
    1756,
    1711,
    1731,
    1757,
    1502,
    1754,
    1744,
    1733,
    1499,
    1712,
    11401,
    1713
  ],
  "ground_truth": [
    1733
  ]
}