{
  "qid": 131237,
  "query": "Tiến hành tố tụng khi có người tham gia tố tụng hình sự là người dưới 18 tuổi được tiến hành theo nguyên tắc nào?",
  "metrics": {
    "mrr": 0.25,
    "map": 0.25,
    "p@1": 0.0,
    "r@1": 0.0,
    "ndcg@1": 0.0,
    "p@5": 0.2,
    "r@5": 1.0,
    "ndcg@5": 0.43067655807339306,
    "p@10": 0.1,
    "r@10": 1.0,
    "ndcg@10": 0.43067655807339306,
    "p@15": 0.06666666666666667,
    "r@15": 1.0,
    "ndcg@15": 0.43067655807339306
  },
  "retrieved": [
    6695,
    6693,
    6698,
    10890,
    6696,
    6700,
    10478,
    6699,
    10498,
    6692,
    10891,
    10556,
    10794,
    6701,
    6707
  ],
  "ground_truth": [
    10890
  ]
}