{
  "qid": 131382,
  "query": "Sau khi hết thời gian tập sự thẩm kế viên hạng IV có trình độ thạc sĩ được xếp lương như thế nào?",
  "metrics": {
    "mrr": 0.5,
    "map": 0.5,
    "p@1": 0.0,
    "r@1": 0.0,
    "ndcg@1": 0.0,
    "p@5": 0.2,
    "r@5": 1.0,
    "ndcg@5": 0.6309297535714575,
    "p@10": 0.1,
    "r@10": 1.0,
    "ndcg@10": 0.6309297535714575,
    "p@15": 0.06666666666666667,
    "r@15": 1.0,
    "ndcg@15": 0.6309297535714575
  },
  "retrieved": [
    8455,
    6460,
    14230,
    1536,
    5836,
    14231,
    5842,
    4207,
    4203,
    6572,
    5839,
    7554,
    4212,
    6576,
    4202
  ],
  "ground_truth": [
    6460
  ]
}