{
  "qid": 13141,
  "query": "Hình thức xử lý kỷ luật công chức khi nhận tiền của người dân?",
  "metrics": {
    "mrr": 0.14285714285714285,
    "map": 0.14285714285714285,
    "p@1": 0.0,
    "r@1": 0.0,
    "ndcg@1": 0.0,
    "p@5": 0.0,
    "r@5": 0.0,
    "ndcg@5": 0.0,
    "p@10": 0.1,
    "r@10": 1.0,
    "ndcg@10": 0.3333333333333333,
    "p@15": 0.06666666666666667,
    "r@15": 1.0,
    "ndcg@15": 0.3333333333333333
  },
  "retrieved": [
    13764,
    13742,
    13779,
    13778,
    13755,
    5139,
    13753,
    13761,
    13745,
    13765,
    13782,
    13741,
    1747,
    13771,
    8224
  ],
  "ground_truth": [
    13753
  ]
}