{
  "qid": 131513,
  "query": "Hồ sơ điện tử để lưu trữ cơ quan của Bộ Giao thông vận tải được tạo lập theo yêu cầu nào?",
  "metrics": {
    "mrr": 0.07692307692307693,
    "map": 0.07692307692307693,
    "p@1": 0.0,
    "r@1": 0.0,
    "ndcg@1": 0.0,
    "p@5": 0.0,
    "r@5": 0.0,
    "ndcg@5": 0.0,
    "p@10": 0.0,
    "r@10": 0.0,
    "ndcg@10": 0.0,
    "p@15": 0.06666666666666667,
    "r@15": 1.0,
    "ndcg@15": 0.26264953503719357
  },
  "retrieved": [
    1264,
    230,
    4046,
    224,
    8433,
    1250,
    226,
    221,
    3894,
    1062,
    225,
    13331,
    1262,
    13160,
    13146
  ],
  "ground_truth": [
    1262
  ]
}