{
  "qid": 131634,
  "query": "Những trường hợp nào được nhận bảo hiểm xã hội một lần?",
  "metrics": {
    "mrr": 0.3333333333333333,
    "map": 0.3333333333333333,
    "p@1": 0.0,
    "r@1": 0.0,
    "ndcg@1": 0.0,
    "p@5": 0.2,
    "r@5": 1.0,
    "ndcg@5": 0.5,
    "p@10": 0.1,
    "r@10": 1.0,
    "ndcg@10": 0.5
  },
  "retrieved": [
    11870,
    11859,
    14094,
    797,
    14105,
    8438,
    11858,
    14097,
    795,
    8420
  ]
}