{
  "qid": 131688,
  "query": "Kế toán trưởng của Kho bạc Nhà nước tỉnh có trách nhiệm và quyền hạn như thế nào?",
  "metrics": {
    "mrr": 0.25,
    "map": 0.25,
    "p@1": 0.0,
    "r@1": 0.0,
    "ndcg@1": 0.0,
    "p@5": 0.2,
    "r@5": 1.0,
    "ndcg@5": 0.43067655807339306,
    "p@10": 0.1,
    "r@10": 1.0,
    "ndcg@10": 0.43067655807339306,
    "p@15": 0.06666666666666667,
    "r@15": 1.0,
    "ndcg@15": 0.43067655807339306
  },
  "retrieved": [
    4397,
    8535,
    2895,
    2897,
    4399,
    8534,
    4390,
    4389,
    12116,
    5055,
    4396,
    2896,
    2891,
    13579,
    2899
  ],
  "ground_truth": [
    2897
  ]
}