{
  "qid": 131785,
  "query": "Việc tổ chức Tòa hành chính tại Tòa án nhân dân cấp tỉnh cần đáp ứng được các điều kiện thế nào?",
  "metrics": {
    "mrr": 0.5,
    "map": 0.5,
    "p@1": 0.0,
    "r@1": 0.0,
    "ndcg@1": 0.0,
    "p@5": 0.2,
    "r@5": 1.0,
    "ndcg@5": 0.6309297535714575,
    "p@10": 0.1,
    "r@10": 1.0,
    "ndcg@10": 0.6309297535714575,
    "p@15": 0.06666666666666667,
    "r@15": 1.0,
    "ndcg@15": 0.6309297535714575
  },
  "retrieved": [
    869,
    867,
    868,
    870,
    1131,
    1485,
    208,
    10823,
    866,
    1526,
    10524,
    871,
    10935,
    1488,
    8977
  ],
  "ground_truth": [
    867
  ]
}