{
  "qid": 131948,
  "query": "Thời hạn kháng nghị của Viện kiểm sát đối với bản án hình sự sơ thẩm là bao lâu?",
  "metrics": {
    "mrr": 0.5,
    "map": 0.5,
    "p@1": 0.0,
    "r@1": 0.0,
    "ndcg@1": 0.0,
    "p@5": 0.2,
    "r@5": 1.0,
    "ndcg@5": 0.6309297535714575,
    "p@10": 0.1,
    "r@10": 1.0,
    "ndcg@10": 0.6309297535714575,
    "p@15": 0.06666666666666667,
    "r@15": 1.0,
    "ndcg@15": 0.6309297535714575
  },
  "retrieved": [
    10813,
    10814,
    10833,
    10820,
    10815,
    10832,
    10835,
    10504,
    10856,
    10855,
    10866,
    10854,
    10816,
    10857,
    10739
  ],
  "ground_truth": [
    10814
  ]
}