{
  "qid": 132114,
  "query": "Có thể tổ chức Hội nghị cán bộ công chức bất thường khi có đơn yêu cầu từ cán bộ công chức không?",
  "metrics": {
    "mrr": 0.5,
    "map": 0.5,
    "p@1": 0.0,
    "r@1": 0.0,
    "ndcg@1": 0.0,
    "p@5": 0.2,
    "r@5": 1.0,
    "ndcg@5": 0.6309297535714575,
    "p@10": 0.1,
    "r@10": 1.0,
    "ndcg@10": 0.6309297535714575,
    "p@15": 0.06666666666666667,
    "r@15": 1.0,
    "ndcg@15": 0.6309297535714575
  },
  "retrieved": [
    813,
    807,
    806,
    4128,
    2024,
    2911,
    2336,
    808,
    13741,
    11020,
    2922,
    2915,
    2912,
    12448,
    3162
  ],
  "ground_truth": [
    807
  ]
}