{
  "qid": 132105,
  "query": "Để được cấp Giấy chứng nhận đủ điều kiện kinh doanh casino cần đáp ứng những điều kiện gì?",
  "metrics": {
    "mrr": 0.16666666666666666,
    "map": 0.16666666666666666,
    "p@1": 0.0,
    "r@1": 0.0,
    "ndcg@1": 0.0,
    "p@5": 0.0,
    "r@5": 0.0,
    "ndcg@5": 0.0,
    "p@10": 0.1,
    "r@10": 1.0,
    "ndcg@10": 0.3562071871080222
  },
  "retrieved": [
    3276,
    3277,
    3308,
    3274,
    3273,
    3270,
    3250,
    3271,
    3267,
    12842
  ]
}