{
  "qid": 132113,
  "query": "Hội nghị cán bộ công chức hàng năm phải đảm bảo nêu được những nội dung nào trong hội nghị?",
  "metrics": {
    "mrr": 0.2,
    "map": 0.2,
    "p@1": 0.0,
    "r@1": 0.0,
    "ndcg@1": 0.0,
    "p@5": 0.2,
    "r@5": 1.0,
    "ndcg@5": 0.38685280723454163,
    "p@10": 0.1,
    "r@10": 1.0,
    "ndcg@10": 0.38685280723454163,
    "p@15": 0.06666666666666667,
    "r@15": 1.0,
    "ndcg@15": 0.38685280723454163
  },
  "retrieved": [
    806,
    2336,
    807,
    813,
    4128,
    808,
    810,
    2024,
    2911,
    809,
    814,
    2174,
    6832,
    13741,
    2282
  ],
  "ground_truth": [
    4128
  ]
}