{
  "qid": 132367,
  "query": "Không có giấy phép lái xe bị phạt bao nhiêu tiền đối với người đi xe máy?",
  "metrics": {
    "mrr": 0.16666666666666666,
    "map": 0.16666666666666666,
    "p@1": 0.0,
    "r@1": 0.0,
    "ndcg@1": 0.0,
    "p@5": 0.0,
    "r@5": 0.0,
    "ndcg@5": 0.0,
    "p@10": 0.1,
    "r@10": 1.0,
    "ndcg@10": 0.3562071871080222
  },
  "retrieved": [
    7122,
    7126,
    7121,
    7113,
    7118,
    10319,
    7125,
    11437,
    7114,
    7116
  ]
}