{
  "qid": 132454,
  "query": "Quy định về chế độ nâng bậc lương trước thời hạn đối với tất cả CC, VC như thế nào?",
  "metrics": {
    "mrr": 0.2,
    "map": 0.2,
    "p@1": 0.0,
    "r@1": 0.0,
    "ndcg@1": 0.0,
    "p@5": 0.2,
    "r@5": 1.0,
    "ndcg@5": 0.38685280723454163,
    "p@10": 0.1,
    "r@10": 1.0,
    "ndcg@10": 0.38685280723454163,
    "p@15": 0.06666666666666667,
    "r@15": 1.0,
    "ndcg@15": 0.38685280723454163
  },
  "retrieved": [
    8172,
    7559,
    8171,
    7554,
    14491,
    8170,
    7564,
    3868,
    7561,
    7557,
    7562,
    7563,
    7556,
    13779,
    664
  ],
  "ground_truth": [
    14491
  ]
}