{
  "qid": 132680,
  "query": "Mức hưởng chế độ thai sản khi vợ mất nhưng chồng đóng bảo hiểm xã hội chưa đủ 6 tháng được quy định như thế nào?",
  "metrics": {
    "mrr": 0.5,
    "map": 0.5,
    "p@1": 0.0,
    "r@1": 0.0,
    "ndcg@1": 0.0,
    "p@5": 0.2,
    "r@5": 1.0,
    "ndcg@5": 0.6309297535714575,
    "p@10": 0.1,
    "r@10": 1.0,
    "ndcg@10": 0.6309297535714575,
    "p@15": 0.06666666666666667,
    "r@15": 1.0,
    "ndcg@15": 0.6309297535714575
  },
  "retrieved": [
    11852,
    11850,
    11851,
    14094,
    11871,
    797,
    14090,
    11858,
    11859,
    14089,
    14097,
    799,
    795,
    11867,
    14110
  ],
  "ground_truth": [
    11850
  ]
}