{
  "qid": 133072,
  "query": "Trong trường hợp nào thì tàu biển nước ngoài hoạt động trong vùng nước cảng biển Việt Nam phải được kiểm tra lại?",
  "metrics": {
    "mrr": 0.16666666666666666,
    "map": 0.16666666666666666,
    "p@1": 0.0,
    "r@1": 0.0,
    "ndcg@1": 0.0,
    "p@5": 0.0,
    "r@5": 0.0,
    "ndcg@5": 0.0,
    "p@10": 0.1,
    "r@10": 1.0,
    "ndcg@10": 0.3562071871080222,
    "p@15": 0.06666666666666667,
    "r@15": 1.0,
    "ndcg@15": 0.3562071871080222
  },
  "retrieved": [
    7661,
    7666,
    7663,
    7662,
    7670,
    7672,
    7669,
    7677,
    7671,
    11646,
    7667,
    7678,
    7673,
    11626,
    7660
  ],
  "ground_truth": [
    7672
  ]
}