{
  "qid": 133073,
  "query": "Việc khắc phục khiếm khuyết và cho phép tàu biển nước ngoài rời cảng biển Việt Nam được quy định như thế nào?",
  "metrics": {
    "mrr": 0.5,
    "map": 0.5,
    "p@1": 0.0,
    "r@1": 0.0,
    "ndcg@1": 0.0,
    "p@5": 0.2,
    "r@5": 1.0,
    "ndcg@5": 0.6309297535714575,
    "p@10": 0.1,
    "r@10": 1.0,
    "ndcg@10": 0.6309297535714575,
    "p@15": 0.06666666666666667,
    "r@15": 1.0,
    "ndcg@15": 0.6309297535714575
  },
  "retrieved": [
    7668,
    7671,
    7672,
    7673,
    7662,
    7661,
    7663,
    7670,
    7669,
    7666,
    9102,
    11626,
    7677,
    11646,
    8375
  ],
  "ground_truth": [
    7671
  ]
}