{
  "qid": 133126,
  "query": "Hội đồng phối hợp liên ngành Trung ương có nhiệm vụ giúp lãnh đạo liên ngành thực hiện các hoạt động nào?",
  "metrics": {
    "mrr": 0.3333333333333333,
    "map": 0.3333333333333333,
    "p@1": 0.0,
    "r@1": 0.0,
    "ndcg@1": 0.0,
    "p@5": 0.2,
    "r@5": 1.0,
    "ndcg@5": 0.5,
    "p@10": 0.1,
    "r@10": 1.0,
    "ndcg@10": 0.5,
    "p@15": 0.06666666666666667,
    "r@15": 1.0,
    "ndcg@15": 0.5
  },
  "retrieved": [
    13035,
    13033,
    13034,
    13037,
    13038,
    13036,
    5663,
    13040,
    5662,
    13041,
    5664,
    548,
    5655,
    5659,
    5540
  ],
  "ground_truth": [
    13034
  ]
}