{
  "qid": 133335,
  "query": "Có bao nhiêu hình thức thăng hạng chức danh nghề nghiệp giáo viên mầm non?",
  "metrics": {
    "mrr": 0.09090909090909091,
    "map": 0.09090909090909091,
    "p@1": 0.0,
    "r@1": 0.0,
    "ndcg@1": 0.0,
    "p@5": 0.0,
    "r@5": 0.0,
    "ndcg@5": 0.0,
    "p@10": 0.0,
    "r@10": 0.0,
    "ndcg@10": 0.0,
    "p@15": 0.06666666666666667,
    "r@15": 1.0,
    "ndcg@15": 0.27894294565112987
  },
  "retrieved": [
    1535,
    1530,
    14244,
    1678,
    1532,
    6925,
    14241,
    1534,
    6926,
    3878,
    14236,
    6924,
    3872,
    8733,
    13118
  ],
  "ground_truth": [
    14236
  ]
}