{
  "qid": 13378,
  "query": "Thời hạn tạm giam để điều tra vụ án hình sự là bao lâu?",
  "metrics": {
    "mrr": 0.14285714285714285,
    "map": 0.14285714285714285,
    "p@1": 0.0,
    "r@1": 0.0,
    "ndcg@1": 0.0,
    "p@5": 0.0,
    "r@5": 0.0,
    "ndcg@5": 0.0,
    "p@10": 0.1,
    "r@10": 1.0,
    "ndcg@10": 0.3333333333333333
  },
  "retrieved": [
    1179,
    10646,
    10721,
    1189,
    10824,
    1177,
    10649,
    1188,
    10927,
    1183
  ]
}