{
  "qid": 13372,
  "query": "Viên chức là gì? Phân loại viên chức?",
  "metrics": {
    "mrr": 0.3333333333333333,
    "map": 0.3333333333333333,
    "p@1": 0.0,
    "r@1": 0.0,
    "ndcg@1": 0.0,
    "p@5": 0.2,
    "r@5": 1.0,
    "ndcg@5": 0.5,
    "p@10": 0.1,
    "r@10": 1.0,
    "ndcg@10": 0.5,
    "p@15": 0.06666666666666667,
    "r@15": 1.0,
    "ndcg@15": 0.5
  },
  "retrieved": [
    14268,
    7799,
    14210,
    7805,
    7816,
    14233,
    14264,
    7814,
    14269,
    7796,
    7809,
    7804,
    2203,
    11355,
    7815
  ],
  "ground_truth": [
    14210
  ]
}