{
  "qid": 134071,
  "query": "Việc bổ nhiệm vào chức danh nghề nghiệp giáo viên tiểu học được quy định thế nào?",
  "metrics": {
    "mrr": 1.0,
    "map": 0.75,
    "p@1": 1.0,
    "r@1": 0.5,
    "ndcg@1": 1.0,
    "p@5": 0.4,
    "r@5": 1.0,
    "ndcg@5": 0.8772153153380493,
    "p@10": 0.2,
    "r@10": 1.0,
    "ndcg@10": 0.8772153153380493,
    "p@15": 0.13333333333333333,
    "r@15": 1.0,
    "ndcg@15": 0.8772153153380493
  },
  "retrieved": [
    2820,
    2815,
    1538,
    1534,
    2814,
    1537,
    2817,
    14209,
    1535,
    3852,
    3467,
    14236,
    14235,
    6563,
    14237
  ],
  "ground_truth": [
    1534,
    2820
  ]
}