{
  "qid": 134208,
  "query": "Theo quy định thì kết quả xét nghiệm HIV có được gửi đến cho người chuẩn bị kết hôn biết kết quả đó không?",
  "metrics": {
    "mrr": 0.16666666666666666,
    "map": 0.16666666666666666,
    "p@1": 0.0,
    "r@1": 0.0,
    "ndcg@1": 0.0,
    "p@5": 0.0,
    "r@5": 0.0,
    "ndcg@5": 0.0,
    "p@10": 0.1,
    "r@10": 1.0,
    "ndcg@10": 0.3562071871080222,
    "p@15": 0.06666666666666667,
    "r@15": 1.0,
    "ndcg@15": 0.3562071871080222
  },
  "retrieved": [
    40,
    2755,
    2763,
    14561,
    39,
    2754,
    599,
    42,
    9274,
    48,
    38,
    2764,
    46,
    2762,
    2753
  ],
  "ground_truth": [
    2754
  ]
}