{
  "qid": 134545,
  "query": "Trường hợp được miễn chứng từ chứng nhận xuất xứ hàng hóa thì có được hưởng ưu đãi thuế quan theo UKVFTA không?",
  "metrics": {
    "mrr": 0.3333333333333333,
    "map": 0.3333333333333333,
    "p@1": 0.0,
    "r@1": 0.0,
    "ndcg@1": 0.0,
    "p@5": 0.2,
    "r@5": 1.0,
    "ndcg@5": 0.5,
    "p@10": 0.1,
    "r@10": 1.0,
    "ndcg@10": 0.5
  },
  "retrieved": [
    5521,
    2811,
    2793,
    5256,
    2801,
    2806,
    5255,
    2800,
    5518,
    2808
  ]
}