{
  "qid": 134640,
  "query": "Việc gửi quyết định kháng nghị tái thẩm đối với bản án hình sự của Viện kiểm sát nhân dân cấp cao được thực hiện như thế nào?",
  "metrics": {
    "mrr": 0.25,
    "map": 0.25,
    "p@1": 0.0,
    "r@1": 0.0,
    "ndcg@1": 0.0,
    "p@5": 0.2,
    "r@5": 1.0,
    "ndcg@5": 0.43067655807339306,
    "p@10": 0.1,
    "r@10": 1.0,
    "ndcg@10": 0.43067655807339306,
    "p@15": 0.06666666666666667,
    "r@15": 1.0,
    "ndcg@15": 0.43067655807339306
  },
  "retrieved": [
    10813,
    10874,
    10855,
    10857,
    10878,
    10866,
    10879,
    10815,
    10854,
    10814,
    10969,
    9430,
    3988,
    10820,
    10856
  ],
  "ground_truth": [
    10857
  ]
}