{
  "qid": 134669,
  "query": "Hồ sơ đề nghị cấp chứng chỉ hành nghề khám chữa bệnh lần đầu đối với người nước ngoài cần chuẩn bị những giấy tờ nào?",
  "metrics": {
    "mrr": 0.07142857142857142,
    "map": 0.07142857142857142,
    "p@1": 0.0,
    "r@1": 0.0,
    "ndcg@1": 0.0,
    "p@5": 0.0,
    "r@5": 0.0,
    "ndcg@5": 0.0,
    "p@10": 0.0,
    "r@10": 0.0,
    "ndcg@10": 0.0,
    "p@15": 0.06666666666666667,
    "r@15": 1.0,
    "ndcg@15": 0.2559580248098155
  },
  "retrieved": [
    12357,
    12356,
    6410,
    12394,
    12349,
    12352,
    12358,
    6409,
    12355,
    239,
    12361,
    3812,
    704,
    12354,
    238
  ],
  "ground_truth": [
    12354
  ]
}