{
  "qid": 134671,
  "query": "Con của sĩ quan Quân đội nhân dân Việt Nam có được ưu tiên tuyển dụng công chức Thuế hay không?",
  "metrics": {
    "mrr": 0.1,
    "map": 0.1,
    "p@1": 0.0,
    "r@1": 0.0,
    "ndcg@1": 0.0,
    "p@5": 0.0,
    "r@5": 0.0,
    "ndcg@5": 0.0,
    "p@10": 0.1,
    "r@10": 1.0,
    "ndcg@10": 0.2890648263178879,
    "p@15": 0.06666666666666667,
    "r@15": 1.0,
    "ndcg@15": 0.2890648263178879
  },
  "retrieved": [
    8075,
    5004,
    11942,
    5650,
    14454,
    14460,
    9152,
    14223,
    9153,
    14213,
    14459,
    6589,
    13322,
    9151,
    11496
  ],
  "ground_truth": [
    14213
  ]
}