{
  "qid": 134753,
  "query": "Thời hạn tạm giữ để cơ quan có thẩm quyền tiến hành điều tra người tạm giữ là bao lâu?",
  "metrics": {
    "mrr": 0.5,
    "map": 0.5,
    "p@1": 0.0,
    "r@1": 0.0,
    "ndcg@1": 0.0,
    "p@5": 0.2,
    "r@5": 1.0,
    "ndcg@5": 0.6309297535714575,
    "p@10": 0.1,
    "r@10": 1.0,
    "ndcg@10": 0.6309297535714575
  },
  "retrieved": [
    1175,
    10595,
    1188,
    10706,
    1189,
    10927,
    10594,
    10658,
    10946,
    1174
  ]
}