{
  "qid": 134733,
  "query": "Ai có thẩm quyền quyết định thăng cấp bậc quân hàm Thượng sĩ đối với hạ sĩ quan Quân đội?",
  "metrics": {
    "mrr": 0.16666666666666666,
    "map": 0.16666666666666666,
    "p@1": 0.0,
    "r@1": 0.0,
    "ndcg@1": 0.0,
    "p@5": 0.0,
    "r@5": 0.0,
    "ndcg@5": 0.0,
    "p@10": 0.1,
    "r@10": 1.0,
    "ndcg@10": 0.3562071871080222,
    "p@15": 0.06666666666666667,
    "r@15": 1.0,
    "ndcg@15": 0.3562071871080222
  },
  "retrieved": [
    7331,
    7330,
    7340,
    14491,
    7335,
    7332,
    7334,
    7328,
    7341,
    7339,
    7329,
    7559,
    5154,
    5151,
    11499
  ],
  "ground_truth": [
    7332
  ]
}