{
  "qid": 134801,
  "query": "Nếu đủ điều kiện xét vào hạng II mới (Theo thông tư 03/2021/TT-BGDĐT) thì có cần đủ 9 năm công tác mới được xét hay không?",
  "metrics": {
    "mrr": 0.09090909090909091,
    "map": 0.09090909090909091,
    "p@1": 0.0,
    "r@1": 0.0,
    "ndcg@1": 0.0,
    "p@5": 0.0,
    "r@5": 0.0,
    "ndcg@5": 0.0,
    "p@10": 0.0,
    "r@10": 0.0,
    "ndcg@10": 0.0,
    "p@15": 0.06666666666666667,
    "r@15": 1.0,
    "ndcg@15": 0.27894294565112987
  },
  "retrieved": [
    1538,
    3874,
    3875,
    14239,
    3312,
    587,
    6203,
    10033,
    8732,
    1339,
    3852,
    3311,
    7146,
    6924,
    13125
  ],
  "ground_truth": [
    3852
  ]
}