{
  "qid": 134889,
  "query": "Dịch vụ viễn thông công ích di động hàng hải bắt buộc là loại dịch vụ nào?",
  "metrics": {
    "mrr": 0.5,
    "map": 0.5,
    "p@1": 0.0,
    "r@1": 0.0,
    "ndcg@1": 0.0,
    "p@5": 0.2,
    "r@5": 1.0,
    "ndcg@5": 0.6309297535714575,
    "p@10": 0.1,
    "r@10": 1.0,
    "ndcg@10": 0.6309297535714575,
    "p@15": 0.06666666666666667,
    "r@15": 1.0,
    "ndcg@15": 0.6309297535714575
  },
  "retrieved": [
    2702,
    2701,
    2717,
    2699,
    2700,
    2709,
    8567,
    2718,
    2707,
    2719,
    2704,
    2703,
    3946,
    7241,
    8571
  ],
  "ground_truth": [
    2701
  ]
}