{
  "qid": 13496,
  "query": "Có được ủy quyền cho người khác đi trích lục khai sinh của người thân đã mất?",
  "metrics": {
    "mrr": 0.14285714285714285,
    "map": 0.14285714285714285,
    "p@1": 0.0,
    "r@1": 0.0,
    "ndcg@1": 0.0,
    "p@5": 0.0,
    "r@5": 0.0,
    "ndcg@5": 0.0,
    "p@10": 0.1,
    "r@10": 1.0,
    "ndcg@10": 0.3333333333333333,
    "p@15": 0.06666666666666667,
    "r@15": 1.0,
    "ndcg@15": 0.3333333333333333
  },
  "retrieved": [
    3130,
    4563,
    2262,
    4572,
    4562,
    4561,
    4555,
    4568,
    2274,
    4560,
    5137,
    4575,
    2265,
    7060,
    5131
  ],
  "ground_truth": [
    4555
  ]
}