{
  "qid": 135063,
  "query": "Việc công bố quyết định thanh tra hành chính trong lĩnh vực giáo dục có phải lập biên bản không?",
  "metrics": {
    "mrr": 0.5,
    "map": 0.5,
    "p@1": 0.0,
    "r@1": 0.0,
    "ndcg@1": 0.0,
    "p@5": 0.2,
    "r@5": 1.0,
    "ndcg@5": 0.6309297535714575,
    "p@10": 0.1,
    "r@10": 1.0,
    "ndcg@10": 0.6309297535714575,
    "p@15": 0.06666666666666667,
    "r@15": 1.0,
    "ndcg@15": 0.6309297535714575
  },
  "retrieved": [
    4970,
    7022,
    7035,
    7021,
    4969,
    7307,
    13391,
    13382,
    7020,
    12063,
    13364,
    7027,
    4979,
    788,
    7016
  ],
  "ground_truth": [
    7022
  ]
}