{
  "qid": 135235,
  "query": "Đăng ký giao dịch bảo đảm bất động sản bảo đảm cho nhiều nghĩa vụ có phải xóa đăng ký biện pháp bảo đảm trước đó không?",
  "metrics": {
    "mrr": 0.3333333333333333,
    "map": 0.3333333333333333,
    "p@1": 0.0,
    "r@1": 0.0,
    "ndcg@1": 0.0,
    "p@5": 0.2,
    "r@5": 1.0,
    "ndcg@5": 0.5,
    "p@10": 0.1,
    "r@10": 1.0,
    "ndcg@10": 0.5,
    "p@15": 0.06666666666666667,
    "r@15": 1.0,
    "ndcg@15": 0.5
  },
  "retrieved": [
    11176,
    11193,
    11191,
    11180,
    11178,
    11235,
    12659,
    1281,
    11171,
    11175,
    11172,
    11236,
    11173,
    2680,
    11228
  ],
  "ground_truth": [
    11191
  ]
}