{
  "qid": 13553,
  "query": "Thời hạn thực hiện và thời điểm có hiệu lực của hợp đồng chuyển giao công nghệ thiết bị kèm công nghệ cao là khi nào?",
  "metrics": {
    "mrr": 0.5,
    "map": 0.5,
    "p@1": 0.0,
    "r@1": 0.0,
    "ndcg@1": 0.0,
    "p@5": 0.2,
    "r@5": 1.0,
    "ndcg@5": 0.6309297535714575,
    "p@10": 0.1,
    "r@10": 1.0,
    "ndcg@10": 0.6309297535714575
  },
  "retrieved": [
    12786,
    7515,
    7514,
    7519,
    7522,
    7496,
    7521,
    7503,
    7516,
    7492
  ]
}