{
  "qid": 135678,
  "query": "Thủ tục nộp tiền để bảo đảm thi hành án tại ngân hàng được quy định như thế nào?",
  "metrics": {
    "mrr": 0.5,
    "map": 0.5,
    "p@1": 0.0,
    "r@1": 0.0,
    "ndcg@1": 0.0,
    "p@5": 0.2,
    "r@5": 1.0,
    "ndcg@5": 0.6309297535714575,
    "p@10": 0.1,
    "r@10": 1.0,
    "ndcg@10": 0.6309297535714575,
    "p@15": 0.06666666666666667,
    "r@15": 1.0,
    "ndcg@15": 0.6309297535714575
  },
  "retrieved": [
    14135,
    14137,
    14141,
    14133,
    7451,
    14136,
    14138,
    7448,
    14140,
    8985,
    12713,
    8982,
    8981,
    8978,
    820
  ],
  "ground_truth": [
    14137
  ]
}