{
  "qid": 135673,
  "query": "Bị cáo được Tòa án tuyên hình phạt tù nhưng được hưởng án treo thì có được hủy bỏ mọi biện pháp ngăn chặn đang áp dụng không?",
  "metrics": {
    "mrr": 1.0,
    "map": 0.5,
    "p@1": 1.0,
    "r@1": 0.5,
    "ndcg@1": 1.0,
    "p@5": 0.2,
    "r@5": 0.5,
    "ndcg@5": 0.6131471927654584,
    "p@10": 0.1,
    "r@10": 0.5,
    "ndcg@10": 0.6131471927654584
  },
  "retrieved": [
    10602,
    8149,
    10805,
    10840,
    10718,
    8152,
    10974,
    6686,
    8151,
    10834
  ]
}