{
  "qid": 135962,
  "query": "Đơn vị kinh doanh vận tải hành khách du lịch bằng xe ô tô có những trách nhiệm gì?",
  "metrics": {
    "mrr": 0.08333333333333333,
    "map": 0.08333333333333333,
    "p@1": 0.0,
    "r@1": 0.0,
    "ndcg@1": 0.0,
    "p@5": 0.0,
    "r@5": 0.0,
    "ndcg@5": 0.0,
    "p@10": 0.0,
    "r@10": 0.0,
    "ndcg@10": 0.0,
    "p@15": 0.06666666666666667,
    "r@15": 1.0,
    "ndcg@15": 0.27023815442731974
  },
  "retrieved": [
    13129,
    10326,
    13139,
    13128,
    13149,
    13162,
    13127,
    13150,
    13137,
    13156,
    4449,
    13133,
    13132,
    10321,
    13160
  ],
  "ground_truth": [
    13133
  ]
}