{
  "qid": 136088,
  "query": "Xử lý thế nào trong trường hợp tiếp nhận tin báo về tội phạm không thuộc thẩm quyền giải quyết?",
  "metrics": {
    "mrr": 0.5,
    "map": 0.5,
    "p@1": 0.0,
    "r@1": 0.0,
    "ndcg@1": 0.0,
    "p@5": 0.2,
    "r@5": 1.0,
    "ndcg@5": 0.6309297535714575,
    "p@10": 0.1,
    "r@10": 1.0,
    "ndcg@10": 0.6309297535714575,
    "p@15": 0.06666666666666667,
    "r@15": 1.0,
    "ndcg@15": 0.6309297535714575
  },
  "retrieved": [
    994,
    10623,
    10622,
    993,
    10637,
    1000,
    10533,
    990,
    991,
    995,
    998,
    10621,
    987,
    10573,
    989
  ],
  "ground_truth": [
    10623
  ]
}