{
  "qid": 136628,
  "query": "Góp vốn bằng công nghệ có phải lập hợp đồng chuyển giao công nghệ không?",
  "metrics": {
    "mrr": 0.5,
    "map": 0.25,
    "p@1": 0.0,
    "r@1": 0.0,
    "ndcg@1": 0.0,
    "p@5": 0.2,
    "r@5": 0.5,
    "ndcg@5": 0.38685280723454163,
    "p@10": 0.1,
    "r@10": 0.5,
    "ndcg@10": 0.38685280723454163,
    "p@15": 0.06666666666666667,
    "r@15": 0.5,
    "ndcg@15": 0.38685280723454163
  },
  "retrieved": [
    7499,
    7496,
    7514,
    7519,
    7503,
    7522,
    7516,
    7492,
    7546,
    7517,
    7515,
    7521,
    7545,
    7536,
    7523
  ],
  "ground_truth": [
    7496,
    7513
  ]
}