{
  "qid": 136612,
  "query": "Quy định về thời gian cơ quan có thẩm quyền thẩm định Hồ sơ yêu cầu rà soát biện pháp chống trợ cấp trong phòng vệ thương mại?",
  "metrics": {
    "mrr": 0.09090909090909091,
    "map": 0.09090909090909091,
    "p@1": 0.0,
    "r@1": 0.0,
    "ndcg@1": 0.0,
    "p@5": 0.0,
    "r@5": 0.0,
    "ndcg@5": 0.0,
    "p@10": 0.0,
    "r@10": 0.0,
    "ndcg@10": 0.0,
    "p@15": 0.06666666666666667,
    "r@15": 1.0,
    "ndcg@15": 0.27894294565112987
  },
  "retrieved": [
    12902,
    5290,
    12848,
    5305,
    12930,
    12905,
    12908,
    12927,
    5296,
    12919,
    12903,
    12928,
    12920,
    5295,
    12909
  ],
  "ground_truth": [
    12903
  ]
}