{
  "qid": 136611,
  "query": "Hồ sơ yêu cầu rà soát việc áp dụng biện pháp chống trợ cấp bao gồm những gì và phải được nộp khi nào?",
  "metrics": {
    "mrr": 0.07692307692307693,
    "map": 0.07692307692307693,
    "p@1": 0.0,
    "r@1": 0.0,
    "ndcg@1": 0.0,
    "p@5": 0.0,
    "r@5": 0.0,
    "ndcg@5": 0.0,
    "p@10": 0.0,
    "r@10": 0.0,
    "ndcg@10": 0.0,
    "p@15": 0.06666666666666667,
    "r@15": 1.0,
    "ndcg@15": 0.26264953503719357
  },
  "retrieved": [
    5305,
    12905,
    12909,
    12906,
    12908,
    5306,
    12911,
    12914,
    12891,
    5304,
    12910,
    12877,
    12902,
    12912,
    12903
  ],
  "ground_truth": [
    12902
  ]
}