{
  "qid": 137094,
  "query": "Tổ chức kinh doanh căn hộ du lịch cần làm gì khi có sự thay đổi về cơ sở vật chất kỹ thuật, dịch vụ?",
  "metrics": {
    "mrr": 0.125,
    "map": 0.0625,
    "p@1": 0.0,
    "r@1": 0.0,
    "ndcg@1": 0.0,
    "p@5": 0.0,
    "r@5": 0.0,
    "ndcg@5": 0.0,
    "p@10": 0.1,
    "r@10": 0.5,
    "ndcg@10": 0.19342640361727081,
    "p@15": 0.06666666666666667,
    "r@15": 0.5,
    "ndcg@15": 0.19342640361727081
  },
  "retrieved": [
    9792,
    9799,
    9754,
    9768,
    9752,
    9744,
    9780,
    9791,
    9746,
    6607,
    9816,
    9748,
    6608,
    9818,
    9808
  ],
  "ground_truth": [
    9791,
    9795
  ]
}