{
  "qid": 137376,
  "query": "Trong quá trình phân loại mức độ rủi ro, cơ quan hải quan xem xét các yếu tố liên quan nào?",
  "metrics": {
    "mrr": 0.5,
    "map": 0.5,
    "p@1": 0.0,
    "r@1": 0.0,
    "ndcg@1": 0.0,
    "p@5": 0.2,
    "r@5": 1.0,
    "ndcg@5": 0.6309297535714575,
    "p@10": 0.1,
    "r@10": 1.0,
    "ndcg@10": 0.6309297535714575
  },
  "retrieved": [
    8320,
    8322,
    8321,
    8413,
    8334,
    8370,
    8404,
    8337,
    8333,
    9154
  ]
}