{
  "qid": 137404,
  "query": "Nội dung sổ kế toán của doanh nghiệp tư nhân được quy định thế nào?",
  "metrics": {
    "mrr": 0.14285714285714285,
    "map": 0.14285714285714285,
    "p@1": 0.0,
    "r@1": 0.0,
    "ndcg@1": 0.0,
    "p@5": 0.0,
    "r@5": 0.0,
    "ndcg@5": 0.0,
    "p@10": 0.1,
    "r@10": 1.0,
    "ndcg@10": 0.3333333333333333,
    "p@15": 0.06666666666666667,
    "r@15": 1.0,
    "ndcg@15": 0.3333333333333333
  },
  "retrieved": [
    5827,
    12083,
    2869,
    2870,
    9147,
    5825,
    2868,
    2847,
    2857,
    2844,
    5826,
    2879,
    2885,
    2890,
    2898
  ],
  "ground_truth": [
    2868
  ]
}