{
  "qid": 137486,
  "query": "Kiểm lâm cấp tỉnh có được trang bị các loại phương tiện hiện đại để thực hiện nhiệm vụ quản lý rừng không?",
  "metrics": {
    "mrr": 0.5,
    "map": 0.5,
    "p@1": 0.0,
    "r@1": 0.0,
    "ndcg@1": 0.0,
    "p@5": 0.2,
    "r@5": 1.0,
    "ndcg@5": 0.6309297535714575,
    "p@10": 0.1,
    "r@10": 1.0,
    "ndcg@10": 0.6309297535714575
  },
  "retrieved": [
    1213,
    1215,
    1221,
    1204,
    7050,
    1205,
    1207,
    1217,
    1208,
    1206
  ]
}