{
  "qid": 137483,
  "query": "Đối với hoạt động cung ứng công nghệ thông tin thì nội dung dự toán chi tiết gồm các chi phí nào?",
  "metrics": {
    "mrr": 0.5,
    "map": 0.5,
    "p@1": 0.0,
    "r@1": 0.0,
    "ndcg@1": 0.0,
    "p@5": 0.2,
    "r@5": 1.0,
    "ndcg@5": 0.6309297535714575,
    "p@10": 0.1,
    "r@10": 1.0,
    "ndcg@10": 0.6309297535714575,
    "p@15": 0.06666666666666667,
    "r@15": 1.0,
    "ndcg@15": 0.6309297535714575
  },
  "retrieved": [
    3796,
    3798,
    6022,
    3795,
    3802,
    4592,
    13233,
    3797,
    6015,
    3800,
    3801,
    4597,
    6425,
    4828,
    4593
  ],
  "ground_truth": [
    3798
  ]
}