{
  "qid": 137765,
  "query": "Ngành sản xuất trong nước là gì?",
  "metrics": {
    "mrr": 0.5,
    "map": 0.5,
    "p@1": 0.0,
    "r@1": 0.0,
    "ndcg@1": 0.0,
    "p@5": 0.2,
    "r@5": 1.0,
    "ndcg@5": 0.6309297535714575,
    "p@10": 0.1,
    "r@10": 1.0,
    "ndcg@10": 0.6309297535714575,
    "p@15": 0.06666666666666667,
    "r@15": 1.0,
    "ndcg@15": 0.6309297535714575
  },
  "retrieved": [
    12872,
    5292,
    12878,
    12874,
    12898,
    5302,
    2996,
    2493,
    1388,
    2513,
    5294,
    12870,
    7700,
    12875,
    5311
  ],
  "ground_truth": [
    5292
  ]
}