{
  "qid": 1379,
  "query": "Doanh nghiệp đấu giá tư nhân đăng ký hoạt động cần đáp ứng những điều kiện gì?",
  "metrics": {
    "mrr": 0.3333333333333333,
    "map": 0.3333333333333333,
    "p@1": 0.0,
    "r@1": 0.0,
    "ndcg@1": 0.0,
    "p@5": 0.2,
    "r@5": 1.0,
    "ndcg@5": 0.5,
    "p@10": 0.1,
    "r@10": 1.0,
    "ndcg@10": 0.5,
    "p@15": 0.06666666666666667,
    "r@15": 1.0,
    "ndcg@15": 0.5
  },
  "retrieved": [
    715,
    712,
    710,
    713,
    714,
    765,
    727,
    719,
    767,
    716,
    6588,
    731,
    721,
    718,
    720
  ],
  "ground_truth": [
    710
  ]
}