{
  "qid": 138014,
  "query": "Việc xếp lương của viên chức giữ chức danh nghề nghiệp chuyên ngành cảng vụ hàng hải dựa trên mấy nguyên tắc?",
  "metrics": {
    "mrr": 0.3333333333333333,
    "map": 0.3333333333333333,
    "p@1": 0.0,
    "r@1": 0.0,
    "ndcg@1": 0.0,
    "p@5": 0.2,
    "r@5": 1.0,
    "ndcg@5": 0.5,
    "p@10": 0.1,
    "r@10": 1.0,
    "ndcg@10": 0.5
  },
  "retrieved": [
    14271,
    8457,
    6458,
    7561,
    3467,
    1536,
    14269,
    6460,
    14270,
    8458
  ]
}