{
  "qid": 138192,
  "query": "Việc chấp nhận giá trong trường hợp đấu giá theo phương thức đặt giá xuống được thực hiện ra sao?",
  "metrics": {
    "mrr": 0.3333333333333333,
    "map": 0.3333333333333333,
    "p@1": 0.0,
    "r@1": 0.0,
    "ndcg@1": 0.0,
    "p@5": 0.2,
    "r@5": 1.0,
    "ndcg@5": 0.5,
    "p@10": 0.1,
    "r@10": 1.0,
    "ndcg@10": 0.5
  },
  "retrieved": [
    737,
    692,
    728,
    739,
    727,
    729,
    745,
    738,
    736,
    721
  ]
}