{
  "qid": 138482,
  "query": "Xe đi làm nhiệm vụ khẩn cấp bao gồm những xe nào?",
  "metrics": {
    "mrr": 0.5,
    "map": 0.5,
    "p@1": 0.0,
    "r@1": 0.0,
    "ndcg@1": 0.0,
    "p@5": 0.2,
    "r@5": 1.0,
    "ndcg@5": 0.6309297535714575,
    "p@10": 0.1,
    "r@10": 1.0,
    "ndcg@10": 0.6309297535714575,
    "p@15": 0.06666666666666667,
    "r@15": 1.0,
    "ndcg@15": 0.6309297535714575
  },
  "retrieved": [
    12306,
    12307,
    12313,
    10304,
    10303,
    4465,
    10306,
    4462,
    4458,
    12309,
    4457,
    13139,
    10321,
    10314,
    4464
  ],
  "ground_truth": [
    12307
  ]
}