{
  "qid": 138524,
  "query": "Lãnh đạo Tổng cục Hải quan gồm có những ai?",
  "metrics": {
    "mrr": 0.08333333333333333,
    "map": 0.08333333333333333,
    "p@1": 0.0,
    "r@1": 0.0,
    "ndcg@1": 0.0,
    "p@5": 0.0,
    "r@5": 0.0,
    "ndcg@5": 0.0,
    "p@10": 0.0,
    "r@10": 0.0,
    "ndcg@10": 0.0,
    "p@15": 0.06666666666666667,
    "r@15": 1.0,
    "ndcg@15": 0.27023815442731974
  },
  "retrieved": [
    13740,
    9154,
    8320,
    12449,
    8370,
    8413,
    8334,
    9159,
    8321,
    8331,
    8310,
    8807,
    8333,
    8308,
    2397
  ],
  "ground_truth": [
    8807
  ]
}