{
  "qid": 139007,
  "query": "Trường hợp nào thì được áp dụng hình thức kỷ luật buộc thôi việc viên chức?",
  "metrics": {
    "mrr": 0.09090909090909091,
    "map": 0.09090909090909091,
    "p@1": 0.0,
    "r@1": 0.0,
    "ndcg@1": 0.0,
    "p@5": 0.0,
    "r@5": 0.0,
    "ndcg@5": 0.0,
    "p@10": 0.0,
    "r@10": 0.0,
    "ndcg@10": 0.0,
    "p@15": 0.06666666666666667,
    "r@15": 1.0,
    "ndcg@15": 0.27894294565112987
  },
  "retrieved": [
    13755,
    13771,
    13742,
    13748,
    13747,
    13753,
    13778,
    13779,
    8224,
    13761,
    13749,
    4605,
    7816,
    13782,
    13764
  ],
  "ground_truth": [
    13749
  ]
}