{
  "qid": 139531,
  "query": "Lời khai nhận tội của bị cáo trong vụ án hình sự có phải chứng cứ duy nhất để buộc tội hay không?",
  "metrics": {
    "mrr": 1.0,
    "map": 0.5,
    "p@1": 1.0,
    "r@1": 0.5,
    "ndcg@1": 1.0,
    "p@5": 0.2,
    "r@5": 0.5,
    "ndcg@5": 0.6131471927654584,
    "p@10": 0.1,
    "r@10": 0.5,
    "ndcg@10": 0.6131471927654584,
    "p@15": 0.06666666666666667,
    "r@15": 0.5,
    "ndcg@15": 0.6131471927654584
  },
  "retrieved": [
    10575,
    10786,
    2519,
    10585,
    10492,
    10503,
    10801,
    10507,
    10490,
    10745,
    10748,
    10737,
    10798,
    10803,
    12728
  ],
  "ground_truth": [
    10564,
    10575
  ]
}