{
  "qid": 139886,
  "query": "Giấy chứng nhận khả năng chuyên môn của thuyền viên tàu biển Việt Nam có giá trị sử dụng bao lâu?",
  "metrics": {
    "mrr": 0.1111111111111111,
    "map": 0.1111111111111111,
    "p@1": 0.0,
    "r@1": 0.0,
    "ndcg@1": 0.0,
    "p@5": 0.0,
    "r@5": 0.0,
    "ndcg@5": 0.0,
    "p@10": 0.1,
    "r@10": 1.0,
    "ndcg@10": 0.3010299956639812
  },
  "retrieved": [
    3784,
    3717,
    3777,
    7662,
    7676,
    7678,
    3734,
    11201,
    3735,
    7661
  ]
}