{
  "qid": 139884,
  "query": "Sỹ quan boong tàu từ 500 GT trở lên của tàu biển Việt Nam cần đáp ứng những tiêu chuẩn chuyên môn gì?",
  "metrics": {
    "mrr": 0.3333333333333333,
    "map": 0.3333333333333333,
    "p@1": 0.0,
    "r@1": 0.0,
    "ndcg@1": 0.0,
    "p@5": 0.2,
    "r@5": 1.0,
    "ndcg@5": 0.5,
    "p@10": 0.1,
    "r@10": 1.0,
    "ndcg@10": 0.5,
    "p@15": 0.06666666666666667,
    "r@15": 1.0,
    "ndcg@15": 0.5
  },
  "retrieved": [
    3724,
    3721,
    3720,
    3778,
    13599,
    3779,
    3768,
    3719,
    11201,
    1280,
    10747,
    3717,
    7678,
    13943,
    3756
  ],
  "ground_truth": [
    3720,
    3720
  ]
}