{
  "qid": 139981,
  "query": "Trường hợp nào người tập sự hành nghề đấu giá được đề nghị thay đổi đấu giá viên hướng dẫn tập sự cho mình?",
  "metrics": {
    "mrr": 0.5,
    "map": 0.5,
    "p@1": 0.0,
    "r@1": 0.0,
    "ndcg@1": 0.0,
    "p@5": 0.2,
    "r@5": 1.0,
    "ndcg@5": 0.6309297535714575,
    "p@10": 0.1,
    "r@10": 1.0,
    "ndcg@10": 0.6309297535714575,
    "p@15": 0.06666666666666667,
    "r@15": 1.0,
    "ndcg@15": 0.6309297535714575
  },
  "retrieved": [
    700,
    6575,
    6568,
    6573,
    6576,
    6565,
    6570,
    6585,
    6572,
    6569,
    6578,
    706,
    4203,
    4226,
    5842
  ],
  "ground_truth": [
    6575
  ]
}