{
  "qid": 140763,
  "query": "Người dưới 18 tuổi có được thông báo trước khi bị tiến hành lấy lời khai không?",
  "metrics": {
    "mrr": 0.5,
    "map": 0.5,
    "p@1": 0.0,
    "r@1": 0.0,
    "ndcg@1": 0.0,
    "p@5": 0.2,
    "r@5": 1.0,
    "ndcg@5": 0.6309297535714575,
    "p@10": 0.1,
    "r@10": 1.0,
    "ndcg@10": 0.6309297535714575,
    "p@15": 0.06666666666666667,
    "r@15": 1.0,
    "ndcg@15": 0.6309297535714575
  },
  "retrieved": [
    6705,
    6698,
    10891,
    10890,
    10893,
    10910,
    6696,
    10663,
    8332,
    10892,
    6707,
    2484,
    6702,
    6706,
    6695
  ],
  "ground_truth": [
    6698
  ]
}