{
  "qid": 140799,
  "query": "Tổ chức sử dụng tài liệu lưu trữ trong hệ thống Tòa án nhân dân có những hình thức gì?",
  "metrics": {
    "mrr": 0.5,
    "map": 0.5,
    "p@1": 0.0,
    "r@1": 0.0,
    "ndcg@1": 0.0,
    "p@5": 0.2,
    "r@5": 1.0,
    "ndcg@5": 0.6309297535714575,
    "p@10": 0.1,
    "r@10": 1.0,
    "ndcg@10": 0.6309297535714575,
    "p@15": 0.06666666666666667,
    "r@15": 1.0,
    "ndcg@15": 0.6309297535714575
  },
  "retrieved": [
    82,
    85,
    87,
    55,
    86,
    92,
    2589,
    226,
    1485,
    1131,
    208,
    61,
    221,
    225,
    66
  ],
  "ground_truth": [
    85
  ]
}