{
  "qid": 140888,
  "query": "Tiêu chuẩn của giáo viên THCS hạng II được pháp luật quy định ra sao?",
  "metrics": {
    "mrr": 0.14285714285714285,
    "map": 0.14285714285714285,
    "p@1": 0.0,
    "r@1": 0.0,
    "ndcg@1": 0.0,
    "p@5": 0.0,
    "r@5": 0.0,
    "ndcg@5": 0.0,
    "p@10": 0.1,
    "r@10": 1.0,
    "ndcg@10": 0.3333333333333333
  },
  "retrieved": [
    1538,
    3852,
    1535,
    2820,
    1530,
    3847,
    1533,
    2815,
    4644,
    1532
  ]
}