{
  "qid": 140867,
  "query": "Mức lương của chức danh nghề nghiệp nghiên cứu viên (hạng III) là bao nhiêu?",
  "metrics": {
    "mrr": 0.5,
    "map": 0.5,
    "p@1": 0.0,
    "r@1": 0.0,
    "ndcg@1": 0.0,
    "p@5": 0.2,
    "r@5": 1.0,
    "ndcg@5": 0.6309297535714575,
    "p@10": 0.1,
    "r@10": 1.0,
    "ndcg@10": 0.6309297535714575
  },
  "retrieved": [
    14235,
    1536,
    14236,
    14239,
    13119,
    6460,
    6924,
    8457,
    14209,
    14270
  ]
}