{
  "qid": 141091,
  "query": "Cá nhân có thể tự mình xuất khẩu hàng hóa ra thị trường nước ngoài được hay không?",
  "metrics": {
    "mrr": 0.1111111111111111,
    "map": 0.1111111111111111,
    "p@1": 0.0,
    "r@1": 0.0,
    "ndcg@1": 0.0,
    "p@5": 0.0,
    "r@5": 0.0,
    "ndcg@5": 0.0,
    "p@10": 0.1,
    "r@10": 1.0,
    "ndcg@10": 0.3010299956639812
  },
  "retrieved": [
    12864,
    9938,
    12863,
    5272,
    8392,
    8324,
    8326,
    8325,
    5228,
    5271
  ]
}