{
  "qid": 141000,
  "query": "Hồ sơ ủy thác tư pháp trong tương trợ tư pháp về dân sự có những giấy tờ, tài liệu gì?",
  "metrics": {
    "mrr": 0.07692307692307693,
    "map": 0.07692307692307693,
    "p@1": 0.0,
    "r@1": 0.0,
    "ndcg@1": 0.0,
    "p@5": 0.0,
    "r@5": 0.0,
    "ndcg@5": 0.0,
    "p@10": 0.0,
    "r@10": 0.0,
    "ndcg@10": 0.0,
    "p@15": 0.06666666666666667,
    "r@15": 1.0,
    "ndcg@15": 0.26264953503719357
  },
  "retrieved": [
    7966,
    7971,
    8024,
    8017,
    8019,
    8989,
    7961,
    8960,
    7965,
    8016,
    7969,
    7974,
    7960,
    7956,
    7968
  ],
  "ground_truth": [
    7960
  ]
}