{
  "qid": 141370,
  "query": "Dắt vật nuôi đi dạo nhưng không chú ý dọn vệ sinh do vật nuôi thải ra có bị phạt không?",
  "metrics": {
    "mrr": 0.2,
    "map": 0.2,
    "p@1": 0.0,
    "r@1": 0.0,
    "ndcg@1": 0.0,
    "p@5": 0.2,
    "r@5": 1.0,
    "ndcg@5": 0.38685280723454163,
    "p@10": 0.1,
    "r@10": 1.0,
    "ndcg@10": 0.38685280723454163,
    "p@15": 0.06666666666666667,
    "r@15": 1.0,
    "ndcg@15": 0.38685280723454163
  },
  "retrieved": [
    14547,
    3203,
    14559,
    7060,
    10308,
    3404,
    14545,
    10307,
    14905,
    4604,
    4710,
    1806,
    11100,
    6960,
    12022
  ],
  "ground_truth": [
    10308
  ]
}