{
  "qid": 141710,
  "query": "Thẩm định chương trình đào tạo của trường cao đẳng nghề theo quy trình bao gồm mấy bước?",
  "metrics": {
    "mrr": 0.14285714285714285,
    "map": 0.14285714285714285,
    "p@1": 0.0,
    "r@1": 0.0,
    "ndcg@1": 0.0,
    "p@5": 0.0,
    "r@5": 0.0,
    "ndcg@5": 0.0,
    "p@10": 0.1,
    "r@10": 1.0,
    "ndcg@10": 0.3333333333333333,
    "p@15": 0.06666666666666667,
    "r@15": 1.0,
    "ndcg@15": 0.3333333333333333
  },
  "retrieved": [
    3341,
    495,
    544,
    488,
    490,
    492,
    3340,
    3344,
    3334,
    9836,
    3339,
    3350,
    535,
    3348,
    3335
  ],
  "ground_truth": [
    3340
  ]
}