{
  "qid": 142064,
  "query": "Xe ô tô kinh doanh vận tải hành khách cần đáp ứng những điều kiện gì theo quy định?",
  "metrics": {
    "mrr": 0.25,
    "map": 0.25,
    "p@1": 0.0,
    "r@1": 0.0,
    "ndcg@1": 0.0,
    "p@5": 0.2,
    "r@5": 1.0,
    "ndcg@5": 0.43067655807339306,
    "p@10": 0.1,
    "r@10": 1.0,
    "ndcg@10": 0.43067655807339306,
    "p@15": 0.06666666666666667,
    "r@15": 1.0,
    "ndcg@15": 0.43067655807339306
  },
  "retrieved": [
    10326,
    13129,
    13128,
    13139,
    13127,
    13150,
    13149,
    13162,
    13137,
    13160,
    4449,
    13156,
    13133,
    10321,
    13161
  ],
  "ground_truth": [
    13139
  ]
}