{
  "qid": 142216,
  "query": "Hội đồng tư vấn thẩm định tiến bộ kỹ thuật giống cây trồng hoạt động theo phương thức nào?",
  "metrics": {
    "mrr": 0.25,
    "map": 0.25,
    "p@1": 0.0,
    "r@1": 0.0,
    "ndcg@1": 0.0,
    "p@5": 0.2,
    "r@5": 1.0,
    "ndcg@5": 0.43067655807339306,
    "p@10": 0.1,
    "r@10": 1.0,
    "ndcg@10": 0.43067655807339306,
    "p@15": 0.06666666666666667,
    "r@15": 1.0,
    "ndcg@15": 0.43067655807339306
  },
  "retrieved": [
    4385,
    4387,
    4381,
    4382,
    4383,
    4386,
    5896,
    4380,
    501,
    5899,
    5898,
    3344,
    7776,
    4377,
    12997
  ],
  "ground_truth": [
    4382
  ]
}