{
  "qid": 142549,
  "query": "Doanh nghiệp đấu giá tài sản đề nghị đăng ký hoạt động của Chi nhánh doanh nghiệp đấu giá tài sản như thế nào?",
  "metrics": {
    "mrr": 0.5,
    "map": 0.5,
    "p@1": 0.0,
    "r@1": 0.0,
    "ndcg@1": 0.0,
    "p@5": 0.2,
    "r@5": 1.0,
    "ndcg@5": 0.6309297535714575,
    "p@10": 0.1,
    "r@10": 1.0,
    "ndcg@10": 0.6309297535714575
  },
  "retrieved": [
    715,
    716,
    712,
    713,
    6588,
    767,
    765,
    766,
    711,
    720
  ]
}