{
  "qid": 142519,
  "query": "Người đang chấp hành hình phạt tù tại Việt Nam có thể được chuyển giao cho nước ngoài khi đáp ứng những điều kiện nào?",
  "metrics": {
    "mrr": 0.5,
    "map": 0.5,
    "p@1": 0.0,
    "r@1": 0.0,
    "ndcg@1": 0.0,
    "p@5": 0.2,
    "r@5": 1.0,
    "ndcg@5": 0.6309297535714575,
    "p@10": 0.1,
    "r@10": 1.0,
    "ndcg@10": 0.6309297535714575
  },
  "retrieved": [
    8004,
    8005,
    8015,
    8008,
    8013,
    8006,
    8020,
    280,
    293,
    294
  ]
}