{
  "qid": 142658,
  "query": "Mức xử phạt đối với người vận tải hành khách bằng xe ô tô đón, trả hành khách không đúng nơi theo quy định?",
  "metrics": {
    "mrr": 0.3333333333333333,
    "map": 0.3333333333333333,
    "p@1": 0.0,
    "r@1": 0.0,
    "ndcg@1": 0.0,
    "p@5": 0.2,
    "r@5": 1.0,
    "ndcg@5": 0.5,
    "p@10": 0.1,
    "r@10": 1.0,
    "ndcg@10": 0.5
  },
  "retrieved": [
    13129,
    10326,
    10321,
    13139,
    13149,
    13133,
    13150,
    13137,
    4449,
    13159
  ]
}