{
  "qid": 142822,
  "query": "Người nước ngoài có thuộc đối tượng bị xử phạt vi phạm hành chính khi đánh nhau tại Việt Nam?",
  "metrics": {
    "mrr": 0.08333333333333333,
    "map": 0.08333333333333333,
    "p@1": 0.0,
    "r@1": 0.0,
    "ndcg@1": 0.0,
    "p@5": 0.0,
    "r@5": 0.0,
    "ndcg@5": 0.0,
    "p@10": 0.0,
    "r@10": 0.0,
    "ndcg@10": 0.0,
    "p@15": 0.06666666666666667,
    "r@15": 1.0,
    "ndcg@15": 0.27023815442731974
  },
  "retrieved": [
    11098,
    11129,
    11132,
    11467,
    12063,
    10936,
    11131,
    14850,
    788,
    6512,
    1002,
    4602,
    10376,
    2194,
    14204
  ],
  "ground_truth": [
    4602
  ]
}