{
  "qid": 143132,
  "query": "Khi thực hiện xác minh điều kiện thi hành án dân sự thì người yêu cầu và văn phòng thừa phát lại có phải ký hợp đồng không?",
  "metrics": {
    "mrr": 0.09090909090909091,
    "map": 0.09090909090909091,
    "p@1": 0.0,
    "r@1": 0.0,
    "ndcg@1": 0.0,
    "p@5": 0.0,
    "r@5": 0.0,
    "ndcg@5": 0.0,
    "p@10": 0.0,
    "r@10": 0.0,
    "ndcg@10": 0.0,
    "p@15": 0.06666666666666667,
    "r@15": 1.0,
    "ndcg@15": 0.27894294565112987
  },
  "retrieved": [
    8969,
    9417,
    8986,
    8971,
    8974,
    8985,
    8975,
    8979,
    9418,
    8982,
    8970,
    9412,
    8980,
    9425,
    8984
  ],
  "ground_truth": [
    8970
  ]
}