{
  "qid": 143778,
  "query": "Hồ sơ sửa chữa sai sót nội dung biện pháp bảo đảm bằng tàu bay đã đăng ký do lỗi của cơ quan đăng ký",
  "metrics": {
    "mrr": 0.125,
    "map": 0.125,
    "p@1": 0.0,
    "r@1": 0.0,
    "ndcg@1": 0.0,
    "p@5": 0.0,
    "r@5": 0.0,
    "ndcg@5": 0.0,
    "p@10": 0.1,
    "r@10": 1.0,
    "ndcg@10": 0.31546487678572877,
    "p@15": 0.06666666666666667,
    "r@15": 1.0,
    "ndcg@15": 0.31546487678572877
  },
  "retrieved": [
    11190,
    11200,
    1280,
    1285,
    1284,
    1278,
    11222,
    11197,
    11177,
    11236,
    1281,
    11180,
    11218,
    13288,
    11173
  ],
  "ground_truth": [
    11197
  ]
}