{
  "qid": 14403,
  "query": "Mã bưu chính quốc gia được xây dựng theo nguyên tắc nào?",
  "metrics": {
    "mrr": 0.25,
    "map": 0.25,
    "p@1": 0.0,
    "r@1": 0.0,
    "ndcg@1": 0.0,
    "p@5": 0.2,
    "r@5": 1.0,
    "ndcg@5": 0.43067655807339306,
    "p@10": 0.1,
    "r@10": 1.0,
    "ndcg@10": 0.43067655807339306
  },
  "retrieved": [
    7603,
    7597,
    7602,
    7600,
    7599,
    7598,
    7601,
    470,
    13225,
    12828
  ]
}