{
  "qid": 144178,
  "query": "Mẫu giấy đề nghị đăng ký hoạt động lưu ký chứng khoán hiện nay sử dụng theo mẫu nào?",
  "metrics": {
    "mrr": 0.5,
    "map": 0.5,
    "p@1": 0.0,
    "r@1": 0.0,
    "ndcg@1": 0.0,
    "p@5": 0.2,
    "r@5": 1.0,
    "ndcg@5": 0.6309297535714575,
    "p@10": 0.1,
    "r@10": 1.0,
    "ndcg@10": 0.6309297535714575
  },
  "retrieved": [
    5045,
    14955,
    5044,
    5048,
    5064,
    14958,
    14989,
    5072,
    5047,
    14963
  ]
}