{
  "qid": 14418,
  "query": "Không chấm dứt hoạt động của văn phòng đại diện khi tổ chức phát hành xuất bản phẩm nước ngoài phá sản thì bị xử phạt thế nào?",
  "metrics": {
    "mrr": 0.16666666666666666,
    "map": 0.16666666666666666,
    "p@1": 0.0,
    "r@1": 0.0,
    "ndcg@1": 0.0,
    "p@5": 0.0,
    "r@5": 0.0,
    "ndcg@5": 0.0,
    "p@10": 0.1,
    "r@10": 1.0,
    "ndcg@10": 0.3562071871080222
  },
  "retrieved": [
    1473,
    10082,
    6034,
    14930,
    1468,
    14923,
    10083,
    14932,
    10087,
    10068
  ]
}