{
  "qid": 14426,
  "query": "Chi phí hợp pháp hóa lãnh sự là bao nhiêu theo quy định hiện nay?",
  "metrics": {
    "mrr": 0.16666666666666666,
    "map": 0.16666666666666666,
    "p@1": 0.0,
    "r@1": 0.0,
    "ndcg@1": 0.0,
    "p@5": 0.0,
    "r@5": 0.0,
    "ndcg@5": 0.0,
    "p@10": 0.1,
    "r@10": 1.0,
    "ndcg@10": 0.3562071871080222,
    "p@15": 0.06666666666666667,
    "r@15": 1.0,
    "ndcg@15": 0.3562071871080222
  },
  "retrieved": [
    13492,
    13508,
    13509,
    13507,
    13497,
    13499,
    13496,
    154,
    13498,
    13495,
    13512,
    13500,
    145,
    13510,
    146
  ],
  "ground_truth": [
    13499
  ]
}