{
  "qid": 144653,
  "query": "Tổ chức muốn hành nghề xử lý vật thể thuộc diện kiểm dịch thực vật thì hồ sơ đề nghị cấp giấy chứng nhận hành nghề gồm những gì?",
  "metrics": {
    "mrr": 0.1111111111111111,
    "map": 0.1111111111111111,
    "p@1": 0.0,
    "r@1": 0.0,
    "ndcg@1": 0.0,
    "p@5": 0.0,
    "r@5": 0.0,
    "ndcg@5": 0.0,
    "p@10": 0.1,
    "r@10": 1.0,
    "ndcg@10": 0.3010299956639812
  },
  "retrieved": [
    5015,
    5017,
    5024,
    5026,
    5020,
    5022,
    5018,
    5016,
    5019,
    14302
  ]
}