{
  "qid": 144765,
  "query": "Thiếu tá Công an nhân dân được nghỉ hưu khi có các điều kiện gì?",
  "metrics": {
    "mrr": 0.5,
    "map": 0.5,
    "p@1": 0.0,
    "r@1": 0.0,
    "ndcg@1": 0.0,
    "p@5": 0.2,
    "r@5": 1.0,
    "ndcg@5": 0.6309297535714575,
    "p@10": 0.1,
    "r@10": 1.0,
    "ndcg@10": 0.6309297535714575,
    "p@15": 0.06666666666666667,
    "r@15": 1.0,
    "ndcg@15": 0.6309297535714575
  },
  "retrieved": [
    14266,
    11498,
    11485,
    11501,
    4799,
    13880,
    4791,
    4793,
    11495,
    5650,
    11857,
    11487,
    11489,
    11491,
    3937
  ],
  "ground_truth": [
    11498
  ]
}