{
  "qid": 145368,
  "query": "Chánh Thanh tra Bộ Lao động Thương binh và Xã hội được thanh tra lại những vụ việc nào?",
  "metrics": {
    "mrr": 0.25,
    "map": 0.25,
    "p@1": 0.0,
    "r@1": 0.0,
    "ndcg@1": 0.0,
    "p@5": 0.2,
    "r@5": 1.0,
    "ndcg@5": 0.43067655807339306,
    "p@10": 0.1,
    "r@10": 1.0,
    "ndcg@10": 0.43067655807339306,
    "p@15": 0.06666666666666667,
    "r@15": 1.0,
    "ndcg@15": 0.43067655807339306
  },
  "retrieved": [
    13372,
    13397,
    9401,
    13393,
    13401,
    13402,
    13396,
    3100,
    1394,
    13376,
    7033,
    7015,
    13373,
    13391,
    7014
  ],
  "ground_truth": [
    13393
  ]
}