{
  "qid": 145340,
  "query": "Trung tâm Hành động bom mìn quốc gia Việt Nam có tư cách pháp nhân không?",
  "metrics": {
    "mrr": 0.5,
    "map": 0.5,
    "p@1": 0.0,
    "r@1": 0.0,
    "ndcg@1": 0.0,
    "p@5": 0.2,
    "r@5": 1.0,
    "ndcg@5": 0.6309297535714575,
    "p@10": 0.1,
    "r@10": 1.0,
    "ndcg@10": 0.6309297535714575,
    "p@15": 0.06666666666666667,
    "r@15": 1.0,
    "ndcg@15": 0.6309297535714575
  },
  "retrieved": [
    3159,
    3157,
    3158,
    13466,
    5501,
    7217,
    7935,
    709,
    13470,
    32,
    11349,
    8808,
    20,
    13473,
    7936
  ],
  "ground_truth": [
    3157
  ]
}