{
  "qid": 145436,
  "query": "Mua bán vàng miếng trực tiếp giữa Ngân hàng Nhà nước Việt Nam và doanh nghiệp là hoạt động thế nào?",
  "metrics": {
    "mrr": 0.125,
    "map": 0.125,
    "p@1": 0.0,
    "r@1": 0.0,
    "ndcg@1": 0.0,
    "p@5": 0.0,
    "r@5": 0.0,
    "ndcg@5": 0.0,
    "p@10": 0.1,
    "r@10": 1.0,
    "ndcg@10": 0.31546487678572877,
    "p@15": 0.06666666666666667,
    "r@15": 1.0,
    "ndcg@15": 0.31546487678572877
  },
  "retrieved": [
    6123,
    6118,
    6136,
    6132,
    6134,
    6140,
    6124,
    6119,
    6128,
    6126,
    6122,
    6137,
    6133,
    6129,
    2974
  ],
  "ground_truth": [
    6119
  ]
}