{
  "qid": 145429,
  "query": "Kế toán trưởng là gì? Quyền hạn và trách nhiệm của kế toán trưởng như thế nào?",
  "metrics": {
    "mrr": 0.2,
    "map": 0.2,
    "p@1": 0.0,
    "r@1": 0.0,
    "ndcg@1": 0.0,
    "p@5": 0.2,
    "r@5": 1.0,
    "ndcg@5": 0.38685280723454163,
    "p@10": 0.1,
    "r@10": 1.0,
    "ndcg@10": 0.38685280723454163,
    "p@15": 0.06666666666666667,
    "r@15": 1.0,
    "ndcg@15": 0.38685280723454163
  },
  "retrieved": [
    4397,
    2895,
    4399,
    4390,
    2897,
    4396,
    2896,
    2891,
    4395,
    2899,
    4394,
    2892,
    4392,
    4391,
    9365
  ],
  "ground_truth": [
    2897
  ]
}