{
  "qid": 145575,
  "query": "Nguyên tắc bồi thường thiệt hại của nhà nước như thế nào?",
  "metrics": {
    "mrr": 0.5,
    "map": 0.5,
    "p@1": 0.0,
    "r@1": 0.0,
    "ndcg@1": 0.0,
    "p@5": 0.2,
    "r@5": 1.0,
    "ndcg@5": 0.6309297535714575,
    "p@10": 0.1,
    "r@10": 1.0,
    "ndcg@10": 0.6309297535714575,
    "p@15": 0.06666666666666667,
    "r@15": 1.0,
    "ndcg@15": 0.6309297535714575
  },
  "retrieved": [
    12693,
    12696,
    8880,
    12737,
    3115,
    8885,
    8886,
    12733,
    11675,
    8893,
    12697,
    12695,
    12699,
    12765,
    8878
  ],
  "ground_truth": [
    12696
  ]
}