{
  "qid": 145596,
  "query": "Điều kiện kinh doanh dịch vụ lữ hành quốc tế được quy định như thế nào?",
  "metrics": {
    "mrr": 0.5,
    "map": 0.5,
    "p@1": 0.0,
    "r@1": 0.0,
    "ndcg@1": 0.0,
    "p@5": 0.2,
    "r@5": 1.0,
    "ndcg@5": 0.6309297535714575,
    "p@10": 0.1,
    "r@10": 1.0,
    "ndcg@10": 0.6309297535714575
  },
  "retrieved": [
    9773,
    9774,
    9775,
    9779,
    9778,
    9777,
    6612,
    9783,
    9781,
    9787
  ]
}