{
  "qid": 14579,
  "query": "Hướng dẫn viên du lịch có bắt buộc phải đeo thẻ hướng dẫn viên du lịch trong khi dẫn khách đi tham quan không?",
  "metrics": {
    "mrr": 0.14285714285714285,
    "map": 0.14285714285714285,
    "p@1": 0.0,
    "r@1": 0.0,
    "ndcg@1": 0.0,
    "p@5": 0.0,
    "r@5": 0.0,
    "ndcg@5": 0.0,
    "p@10": 0.1,
    "r@10": 1.0,
    "ndcg@10": 0.3333333333333333,
    "p@15": 0.06666666666666667,
    "r@15": 1.0,
    "ndcg@15": 0.3333333333333333
  },
  "retrieved": [
    9807,
    9801,
    9805,
    9806,
    9803,
    9804,
    9808,
    9802,
    6623,
    6626,
    6607,
    9809,
    9746,
    9768,
    9816
  ],
  "ground_truth": [
    9808
  ]
}