{
  "qid": 145879,
  "query": "Hậu quả kháng nghị bản án hình sự sơ thẩm là gì?",
  "metrics": {
    "mrr": 0.1111111111111111,
    "map": 0.05555555555555555,
    "p@1": 0.0,
    "r@1": 0.0,
    "ndcg@1": 0.0,
    "p@5": 0.0,
    "r@5": 0.0,
    "ndcg@5": 0.0,
    "p@10": 0.1,
    "r@10": 0.5,
    "ndcg@10": 0.18457569677956817,
    "p@15": 0.06666666666666667,
    "r@15": 0.5,
    "ndcg@15": 0.18457569677956817
  },
  "retrieved": [
    10833,
    10820,
    10813,
    10832,
    10504,
    10855,
    10835,
    10866,
    10816,
    10856,
    10814,
    10854,
    10815,
    10838,
    10865
  ],
  "ground_truth": [
    10816,
    10840
  ]
}