{
  "qid": 146041,
  "query": "Đấu giá tài sản cần tuân thủ nguyên tắc nào?",
  "metrics": {
    "mrr": 0.5,
    "map": 0.5,
    "p@1": 0.0,
    "r@1": 0.0,
    "ndcg@1": 0.0,
    "p@5": 0.2,
    "r@5": 1.0,
    "ndcg@5": 0.6309297535714575,
    "p@10": 0.1,
    "r@10": 1.0,
    "ndcg@10": 0.6309297535714575,
    "p@15": 0.06666666666666667,
    "r@15": 1.0,
    "ndcg@15": 0.6309297535714575
  },
  "retrieved": [
    688,
    693,
    720,
    743,
    732,
    740,
    724,
    734,
    711,
    723,
    753,
    759,
    721,
    689,
    747
  ],
  "ground_truth": [
    693
  ]
}