{
  "qid": 146467,
  "query": "Thanh tra viên tiến hành thanh tra độc lập đối với trường trung cấp chuyên nghiệp trong thời hạn bao lâu?",
  "metrics": {
    "mrr": 0.1111111111111111,
    "map": 0.1111111111111111,
    "p@1": 0.0,
    "r@1": 0.0,
    "ndcg@1": 0.0,
    "p@5": 0.0,
    "r@5": 0.0,
    "ndcg@5": 0.0,
    "p@10": 0.1,
    "r@10": 1.0,
    "ndcg@10": 0.3010299956639812
  },
  "retrieved": [
    7029,
    179,
    9135,
    186,
    187,
    13395,
    3335,
    178,
    7030,
    177
  ]
}