{
  "qid": 146426,
  "query": "Ép người yêu phá thai vì lựa chọn giới tính có bị phạt không?",
  "metrics": {
    "mrr": 0.5,
    "map": 0.5,
    "p@1": 0.0,
    "r@1": 0.0,
    "ndcg@1": 0.0,
    "p@5": 0.2,
    "r@5": 1.0,
    "ndcg@5": 0.6309297535714575,
    "p@10": 0.1,
    "r@10": 1.0,
    "ndcg@10": 0.6309297535714575,
    "p@15": 0.06666666666666667,
    "r@15": 1.0,
    "ndcg@15": 0.6309297535714575
  },
  "retrieved": [
    11564,
    14641,
    14586,
    14640,
    14639,
    14638,
    14545,
    14905,
    1641,
    4604,
    11100,
    12022,
    295,
    3304,
    14651
  ],
  "ground_truth": [
    14641
  ]
}