{
  "qid": 146495,
  "query": "Giáo viên giáo dục nghề nghiệp lý thuyết hạng 3 hiện nay được áp dụng hệ số lương viên chức bao nhiêu?",
  "metrics": {
    "mrr": 0.07692307692307693,
    "map": 0.07692307692307693,
    "p@1": 0.0,
    "r@1": 0.0,
    "ndcg@1": 0.0,
    "p@5": 0.0,
    "r@5": 0.0,
    "ndcg@5": 0.0,
    "p@10": 0.0,
    "r@10": 0.0,
    "ndcg@10": 0.0,
    "p@15": 0.06666666666666667,
    "r@15": 1.0,
    "ndcg@15": 0.26264953503719357
  },
  "retrieved": [
    12978,
    12977,
    1538,
    3852,
    1535,
    2820,
    7726,
    1534,
    1530,
    3847,
    2815,
    13387,
    1536,
    2817,
    1533
  ],
  "ground_truth": [
    1536,
    1536
  ]
}