{
  "qid": 146592,
  "query": "Ứng xử của công chức y tế đối với đồng nghiệp được quy định ra sao?",
  "metrics": {
    "mrr": 0.2,
    "map": 0.2,
    "p@1": 0.0,
    "r@1": 0.0,
    "ndcg@1": 0.0,
    "p@5": 0.2,
    "r@5": 1.0,
    "ndcg@5": 0.38685280723454163,
    "p@10": 0.1,
    "r@10": 1.0,
    "ndcg@10": 0.38685280723454163
  },
  "retrieved": [
    7177,
    7164,
    7171,
    7172,
    7167,
    7175,
    7174,
    1665,
    6757,
    6763
  ]
}