{
  "qid": 146521,
  "query": "Người tham gia thanh niên xung phong kháng chiến năm 1975 có được hưởng chế độ trợ cấp một lần không?",
  "metrics": {
    "mrr": 0.14285714285714285,
    "map": 0.14285714285714285,
    "p@1": 0.0,
    "r@1": 0.0,
    "ndcg@1": 0.0,
    "p@5": 0.0,
    "r@5": 0.0,
    "ndcg@5": 0.0,
    "p@10": 0.1,
    "r@10": 1.0,
    "ndcg@10": 0.3333333333333333
  },
  "retrieved": [
    13725,
    13722,
    13729,
    13726,
    11042,
    13736,
    13723,
    13727,
    13724,
    11327
  ]
}