{
  "qid": 146664,
  "query": "Quỹ tín dụng nhân dân muốn giảm vốn điều lệ thì phải cần được chấp thuận đúng không?",
  "metrics": {
    "mrr": 0.3333333333333333,
    "map": 0.3333333333333333,
    "p@1": 0.0,
    "r@1": 0.0,
    "ndcg@1": 0.0,
    "p@5": 0.2,
    "r@5": 1.0,
    "ndcg@5": 0.5,
    "p@10": 0.1,
    "r@10": 1.0,
    "ndcg@10": 0.5,
    "p@15": 0.06666666666666667,
    "r@15": 1.0,
    "ndcg@15": 0.5
  },
  "retrieved": [
    5639,
    5786,
    5633,
    10471,
    7414,
    5632,
    331,
    368,
    328,
    5643,
    10468,
    5650,
    5631,
    10467,
    322
  ],
  "ground_truth": [
    5633
  ]
}