{
  "qid": 146874,
  "query": "Kiểm soát viên cao cấp thị trường được áp dụng hệ số lương công chức loại mấy?",
  "metrics": {
    "mrr": 0.06666666666666667,
    "map": 0.06666666666666667,
    "p@1": 0.0,
    "r@1": 0.0,
    "ndcg@1": 0.0,
    "p@5": 0.0,
    "r@5": 0.0,
    "ndcg@5": 0.0,
    "p@10": 0.0,
    "r@10": 0.0,
    "ndcg@10": 0.0,
    "p@15": 0.06666666666666667,
    "r@15": 1.0,
    "ndcg@15": 0.25
  },
  "retrieved": [
    9982,
    9988,
    9999,
    7562,
    7561,
    7563,
    9984,
    7564,
    7726,
    6867,
    8457,
    8612,
    8169,
    6460,
    1536
  ],
  "ground_truth": [
    1536
  ]
}