{
  "qid": 146850,
  "query": "Những trợ cấp nào đối với hàng hóa nhập khẩu vào Việt Nam có thể bị áp dụng biện pháp chống trợ cấp?",
  "metrics": {
    "mrr": 0.25,
    "map": 0.25,
    "p@1": 0.0,
    "r@1": 0.0,
    "ndcg@1": 0.0,
    "p@5": 0.2,
    "r@5": 1.0,
    "ndcg@5": 0.43067655807339306,
    "p@10": 0.1,
    "r@10": 1.0,
    "ndcg@10": 0.43067655807339306,
    "p@15": 0.06666666666666667,
    "r@15": 1.0,
    "ndcg@15": 0.43067655807339306
  },
  "retrieved": [
    5306,
    5301,
    12879,
    5308,
    12891,
    5304,
    12884,
    5311,
    5305,
    12908,
    12910,
    12871,
    12897,
    5279,
    12906
  ],
  "ground_truth": [
    5308
  ]
}