{
  "qid": 147228,
  "query": "Các hoạt động hỗ trợ giáo dục hòa nhập hiện nay do cơ quan nào tổ chức thực hiện?",
  "metrics": {
    "mrr": 0.5,
    "map": 0.5,
    "p@1": 0.0,
    "r@1": 0.0,
    "ndcg@1": 0.0,
    "p@5": 0.2,
    "r@5": 1.0,
    "ndcg@5": 0.6309297535714575,
    "p@10": 0.1,
    "r@10": 1.0,
    "ndcg@10": 0.6309297535714575,
    "p@15": 0.06666666666666667,
    "r@15": 1.0,
    "ndcg@15": 0.6309297535714575
  },
  "retrieved": [
    3443,
    3432,
    3430,
    3442,
    3444,
    3446,
    3427,
    3431,
    3438,
    3433,
    3437,
    12509,
    12510,
    12508,
    14381
  ],
  "ground_truth": [
    3432
  ]
}