{
  "qid": 147229,
  "query": "Kế hoạch giáo dục hòa nhập có cần phải phù hợp với cơ sở giáo dục đó hay không?",
  "metrics": {
    "mrr": 0.09090909090909091,
    "map": 0.09090909090909091,
    "p@1": 0.0,
    "r@1": 0.0,
    "ndcg@1": 0.0,
    "p@5": 0.0,
    "r@5": 0.0,
    "ndcg@5": 0.0,
    "p@10": 0.0,
    "r@10": 0.0,
    "ndcg@10": 0.0,
    "p@15": 0.06666666666666667,
    "r@15": 1.0,
    "ndcg@15": 0.27894294565112987
  },
  "retrieved": [
    3443,
    3444,
    3430,
    3442,
    3432,
    3427,
    3446,
    3433,
    3431,
    3438,
    3435,
    3437,
    4545,
    4132,
    14381
  ],
  "ground_truth": [
    3435
  ]
}