{
  "qid": 147247,
  "query": "Trường hợp nào sẽ áp dụng hình thức kỷ luật cách chức đối với công chức cấp huyện?",
  "metrics": {
    "mrr": 0.25,
    "map": 0.25,
    "p@1": 0.0,
    "r@1": 0.0,
    "ndcg@1": 0.0,
    "p@5": 0.2,
    "r@5": 1.0,
    "ndcg@5": 0.43067655807339306,
    "p@10": 0.1,
    "r@10": 1.0,
    "ndcg@10": 0.43067655807339306,
    "p@15": 0.06666666666666667,
    "r@15": 1.0,
    "ndcg@15": 0.43067655807339306
  },
  "retrieved": [
    8224,
    13755,
    13764,
    13753,
    13778,
    13742,
    13779,
    13747,
    317,
    13761,
    2360,
    13765,
    13741,
    13745,
    13748
  ],
  "ground_truth": [
    13753
  ]
}