{
  "qid": 147373,
  "query": "Việc đặt tên cho khu neo đậu được thực hiện theo nguyên tắc nào?",
  "metrics": {
    "mrr": 0.25,
    "map": 0.25,
    "p@1": 0.0,
    "r@1": 0.0,
    "ndcg@1": 0.0,
    "p@5": 0.2,
    "r@5": 1.0,
    "ndcg@5": 0.43067655807339306,
    "p@10": 0.1,
    "r@10": 1.0,
    "ndcg@10": 0.43067655807339306,
    "p@15": 0.06666666666666667,
    "r@15": 1.0,
    "ndcg@15": 0.43067655807339306
  },
  "retrieved": [
    9071,
    9070,
    9069,
    9061,
    9103,
    9058,
    14725,
    14716,
    6364,
    14401,
    9110,
    14479,
    6363,
    14410,
    14424
  ],
  "ground_truth": [
    9061
  ]
}