{
  "qid": 147464,
  "query": "Hệ số lương Kiểm định viên chính kỹ thuật an toàn lao động ra sao?",
  "metrics": {
    "mrr": 0.1,
    "map": 0.1,
    "p@1": 0.0,
    "r@1": 0.0,
    "ndcg@1": 0.0,
    "p@5": 0.0,
    "r@5": 0.0,
    "ndcg@5": 0.0,
    "p@10": 0.1,
    "r@10": 1.0,
    "ndcg@10": 0.2890648263178879,
    "p@15": 0.06666666666666667,
    "r@15": 1.0,
    "ndcg@15": 0.2890648263178879
  },
  "retrieved": [
    7562,
    7563,
    7564,
    7561,
    6885,
    7559,
    8457,
    6460,
    7726,
    1536,
    664,
    9714,
    7557,
    4527,
    3938
  ],
  "ground_truth": [
    1536
  ]
}