{
  "qid": 14765,
  "query": "Điều kiện công nhận khu du lịch cấp tỉnh có gì khác so với khu du lịch quốc gia?",
  "metrics": {
    "mrr": 0.1,
    "map": 0.1,
    "p@1": 0.0,
    "r@1": 0.0,
    "ndcg@1": 0.0,
    "p@5": 0.0,
    "r@5": 0.0,
    "ndcg@5": 0.0,
    "p@10": 0.1,
    "r@10": 1.0,
    "ndcg@10": 0.2890648263178879,
    "p@15": 0.06666666666666667,
    "r@15": 1.0,
    "ndcg@15": 0.2890648263178879
  },
  "retrieved": [
    9771,
    9770,
    9772,
    6622,
    9767,
    9818,
    9746,
    9799,
    9816,
    9769,
    9756,
    9766,
    9744,
    9748,
    9755
  ],
  "ground_truth": [
    9769,
    9769
  ]
}