{
  "qid": 147971,
  "query": "Quyết định kháng nghị bản án hình sự sơ thẩm được gửi đến Tòa án kèm theo những tài liệu gì?",
  "metrics": {
    "mrr": 0.1,
    "map": 0.1,
    "p@1": 0.0,
    "r@1": 0.0,
    "ndcg@1": 0.0,
    "p@5": 0.0,
    "r@5": 0.0,
    "ndcg@5": 0.0,
    "p@10": 0.1,
    "r@10": 1.0,
    "ndcg@10": 0.2890648263178879,
    "p@15": 0.06666666666666667,
    "r@15": 1.0,
    "ndcg@15": 0.2890648263178879
  },
  "retrieved": [
    10820,
    10833,
    10504,
    10814,
    10813,
    10838,
    10855,
    10854,
    10857,
    10815,
    10969,
    10816,
    10866,
    10832,
    10835
  ],
  "ground_truth": [
    10815
  ]
}