{
  "qid": 148163,
  "query": "Để bị can được đặt tiền để bảo đảm, được tại ngoại cần đáp ứng những điều kiện gì?",
  "metrics": {
    "mrr": 0.2,
    "map": 0.2,
    "p@1": 0.0,
    "r@1": 0.0,
    "ndcg@1": 0.0,
    "p@5": 0.2,
    "r@5": 1.0,
    "ndcg@5": 0.38685280723454163,
    "p@10": 0.1,
    "r@10": 1.0,
    "ndcg@10": 0.38685280723454163,
    "p@15": 0.06666666666666667,
    "r@15": 1.0,
    "ndcg@15": 0.38685280723454163
  },
  "retrieved": [
    6687,
    6681,
    6683,
    6679,
    10599,
    10659,
    6686,
    6684,
    10719,
    6688,
    10661,
    10660,
    10708,
    6685,
    6682
  ],
  "ground_truth": [
    10599
  ]
}