{
  "qid": 148164,
  "query": "Đơn đề nghị đặt tiền để bảo đảm được tại ngoại của bị can được gửi đến đâu?",
  "metrics": {
    "mrr": 0.5,
    "map": 0.5,
    "p@1": 0.0,
    "r@1": 0.0,
    "ndcg@1": 0.0,
    "p@5": 0.2,
    "r@5": 1.0,
    "ndcg@5": 0.6309297535714575,
    "p@10": 0.1,
    "r@10": 1.0,
    "ndcg@10": 0.6309297535714575
  },
  "retrieved": [
    6688,
    6682,
    6687,
    6683,
    6681,
    6686,
    10659,
    6685,
    6684,
    6679
  ]
}