{
  "qid": 148228,
  "query": "Việc quyết toán kinh phí cho người đã hiến bộ phận cơ thể người được thực hiện thế nào?",
  "metrics": {
    "mrr": 0.2,
    "map": 0.2,
    "p@1": 0.0,
    "r@1": 0.0,
    "ndcg@1": 0.0,
    "p@5": 0.2,
    "r@5": 1.0,
    "ndcg@5": 0.38685280723454163,
    "p@10": 0.1,
    "r@10": 1.0,
    "ndcg@10": 0.38685280723454163,
    "p@15": 0.06666666666666667,
    "r@15": 1.0,
    "ndcg@15": 0.38685280723454163
  },
  "retrieved": [
    11720,
    11724,
    11722,
    14585,
    11725,
    11721,
    461,
    2966,
    4065,
    7262,
    13206,
    11730,
    5779,
    4061,
    4060
  ],
  "ground_truth": [
    11725
  ]
}