{
  "qid": 148326,
  "query": "Trách nhiệm đăng ký khai sinh cho con nữ phạm nhân",
  "metrics": {
    "mrr": 0.07692307692307693,
    "map": 0.07692307692307693,
    "p@1": 0.0,
    "r@1": 0.0,
    "ndcg@1": 0.0,
    "p@5": 0.0,
    "r@5": 0.0,
    "ndcg@5": 0.0,
    "p@10": 0.0,
    "r@10": 0.0,
    "ndcg@10": 0.0,
    "p@15": 0.06666666666666667,
    "r@15": 1.0,
    "ndcg@15": 0.26264953503719357
  },
  "retrieved": [
    3130,
    4563,
    2262,
    4562,
    4561,
    4572,
    4568,
    14438,
    7655,
    4569,
    14437,
    5131,
    4577,
    4560,
    7657
  ],
  "ground_truth": [
    4577
  ]
}