{
  "qid": 148335,
  "query": "Làm sao để có thể thực hiện việc chứng thực bản sao y giấy tờ nước ngoài một cách đúng quy định của pháp luật?",
  "metrics": {
    "mrr": 0.07692307692307693,
    "map": 0.07692307692307693,
    "p@1": 0.0,
    "r@1": 0.0,
    "ndcg@1": 0.0,
    "p@5": 0.0,
    "r@5": 0.0,
    "ndcg@5": 0.0,
    "p@10": 0.0,
    "r@10": 0.0,
    "ndcg@10": 0.0,
    "p@15": 0.06666666666666667,
    "r@15": 1.0,
    "ndcg@15": 0.26264953503719357
  },
  "retrieved": [
    1434,
    1432,
    1431,
    1429,
    1439,
    1428,
    1436,
    1438,
    1449,
    6412,
    1450,
    11331,
    1433,
    1440,
    11209
  ],
  "ground_truth": [
    1433
  ]
}