{
  "qid": 148577,
  "query": "Thẩm quyền thành lập tổ chức khoa học và công nghệ ra sao?",
  "metrics": {
    "mrr": 0.5,
    "map": 0.5,
    "p@1": 0.0,
    "r@1": 0.0,
    "ndcg@1": 0.0,
    "p@5": 0.2,
    "r@5": 1.0,
    "ndcg@5": 0.6309297535714575,
    "p@10": 0.1,
    "r@10": 1.0,
    "ndcg@10": 0.6309297535714575,
    "p@15": 0.06666666666666667,
    "r@15": 1.0,
    "ndcg@15": 0.6309297535714575
  },
  "retrieved": [
    8234,
    8233,
    8246,
    8239,
    8235,
    8242,
    8232,
    8236,
    8231,
    8259,
    8237,
    8229,
    8244,
    8275,
    8243
  ],
  "ground_truth": [
    8233
  ]
}