{
  "qid": 148748,
  "query": "Nếu khởi tố vụ án theo yêu cầu của bị hại nhưng Tòa án tuyên bố bị cáo không có tội thì ai phải trả án phí?",
  "metrics": {
    "mrr": 0.3333333333333333,
    "map": 0.3333333333333333,
    "p@1": 0.0,
    "r@1": 0.0,
    "ndcg@1": 0.0,
    "p@5": 0.2,
    "r@5": 1.0,
    "ndcg@5": 0.5,
    "p@10": 0.1,
    "r@10": 1.0,
    "ndcg@10": 0.5,
    "p@15": 0.06666666666666667,
    "r@15": 1.0,
    "ndcg@15": 0.5
  },
  "retrieved": [
    10632,
    10748,
    10613,
    10638,
    10745,
    12728,
    10635,
    10930,
    10932,
    10801,
    10750,
    10631,
    10763,
    10797,
    10786
  ],
  "ground_truth": [
    10613
  ]
}