{
  "qid": 148976,
  "query": "Người phụ trách kinh doanh dịch vụ lữ hành quốc tế của doanh nghiệp cần có bằng đại học không?",
  "metrics": {
    "mrr": 0.5,
    "map": 0.5,
    "p@1": 0.0,
    "r@1": 0.0,
    "ndcg@1": 0.0,
    "p@5": 0.2,
    "r@5": 1.0,
    "ndcg@5": 0.6309297535714575,
    "p@10": 0.1,
    "r@10": 1.0,
    "ndcg@10": 0.6309297535714575,
    "p@15": 0.06666666666666667,
    "r@15": 1.0,
    "ndcg@15": 0.6309297535714575
  },
  "retrieved": [
    9775,
    9774,
    9773,
    6612,
    9778,
    9777,
    9779,
    9783,
    9781,
    9787,
    9782,
    9780,
    6609,
    6613,
    9785
  ],
  "ground_truth": [
    9774
  ]
}