{
  "qid": 149085,
  "query": "Hành vi cho bạn sử dụng văn bằng, chứng chỉ của mình để làm hồ sơ xin việc thì sẽ bị xử lý như thế nào?",
  "metrics": {
    "mrr": 0.5,
    "map": 0.5,
    "p@1": 0.0,
    "r@1": 0.0,
    "ndcg@1": 0.0,
    "p@5": 0.2,
    "r@5": 1.0,
    "ndcg@5": 0.6309297535714575,
    "p@10": 0.1,
    "r@10": 1.0,
    "ndcg@10": 0.6309297535714575,
    "p@15": 0.06666666666666667,
    "r@15": 1.0,
    "ndcg@15": 0.6309297535714575
  },
  "retrieved": [
    4622,
    4624,
    4623,
    6004,
    12353,
    4511,
    12358,
    5832,
    6409,
    4518,
    6410,
    525,
    8299,
    1039,
    2252
  ],
  "ground_truth": [
    4624
  ]
}