{
  "qid": 149098,
  "query": "Ai có thẩm quyền quyết định bổ nhiệm chức vụ Phó Phân đội trưởng trinh sát bộ binh?",
  "metrics": {
    "mrr": 0.16666666666666666,
    "map": 0.16666666666666666,
    "p@1": 0.0,
    "r@1": 0.0,
    "ndcg@1": 0.0,
    "p@5": 0.0,
    "r@5": 0.0,
    "ndcg@5": 0.0,
    "p@10": 0.1,
    "r@10": 1.0,
    "ndcg@10": 0.3562071871080222,
    "p@15": 0.06666666666666667,
    "r@15": 1.0,
    "ndcg@15": 0.3562071871080222
  },
  "retrieved": [
    7338,
    2354,
    2334,
    14251,
    2335,
    7336,
    11492,
    2357,
    14256,
    14250,
    504,
    11070,
    13063,
    670,
    14531
  ],
  "ground_truth": [
    7336
  ]
}