{
  "qid": 149082,
  "query": "Cơ quan nào báo cáo định kỳ về hoạt động giám sát an toàn thực phẩm nông lâm thủy sản cho Bộ Nông nghiệp và Phát triển nông thôn?",
  "metrics": {
    "mrr": 0.16666666666666666,
    "map": 0.16666666666666666,
    "p@1": 0.0,
    "r@1": 0.0,
    "ndcg@1": 0.0,
    "p@5": 0.0,
    "r@5": 0.0,
    "ndcg@5": 0.0,
    "p@10": 0.1,
    "r@10": 1.0,
    "ndcg@10": 0.3562071871080222,
    "p@15": 0.06666666666666667,
    "r@15": 1.0,
    "ndcg@15": 0.3562071871080222
  },
  "retrieved": [
    8506,
    8526,
    8523,
    3005,
    8504,
    8525,
    3003,
    8507,
    8516,
    8517,
    8529,
    8505,
    9879,
    8521,
    2997
  ],
  "ground_truth": [
    8525
  ]
}