{
  "qid": 149155,
  "query": "Vi phạm quy định về cảnh báo sức khỏe trên bao bì thuốc lá, xử phạt ra sao?",
  "metrics": {
    "mrr": 0.3333333333333333,
    "map": 0.3333333333333333,
    "p@1": 0.0,
    "r@1": 0.0,
    "ndcg@1": 0.0,
    "p@5": 0.2,
    "r@5": 1.0,
    "ndcg@5": 0.5,
    "p@10": 0.1,
    "r@10": 1.0,
    "ndcg@10": 0.5,
    "p@15": 0.06666666666666667,
    "r@15": 1.0,
    "ndcg@15": 0.5
  },
  "retrieved": [
    4941,
    14567,
    14568,
    4943,
    4938,
    4939,
    4940,
    4942,
    14566,
    14570,
    11467,
    14569,
    5098,
    11129,
    10936
  ],
  "ground_truth": [
    14568
  ]
}