{
  "qid": 149370,
  "query": "Sử dụng trái phép chất ma túy có phải hành vi vi phạm hành chính không?",
  "metrics": {
    "mrr": 0.16666666666666666,
    "map": 0.16666666666666666,
    "p@1": 0.0,
    "r@1": 0.0,
    "ndcg@1": 0.0,
    "p@5": 0.0,
    "r@5": 0.0,
    "ndcg@5": 0.0,
    "p@10": 0.1,
    "r@10": 1.0,
    "ndcg@10": 0.3562071871080222
  },
  "retrieved": [
    4684,
    4686,
    2194,
    3881,
    12063,
    4602,
    11132,
    11131,
    788,
    14542
  ]
}