{
  "qid": 149417,
  "query": "Trình tự báo cáo công tác Ngành Thi hành án Quân đội được quy định thế nào?",
  "metrics": {
    "mrr": 0.14285714285714285,
    "map": 0.14285714285714285,
    "p@1": 0.0,
    "r@1": 0.0,
    "ndcg@1": 0.0,
    "p@5": 0.0,
    "r@5": 0.0,
    "ndcg@5": 0.0,
    "p@10": 0.1,
    "r@10": 1.0,
    "ndcg@10": 0.3333333333333333,
    "p@15": 0.06666666666666667,
    "r@15": 1.0,
    "ndcg@15": 0.3333333333333333
  },
  "retrieved": [
    1271,
    843,
    842,
    824,
    6794,
    825,
    1273,
    6800,
    8981,
    8984,
    6802,
    822,
    8982,
    8978,
    7451
  ],
  "ground_truth": [
    1273
  ]
}