{
  "qid": 149556,
  "query": "Cán bộ, công chức đã bị xử lý kỷ luật cách chức rồi mà vẫn tái phạm thì có bị xử lý bằng hình thức nào khác không?",
  "metrics": {
    "mrr": 0.2,
    "map": 0.2,
    "p@1": 0.0,
    "r@1": 0.0,
    "ndcg@1": 0.0,
    "p@5": 0.2,
    "r@5": 1.0,
    "ndcg@5": 0.38685280723454163,
    "p@10": 0.1,
    "r@10": 1.0,
    "ndcg@10": 0.38685280723454163,
    "p@15": 0.06666666666666667,
    "r@15": 1.0,
    "ndcg@15": 0.38685280723454163
  },
  "retrieved": [
    8224,
    13778,
    13755,
    13764,
    13753,
    13741,
    13779,
    13742,
    1747,
    13747,
    13745,
    13761,
    13749,
    13782,
    2024
  ],
  "ground_truth": [
    13753
  ]
}