{
  "qid": 149724,
  "query": "Nghĩa vụ của công dân trong việc tiếp cận thông tin là gì?",
  "metrics": {
    "mrr": 0.5,
    "map": 0.5,
    "p@1": 0.0,
    "r@1": 0.0,
    "ndcg@1": 0.0,
    "p@5": 0.2,
    "r@5": 1.0,
    "ndcg@5": 0.6309297535714575,
    "p@10": 0.1,
    "r@10": 1.0,
    "ndcg@10": 0.6309297535714575,
    "p@15": 0.06666666666666667,
    "r@15": 1.0,
    "ndcg@15": 0.6309297535714575
  },
  "retrieved": [
    11686,
    11693,
    11690,
    11698,
    11695,
    11718,
    11688,
    11701,
    11691,
    11716,
    11697,
    11689,
    11699,
    635,
    7590
  ],
  "ground_truth": [
    11693
  ]
}