{
  "qid": 149986,
  "query": "Hợp tác xã nông nghiệp có những xếp loại nào?",
  "metrics": {
    "mrr": 0.5,
    "map": 0.5,
    "p@1": 0.0,
    "r@1": 0.0,
    "ndcg@1": 0.0,
    "p@5": 0.2,
    "r@5": 1.0,
    "ndcg@5": 0.6309297535714575,
    "p@10": 0.1,
    "r@10": 1.0,
    "ndcg@10": 0.6309297535714575
  },
  "retrieved": [
    9877,
    9878,
    6788,
    9873,
    9879,
    6792,
    6787,
    12078,
    7794,
    6790
  ]
}