{
  "qid": 150695,
  "query": "Số liệu thống kê hình sự liên ngành được thu thập từ những nguồn nào?",
  "metrics": {
    "mrr": 0.25,
    "map": 0.25,
    "p@1": 0.0,
    "r@1": 0.0,
    "ndcg@1": 0.0,
    "p@5": 0.2,
    "r@5": 1.0,
    "ndcg@5": 0.43067655807339306,
    "p@10": 0.1,
    "r@10": 1.0,
    "ndcg@10": 0.43067655807339306,
    "p@15": 0.06666666666666667,
    "r@15": 1.0,
    "ndcg@15": 0.43067655807339306
  },
  "retrieved": [
    5654,
    5663,
    5652,
    5653,
    5659,
    5651,
    5664,
    5660,
    5665,
    5658,
    5649,
    5661,
    6804,
    5655,
    3634
  ],
  "ground_truth": [
    5653
  ]
}