{
  "qid": 150731,
  "query": "Tiêu chuẩn để trở thành thanh tra viên là gì?",
  "metrics": {
    "mrr": 0.09090909090909091,
    "map": 0.09090909090909091,
    "p@1": 0.0,
    "r@1": 0.0,
    "ndcg@1": 0.0,
    "p@5": 0.0,
    "r@5": 0.0,
    "ndcg@5": 0.0,
    "p@10": 0.0,
    "r@10": 0.0,
    "ndcg@10": 0.0,
    "p@15": 0.06666666666666667,
    "r@15": 1.0,
    "ndcg@15": 0.27894294565112987
  },
  "retrieved": [
    9135,
    178,
    9134,
    13395,
    179,
    2077,
    12432,
    187,
    2072,
    186,
    9136,
    181,
    177,
    188,
    4267
  ],
  "ground_truth": [
    9136,
    9136
  ]
}