{
  "qid": 15084,
  "query": "Chi phí bảo hiểm của công trình xây dựng có được tính vào tổng mức đầu tư xây dựng hay không?",
  "metrics": {
    "mrr": 0.07692307692307693,
    "map": 0.07692307692307693,
    "p@1": 0.0,
    "r@1": 0.0,
    "ndcg@1": 0.0,
    "p@5": 0.0,
    "r@5": 0.0,
    "ndcg@5": 0.0,
    "p@10": 0.0,
    "r@10": 0.0,
    "ndcg@10": 0.0,
    "p@15": 0.06666666666666667,
    "r@15": 1.0,
    "ndcg@15": 0.26264953503719357
  },
  "retrieved": [
    6421,
    13227,
    13247,
    6422,
    13233,
    13225,
    14804,
    13230,
    13229,
    14794,
    13226,
    13228,
    14795,
    13253,
    6419
  ],
  "ground_truth": [
    14795
  ]
}