{
  "qid": 150890,
  "query": "Người đã yêu cầu khởi tố vụ án hình sự khi rút yêu cầu khởi tố thì Tòa án nhân dân cần xử lý như thế nào?",
  "metrics": {
    "mrr": 0.2,
    "map": 0.2,
    "p@1": 0.0,
    "r@1": 0.0,
    "ndcg@1": 0.0,
    "p@5": 0.2,
    "r@5": 1.0,
    "ndcg@5": 0.38685280723454163,
    "p@10": 0.1,
    "r@10": 1.0,
    "ndcg@10": 0.38685280723454163
  },
  "retrieved": [
    10638,
    10635,
    10631,
    10633,
    10632,
    10630,
    3569,
    10900,
    5649,
    10641
  ]
}