{
  "qid": 151062,
  "query": "Việc kê khai, nộp và quản lý, sử dụng phí thẩm định báo cáo đánh giá tác động môi trường được quy định ra sao?",
  "metrics": {
    "mrr": 0.14285714285714285,
    "map": 0.14285714285714285,
    "p@1": 0.0,
    "r@1": 0.0,
    "ndcg@1": 0.0,
    "p@5": 0.0,
    "r@5": 0.0,
    "ndcg@5": 0.0,
    "p@10": 0.1,
    "r@10": 1.0,
    "ndcg@10": 0.3333333333333333,
    "p@15": 0.06666666666666667,
    "r@15": 1.0,
    "ndcg@15": 0.3333333333333333
  },
  "retrieved": [
    11065,
    8198,
    9694,
    11970,
    9698,
    11922,
    8776,
    2494,
    8775,
    9090,
    14540,
    4373,
    8197,
    8199,
    2874
  ],
  "ground_truth": [
    8776
  ]
}