{
  "qid": 151091,
  "query": "Quyền của tổ chức đấu giá tài sản được quy định như thế nào?",
  "metrics": {
    "mrr": 0.3333333333333333,
    "map": 0.3333333333333333,
    "p@1": 0.0,
    "r@1": 0.0,
    "ndcg@1": 0.0,
    "p@5": 0.2,
    "r@5": 1.0,
    "ndcg@5": 0.5,
    "p@10": 0.1,
    "r@10": 1.0,
    "ndcg@10": 0.5,
    "p@15": 0.06666666666666667,
    "r@15": 1.0,
    "ndcg@15": 0.5
  },
  "retrieved": [
    720,
    724,
    711,
    743,
    723,
    734,
    735,
    740,
    689,
    752,
    722,
    732,
    721,
    754,
    759
  ],
  "ground_truth": [
    711
  ]
}