{
  "qid": 151191,
  "query": "Thay đổi tình trạng hôn nhân thì Giấy xác nhận tình trạng hôn nhân có hết hiệu lực theo quy định không?",
  "metrics": {
    "mrr": 0.5,
    "map": 0.5,
    "p@1": 0.0,
    "r@1": 0.0,
    "ndcg@1": 0.0,
    "p@5": 0.2,
    "r@5": 1.0,
    "ndcg@5": 0.6309297535714575,
    "p@10": 0.1,
    "r@10": 1.0,
    "ndcg@10": 0.6309297535714575,
    "p@15": 0.06666666666666667,
    "r@15": 1.0,
    "ndcg@15": 0.6309297535714575
  },
  "retrieved": [
    2275,
    4565,
    4557,
    12128,
    4586,
    9539,
    2263,
    9541,
    3762,
    4585,
    909,
    6418,
    11981,
    913,
    4068
  ],
  "ground_truth": [
    4565
  ]
}