{
  "qid": 151224,
  "query": "Tiêu chuẩn bổ nhiệm đối với viên chức quản lý được quy định như thế nào?",
  "metrics": {
    "mrr": 0.25,
    "map": 0.25,
    "p@1": 0.0,
    "r@1": 0.0,
    "ndcg@1": 0.0,
    "p@5": 0.2,
    "r@5": 1.0,
    "ndcg@5": 0.43067655807339306,
    "p@10": 0.1,
    "r@10": 1.0,
    "ndcg@10": 0.43067655807339306
  },
  "retrieved": [
    2030,
    2335,
    2316,
    14251,
    2334,
    14269,
    13059,
    14258,
    7814,
    8613
  ]
}