{
  "qid": 151429,
  "query": "Đạt bao nhiêu điểm mới được xác định trúng tuyển trong kỳ thi tuyển công chức cấp huyện?",
  "metrics": {
    "mrr": 0.25,
    "map": 0.25,
    "p@1": 0.0,
    "r@1": 0.0,
    "ndcg@1": 0.0,
    "p@5": 0.2,
    "r@5": 1.0,
    "ndcg@5": 0.43067655807339306,
    "p@10": 0.1,
    "r@10": 1.0,
    "ndcg@10": 0.43067655807339306,
    "p@15": 0.06666666666666667,
    "r@15": 1.0,
    "ndcg@15": 0.43067655807339306
  },
  "retrieved": [
    2372,
    2375,
    2362,
    14217,
    14249,
    4188,
    14219,
    2367,
    2130,
    8075,
    2364,
    14224,
    7808,
    13768,
    2368
  ],
  "ground_truth": [
    14217
  ]
}