{
  "qid": 15186,
  "query": "Việc thu thập chứng cứ trong vụ án hình sự được pháp luật quy định như thế nào?",
  "metrics": {
    "mrr": 0.25,
    "map": 0.25,
    "p@1": 0.0,
    "r@1": 0.0,
    "ndcg@1": 0.0,
    "p@5": 0.2,
    "r@5": 1.0,
    "ndcg@5": 0.43067655807339306,
    "p@10": 0.1,
    "r@10": 1.0,
    "ndcg@10": 0.43067655807339306
  },
  "retrieved": [
    10585,
    10564,
    12730,
    10565,
    10507,
    7968,
    10729,
    10608,
    10704,
    10563
  ]
}