{
  "qid": 151840,
  "query": "Kiến nghị của viên chức, nhưng người đứng đầu cơ quan ban hành quyết định thôi không bổ nhiệm thì có vi phạm quy định nào của pháp luật không?",
  "metrics": {
    "mrr": 0.08333333333333333,
    "map": 0.08333333333333333,
    "p@1": 0.0,
    "r@1": 0.0,
    "ndcg@1": 0.0,
    "p@5": 0.0,
    "r@5": 0.0,
    "ndcg@5": 0.0,
    "p@10": 0.0,
    "r@10": 0.0,
    "ndcg@10": 0.0,
    "p@15": 0.06666666666666667,
    "r@15": 1.0,
    "ndcg@15": 0.27023815442731974
  },
  "retrieved": [
    2926,
    13775,
    14258,
    2335,
    12624,
    14252,
    3177,
    4139,
    2316,
    4128,
    7814,
    4127,
    7816,
    84,
    5959
  ],
  "ground_truth": [
    4127
  ]
}