{
  "qid": 151962,
  "query": "Thương nhân nộp hồ sơ đề nghị cấp lại giấy phép bán buôn rượu do bị mất bằng hình thức nào?",
  "metrics": {
    "mrr": 0.08333333333333333,
    "map": 0.08333333333333333,
    "p@1": 0.0,
    "r@1": 0.0,
    "ndcg@1": 0.0,
    "p@5": 0.0,
    "r@5": 0.0,
    "ndcg@5": 0.0,
    "p@10": 0.0,
    "r@10": 0.0,
    "ndcg@10": 0.0,
    "p@15": 0.06666666666666667,
    "r@15": 1.0,
    "ndcg@15": 0.27023815442731974
  },
  "retrieved": [
    11893,
    11911,
    11890,
    11897,
    11900,
    11888,
    11896,
    11904,
    11887,
    11883,
    11876,
    11898,
    11885,
    11901,
    11874
  ],
  "ground_truth": [
    11898
  ]
}