{
  "qid": 151942,
  "query": "Khi đăng, phát tin, bài, chương trình liên quan đến trẻ em phải tuân thủ những yêu cầu bắt buộc nào?",
  "metrics": {
    "mrr": 0.25,
    "map": 0.25,
    "p@1": 0.0,
    "r@1": 0.0,
    "ndcg@1": 0.0,
    "p@5": 0.2,
    "r@5": 1.0,
    "ndcg@5": 0.43067655807339306,
    "p@10": 0.1,
    "r@10": 1.0,
    "ndcg@10": 0.43067655807339306,
    "p@15": 0.06666666666666667,
    "r@15": 1.0,
    "ndcg@15": 0.43067655807339306
  },
  "retrieved": [
    9905,
    14909,
    3652,
    9919,
    9915,
    9912,
    3651,
    9908,
    9907,
    9913,
    3655,
    3650,
    9921,
    3228,
    9922
  ],
  "ground_truth": [
    9919
  ]
}