{
  "qid": 152014,
  "query": "Những đối tượng công chức viên chức nào thuộc đối tượng được xét nâng lương trước hạn?",
  "metrics": {
    "mrr": 0.06666666666666667,
    "map": 0.06666666666666667,
    "p@1": 0.0,
    "r@1": 0.0,
    "ndcg@1": 0.0,
    "p@5": 0.0,
    "r@5": 0.0,
    "ndcg@5": 0.0,
    "p@10": 0.0,
    "r@10": 0.0,
    "ndcg@10": 0.0,
    "p@15": 0.06666666666666667,
    "r@15": 1.0,
    "ndcg@15": 0.25
  },
  "retrieved": [
    8171,
    8172,
    7561,
    8170,
    12448,
    4831,
    3868,
    14491,
    8060,
    7787,
    7170,
    7559,
    9473,
    7562,
    8169
  ],
  "ground_truth": [
    8169
  ]
}