{
  "qid": 152068,
  "query": "Cơ cấu viên chức theo chức danh nghề nghiệp tại trung tâm cấp cứu 115 được xác định dựa trên những căn cứ nào?",
  "metrics": {
    "mrr": 0.1111111111111111,
    "map": 0.1111111111111111,
    "p@1": 0.0,
    "r@1": 0.0,
    "ndcg@1": 0.0,
    "p@5": 0.0,
    "r@5": 0.0,
    "ndcg@5": 0.0,
    "p@10": 0.1,
    "r@10": 1.0,
    "ndcg@10": 0.3010299956639812,
    "p@15": 0.06666666666666667,
    "r@15": 1.0,
    "ndcg@15": 0.3010299956639812
  },
  "retrieved": [
    14271,
    14235,
    3467,
    14269,
    14209,
    14237,
    14268,
    14210,
    12002,
    6924,
    14236,
    6926,
    3879,
    14270,
    14239
  ],
  "ground_truth": [
    12002
  ]
}