{
  "qid": 152249,
  "query": "Doanh nghiệp siêu nhỏ phải xử lý như thế nào trong trường hợp nghiệp vụ kinh tế, tài chính phát sinh bằng ngoại tệ?",
  "metrics": {
    "mrr": 0.09090909090909091,
    "map": 0.09090909090909091,
    "p@1": 0.0,
    "r@1": 0.0,
    "ndcg@1": 0.0,
    "p@5": 0.0,
    "r@5": 0.0,
    "ndcg@5": 0.0,
    "p@10": 0.0,
    "r@10": 0.0,
    "ndcg@10": 0.0,
    "p@15": 0.06666666666666667,
    "r@15": 1.0,
    "ndcg@15": 0.27894294565112987
  },
  "retrieved": [
    12837,
    5790,
    5807,
    12838,
    3287,
    3449,
    9360,
    3590,
    12840,
    12844,
    2854,
    9890,
    12836,
    12845,
    2063
  ],
  "ground_truth": [
    2854
  ]
}