{
  "qid": 15246,
  "query": "Hợp tác quốc tế về phòng thủ dân sự bao gồm những nội dung nào?",
  "metrics": {
    "mrr": 0.2,
    "map": 0.2,
    "p@1": 0.0,
    "r@1": 0.0,
    "ndcg@1": 0.0,
    "p@5": 0.2,
    "r@5": 1.0,
    "ndcg@5": 0.38685280723454163,
    "p@10": 0.1,
    "r@10": 1.0,
    "ndcg@10": 0.38685280723454163
  },
  "retrieved": [
    2542,
    2539,
    2543,
    2578,
    2555,
    2576,
    2558,
    530,
    2577,
    529
  ]
}