{
  "qid": 152468,
  "query": "Khi kiểm tra tàu biển nước ngoài mà các bên có khiếu nại thì quy trình giải quyết thực hiện như thế nào?",
  "metrics": {
    "mrr": 0.08333333333333333,
    "map": 0.08333333333333333,
    "p@1": 0.0,
    "r@1": 0.0,
    "ndcg@1": 0.0,
    "p@5": 0.0,
    "r@5": 0.0,
    "ndcg@5": 0.0,
    "p@10": 0.0,
    "r@10": 0.0,
    "ndcg@10": 0.0,
    "p@15": 0.06666666666666667,
    "r@15": 1.0,
    "ndcg@15": 0.27023815442731974
  },
  "retrieved": [
    2211,
    1741,
    1733,
    1714,
    7661,
    11201,
    1732,
    1715,
    1731,
    1499,
    7662,
    7674,
    6223,
    1501,
    13610
  ],
  "ground_truth": [
    7674
  ]
}