{
  "qid": 152469,
  "query": "Kiểm tra tàu biển nước ngoài dưới công ước được quy định như thế nào?",
  "metrics": {
    "mrr": 0.14285714285714285,
    "map": 0.14285714285714285,
    "p@1": 0.0,
    "r@1": 0.0,
    "ndcg@1": 0.0,
    "p@5": 0.0,
    "r@5": 0.0,
    "ndcg@5": 0.0,
    "p@10": 0.1,
    "r@10": 1.0,
    "ndcg@10": 0.3333333333333333,
    "p@15": 0.06666666666666667,
    "r@15": 1.0,
    "ndcg@15": 0.3333333333333333
  },
  "retrieved": [
    7676,
    7664,
    7662,
    7670,
    7661,
    11201,
    7677,
    7666,
    7665,
    13610,
    7672,
    13936,
    7669,
    7663,
    7678
  ],
  "ground_truth": [
    7677
  ]
}