{
  "qid": 152580,
  "query": "Sổ kế toán đối với hộ kinh doanh và cá nhân kinh doanh được mở khi nào?",
  "metrics": {
    "mrr": 0.25,
    "map": 0.25,
    "p@1": 0.0,
    "r@1": 0.0,
    "ndcg@1": 0.0,
    "p@5": 0.2,
    "r@5": 1.0,
    "ndcg@5": 0.43067655807339306,
    "p@10": 0.1,
    "r@10": 1.0,
    "ndcg@10": 0.43067655807339306,
    "p@15": 0.06666666666666667,
    "r@15": 1.0,
    "ndcg@15": 0.43067655807339306
  },
  "retrieved": [
    12083,
    2869,
    5827,
    2870,
    9147,
    5825,
    2847,
    2868,
    2857,
    5826,
    2885,
    2853,
    2871,
    2883,
    2844
  ],
  "ground_truth": [
    2870
  ]
}