{
  "qid": 152527,
  "query": "Ai có quyền ra quyết định ủy thác điều tra vụ án hình sự?",
  "metrics": {
    "mrr": 0.07692307692307693,
    "map": 0.07692307692307693,
    "p@1": 0.0,
    "r@1": 0.0,
    "ndcg@1": 0.0,
    "p@5": 0.0,
    "r@5": 0.0,
    "ndcg@5": 0.0,
    "p@10": 0.0,
    "r@10": 0.0,
    "ndcg@10": 0.0,
    "p@15": 0.06666666666666667,
    "r@15": 1.0,
    "ndcg@15": 0.26264953503719357
  },
  "retrieved": [
    10648,
    10646,
    7974,
    10633,
    10631,
    10635,
    10713,
    10638,
    10641,
    10640,
    10726,
    10507,
    10513,
    10647,
    10630
  ],
  "ground_truth": [
    10513
  ]
}