{
  "qid": 153,
  "query": "Trình tự, thủ tục điều tra vụ việc phòng vệ thương mại được quy định thế nào?",
  "metrics": {
    "mrr": 0.1111111111111111,
    "map": 0.1111111111111111,
    "p@1": 0.0,
    "r@1": 0.0,
    "ndcg@1": 0.0,
    "p@5": 0.0,
    "r@5": 0.0,
    "ndcg@5": 0.0,
    "p@10": 0.1,
    "r@10": 1.0,
    "ndcg@10": 0.3010299956639812,
    "p@15": 0.06666666666666667,
    "r@15": 1.0,
    "ndcg@15": 0.3010299956639812
  },
  "retrieved": [
    12848,
    12850,
    5296,
    5290,
    12856,
    12928,
    5291,
    5295,
    5293,
    12919,
    12920,
    12853,
    12861,
    12930,
    12927
  ],
  "ground_truth": [
    5293
  ]
}