{
  "qid": 153082,
  "query": "Ban quản lý khu du lịch quốc gia do cơ quan nhà nước nào thành lập?",
  "metrics": {
    "mrr": 0.3333333333333333,
    "map": 0.3333333333333333,
    "p@1": 0.0,
    "r@1": 0.0,
    "ndcg@1": 0.0,
    "p@5": 0.2,
    "r@5": 1.0,
    "ndcg@5": 0.5,
    "p@10": 0.1,
    "r@10": 1.0,
    "ndcg@10": 0.5
  },
  "retrieved": [
    14421,
    9772,
    9771,
    14422,
    6365,
    6622,
    9770,
    9816,
    6363,
    9818
  ]
}