{
  "qid": 153159,
  "query": "Chức danh nghề nghiệp đối với giáo viên tiểu học được bổ nhiệm theo nguyên tắc nào?",
  "metrics": {
    "mrr": 0.25,
    "map": 0.25,
    "p@1": 0.0,
    "r@1": 0.0,
    "ndcg@1": 0.0,
    "p@5": 0.2,
    "r@5": 1.0,
    "ndcg@5": 0.43067655807339306,
    "p@10": 0.1,
    "r@10": 1.0,
    "ndcg@10": 0.43067655807339306,
    "p@15": 0.06666666666666667,
    "r@15": 1.0,
    "ndcg@15": 0.43067655807339306
  },
  "retrieved": [
    2820,
    2815,
    1538,
    1534,
    2814,
    1537,
    2817,
    14209,
    1535,
    3852,
    3467,
    14236,
    7785,
    14235,
    14237
  ],
  "ground_truth": [
    1534
  ]
}