{
  "qid": 153276,
  "query": "Phòng giao dịch của quỹ tín dụng nhân dân không còn đủ khả năng hoạt động có thể tự nguyện chấm dứt hoạt động hay không?",
  "metrics": {
    "mrr": 0.125,
    "map": 0.125,
    "p@1": 0.0,
    "r@1": 0.0,
    "ndcg@1": 0.0,
    "p@5": 0.0,
    "r@5": 0.0,
    "ndcg@5": 0.0,
    "p@10": 0.1,
    "r@10": 1.0,
    "ndcg@10": 0.31546487678572877,
    "p@15": 0.06666666666666667,
    "r@15": 1.0,
    "ndcg@15": 0.31546487678572877
  },
  "retrieved": [
    10096,
    10058,
    10059,
    10104,
    10097,
    10091,
    10099,
    10095,
    10063,
    10093,
    10062,
    10103,
    10061,
    5645,
    10087
  ],
  "ground_truth": [
    10095
  ]
}