{
  "qid": 153277,
  "query": "Phòng giao dịch của quỹ tín dụng nhân dân tự nguyện chấm dứt hoạt động theo trình tự nào?",
  "metrics": {
    "mrr": 0.2,
    "map": 0.2,
    "p@1": 0.0,
    "r@1": 0.0,
    "ndcg@1": 0.0,
    "p@5": 0.2,
    "r@5": 1.0,
    "ndcg@5": 0.38685280723454163,
    "p@10": 0.1,
    "r@10": 1.0,
    "ndcg@10": 0.38685280723454163
  },
  "retrieved": [
    10096,
    10058,
    10059,
    10104,
    10097,
    10099,
    10063,
    10091,
    10095,
    10093
  ]
}