{
  "qid": 153302,
  "query": "Các trường phổ thông dân tộc nội trú lập dự toán chi chế độ tài chính cho học sinh ra sao?",
  "metrics": {
    "mrr": 0.5,
    "map": 0.5,
    "p@1": 0.0,
    "r@1": 0.0,
    "ndcg@1": 0.0,
    "p@5": 0.2,
    "r@5": 1.0,
    "ndcg@5": 0.6309297535714575,
    "p@10": 0.1,
    "r@10": 1.0,
    "ndcg@10": 0.6309297535714575,
    "p@15": 0.06666666666666667,
    "r@15": 1.0,
    "ndcg@15": 0.6309297535714575
  },
  "retrieved": [
    12324,
    12326,
    14309,
    8809,
    14310,
    7782,
    14308,
    4747,
    14316,
    12325,
    14312,
    7786,
    6751,
    9726,
    14313
  ],
  "ground_truth": [
    12326
  ]
}