{
  "qid": 153356,
  "query": "Tổ chức thi đua trong Tòa án nhân dân cấp tỉnh theo hình thức nào?",
  "metrics": {
    "mrr": 0.125,
    "map": 0.125,
    "p@1": 0.0,
    "r@1": 0.0,
    "ndcg@1": 0.0,
    "p@5": 0.0,
    "r@5": 0.0,
    "ndcg@5": 0.0,
    "p@10": 0.1,
    "r@10": 1.0,
    "ndcg@10": 0.31546487678572877,
    "p@15": 0.06666666666666667,
    "r@15": 1.0,
    "ndcg@15": 0.31546487678572877
  },
  "retrieved": [
    1148,
    1131,
    1149,
    1130,
    1164,
    3472,
    1156,
    1136,
    1163,
    870,
    1485,
    208,
    1135,
    1526,
    5587
  ],
  "ground_truth": [
    1136
  ]
}