{
  "qid": 153328,
  "query": "Nhà xuất bản có được quyền sử dụng hình ảnh trẻ em để minh họa trên xuất bản phẩm của mình hay không?",
  "metrics": {
    "mrr": 0.5,
    "map": 0.5,
    "p@1": 0.0,
    "r@1": 0.0,
    "ndcg@1": 0.0,
    "p@5": 0.2,
    "r@5": 1.0,
    "ndcg@5": 0.6309297535714575,
    "p@10": 0.1,
    "r@10": 1.0,
    "ndcg@10": 0.6309297535714575,
    "p@15": 0.06666666666666667,
    "r@15": 1.0,
    "ndcg@15": 0.6309297535714575
  },
  "retrieved": [
    14926,
    9919,
    9916,
    14923,
    7736,
    9922,
    7740,
    9908,
    14924,
    9905,
    9920,
    14931,
    1463,
    14930,
    7737
  ],
  "ground_truth": [
    9919
  ]
}