{
  "qid": 153655,
  "query": "Đối tượng nào thực hiện đăng ký giá sữa dành cho trẻ em dưới 06 tuổi?",
  "metrics": {
    "mrr": 0.16666666666666666,
    "map": 0.16666666666666666,
    "p@1": 0.0,
    "r@1": 0.0,
    "ndcg@1": 0.0,
    "p@5": 0.0,
    "r@5": 0.0,
    "ndcg@5": 0.0,
    "p@10": 0.1,
    "r@10": 1.0,
    "ndcg@10": 0.3562071871080222
  },
  "retrieved": [
    8638,
    8639,
    8653,
    14592,
    8652,
    8640,
    8641,
    9916,
    9908,
    9907
  ]
}