{
  "qid": 153657,
  "query": "Quy trình tiếp nhận trực tiếp biểu mẫu đăng ký giá sữa dành cho trẻ em dưới 06 tuổi được thực hiện như thế nào?",
  "metrics": {
    "mrr": 0.2,
    "map": 0.2,
    "p@1": 0.0,
    "r@1": 0.0,
    "ndcg@1": 0.0,
    "p@5": 0.2,
    "r@5": 1.0,
    "ndcg@5": 0.38685280723454163,
    "p@10": 0.1,
    "r@10": 1.0,
    "ndcg@10": 0.38685280723454163,
    "p@15": 0.06666666666666667,
    "r@15": 1.0,
    "ndcg@15": 0.38685280723454163
  },
  "retrieved": [
    8638,
    8639,
    8653,
    8649,
    8643,
    8645,
    8644,
    14592,
    8651,
    8652,
    8641,
    8650,
    8640,
    8642,
    9908
  ],
  "ground_truth": [
    8643
  ]
}