{
  "qid": 153977,
  "query": "Quy định về thuê xe phục vụ công tác đối với đơn vị sự nghiệp công lập thế nào?",
  "metrics": {
    "mrr": 0.125,
    "map": 0.125,
    "p@1": 0.0,
    "r@1": 0.0,
    "ndcg@1": 0.0,
    "p@5": 0.0,
    "r@5": 0.0,
    "ndcg@5": 0.0,
    "p@10": 0.1,
    "r@10": 1.0,
    "ndcg@10": 0.31546487678572877,
    "p@15": 0.06666666666666667,
    "r@15": 1.0,
    "ndcg@15": 0.31546487678572877
  },
  "retrieved": [
    3153,
    12006,
    14214,
    5529,
    5666,
    4462,
    7797,
    4471,
    14254,
    4458,
    4456,
    12009,
    4449,
    7800,
    4457
  ],
  "ground_truth": [
    4471
  ]
}