{
  "qid": 153990,
  "query": "Viện kiểm sát nhân dân cấp cao gửi quyết định kháng nghị giám đốc thẩm đối với bản án hình sự được thực hiện như thế nào?",
  "metrics": {
    "mrr": 0.5,
    "map": 0.5,
    "p@1": 0.0,
    "r@1": 0.0,
    "ndcg@1": 0.0,
    "p@5": 0.2,
    "r@5": 1.0,
    "ndcg@5": 0.6309297535714575,
    "p@10": 0.1,
    "r@10": 1.0,
    "ndcg@10": 0.6309297535714575,
    "p@15": 0.06666666666666667,
    "r@15": 1.0,
    "ndcg@15": 0.6309297535714575
  },
  "retrieved": [
    10855,
    10857,
    10813,
    10854,
    10866,
    10872,
    10871,
    10850,
    10856,
    10847,
    10815,
    10814,
    10969,
    10865,
    9430
  ],
  "ground_truth": [
    10857
  ]
}