{
  "qid": 154170,
  "query": "Hồ sơ cắm mốc giới theo quy hoạch xây dựng có hồ sơ năng lực của tổ chức tư vấn lập hồ sơ cắm mốc giới không?",
  "metrics": {
    "mrr": 0.3333333333333333,
    "map": 0.3333333333333333,
    "p@1": 0.0,
    "r@1": 0.0,
    "ndcg@1": 0.0,
    "p@5": 0.2,
    "r@5": 1.0,
    "ndcg@5": 0.5,
    "p@10": 0.1,
    "r@10": 1.0,
    "ndcg@10": 0.5,
    "p@15": 0.06666666666666667,
    "r@15": 1.0,
    "ndcg@15": 0.5
  },
  "retrieved": [
    12681,
    12675,
    12682,
    12670,
    12674,
    12668,
    12684,
    12672,
    12691,
    12689,
    12676,
    12683,
    12692,
    2420,
    12690
  ],
  "ground_truth": [
    12682
  ]
}