{
  "qid": 154280,
  "query": "Chức danh nghề nghiệp quản lý dự án đường thủy hạng 2 được áp dụng hệ số lương của viên chức loại nào?",
  "metrics": {
    "mrr": 0.5,
    "map": 0.5,
    "p@1": 0.0,
    "r@1": 0.0,
    "ndcg@1": 0.0,
    "p@5": 0.2,
    "r@5": 1.0,
    "ndcg@5": 0.6309297535714575,
    "p@10": 0.1,
    "r@10": 1.0,
    "ndcg@10": 0.6309297535714575,
    "p@15": 0.06666666666666667,
    "r@15": 1.0,
    "ndcg@15": 0.6309297535714575
  },
  "retrieved": [
    8457,
    1536,
    6460,
    7562,
    8458,
    14271,
    7561,
    3467,
    14269,
    14270,
    14237,
    7726,
    8612,
    14209,
    3874
  ],
  "ground_truth": [
    1536
  ]
}