{
  "qid": 154216,
  "query": "Ai là người có quyền thay đổi Kiểm sát viên?",
  "metrics": {
    "mrr": 0.25,
    "map": 0.25,
    "p@1": 0.0,
    "r@1": 0.0,
    "ndcg@1": 0.0,
    "p@5": 0.2,
    "r@5": 1.0,
    "ndcg@5": 0.43067655807339306,
    "p@10": 0.1,
    "r@10": 1.0,
    "ndcg@10": 0.43067655807339306,
    "p@15": 0.06666666666666667,
    "r@15": 1.0,
    "ndcg@15": 0.43067655807339306
  },
  "retrieved": [
    10766,
    13867,
    13864,
    10528,
    13866,
    10520,
    10779,
    10799,
    10796,
    11833,
    10791,
    10789,
    7348,
    7498,
    11120
  ],
  "ground_truth": [
    10528
  ]
}