{
  "qid": 154700,
  "query": "Hợp đồng đại lý với doanh nghiệp kinh doanh dịch vụ lữ hành bao gồm những nội dung gì?",
  "metrics": {
    "mrr": 0.5,
    "map": 0.5,
    "p@1": 0.0,
    "r@1": 0.0,
    "ndcg@1": 0.0,
    "p@5": 0.2,
    "r@5": 1.0,
    "ndcg@5": 0.6309297535714575,
    "p@10": 0.1,
    "r@10": 1.0,
    "ndcg@10": 0.6309297535714575,
    "p@15": 0.06666666666666667,
    "r@15": 1.0,
    "ndcg@15": 0.6309297535714575
  },
  "retrieved": [
    9783,
    9784,
    9785,
    9774,
    9775,
    9786,
    6612,
    9779,
    9782,
    9773,
    9778,
    9777,
    9781,
    9787,
    9780
  ],
  "ground_truth": [
    9784
  ]
}