{
  "qid": 154983,
  "query": "Thẩm quyền quyết định chấp nhận bảo lưu điều ước quốc tế của bên ký kết nước ngoài thuộc về cơ quan nào?",
  "metrics": {
    "mrr": 0.5,
    "map": 0.5,
    "p@1": 0.0,
    "r@1": 0.0,
    "ndcg@1": 0.0,
    "p@5": 0.2,
    "r@5": 1.0,
    "ndcg@5": 0.6309297535714575,
    "p@10": 0.1,
    "r@10": 1.0,
    "ndcg@10": 0.6309297535714575,
    "p@15": 0.06666666666666667,
    "r@15": 1.0,
    "ndcg@15": 0.6309297535714575
  },
  "retrieved": [
    12205,
    12206,
    12207,
    12162,
    12222,
    12172,
    12202,
    12173,
    12188,
    12204,
    12163,
    12209,
    12213,
    12210,
    12238
  ],
  "ground_truth": [
    12206
  ]
}