{
  "qid": 154936,
  "query": "Thông tin trên Giấy chứng nhận quyền sử dụng đất khác so với thông tin của người sử dụng đất thì có thể đăng ký thế chấp không?",
  "metrics": {
    "mrr": 0.16666666666666666,
    "map": 0.16666666666666666,
    "p@1": 0.0,
    "r@1": 0.0,
    "ndcg@1": 0.0,
    "p@5": 0.0,
    "r@5": 0.0,
    "ndcg@5": 0.0,
    "p@10": 0.1,
    "r@10": 1.0,
    "ndcg@10": 0.3562071871080222,
    "p@15": 0.06666666666666667,
    "r@15": 1.0,
    "ndcg@15": 0.3562071871080222
  },
  "retrieved": [
    7831,
    7830,
    7834,
    7833,
    7822,
    7829,
    7841,
    7821,
    7835,
    7819,
    7820,
    7823,
    7825,
    11218,
    12661
  ],
  "ground_truth": [
    7829
  ]
}