{
  "qid": 15500,
  "query": "Từ 18/7/2022 sẽ không yêu cầu chứng chỉ chương trình bồi dưỡng ngạch nhân viên thuế đối với nhân viên thuế?",
  "metrics": {
    "mrr": 0.1,
    "map": 0.1,
    "p@1": 0.0,
    "r@1": 0.0,
    "ndcg@1": 0.0,
    "p@5": 0.0,
    "r@5": 0.0,
    "ndcg@5": 0.0,
    "p@10": 0.1,
    "r@10": 1.0,
    "ndcg@10": 0.2890648263178879,
    "p@15": 0.06666666666666667,
    "r@15": 1.0,
    "ndcg@15": 0.2890648263178879
  },
  "retrieved": [
    14461,
    9152,
    14455,
    14469,
    14460,
    14454,
    9150,
    14453,
    14468,
    9153,
    14458,
    9151,
    14459,
    14457,
    13322
  ],
  "ground_truth": [
    9153,
    9153
  ]
}