{
  "qid": 155248,
  "query": "Viện kiểm sát khi kiểm sát điều tra vụ án hình sự có nhiệm vụ và quyền hạn như thế nào?",
  "metrics": {
    "mrr": 0.25,
    "map": 0.25,
    "p@1": 0.0,
    "r@1": 0.0,
    "ndcg@1": 0.0,
    "p@5": 0.2,
    "r@5": 1.0,
    "ndcg@5": 0.43067655807339306,
    "p@10": 0.1,
    "r@10": 1.0,
    "ndcg@10": 0.43067655807339306,
    "p@15": 0.06666666666666667,
    "r@15": 1.0,
    "ndcg@15": 0.43067655807339306
  },
  "retrieved": [
    10638,
    10646,
    10716,
    10643,
    10633,
    10631,
    10641,
    10630,
    10519,
    10645,
    10714,
    10608,
    10757,
    1327,
    10640
  ],
  "ground_truth": [
    10643
  ]
}