{
  "qid": 155306,
  "query": "Ép buộc người khác theo tôn giáo của mình có vi phạm pháp luật không?",
  "metrics": {
    "mrr": 0.1111111111111111,
    "map": 0.1111111111111111,
    "p@1": 0.0,
    "r@1": 0.0,
    "ndcg@1": 0.0,
    "p@5": 0.0,
    "r@5": 0.0,
    "ndcg@5": 0.0,
    "p@10": 0.1,
    "r@10": 1.0,
    "ndcg@10": 0.3010299956639812,
    "p@15": 0.06666666666666667,
    "r@15": 1.0,
    "ndcg@15": 0.3010299956639812
  },
  "retrieved": [
    2137,
    2180,
    2195,
    2161,
    2155,
    4261,
    2132,
    2194,
    2136,
    2172,
    2183,
    2173,
    2138,
    5966,
    2157
  ],
  "ground_truth": [
    2136
  ]
}