{
  "qid": 15534,
  "query": "Thủ tục xin cấp giấy xác nhận tình trạng hôn nhân được quy định như thế nào?",
  "metrics": {
    "mrr": 0.3333333333333333,
    "map": 0.3333333333333333,
    "p@1": 0.0,
    "r@1": 0.0,
    "ndcg@1": 0.0,
    "p@5": 0.2,
    "r@5": 1.0,
    "ndcg@5": 0.5,
    "p@10": 0.1,
    "r@10": 1.0,
    "ndcg@10": 0.5,
    "p@15": 0.06666666666666667,
    "r@15": 1.0,
    "ndcg@15": 0.5
  },
  "retrieved": [
    2275,
    4565,
    4557,
    3762,
    9539,
    3777,
    4586,
    1242,
    12128,
    2263,
    9528,
    1243,
    10880,
    4585,
    909
  ],
  "ground_truth": [
    4557
  ]
}