{
  "qid": 155531,
  "query": "Người bị cưỡng chế không thanh toán chi phí cưỡng chế thi hành quyết định xử phạt vi phạm hành chính thì bị xử lý thế nào?",
  "metrics": {
    "mrr": 0.3333333333333333,
    "map": 0.3333333333333333,
    "p@1": 0.0,
    "r@1": 0.0,
    "ndcg@1": 0.0,
    "p@5": 0.2,
    "r@5": 1.0,
    "ndcg@5": 0.5,
    "p@10": 0.1,
    "r@10": 1.0,
    "ndcg@10": 0.5,
    "p@15": 0.06666666666666667,
    "r@15": 1.0,
    "ndcg@15": 0.5
  },
  "retrieved": [
    5394,
    5389,
    5391,
    5393,
    5390,
    3027,
    5392,
    3024,
    11132,
    3022,
    11467,
    11129,
    3019,
    5395,
    3023
  ],
  "ground_truth": [
    5391
  ]
}