{
  "qid": 155795,
  "query": "Sổ kế toán phải có chữ ký của những ai?",
  "metrics": {
    "mrr": 0.2,
    "map": 0.2,
    "p@1": 0.0,
    "r@1": 0.0,
    "ndcg@1": 0.0,
    "p@5": 0.2,
    "r@5": 1.0,
    "ndcg@5": 0.38685280723454163,
    "p@10": 0.1,
    "r@10": 1.0,
    "ndcg@10": 0.38685280723454163,
    "p@15": 0.06666666666666667,
    "r@15": 1.0,
    "ndcg@15": 0.38685280723454163
  },
  "retrieved": [
    12083,
    5827,
    2869,
    2870,
    2868,
    9147,
    5825,
    2847,
    2871,
    5826,
    2885,
    2853,
    2883,
    2844,
    2890
  ],
  "ground_truth": [
    2868
  ]
}