{
  "qid": 155712,
  "query": "Cơ quan nhà nước cấp bộ tổ chức ngày hưởng ứng phải tuân theo những yêu cầu nào?",
  "metrics": {
    "mrr": 0.16666666666666666,
    "map": 0.16666666666666666,
    "p@1": 0.0,
    "r@1": 0.0,
    "ndcg@1": 0.0,
    "p@5": 0.0,
    "r@5": 0.0,
    "ndcg@5": 0.0,
    "p@10": 0.1,
    "r@10": 1.0,
    "ndcg@10": 0.3562071871080222,
    "p@15": 0.06666666666666667,
    "r@15": 1.0,
    "ndcg@15": 0.3562071871080222
  },
  "retrieved": [
    13653,
    8254,
    13655,
    8844,
    2660,
    13654,
    13641,
    1249,
    4389,
    7183,
    4450,
    13642,
    8740,
    13640,
    14536
  ],
  "ground_truth": [
    13654
  ]
}