{
  "qid": 155714,
  "query": "Có được quyền từ chối thế vị sau khi nhận kết quả giao dịch từ các Sở giao dịch chứng khoán không?",
  "metrics": {
    "mrr": 0.5,
    "map": 0.5,
    "p@1": 0.0,
    "r@1": 0.0,
    "ndcg@1": 0.0,
    "p@5": 0.2,
    "r@5": 1.0,
    "ndcg@5": 0.6309297535714575,
    "p@10": 0.1,
    "r@10": 1.0,
    "ndcg@10": 0.6309297535714575
  },
  "retrieved": [
    14981,
    14976,
    14366,
    14149,
    14145,
    14150,
    14166,
    14146,
    14151,
    14152
  ]
}