{
  "qid": 155870,
  "query": "Thông tin đề nghị cứu hộ trên đường cao tốc được cung cấp từ nguồn nào?",
  "metrics": {
    "mrr": 0.16666666666666666,
    "map": 0.16666666666666666,
    "p@1": 0.0,
    "r@1": 0.0,
    "ndcg@1": 0.0,
    "p@5": 0.0,
    "r@5": 0.0,
    "ndcg@5": 0.0,
    "p@10": 0.1,
    "r@10": 1.0,
    "ndcg@10": 0.3562071871080222,
    "p@15": 0.06666666666666667,
    "r@15": 1.0,
    "ndcg@15": 0.3562071871080222
  },
  "retrieved": [
    8444,
    8450,
    8445,
    8448,
    8446,
    8447,
    8449,
    8451,
    11072,
    11071,
    11709,
    11715,
    11708,
    11710,
    11717
  ],
  "ground_truth": [
    8447
  ]
}