{
  "qid": 155997,
  "query": "Thay đổi nơi tiếp nhận hồ sơ đề nghị chấp thuận hoạt động mua nợ của tổ chức tín dụng từ ngày 09/02/2023?",
  "metrics": {
    "mrr": 0.125,
    "map": 0.125,
    "p@1": 0.0,
    "r@1": 0.0,
    "ndcg@1": 0.0,
    "p@5": 0.0,
    "r@5": 0.0,
    "ndcg@5": 0.0,
    "p@10": 0.1,
    "r@10": 1.0,
    "ndcg@10": 0.31546487678572877,
    "p@15": 0.06666666666666667,
    "r@15": 1.0,
    "ndcg@15": 0.31546487678572877
  },
  "retrieved": [
    9569,
    9549,
    9550,
    9564,
    9547,
    9545,
    9553,
    9551,
    9568,
    9557,
    9548,
    9561,
    9546,
    9555,
    9556
  ],
  "ground_truth": [
    9551
  ]
}