{
  "qid": 156084,
  "query": "Quyền và nghĩa vụ của người giám định trong tố tụng hình sự được quy định như thế nào?",
  "metrics": {
    "mrr": 0.2,
    "map": 0.2,
    "p@1": 0.0,
    "r@1": 0.0,
    "ndcg@1": 0.0,
    "p@5": 0.2,
    "r@5": 1.0,
    "ndcg@5": 0.38685280723454163,
    "p@10": 0.1,
    "r@10": 1.0,
    "ndcg@10": 0.38685280723454163,
    "p@15": 0.06666666666666667,
    "r@15": 1.0,
    "ndcg@15": 0.38685280723454163
  },
  "retrieved": [
    10684,
    2667,
    2665,
    3139,
    10545,
    10688,
    7931,
    7929,
    2666,
    10690,
    10686,
    10687,
    1010,
    2663,
    10793
  ],
  "ground_truth": [
    10545
  ]
}