{
  "qid": 156018,
  "query": "Điều kiện để được bổ nhiệm vào vị trí kế toán trưởng là gì?",
  "metrics": {
    "mrr": 0.07142857142857142,
    "map": 0.07142857142857142,
    "p@1": 0.0,
    "r@1": 0.0,
    "ndcg@1": 0.0,
    "p@5": 0.0,
    "r@5": 0.0,
    "ndcg@5": 0.0,
    "p@10": 0.0,
    "r@10": 0.0,
    "ndcg@10": 0.0,
    "p@15": 0.06666666666666667,
    "r@15": 1.0,
    "ndcg@15": 0.2559580248098155
  },
  "retrieved": [
    4392,
    4394,
    4397,
    4395,
    4391,
    4399,
    4388,
    4393,
    4396,
    4390,
    2895,
    2334,
    2897,
    2896,
    2891
  ],
  "ground_truth": [
    2896
  ]
}