{
  "qid": 156150,
  "query": "Người làm thay kế toán trưởng trong thời gian nghỉ thai sản có cần phải có chứng chỉ bồi dưỡng kế toán trưởng không?",
  "metrics": {
    "mrr": 0.5,
    "map": 0.5,
    "p@1": 0.0,
    "r@1": 0.0,
    "ndcg@1": 0.0,
    "p@5": 0.2,
    "r@5": 1.0,
    "ndcg@5": 0.6309297535714575,
    "p@10": 0.1,
    "r@10": 1.0,
    "ndcg@10": 0.6309297535714575
  },
  "retrieved": [
    4397,
    2896,
    2895,
    13880,
    11003,
    4395,
    4390,
    2897,
    1036,
    4396
  ]
}