{
  "qid": 156191,
  "query": "Ai có quyền quyết định thành lập Hội đồng tuyển chọn thực hiện nhiệm vụ khoa học và công nghệ cấp quốc gia?",
  "metrics": {
    "mrr": 0.14285714285714285,
    "map": 0.14285714285714285,
    "p@1": 0.0,
    "r@1": 0.0,
    "ndcg@1": 0.0,
    "p@5": 0.0,
    "r@5": 0.0,
    "ndcg@5": 0.0,
    "p@10": 0.1,
    "r@10": 1.0,
    "ndcg@10": 0.3333333333333333,
    "p@15": 0.06666666666666667,
    "r@15": 1.0,
    "ndcg@15": 0.3333333333333333
  },
  "retrieved": [
    8670,
    8657,
    8259,
    8656,
    8253,
    8260,
    8661,
    8258,
    8674,
    8654,
    8234,
    8662,
    8668,
    8229,
    12796
  ],
  "ground_truth": [
    8661
  ]
}