{
  "qid": 156379,
  "query": "Người kháng cáo có quyền rút kháng cáo bản án hình sự sơ thẩm vào thời điểm nào?",
  "metrics": {
    "mrr": 0.14285714285714285,
    "map": 0.14285714285714285,
    "p@1": 0.0,
    "r@1": 0.0,
    "ndcg@1": 0.0,
    "p@5": 0.0,
    "r@5": 0.0,
    "ndcg@5": 0.0,
    "p@10": 0.1,
    "r@10": 1.0,
    "ndcg@10": 0.3333333333333333,
    "p@15": 0.06666666666666667,
    "r@15": 1.0,
    "ndcg@15": 0.3333333333333333
  },
  "retrieved": [
    10808,
    10809,
    10820,
    10833,
    10810,
    10811,
    10819,
    10832,
    10812,
    10504,
    10816,
    10835,
    10822,
    10825,
    10838
  ],
  "ground_truth": [
    10819
  ]
}