{
  "qid": 156386,
  "query": "Quản lý ngoại hối trong hoạt động mua, bán nợ của tổ chức tín dụng được quy định như thế nào?",
  "metrics": {
    "mrr": 0.06666666666666667,
    "map": 0.06666666666666667,
    "p@1": 0.0,
    "r@1": 0.0,
    "ndcg@1": 0.0,
    "p@5": 0.0,
    "r@5": 0.0,
    "ndcg@5": 0.0,
    "p@10": 0.0,
    "r@10": 0.0,
    "ndcg@10": 0.0,
    "p@15": 0.06666666666666667,
    "r@15": 1.0,
    "ndcg@15": 0.25
  },
  "retrieved": [
    9545,
    9555,
    7106,
    9568,
    6137,
    9549,
    9546,
    6122,
    322,
    10440,
    9564,
    328,
    334,
    6133,
    9553
  ],
  "ground_truth": [
    9553
  ]
}