{
  "qid": 156413,
  "query": "Một số yêu cầu chung về đạo đức nghề nghiệp đối với giảng viên cao đẳng sư phạm chính là gì?",
  "metrics": {
    "mrr": 0.08333333333333333,
    "map": 0.08333333333333333,
    "p@1": 0.0,
    "r@1": 0.0,
    "ndcg@1": 0.0,
    "p@5": 0.0,
    "r@5": 0.0,
    "ndcg@5": 0.0,
    "p@10": 0.0,
    "r@10": 0.0,
    "ndcg@10": 0.0,
    "p@15": 0.06666666666666667,
    "r@15": 1.0,
    "ndcg@15": 0.27023815442731974
  },
  "retrieved": [
    534,
    531,
    12977,
    8607,
    8732,
    12813,
    3455,
    532,
    488,
    11011,
    533,
    3456,
    8734,
    7173,
    14235
  ],
  "ground_truth": [
    3456
  ]
}