{
  "qid": 156527,
  "query": "Quán ăn sử dụng hộp xốp, màng bọc thực phẩm không đảm bảo chất lượng sẽ bị xử phạt như thế nào?",
  "metrics": {
    "mrr": 0.07692307692307693,
    "map": 0.07692307692307693,
    "p@1": 0.0,
    "r@1": 0.0,
    "ndcg@1": 0.0,
    "p@5": 0.0,
    "r@5": 0.0,
    "ndcg@5": 0.0,
    "p@10": 0.0,
    "r@10": 0.0,
    "ndcg@10": 0.0,
    "p@15": 0.06666666666666667,
    "r@15": 1.0,
    "ndcg@15": 0.26264953503719357
  },
  "retrieved": [
    14170,
    14171,
    14179,
    14188,
    14182,
    14183,
    14178,
    11467,
    14173,
    14128,
    5284,
    14187,
    14177,
    14181,
    14193
  ],
  "ground_truth": [
    14177
  ]
}