{
  "qid": 156975,
  "query": "Trưng cầu giám định được quy định như thế nào? Các trường hợp nào bắt buộc phải trưng cầu giám định?",
  "metrics": {
    "mrr": 1.0,
    "map": 0.5,
    "p@1": 1.0,
    "r@1": 0.5,
    "ndcg@1": 1.0,
    "p@5": 0.2,
    "r@5": 0.5,
    "ndcg@5": 0.6131471927654584,
    "p@10": 0.1,
    "r@10": 0.5,
    "ndcg@10": 0.6131471927654584,
    "p@15": 0.06666666666666667,
    "r@15": 0.5,
    "ndcg@15": 0.6131471927654584
  },
  "retrieved": [
    10682,
    1010,
    1009,
    1008,
    7928,
    7927,
    4009,
    10688,
    1006,
    10685,
    7931,
    6160,
    10690,
    7930,
    2666
  ],
  "ground_truth": [
    10682,
    10683
  ]
}