{
  "qid": 157002,
  "query": "Có được phép lập vi bằng trong trường hợp ghi lại đời sống riêng tư của một người hay không?",
  "metrics": {
    "mrr": 0.16666666666666666,
    "map": 0.16666666666666666,
    "p@1": 0.0,
    "r@1": 0.0,
    "ndcg@1": 0.0,
    "p@5": 0.0,
    "r@5": 0.0,
    "ndcg@5": 0.0,
    "p@10": 0.1,
    "r@10": 1.0,
    "ndcg@10": 0.3562071871080222
  },
  "retrieved": [
    5868,
    8964,
    10489,
    8966,
    11692,
    8963,
    11707,
    8965,
    4584,
    8998
  ]
}