{
  "qid": 157062,
  "query": "Khi nào người lao động được giải quyết yêu cầu nhận bảo hiểm xã hội một lần?",
  "metrics": {
    "mrr": 0.14285714285714285,
    "map": 0.14285714285714285,
    "p@1": 0.0,
    "r@1": 0.0,
    "ndcg@1": 0.0,
    "p@5": 0.0,
    "r@5": 0.0,
    "ndcg@5": 0.0,
    "p@10": 0.1,
    "r@10": 1.0,
    "ndcg@10": 0.3333333333333333,
    "p@15": 0.06666666666666667,
    "r@15": 1.0,
    "ndcg@15": 0.3333333333333333
  },
  "retrieved": [
    11859,
    8438,
    14087,
    11844,
    11870,
    8429,
    14094,
    797,
    14101,
    4180,
    14104,
    14105,
    8437,
    8442,
    8435
  ],
  "ground_truth": [
    14094
  ]
}