{
  "qid": 157197,
  "query": "Giáo viên dạy tại trường trung cấp nghề dành riêng cho trẻ em khuyết tật được hưởng phụ cấp là bao nhiêu?",
  "metrics": {
    "mrr": 0.08333333333333333,
    "map": 0.08333333333333333,
    "p@1": 0.0,
    "r@1": 0.0,
    "ndcg@1": 0.0,
    "p@5": 0.0,
    "r@5": 0.0,
    "ndcg@5": 0.0,
    "p@10": 0.0,
    "r@10": 0.0,
    "ndcg@10": 0.0,
    "p@15": 0.06666666666666667,
    "r@15": 1.0,
    "ndcg@15": 0.27023815442731974
  },
  "retrieved": [
    3914,
    13835,
    8501,
    7148,
    13840,
    8464,
    8499,
    7147,
    8461,
    13847,
    8502,
    13842,
    3335,
    1237,
    1246
  ],
  "ground_truth": [
    13842
  ]
}