{
  "qid": 157181,
  "query": "Vụ Kiểm toán nội bộ Ngân hàng nhà nước có trách nhiệm và quyền hạn gì trong hoạt động kiểm toán nội bộ Ngân hàng Nhà nước?",
  "metrics": {
    "mrr": 0.2,
    "map": 0.2,
    "p@1": 0.0,
    "r@1": 0.0,
    "ndcg@1": 0.0,
    "p@5": 0.2,
    "r@5": 1.0,
    "ndcg@5": 0.38685280723454163,
    "p@10": 0.1,
    "r@10": 1.0,
    "ndcg@10": 0.38685280723454163
  },
  "retrieved": [
    6865,
    6852,
    6864,
    6853,
    6860,
    6866,
    6861,
    6835,
    6836,
    5684
  ]
}