{
  "qid": 157209,
  "query": "Cơ quan nào có trách nhiệm tiếp nhận tố giác về tội phạm của cá nhân?",
  "metrics": {
    "mrr": 0.25,
    "map": 0.25,
    "p@1": 0.0,
    "r@1": 0.0,
    "ndcg@1": 0.0,
    "p@5": 0.2,
    "r@5": 1.0,
    "ndcg@5": 0.43067655807339306,
    "p@10": 0.1,
    "r@10": 1.0,
    "ndcg@10": 0.43067655807339306,
    "p@15": 0.06666666666666667,
    "r@15": 1.0,
    "ndcg@15": 0.43067655807339306
  },
  "retrieved": [
    10623,
    993,
    994,
    10622,
    10573,
    991,
    990,
    10533,
    10621,
    1000,
    995,
    998,
    10626,
    987,
    10637
  ],
  "ground_truth": [
    10622
  ]
}