{
  "qid": 157399,
  "query": "Chương trình đào tạo của trường cao đẳng nghề được cập nhật và đánh giá như thế nào theo quy định?",
  "metrics": {
    "mrr": 0.5,
    "map": 0.5,
    "p@1": 0.0,
    "r@1": 0.0,
    "ndcg@1": 0.0,
    "p@5": 0.2,
    "r@5": 1.0,
    "ndcg@5": 0.6309297535714575,
    "p@10": 0.1,
    "r@10": 1.0,
    "ndcg@10": 0.6309297535714575,
    "p@15": 0.06666666666666667,
    "r@15": 1.0,
    "ndcg@15": 0.6309297535714575
  },
  "retrieved": [
    544,
    3342,
    492,
    495,
    488,
    3341,
    490,
    9836,
    3351,
    525,
    523,
    493,
    3335,
    3339,
    515
  ],
  "ground_truth": [
    3342
  ]
}