{
  "qid": 157598,
  "query": "Nhiệm vụ, quyền hạn của Viện kiểm sát nhân dân khi kiểm sát xét xử vụ án hình sự là gì?",
  "metrics": {
    "mrr": 0.25,
    "map": 0.25,
    "p@1": 0.0,
    "r@1": 0.0,
    "ndcg@1": 0.0,
    "p@5": 0.2,
    "r@5": 1.0,
    "ndcg@5": 0.43067655807339306,
    "p@10": 0.1,
    "r@10": 1.0,
    "ndcg@10": 0.43067655807339306,
    "p@15": 0.06666666666666667,
    "r@15": 1.0,
    "ndcg@15": 0.43067655807339306
  },
  "retrieved": [
    10716,
    10638,
    10523,
    10744,
    1318,
    1327,
    10930,
    10751,
    10630,
    10818,
    10932,
    8999,
    12730,
    10522,
    10714
  ],
  "ground_truth": [
    10744
  ]
}