{
  "qid": 157856,
  "query": "Việc sử dụng và khai thác cơ sở dữ liệu lý lịch tư pháp được yêu cầu thế nào?",
  "metrics": {
    "mrr": 0.16666666666666666,
    "map": 0.18333333333333335,
    "p@1": 0.0,
    "r@1": 0.0,
    "ndcg@1": 0.0,
    "p@5": 0.0,
    "r@5": 0.0,
    "ndcg@5": 0.0,
    "p@10": 0.2,
    "r@10": 1.0,
    "ndcg@10": 0.39564672360221187
  },
  "retrieved": [
    6083,
    13484,
    6080,
    6109,
    6081,
    6112,
    6084,
    13465,
    6111,
    6082
  ]
}