{
  "qid": 157839,
  "query": "Hồ sơ đăng ký đất đai có phải tài liệu để xây dựng cơ sở dữ liệu địa chính hay không?",
  "metrics": {
    "mrr": 0.3333333333333333,
    "map": 0.3333333333333333,
    "p@1": 0.0,
    "r@1": 0.0,
    "ndcg@1": 0.0,
    "p@5": 0.2,
    "r@5": 1.0,
    "ndcg@5": 0.5,
    "p@10": 0.1,
    "r@10": 1.0,
    "ndcg@10": 0.5,
    "p@15": 0.06666666666666667,
    "r@15": 1.0,
    "ndcg@15": 0.5
  },
  "retrieved": [
    5418,
    5400,
    5403,
    5399,
    5396,
    5397,
    5404,
    5421,
    5426,
    5401,
    5412,
    5406,
    5479,
    5422,
    5408
  ],
  "ground_truth": [
    5403
  ]
}