{
  "qid": 158058,
  "query": "Danh mục động vật thuộc danh mục loài nguy cấp, quý, hiếm bao gồm những loài nào?",
  "metrics": {
    "mrr": 0.3333333333333333,
    "map": 0.3333333333333333,
    "p@1": 0.0,
    "r@1": 0.0,
    "ndcg@1": 0.0,
    "p@5": 0.2,
    "r@5": 1.0,
    "ndcg@5": 0.5,
    "p@10": 0.1,
    "r@10": 1.0,
    "ndcg@10": 0.5,
    "p@15": 0.06666666666666667,
    "r@15": 1.0,
    "ndcg@15": 0.5
  },
  "retrieved": [
    6710,
    6718,
    6713,
    6714,
    6749,
    6712,
    6711,
    11350,
    6715,
    6742,
    6743,
    6748,
    14402,
    6716,
    6717
  ],
  "ground_truth": [
    6713
  ]
}