{
  "qid": 158128,
  "query": "Viện kiểm sát được quyền rút quyết định truy tố vụ án hình sự khi có những căn cứ nào?",
  "metrics": {
    "mrr": 0.5,
    "map": 0.25,
    "p@1": 0.0,
    "r@1": 0.0,
    "ndcg@1": 0.0,
    "p@5": 0.2,
    "r@5": 0.5,
    "ndcg@5": 0.38685280723454163,
    "p@10": 0.1,
    "r@10": 0.5,
    "ndcg@10": 0.38685280723454163
  },
  "retrieved": [
    10716,
    10762,
    10929,
    10751,
    10713,
    10726,
    10757,
    10635,
    10918,
    10633
  ]
}