{
  "qid": 158253,
  "query": "Báo cáo chính quyền địa phương về đảm bảo an ninh, trật tự của giải bóng đá phong trào như thế nào?",
  "metrics": {
    "mrr": 0.5,
    "map": 0.5,
    "p@1": 0.0,
    "r@1": 0.0,
    "ndcg@1": 0.0,
    "p@5": 0.2,
    "r@5": 1.0,
    "ndcg@5": 0.6309297535714575,
    "p@10": 0.1,
    "r@10": 1.0,
    "ndcg@10": 0.6309297535714575,
    "p@15": 0.06666666666666667,
    "r@15": 1.0,
    "ndcg@15": 0.6309297535714575
  },
  "retrieved": [
    9266,
    9265,
    6193,
    6190,
    9264,
    6186,
    6194,
    6188,
    6505,
    6504,
    6469,
    9262,
    9263,
    9260,
    6501
  ],
  "ground_truth": [
    9265
  ]
}