{
  "qid": 158210,
  "query": "Người trúng tuyển công chức có trách nhiệm gì khi nhận được thông báo kết quả trúng tuyển?",
  "metrics": {
    "mrr": 0.25,
    "map": 0.25,
    "p@1": 0.0,
    "r@1": 0.0,
    "ndcg@1": 0.0,
    "p@5": 0.2,
    "r@5": 1.0,
    "ndcg@5": 0.43067655807339306,
    "p@10": 0.1,
    "r@10": 1.0,
    "ndcg@10": 0.43067655807339306,
    "p@15": 0.06666666666666667,
    "r@15": 1.0,
    "ndcg@15": 0.43067655807339306
  },
  "retrieved": [
    4188,
    14217,
    2372,
    14224,
    14219,
    2375,
    14249,
    14223,
    14225,
    9988,
    7808,
    2911,
    2753,
    37,
    8083
  ],
  "ground_truth": [
    14224
  ]
}