{
  "qid": 158287,
  "query": "Cá nhân không trực tiếp sản xuất nông nghiệp nhận chuyển nhượng đất trồng lúa thì bị xử phạt như thế nào?",
  "metrics": {
    "mrr": 0.5,
    "map": 0.5,
    "p@1": 0.0,
    "r@1": 0.0,
    "ndcg@1": 0.0,
    "p@5": 0.2,
    "r@5": 1.0,
    "ndcg@5": 0.6309297535714575,
    "p@10": 0.1,
    "r@10": 1.0,
    "ndcg@10": 0.6309297535714575,
    "p@15": 0.06666666666666667,
    "r@15": 1.0,
    "ndcg@15": 0.6309297535714575
  },
  "retrieved": [
    11119,
    11117,
    11106,
    1579,
    1590,
    2455,
    11116,
    1580,
    14672,
    1589,
    1564,
    2468,
    12100,
    11121,
    12102
  ],
  "ground_truth": [
    11117
  ]
}