{
  "qid": 158314,
  "query": "Các mức độ hành vi vi phạm để xác định xử lý kỷ luật ra sao?",
  "metrics": {
    "mrr": 0.3333333333333333,
    "map": 0.3333333333333333,
    "p@1": 0.0,
    "r@1": 0.0,
    "ndcg@1": 0.0,
    "p@5": 0.2,
    "r@5": 1.0,
    "ndcg@5": 0.5,
    "p@10": 0.1,
    "r@10": 1.0,
    "ndcg@10": 0.5
  },
  "retrieved": [
    13742,
    13209,
    13746,
    13778,
    8137,
    13744,
    14290,
    4230,
    13749,
    757
  ]
}