{
  "qid": 158437,
  "query": "Người làm chứng có được vắng mặt tại phiên tòa sơ thẩm hay không?",
  "metrics": {
    "mrr": 1.0,
    "map": 0.5,
    "p@1": 1.0,
    "r@1": 0.5,
    "ndcg@1": 1.0,
    "p@5": 0.2,
    "r@5": 0.5,
    "ndcg@5": 0.6131471927654584,
    "p@10": 0.1,
    "r@10": 0.5,
    "ndcg@10": 0.6131471927654584,
    "p@15": 0.06666666666666667,
    "r@15": 0.5,
    "ndcg@15": 0.6131471927654584
  },
  "retrieved": [
    10770,
    10782,
    10781,
    10774,
    10931,
    10778,
    10735,
    10788,
    10829,
    10860,
    2523,
    10756,
    10831,
    10935,
    10764
  ],
  "ground_truth": [
    10543,
    10770
  ]
}