{
  "qid": 158578,
  "query": "Cơ quan có thẩm quyền khởi tố căn cứ vào đâu để khởi tố vụ án hình sự?",
  "metrics": {
    "mrr": 0.125,
    "map": 0.125,
    "p@1": 0.0,
    "r@1": 0.0,
    "ndcg@1": 0.0,
    "p@5": 0.0,
    "r@5": 0.0,
    "ndcg@5": 0.0,
    "p@10": 0.1,
    "r@10": 1.0,
    "ndcg@10": 0.31546487678572877,
    "p@15": 0.06666666666666667,
    "r@15": 1.0,
    "ndcg@15": 0.31546487678572877
  },
  "retrieved": [
    10638,
    10635,
    10631,
    10633,
    3569,
    10630,
    10900,
    10620,
    3571,
    10632,
    3567,
    10628,
    10634,
    1002,
    10641
  ],
  "ground_truth": [
    10620
  ]
}