{
  "qid": 158621,
  "query": "Trình tự tiến hành lễ mừng thọ cho người cao tuổi khi đủ 75 tuổi như thế nào?",
  "metrics": {
    "mrr": 0.25,
    "map": 0.325,
    "p@1": 0.0,
    "r@1": 0.0,
    "ndcg@1": 0.0,
    "p@5": 0.4,
    "r@5": 1.0,
    "ndcg@5": 0.5012658353418871,
    "p@10": 0.2,
    "r@10": 1.0,
    "ndcg@10": 0.5012658353418871,
    "p@15": 0.13333333333333333,
    "r@15": 1.0,
    "ndcg@15": 0.5012658353418871
  },
  "retrieved": [
    6043,
    6037,
    6048,
    6047,
    6046,
    6044,
    6049,
    6045,
    6039,
    6038,
    11780,
    11576,
    11752,
    11804,
    11803
  ],
  "ground_truth": [
    6046,
    6047
  ]
}