{
  "qid": 158620,
  "query": "Việc trang trí buổi lễ mừng thọ cho người cao tuổi khi đủ 75 tuổi được thực hiện ra sao?",
  "metrics": {
    "mrr": 0.16666666666666666,
    "map": 0.16666666666666666,
    "p@1": 0.0,
    "r@1": 0.0,
    "ndcg@1": 0.0,
    "p@5": 0.0,
    "r@5": 0.0,
    "ndcg@5": 0.0,
    "p@10": 0.1,
    "r@10": 1.0,
    "ndcg@10": 0.3562071871080222,
    "p@15": 0.06666666666666667,
    "r@15": 1.0,
    "ndcg@15": 0.3562071871080222
  },
  "retrieved": [
    6043,
    6037,
    6048,
    6047,
    6046,
    6044,
    6049,
    6045,
    6039,
    6038,
    11780,
    11576,
    11752,
    11804,
    11803
  ],
  "ground_truth": [
    6044
  ]
}