{
  "qid": 159386,
  "query": "Tuyên truyền viên văn hóa chính được áp dụng ngạch lương của viên chức loại mấy?",
  "metrics": {
    "mrr": 0.5,
    "map": 0.5,
    "p@1": 0.0,
    "r@1": 0.0,
    "ndcg@1": 0.0,
    "p@5": 0.2,
    "r@5": 1.0,
    "ndcg@5": 0.6309297535714575,
    "p@10": 0.1,
    "r@10": 1.0,
    "ndcg@10": 0.6309297535714575
  },
  "retrieved": [
    7561,
    1536,
    6460,
    8060,
    8457,
    8458,
    3466,
    7787,
    8170,
    7726
  ]
}