{
  "qid": 159348,
  "query": "Muốn được hưởng chế độ ốm đau thì người lao động phải đáp ứng được các điều kiện gì?",
  "metrics": {
    "mrr": 0.5,
    "map": 0.5,
    "p@1": 0.0,
    "r@1": 0.0,
    "ndcg@1": 0.0,
    "p@5": 0.2,
    "r@5": 1.0,
    "ndcg@5": 0.6309297535714575,
    "p@10": 0.1,
    "r@10": 1.0,
    "ndcg@10": 0.6309297535714575,
    "p@15": 0.06666666666666667,
    "r@15": 1.0,
    "ndcg@15": 0.6309297535714575
  },
  "retrieved": [
    14108,
    11845,
    11847,
    11848,
    11846,
    11329,
    2573,
    11851,
    11844,
    4176,
    10108,
    14110,
    14088,
    13384,
    11850
  ],
  "ground_truth": [
    11845
  ]
}