{
  "qid": 159399,
  "query": "Trong các trường hợp đột xuất Người được ủy quyền phát ngôn của Bộ Tư pháp có trách nhiệm gì khi phát ngôn và cung cấp thông tin cho báo chí?",
  "metrics": {
    "mrr": 0.3333333333333333,
    "map": 0.3333333333333333,
    "p@1": 0.0,
    "r@1": 0.0,
    "ndcg@1": 0.0,
    "p@5": 0.2,
    "r@5": 1.0,
    "ndcg@5": 0.5,
    "p@10": 0.1,
    "r@10": 1.0,
    "ndcg@10": 0.5,
    "p@15": 0.06666666666666667,
    "r@15": 1.0,
    "ndcg@15": 0.5
  },
  "retrieved": [
    9740,
    9735,
    9738,
    9736,
    9741,
    9739,
    9737,
    11710,
    11694,
    3646,
    11072,
    3647,
    11071,
    11715,
    11708
  ],
  "ground_truth": [
    9738
  ]
}