{
  "qid": 159490,
  "query": "Điều kiện bổ nhiệm lại công chức giữ chức vụ lãnh đạo, quản lý là gì?",
  "metrics": {
    "mrr": 0.16666666666666666,
    "map": 0.16666666666666666,
    "p@1": 0.0,
    "r@1": 0.0,
    "ndcg@1": 0.0,
    "p@5": 0.0,
    "r@5": 0.0,
    "ndcg@5": 0.0,
    "p@10": 0.1,
    "r@10": 1.0,
    "ndcg@10": 0.3562071871080222,
    "p@15": 0.06666666666666667,
    "r@15": 1.0,
    "ndcg@15": 0.3562071871080222
  },
  "retrieved": [
    14256,
    2335,
    2334,
    2357,
    670,
    14257,
    2356,
    14260,
    9464,
    14251,
    2316,
    14250,
    1054,
    2030,
    2358
  ],
  "ground_truth": [
    14257
  ]
}