{
  "qid": 159402,
  "query": "Khi hết thời hạn tạm giam, cơ quan có thẩm quyền tiến hành tố tụng được áp dụng biện pháp ngăn chặn khác với người bị tạm giam này khi nào?",
  "metrics": {
    "mrr": 0.07692307692307693,
    "map": 0.07692307692307693,
    "p@1": 0.0,
    "r@1": 0.0,
    "ndcg@1": 0.0,
    "p@5": 0.0,
    "r@5": 0.0,
    "ndcg@5": 0.0,
    "p@10": 0.0,
    "r@10": 0.0,
    "ndcg@10": 0.0,
    "p@15": 0.06666666666666667,
    "r@15": 1.0,
    "ndcg@15": 0.26264953503719357
  },
  "retrieved": [
    6703,
    1175,
    10824,
    10755,
    1174,
    1188,
    10946,
    10892,
    1192,
    1189,
    1179,
    10597,
    10649,
    1177,
    6677
  ],
  "ground_truth": [
    10649
  ]
}