{
  "qid": 159643,
  "query": "Mất bao nhiêu năm để học xong khóa đào tạo nghề công chứng?",
  "metrics": {
    "mrr": 0.3333333333333333,
    "map": 0.3333333333333333,
    "p@1": 0.0,
    "r@1": 0.0,
    "ndcg@1": 0.0,
    "p@5": 0.2,
    "r@5": 1.0,
    "ndcg@5": 0.5,
    "p@10": 0.1,
    "r@10": 1.0,
    "ndcg@10": 0.5
  },
  "retrieved": [
    1607,
    1615,
    1614,
    9842,
    1617,
    698,
    5832,
    1613,
    4113,
    8933
  ]
}