{
  "qid": 159882,
  "query": "Những ai được nhận bảo hiểm xã hội một lần? Mức hưởng bảo hiểm xã hội một lần là bao nhiêu?",
  "metrics": {
    "mrr": 0.5,
    "map": 0.5,
    "p@1": 0.0,
    "r@1": 0.0,
    "ndcg@1": 0.0,
    "p@5": 0.2,
    "r@5": 1.0,
    "ndcg@5": 0.6309297535714575,
    "p@10": 0.1,
    "r@10": 1.0,
    "ndcg@10": 0.6309297535714575,
    "p@15": 0.06666666666666667,
    "r@15": 1.0,
    "ndcg@15": 0.6309297535714575
  },
  "retrieved": [
    797,
    14094,
    11858,
    11859,
    11870,
    795,
    11844,
    14105,
    14097,
    8438,
    14110,
    14101,
    11871,
    11861,
    796
  ],
  "ground_truth": [
    14094
  ]
}