{
  "qid": 159966,
  "query": "Những đối tượng nào được ưu tiên cộng điểm trong tuyển dụng công chức vị trí chuyên viên Quản lý Tài chính?",
  "metrics": {
    "mrr": 0.1111111111111111,
    "map": 0.1111111111111111,
    "p@1": 0.0,
    "r@1": 0.0,
    "ndcg@1": 0.0,
    "p@5": 0.0,
    "r@5": 0.0,
    "ndcg@5": 0.0,
    "p@10": 0.1,
    "r@10": 1.0,
    "ndcg@10": 0.3010299956639812
  },
  "retrieved": [
    14223,
    2363,
    14225,
    9988,
    12319,
    2025,
    12448,
    2636,
    14213,
    2379
  ]
}