{
  "qid": 160197,
  "query": "Tổ chức nhập khẩu thiết bị hạt nhân không đúng số lượng ghi trong giấy phép thì bị phạt bao nhiêu tiền?",
  "metrics": {
    "mrr": 0.16666666666666666,
    "map": 0.08333333333333333,
    "p@1": 0.0,
    "r@1": 0.0,
    "ndcg@1": 0.0,
    "p@5": 0.0,
    "r@5": 0.0,
    "ndcg@5": 0.0,
    "p@10": 0.1,
    "r@10": 0.5,
    "ndcg@10": 0.21840743681816419
  },
  "retrieved": [
    12024,
    12053,
    1770,
    6935,
    12055,
    12036,
    6934,
    1780,
    6937,
    1771
  ]
}