{
  "qid": 160445,
  "query": "Thiết kế, xây dựng kho nhiên liệu hàng không cần đáp ứng các yêu cầu kỹ thuật thế nào?",
  "metrics": {
    "mrr": 0.08333333333333333,
    "map": 0.08333333333333333,
    "p@1": 0.0,
    "r@1": 0.0,
    "ndcg@1": 0.0,
    "p@5": 0.0,
    "r@5": 0.0,
    "ndcg@5": 0.0,
    "p@10": 0.0,
    "r@10": 0.0,
    "ndcg@10": 0.0,
    "p@15": 0.06666666666666667,
    "r@15": 1.0,
    "ndcg@15": 0.27023815442731974
  },
  "retrieved": [
    4331,
    4342,
    4333,
    4350,
    4352,
    4332,
    4363,
    4370,
    4351,
    4345,
    4355,
    4340,
    4358,
    4368,
    4353
  ],
  "ground_truth": [
    4340
  ]
}