{
  "qid": 160522,
  "query": "Thu tín hiệu truyền hình không thuộc dịch vụ phát thanh, truyền hình như thế nào?",
  "metrics": {
    "mrr": 0.2,
    "map": 0.2,
    "p@1": 0.0,
    "r@1": 0.0,
    "ndcg@1": 0.0,
    "p@5": 0.2,
    "r@5": 1.0,
    "ndcg@5": 0.38685280723454163,
    "p@10": 0.1,
    "r@10": 1.0,
    "ndcg@10": 0.38685280723454163,
    "p@15": 0.06666666666666667,
    "r@15": 1.0,
    "ndcg@15": 0.38685280723454163
  },
  "retrieved": [
    6369,
    6393,
    6368,
    6371,
    6394,
    6376,
    6386,
    6370,
    6373,
    14917,
    6391,
    14918,
    6366,
    6390,
    6375
  ],
  "ground_truth": [
    6394
  ]
}