{
  "qid": 160637,
  "query": "Trang trí lễ đài và túc trực bên linh cữu trong Lễ tang cấp cấp Nhà nước đối với Thượng tướng hoạt động cách mạng trước tháng 8 năm 1945 được quy định như thế nào?",
  "metrics": {
    "mrr": 0.5,
    "map": 0.5,
    "p@1": 0.0,
    "r@1": 0.0,
    "ndcg@1": 0.0,
    "p@5": 0.2,
    "r@5": 1.0,
    "ndcg@5": 0.6309297535714575,
    "p@10": 0.1,
    "r@10": 1.0,
    "ndcg@10": 0.6309297535714575
  },
  "retrieved": [
    11761,
    11776,
    11789,
    11766,
    11765,
    11770,
    11783,
    13649,
    11756,
    11796
  ]
}