{
  "qid": 160843,
  "query": "Nhà sản xuất trong nước đề nghị rà soát cuối kỳ rút Hồ sơ yêu cầu rà soát thì biện pháp chống trợ cấp có được chấm dứt?",
  "metrics": {
    "mrr": 0.2,
    "map": 0.2,
    "p@1": 0.0,
    "r@1": 0.0,
    "ndcg@1": 0.0,
    "p@5": 0.2,
    "r@5": 1.0,
    "ndcg@5": 0.38685280723454163,
    "p@10": 0.1,
    "r@10": 1.0,
    "ndcg@10": 0.38685280723454163,
    "p@15": 0.06666666666666667,
    "r@15": 1.0,
    "ndcg@15": 0.38685280723454163
  },
  "retrieved": [
    12906,
    5305,
    12909,
    12905,
    12911,
    12908,
    12907,
    12910,
    12914,
    5306,
    12917,
    12902,
    12903,
    12912,
    12891
  ],
  "ground_truth": [
    12911
  ]
}