{
  "qid": 161073,
  "query": "Trách nhiệm của cơ quan đề xuất trong việc thực hiện điều ước quốc tế được quy định ra sao?",
  "metrics": {
    "mrr": 0.14285714285714285,
    "map": 0.14285714285714285,
    "p@1": 0.0,
    "r@1": 0.0,
    "ndcg@1": 0.0,
    "p@5": 0.0,
    "r@5": 0.0,
    "ndcg@5": 0.0,
    "p@10": 0.1,
    "r@10": 1.0,
    "ndcg@10": 0.3333333333333333,
    "p@15": 0.06666666666666667,
    "r@15": 1.0,
    "ndcg@15": 0.3333333333333333
  },
  "retrieved": [
    12233,
    12183,
    12176,
    12175,
    12229,
    12174,
    12236,
    12173,
    12163,
    12170,
    12178,
    12217,
    12238,
    12172,
    12228
  ],
  "ground_truth": [
    12236
  ]
}