{
  "qid": 161273,
  "query": "Công chức lần đầu làm sai lệch tài liệu chứa bí mật nhà nước mà chưa gây hậu quả nghiêm trọng sẽ bị xử lý kỷ luật bằng hình thức nào?",
  "metrics": {
    "mrr": 0.25,
    "map": 0.25,
    "p@1": 0.0,
    "r@1": 0.0,
    "ndcg@1": 0.0,
    "p@5": 0.2,
    "r@5": 1.0,
    "ndcg@5": 0.43067655807339306,
    "p@10": 0.1,
    "r@10": 1.0,
    "ndcg@10": 0.43067655807339306
  },
  "retrieved": [
    13749,
    13753,
    13764,
    13748,
    13742,
    13779,
    13746,
    13778,
    9390,
    9385
  ]
}