{
  "qid": 161432,
  "query": "Ủy ban nhân dân cấp xã phối hợp với đơn vị thực hiện cắm mốc giới đồ án quy hoạch chung xây dựng xã căn cứ vào đâu?",
  "metrics": {
    "mrr": 0.07692307692307693,
    "map": 0.07692307692307693,
    "p@1": 0.0,
    "r@1": 0.0,
    "ndcg@1": 0.0,
    "p@5": 0.0,
    "r@5": 0.0,
    "ndcg@5": 0.0,
    "p@10": 0.0,
    "r@10": 0.0,
    "ndcg@10": 0.0,
    "p@15": 0.06666666666666667,
    "r@15": 1.0,
    "ndcg@15": 0.26264953503719357
  },
  "retrieved": [
    12676,
    12671,
    12670,
    12674,
    12681,
    12677,
    12682,
    12668,
    12672,
    12683,
    12689,
    2420,
    12685,
    12688,
    12675
  ],
  "ground_truth": [
    12685
  ]
}