{
  "qid": 161592,
  "query": "Ai có quyền quyết định thành lập Hội đồng xét tặng chuyên ngành Giải thưởng Bông lúa vàng Việt Nam?",
  "metrics": {
    "mrr": 0.3333333333333333,
    "map": 0.3333333333333333,
    "p@1": 0.0,
    "r@1": 0.0,
    "ndcg@1": 0.0,
    "p@5": 0.2,
    "r@5": 1.0,
    "ndcg@5": 0.5,
    "p@10": 0.1,
    "r@10": 1.0,
    "ndcg@10": 0.5,
    "p@15": 0.06666666666666667,
    "r@15": 1.0,
    "ndcg@15": 0.5
  },
  "retrieved": [
    6198,
    6203,
    6205,
    6206,
    6200,
    6201,
    6211,
    8738,
    14833,
    6207,
    6204,
    6209,
    6660,
    981,
    4280
  ],
  "ground_truth": [
    6205
  ]
}