{
  "qid": 161855,
  "query": "Thời hạn áp dụng biện pháp điều tra tố tụng đặc biệt",
  "metrics": {
    "mrr": 0.5,
    "map": 0.5,
    "p@1": 0.0,
    "r@1": 0.0,
    "ndcg@1": 0.0,
    "p@5": 0.2,
    "r@5": 1.0,
    "ndcg@5": 0.6309297535714575,
    "p@10": 0.1,
    "r@10": 1.0,
    "ndcg@10": 0.6309297535714575,
    "p@15": 0.06666666666666667,
    "r@15": 1.0,
    "ndcg@15": 0.6309297535714575
  },
  "retrieved": [
    10705,
    10703,
    10702,
    10976,
    10700,
    10704,
    12929,
    5293,
    10651,
    10609,
    10643,
    5296,
    10616,
    12850,
    10718
  ],
  "ground_truth": [
    10703
  ]
}