{
  "qid": 161877,
  "query": "Cách tính người thuộc tỷ lệ được nâng bậc lương và số lần được nâng bậc lương trước thời hạn?",
  "metrics": {
    "mrr": 0.5,
    "map": 0.5,
    "p@1": 0.0,
    "r@1": 0.0,
    "ndcg@1": 0.0,
    "p@5": 0.2,
    "r@5": 1.0,
    "ndcg@5": 0.6309297535714575,
    "p@10": 0.1,
    "r@10": 1.0,
    "ndcg@10": 0.6309297535714575
  },
  "retrieved": [
    7559,
    8171,
    8172,
    14491,
    8170,
    7554,
    7564,
    3868,
    7561,
    7557
  ]
}