{
  "qid": 161835,
  "query": "Việc xem tài sản đấu giá được quy định như thế nào?",
  "metrics": {
    "mrr": 0.08333333333333333,
    "map": 0.08333333333333333,
    "p@1": 0.0,
    "r@1": 0.0,
    "ndcg@1": 0.0,
    "p@5": 0.0,
    "r@5": 0.0,
    "ndcg@5": 0.0,
    "p@10": 0.0,
    "r@10": 0.0,
    "ndcg@10": 0.0,
    "p@15": 0.06666666666666667,
    "r@15": 1.0,
    "ndcg@15": 0.27023815442731974
  },
  "retrieved": [
    720,
    743,
    734,
    724,
    711,
    732,
    740,
    688,
    753,
    767,
    759,
    723,
    747,
    735,
    765
  ],
  "ground_truth": [
    723
  ]
}