{
  "qid": 161953,
  "query": "Vắng mặt Kiểm sát viên thì có được phép hoãn phiên tòa xét xử vụ án hình sự hay không?",
  "metrics": {
    "mrr": 0.5,
    "map": 0.5,
    "p@1": 0.0,
    "r@1": 0.0,
    "ndcg@1": 0.0,
    "p@5": 0.2,
    "r@5": 1.0,
    "ndcg@5": 0.6309297535714575,
    "p@10": 0.1,
    "r@10": 1.0,
    "ndcg@10": 0.6309297535714575,
    "p@15": 0.06666666666666667,
    "r@15": 1.0,
    "ndcg@15": 0.6309297535714575
  },
  "retrieved": [
    10774,
    10766,
    10829,
    10770,
    10782,
    10791,
    10764,
    10778,
    10803,
    10528,
    10523,
    10773,
    10863,
    10756,
    2523
  ],
  "ground_truth": [
    10766
  ]
}