{
  "qid": 16197,
  "query": "Báo cáo kết quả thanh tra giáo dục đối với Sở Giáo dục và Đào tạo được thực hiện khi nào?",
  "metrics": {
    "mrr": 0.09090909090909091,
    "map": 0.09090909090909091,
    "p@1": 0.0,
    "r@1": 0.0,
    "ndcg@1": 0.0,
    "p@5": 0.0,
    "r@5": 0.0,
    "ndcg@5": 0.0,
    "p@10": 0.0,
    "r@10": 0.0,
    "ndcg@10": 0.0,
    "p@15": 0.06666666666666667,
    "r@15": 1.0,
    "ndcg@15": 0.27894294565112987
  },
  "retrieved": [
    5979,
    7042,
    5980,
    4862,
    4981,
    4982,
    3444,
    7032,
    12509,
    12510,
    7025,
    13060,
    7040,
    13376,
    13391
  ],
  "ground_truth": [
    7025
  ]
}