{
  "qid": 162059,
  "query": "Danh mục giá thị trường hàng hóa được quy định như thế nào?",
  "metrics": {
    "mrr": 0.2,
    "map": 0.2,
    "p@1": 0.0,
    "r@1": 0.0,
    "ndcg@1": 0.0,
    "p@5": 0.2,
    "r@5": 1.0,
    "ndcg@5": 0.38685280723454163,
    "p@10": 0.1,
    "r@10": 1.0,
    "ndcg@10": 0.38685280723454163
  },
  "retrieved": [
    14372,
    14373,
    14376,
    14379,
    14377,
    8326,
    13101,
    8325,
    12863,
    8324
  ]
}