{
  "qid": 162196,
  "query": "Hệ số lương được tính đối với Cảng vụ viên hàng hải hạng 3 là bao nhiêu?",
  "metrics": {
    "mrr": 0.2,
    "map": 0.2,
    "p@1": 0.0,
    "r@1": 0.0,
    "ndcg@1": 0.0,
    "p@5": 0.2,
    "r@5": 1.0,
    "ndcg@5": 0.38685280723454163,
    "p@10": 0.1,
    "r@10": 1.0,
    "ndcg@10": 0.38685280723454163
  },
  "retrieved": [
    7679,
    13087,
    8617,
    6460,
    1536,
    13088,
    7562,
    8612,
    8457,
    7726
  ]
}