{
  "qid": 162202,
  "query": "Chi phí tổ chức mua lại công cụ nợ được quy định thế nào?",
  "metrics": {
    "mrr": 0.09090909090909091,
    "map": 0.09090909090909091,
    "p@1": 0.0,
    "r@1": 0.0,
    "ndcg@1": 0.0,
    "p@5": 0.0,
    "r@5": 0.0,
    "ndcg@5": 0.0,
    "p@10": 0.0,
    "r@10": 0.0,
    "ndcg@10": 0.0,
    "p@15": 0.06666666666666667,
    "r@15": 1.0,
    "ndcg@15": 0.27894294565112987
  },
  "retrieved": [
    13435,
    13433,
    13434,
    13449,
    13457,
    13440,
    13429,
    13428,
    13432,
    13454,
    13450,
    13456,
    13459,
    13461,
    9547
  ],
  "ground_truth": [
    13450
  ]
}