{
  "qid": 162309,
  "query": "Những trường hợp nào không được bao thanh toán?",
  "metrics": {
    "mrr": 0.25,
    "map": 0.25,
    "p@1": 0.0,
    "r@1": 0.0,
    "ndcg@1": 0.0,
    "p@5": 0.2,
    "r@5": 1.0,
    "ndcg@5": 0.43067655807339306,
    "p@10": 0.1,
    "r@10": 1.0,
    "ndcg@10": 0.43067655807339306,
    "p@15": 0.06666666666666667,
    "r@15": 1.0,
    "ndcg@15": 0.43067655807339306
  },
  "retrieved": [
    2436,
    2450,
    2442,
    2437,
    2433,
    2443,
    2444,
    2440,
    2446,
    2438,
    2439,
    2445,
    2448,
    2434,
    2447
  ],
  "ground_truth": [
    2437
  ]
}