{
  "qid": 162461,
  "query": "Thời gian chốt số liệu, thông tin báo cáo định kỳ trong công tác dân tộc được tính vào thời gian nào?",
  "metrics": {
    "mrr": 0.5,
    "map": 0.5,
    "p@1": 0.0,
    "r@1": 0.0,
    "ndcg@1": 0.0,
    "p@5": 0.2,
    "r@5": 1.0,
    "ndcg@5": 0.6309297535714575,
    "p@10": 0.1,
    "r@10": 1.0,
    "ndcg@10": 0.6309297535714575,
    "p@15": 0.06666666666666667,
    "r@15": 1.0,
    "ndcg@15": 0.6309297535714575
  },
  "retrieved": [
    10116,
    1307,
    3613,
    1304,
    1303,
    1316,
    10112,
    10154,
    4761,
    4760,
    4759,
    4758,
    10111,
    1314,
    4762
  ],
  "ground_truth": [
    1307
  ]
}