{
  "qid": 162567,
  "query": "Khi kiểm sát việc tuân theo pháp luật trong giai đoạn xét xử sơ thẩm vụ án hình sự Kiểm sát viên đề nghị hoãn phiên tòa trong những trường hợp nào?",
  "metrics": {
    "mrr": 0.3333333333333333,
    "map": 0.3333333333333333,
    "p@1": 0.0,
    "r@1": 0.0,
    "ndcg@1": 0.0,
    "p@5": 0.2,
    "r@5": 1.0,
    "ndcg@5": 0.5,
    "p@10": 0.1,
    "r@10": 1.0,
    "ndcg@10": 0.5
  },
  "retrieved": [
    10766,
    10774,
    10829,
    10931,
    10523,
    10930,
    10791,
    10528,
    10764,
    10756
  ]
}