{
  "qid": 162943,
  "query": "Điều kiện rút bảo hiểm xã hội một lần?",
  "metrics": {
    "mrr": 0.2,
    "map": 0.2,
    "p@1": 0.0,
    "r@1": 0.0,
    "ndcg@1": 0.0,
    "p@5": 0.2,
    "r@5": 1.0,
    "ndcg@5": 0.38685280723454163,
    "p@10": 0.1,
    "r@10": 1.0,
    "ndcg@10": 0.38685280723454163,
    "p@15": 0.06666666666666667,
    "r@15": 1.0,
    "ndcg@15": 0.38685280723454163
  },
  "retrieved": [
    11870,
    11859,
    797,
    14105,
    14094,
    8438,
    11858,
    14097,
    8420,
    8427,
    14101,
    8442,
    8419,
    795,
    8429
  ],
  "ground_truth": [
    14094,
    14094
  ]
}