{
  "qid": 163012,
  "query": "Nguyên tắc xét tặng Giải thưởng Bông lúa vàng Việt Nam cho các tác giả ngành Nông nghiệp và Phát triển nông thôn là gì?",
  "metrics": {
    "mrr": 0.3333333333333333,
    "map": 0.3333333333333333,
    "p@1": 0.0,
    "r@1": 0.0,
    "ndcg@1": 0.0,
    "p@5": 0.2,
    "r@5": 1.0,
    "ndcg@5": 0.5,
    "p@10": 0.1,
    "r@10": 1.0,
    "ndcg@10": 0.5
  },
  "retrieved": [
    6198,
    8738,
    6200,
    6201,
    6202,
    8516,
    9879,
    6206,
    6211,
    6203
  ]
}