{
  "qid": 163014,
  "query": "Giải thưởng Bông lúa vàng Việt Nam được tổ chức trao tặng vào thời gian nào?",
  "metrics": {
    "mrr": 0.5,
    "map": 0.25,
    "p@1": 0.0,
    "r@1": 0.0,
    "ndcg@1": 0.0,
    "p@5": 0.2,
    "r@5": 0.5,
    "ndcg@5": 0.38685280723454163,
    "p@10": 0.1,
    "r@10": 0.5,
    "ndcg@10": 0.38685280723454163,
    "p@15": 0.06666666666666667,
    "r@15": 0.5,
    "ndcg@15": 0.38685280723454163
  },
  "retrieved": [
    6198,
    6208,
    6201,
    6675,
    7864,
    6212,
    4284,
    6287,
    8738,
    3491,
    4280,
    2101,
    6877,
    1157,
    6211
  ],
  "ground_truth": [
    6208,
    6209
  ]
}