{
  "qid": 163122,
  "query": "Trong hồ sơ thiết kế kiến trúc bản vẽ thi công gồm những bản vẽ nào?",
  "metrics": {
    "mrr": 0.1,
    "map": 0.1,
    "p@1": 0.0,
    "r@1": 0.0,
    "ndcg@1": 0.0,
    "p@5": 0.0,
    "r@5": 0.0,
    "ndcg@5": 0.0,
    "p@10": 0.1,
    "r@10": 1.0,
    "ndcg@10": 0.2890648263178879,
    "p@15": 0.06666666666666667,
    "r@15": 1.0,
    "ndcg@15": 0.2890648263178879
  },
  "retrieved": [
    3804,
    3805,
    3806,
    3809,
    3807,
    3803,
    3810,
    457,
    3813,
    3808,
    11733,
    9209,
    456,
    3811,
    6886
  ],
  "ground_truth": [
    3808
  ]
}