{
  "qid": 163236,
  "query": "Thời điểm có hiệu lực thi hành quyết định kỷ luật và thời gian thi hành kỷ luật được quy định trong quyết định kỷ luật công chức như thế nào?",
  "metrics": {
    "mrr": 0.3333333333333333,
    "map": 0.3333333333333333,
    "p@1": 0.0,
    "r@1": 0.0,
    "ndcg@1": 0.0,
    "p@5": 0.2,
    "r@5": 1.0,
    "ndcg@5": 0.5,
    "p@10": 0.1,
    "r@10": 1.0,
    "ndcg@10": 0.5
  },
  "retrieved": [
    13764,
    13779,
    13770,
    13761,
    1747,
    13778,
    13782,
    13742,
    13744,
    13765
  ]
}