{
  "qid": 163235,
  "query": "Trình tự ra quyết định kỷ luật công chức thực hiện như thế nào?",
  "metrics": {
    "mrr": 0.08333333333333333,
    "map": 0.08333333333333333,
    "p@1": 0.0,
    "r@1": 0.0,
    "ndcg@1": 0.0,
    "p@5": 0.0,
    "r@5": 0.0,
    "ndcg@5": 0.0,
    "p@10": 0.0,
    "r@10": 0.0,
    "ndcg@10": 0.0,
    "p@15": 0.06666666666666667,
    "r@15": 1.0,
    "ndcg@15": 0.27023815442731974
  },
  "retrieved": [
    13764,
    13779,
    1747,
    13765,
    13761,
    13782,
    13778,
    13745,
    13744,
    13742,
    13741,
    13770,
    13771,
    13755,
    8226
  ],
  "ground_truth": [
    13770
  ]
}