{
  "qid": 163364,
  "query": "Ai là người có thẩm quyền phân công Cán bộ điều tra giải quyết nguồn tin về tội phạm?",
  "metrics": {
    "mrr": 0.08333333333333333,
    "map": 0.08333333333333333,
    "p@1": 0.0,
    "r@1": 0.0,
    "ndcg@1": 0.0,
    "p@5": 0.0,
    "r@5": 0.0,
    "ndcg@5": 0.0,
    "p@10": 0.0,
    "r@10": 0.0,
    "ndcg@10": 0.0,
    "p@15": 0.06666666666666667,
    "r@15": 1.0,
    "ndcg@15": 0.27023815442731974
  },
  "retrieved": [
    10637,
    10640,
    998,
    995,
    10628,
    10515,
    10651,
    10627,
    994,
    10517,
    10516,
    10513,
    10519,
    991,
    996
  ],
  "ground_truth": [
    10513
  ]
}