{
  "qid": 163478,
  "query": "Cá nhân thi sát hạch để được cấp chứng chỉ hành nghề hoạt động đấu thầu thì phải đăng ký thi ở đâu?",
  "metrics": {
    "mrr": 0.3333333333333333,
    "map": 0.3333333333333333,
    "p@1": 0.0,
    "r@1": 0.0,
    "ndcg@1": 0.0,
    "p@5": 0.2,
    "r@5": 1.0,
    "ndcg@5": 0.5,
    "p@10": 0.1,
    "r@10": 1.0,
    "ndcg@10": 0.5
  },
  "retrieved": [
    4506,
    4515,
    4514,
    4505,
    4503,
    4517,
    4516,
    8786,
    4512,
    4502
  ]
}