{
  "qid": 163533,
  "query": "Để được xét tặng danh hiệu Chiến sĩ thi đua ngành Tư pháp cá nhân cần có điều kiện gì?",
  "metrics": {
    "mrr": 0.5,
    "map": 0.5,
    "p@1": 0.0,
    "r@1": 0.0,
    "ndcg@1": 0.0,
    "p@5": 0.2,
    "r@5": 1.0,
    "ndcg@5": 0.6309297535714575,
    "p@10": 0.1,
    "r@10": 1.0,
    "ndcg@10": 0.6309297535714575,
    "p@15": 0.06666666666666667,
    "r@15": 1.0,
    "ndcg@15": 0.6309297535714575
  },
  "retrieved": [
    7688,
    5589,
    8748,
    1145,
    5588,
    1144,
    10027,
    8844,
    8845,
    7852,
    5604,
    6300,
    10026,
    6290,
    6286
  ],
  "ground_truth": [
    5589
  ]
}