{
  "qid": 163532,
  "query": "Cá nhân mới vào làm việc dưới 10 tháng có được xét tặng danh hiệu Lao động tiên tiến ngành Tư pháp không?",
  "metrics": {
    "mrr": 0.5,
    "map": 0.5,
    "p@1": 0.0,
    "r@1": 0.0,
    "ndcg@1": 0.0,
    "p@5": 0.2,
    "r@5": 1.0,
    "ndcg@5": 0.6309297535714575,
    "p@10": 0.1,
    "r@10": 1.0,
    "ndcg@10": 0.6309297535714575
  },
  "retrieved": [
    1330,
    1142,
    1359,
    7852,
    5588,
    5604,
    2087,
    6286,
    3477,
    1335
  ]
}