{
  "qid": 163513,
  "query": "Để được cấp Giấy chứng nhận khả năng chuyên môn sỹ quan máy tàu biển Việt Nam có tổng công suất máy chính dưới 750 kW cần đáp ứng điều kiện gì?",
  "metrics": {
    "mrr": 0.5,
    "map": 0.5,
    "p@1": 0.0,
    "r@1": 0.0,
    "ndcg@1": 0.0,
    "p@5": 0.2,
    "r@5": 1.0,
    "ndcg@5": 0.6309297535714575,
    "p@10": 0.1,
    "r@10": 1.0,
    "ndcg@10": 0.6309297535714575,
    "p@15": 0.06666666666666667,
    "r@15": 1.0,
    "ndcg@15": 0.6309297535714575
  },
  "retrieved": [
    3744,
    3745,
    3740,
    8063,
    8062,
    8064,
    3768,
    11201,
    3719,
    3756,
    7662,
    7661,
    7676,
    3734,
    11208
  ],
  "ground_truth": [
    3745,
    3745
  ]
}