{
  "qid": 163642,
  "query": "Người làm công việc giám sát môi trường nhà máy Alumin được hưởng chế độ ốm đau trong trường hợp nào?",
  "metrics": {
    "mrr": 0.14285714285714285,
    "map": 0.14285714285714285,
    "p@1": 0.0,
    "r@1": 0.0,
    "ndcg@1": 0.0,
    "p@5": 0.0,
    "r@5": 0.0,
    "ndcg@5": 0.0,
    "p@10": 0.1,
    "r@10": 1.0,
    "ndcg@10": 0.3333333333333333
  },
  "retrieved": [
    14108,
    11847,
    1684,
    11846,
    11848,
    11329,
    11845,
    11840,
    9359,
    9358
  ]
}