{
  "qid": 163769,
  "query": "Con thương binh khi thi tuyển viên chức làm trong trạm y tế xã sẽ được hưởng bao nhiêu điểm ưu tiên?",
  "metrics": {
    "mrr": 0.5,
    "map": 0.5,
    "p@1": 0.0,
    "r@1": 0.0,
    "ndcg@1": 0.0,
    "p@5": 0.2,
    "r@5": 1.0,
    "ndcg@5": 0.6309297535714575,
    "p@10": 0.1,
    "r@10": 1.0,
    "ndcg@10": 0.6309297535714575
  },
  "retrieved": [
    14473,
    14213,
    14475,
    5163,
    12387,
    14474,
    2362,
    7164,
    10415,
    7171
  ]
}