{
  "qid": 163828,
  "query": "Tiêu chuẩn để trở thành đấu giá viên được pháp luật quy định như thế nào?",
  "metrics": {
    "mrr": 0.25,
    "map": 0.25,
    "p@1": 0.0,
    "r@1": 0.0,
    "ndcg@1": 0.0,
    "p@5": 0.2,
    "r@5": 1.0,
    "ndcg@5": 0.43067655807339306,
    "p@10": 0.1,
    "r@10": 1.0,
    "ndcg@10": 0.43067655807339306
  },
  "retrieved": [
    708,
    6575,
    705,
    697,
    12432,
    7958,
    13059,
    729,
    707,
    6577
  ]
}