{
  "qid": 163829,
  "query": "Đào tạo nghề đấu giá và những trường hợp được miễn đào tạo nghề đấu giá",
  "metrics": {
    "mrr": 1.0,
    "map": 0.5,
    "p@1": 1.0,
    "r@1": 0.5,
    "ndcg@1": 1.0,
    "p@5": 0.2,
    "r@5": 0.5,
    "ndcg@5": 0.6131471927654584,
    "p@10": 0.1,
    "r@10": 0.5,
    "ndcg@10": 0.6131471927654584,
    "p@15": 0.06666666666666667,
    "r@15": 0.5,
    "ndcg@15": 0.6131471927654584
  },
  "retrieved": [
    698,
    6564,
    6566,
    727,
    764,
    731,
    697,
    721,
    732,
    720,
    726,
    740,
    693,
    759,
    739
  ],
  "ground_truth": [
    698,
    700
  ]
}