{
  "qid": 163827,
  "query": "Việc phòng chống mua bán người cần được hợp tác quốc tế như thế nào để giải cứu và hồi hương nạn nhân?",
  "metrics": {
    "mrr": 0.125,
    "map": 0.125,
    "p@1": 0.0,
    "r@1": 0.0,
    "ndcg@1": 0.0,
    "p@5": 0.0,
    "r@5": 0.0,
    "ndcg@5": 0.0,
    "p@10": 0.1,
    "r@10": 1.0,
    "ndcg@10": 0.31546487678572877,
    "p@15": 0.06666666666666667,
    "r@15": 1.0,
    "ndcg@15": 0.31546487678572877
  },
  "retrieved": [
    447,
    448,
    9338,
    441,
    444,
    9344,
    446,
    449,
    9320,
    445,
    530,
    9340,
    529,
    9346,
    9333
  ],
  "ground_truth": [
    449
  ]
}