{
  "qid": 164123,
  "query": "Có các hình thức cách ly nào đối với người mắc bệnh truyền nhiễm nhóm B phải cách ly y tế?",
  "metrics": {
    "mrr": 0.3333333333333333,
    "map": 0.3333333333333333,
    "p@1": 0.0,
    "r@1": 0.0,
    "ndcg@1": 0.0,
    "p@5": 0.2,
    "r@5": 1.0,
    "ndcg@5": 0.5,
    "p@10": 0.1,
    "r@10": 1.0,
    "ndcg@10": 0.5
  },
  "retrieved": [
    14552,
    10425,
    10413,
    10423,
    10426,
    14551,
    10416,
    10415,
    10424,
    10417
  ]
}