{
  "qid": 164295,
  "query": "Hồ sơ khai báo nhập khẩu hàng hóa áp dụng biện pháp phòng vệ thương mại được giải quyết theo trình tự thủ tục nào?",
  "metrics": {
    "mrr": 0.16666666666666666,
    "map": 0.16666666666666666,
    "p@1": 0.0,
    "r@1": 0.0,
    "ndcg@1": 0.0,
    "p@5": 0.0,
    "r@5": 0.0,
    "ndcg@5": 0.0,
    "p@10": 0.1,
    "r@10": 1.0,
    "ndcg@10": 0.3562071871080222,
    "p@15": 0.06666666666666667,
    "r@15": 1.0,
    "ndcg@15": 0.3562071871080222
  },
  "retrieved": [
    12920,
    12919,
    12848,
    5290,
    12926,
    12855,
    12921,
    5296,
    5295,
    12923,
    12930,
    12928,
    5291,
    12927,
    12918
  ],
  "ground_truth": [
    12855
  ]
}