{
  "qid": 164266,
  "query": "Nhận tặng cho quyền sử dụng đất do Nhà nước giao đất theo chính sách hỗ trợ mà không đủ điều kiện thì bị xử phạt vi phạm hành chính như thế nào?",
  "metrics": {
    "mrr": 0.16666666666666666,
    "map": 0.16666666666666666,
    "p@1": 0.0,
    "r@1": 0.0,
    "ndcg@1": 0.0,
    "p@5": 0.0,
    "r@5": 0.0,
    "ndcg@5": 0.0,
    "p@10": 0.1,
    "r@10": 1.0,
    "ndcg@10": 0.3562071871080222,
    "p@15": 0.06666666666666667,
    "r@15": 1.0,
    "ndcg@15": 0.3562071871080222
  },
  "retrieved": [
    11101,
    11099,
    11129,
    11105,
    11116,
    11117,
    14672,
    11109,
    1591,
    2454,
    11121,
    14671,
    1557,
    1590,
    14850
  ],
  "ground_truth": [
    11117
  ]
}