{
  "qid": 164343,
  "query": "Trình tự, thủ tục xử lý kỷ luật đối với viên chức được quy định như thế nào?",
  "metrics": {
    "mrr": 0.08333333333333333,
    "map": 0.08333333333333333,
    "p@1": 0.0,
    "r@1": 0.0,
    "ndcg@1": 0.0,
    "p@5": 0.0,
    "r@5": 0.0,
    "ndcg@5": 0.0,
    "p@10": 0.0,
    "r@10": 0.0,
    "ndcg@10": 0.0,
    "p@15": 0.06666666666666667,
    "r@15": 1.0,
    "ndcg@15": 0.27023815442731974
  },
  "retrieved": [
    13755,
    13771,
    13761,
    13778,
    7816,
    13782,
    7815,
    8226,
    13784,
    14268,
    13742,
    13765,
    13748,
    13744,
    7805
  ],
  "ground_truth": [
    13765
  ]
}