{
  "qid": 164750,
  "query": "Trách nhiệm của Ủy ban nhân dân cấp xã đối với trường hợp phải tạm đình chỉ hoặc đình chỉ hoạt động dịch vụ về đất đai ra sao?",
  "metrics": {
    "mrr": 0.3333333333333333,
    "map": 0.3333333333333333,
    "p@1": 0.0,
    "r@1": 0.0,
    "ndcg@1": 0.0,
    "p@5": 0.2,
    "r@5": 1.0,
    "ndcg@5": 0.5,
    "p@10": 0.1,
    "r@10": 1.0,
    "ndcg@10": 0.5,
    "p@15": 0.06666666666666667,
    "r@15": 1.0,
    "ndcg@15": 0.5
  },
  "retrieved": [
    3055,
    646,
    11131,
    10427,
    1735,
    10429,
    13781,
    3049,
    5399,
    10758,
    5051,
    7192,
    10911,
    9734,
    679
  ],
  "ground_truth": [
    11131
  ]
}