{
  "qid": 164815,
  "query": "Chế độ phụ cấp trách nhiệm khi kế toán được bổ nhiệm làm văn thư lưu trữ tại đơn vị sự nghiệp công lập như thế nào?",
  "metrics": {
    "mrr": 0.1111111111111111,
    "map": 0.1111111111111111,
    "p@1": 0.0,
    "r@1": 0.0,
    "ndcg@1": 0.0,
    "p@5": 0.0,
    "r@5": 0.0,
    "ndcg@5": 0.0,
    "p@10": 0.1,
    "r@10": 1.0,
    "ndcg@10": 0.3010299956639812
  },
  "retrieved": [
    14254,
    4388,
    4392,
    3153,
    4399,
    4393,
    2883,
    12080,
    4398,
    5027
  ]
}