{
  "qid": 165046,
  "query": "Có được rút bảo hiểm xã hội 1 lần ở công ty cũ khi đang đi làm ở công ty mới không?",
  "metrics": {
    "mrr": 0.2,
    "map": 0.2,
    "p@1": 0.0,
    "r@1": 0.0,
    "ndcg@1": 0.0,
    "p@5": 0.2,
    "r@5": 1.0,
    "ndcg@5": 0.38685280723454163,
    "p@10": 0.1,
    "r@10": 1.0,
    "ndcg@10": 0.38685280723454163,
    "p@15": 0.06666666666666667,
    "r@15": 1.0,
    "ndcg@15": 0.38685280723454163
  },
  "retrieved": [
    7360,
    11870,
    11859,
    797,
    14094,
    7346,
    14105,
    7389,
    7343,
    11858,
    8438,
    7380,
    7401,
    7371,
    7350
  ],
  "ground_truth": [
    14094
  ]
}