{
  "qid": 165185,
  "query": "Việc tiếp cận thông tin của công dân bị hạn chế trong trường hợp nào?",
  "metrics": {
    "mrr": 0.1,
    "map": 0.1,
    "p@1": 0.0,
    "r@1": 0.0,
    "ndcg@1": 0.0,
    "p@5": 0.0,
    "r@5": 0.0,
    "ndcg@5": 0.0,
    "p@10": 0.1,
    "r@10": 1.0,
    "ndcg@10": 0.2890648263178879,
    "p@15": 0.06666666666666667,
    "r@15": 1.0,
    "ndcg@15": 0.2890648263178879
  },
  "retrieved": [
    11686,
    11690,
    11693,
    11698,
    11695,
    11688,
    11718,
    11701,
    11697,
    11691,
    11716,
    11689,
    11699,
    635,
    11692
  ],
  "ground_truth": [
    11691
  ]
}