{
  "qid": 165121,
  "query": "Người nộp thuế nhà thầu nước ngoài, nhà thầu phụ nước ngoài phải đáp ứng các điều kiện gì?",
  "metrics": {
    "mrr": 0.1,
    "map": 0.1,
    "p@1": 0.0,
    "r@1": 0.0,
    "ndcg@1": 0.0,
    "p@5": 0.0,
    "r@5": 0.0,
    "ndcg@5": 0.0,
    "p@10": 0.1,
    "r@10": 1.0,
    "ndcg@10": 0.2890648263178879,
    "p@15": 0.06666666666666667,
    "r@15": 1.0,
    "ndcg@15": 0.2890648263178879
  },
  "retrieved": [
    11479,
    11476,
    11473,
    11480,
    11482,
    8595,
    11471,
    11481,
    11945,
    11472,
    9713,
    11947,
    13329,
    13328,
    11069
  ],
  "ground_truth": [
    11472
  ]
}