{
  "qid": 165369,
  "query": "Công chức cấp Trung ương được cử biệt phái có còn thuộc biên chế của cơ quan cử biệt phái không?",
  "metrics": {
    "mrr": 0.5,
    "map": 0.5,
    "p@1": 0.0,
    "r@1": 0.0,
    "ndcg@1": 0.0,
    "p@5": 0.2,
    "r@5": 1.0,
    "ndcg@5": 0.6309297535714575,
    "p@10": 0.1,
    "r@10": 1.0,
    "ndcg@10": 0.6309297535714575,
    "p@15": 0.06666666666666667,
    "r@15": 1.0,
    "ndcg@15": 0.6309297535714575
  },
  "retrieved": [
    662,
    14234,
    682,
    8079,
    3507,
    13764,
    677,
    13931,
    9988,
    1034,
    3102,
    7808,
    13768,
    8075,
    675
  ],
  "ground_truth": [
    14234
  ]
}