{
  "qid": 165506,
  "query": "Sau khi tuyên án Tòa án cấp phúc thẩm án hình sự phải gửi bản án phúc thẩm đến những ai theo quy định?",
  "metrics": {
    "mrr": 0.25,
    "map": 0.25,
    "p@1": 0.0,
    "r@1": 0.0,
    "ndcg@1": 0.0,
    "p@5": 0.2,
    "r@5": 1.0,
    "ndcg@5": 0.43067655807339306,
    "p@10": 0.1,
    "r@10": 1.0,
    "ndcg@10": 0.43067655807339306,
    "p@15": 0.06666666666666667,
    "r@15": 1.0,
    "ndcg@15": 0.43067655807339306
  },
  "retrieved": [
    10832,
    10821,
    10504,
    10739,
    3978,
    10822,
    10867,
    10823,
    10969,
    8977,
    290,
    10968,
    6090,
    8905,
    3991
  ],
  "ground_truth": [
    10739
  ]
}