{
  "qid": 165660,
  "query": "Nhà xuất bản thực hiện xuất bản điện tử không có tên miền Internet Việt Nam thì bị xử phạt thế nào?",
  "metrics": {
    "mrr": 0.14285714285714285,
    "map": 0.14285714285714285,
    "p@1": 0.0,
    "r@1": 0.0,
    "ndcg@1": 0.0,
    "p@5": 0.0,
    "r@5": 0.0,
    "ndcg@5": 0.0,
    "p@10": 0.1,
    "r@10": 1.0,
    "ndcg@10": 0.3333333333333333,
    "p@15": 0.06666666666666667,
    "r@15": 1.0,
    "ndcg@15": 0.3333333333333333
  },
  "retrieved": [
    1460,
    1459,
    1475,
    5172,
    1463,
    14923,
    14932,
    10221,
    14903,
    1461,
    1458,
    1474,
    11467,
    9918,
    1452
  ],
  "ground_truth": [
    14932
  ]
}