{
  "qid": 165888,
  "query": "Quốc hội có thẩm quyền phê chuẩn những điều ước quốc tế nào?",
  "metrics": {
    "mrr": 0.5,
    "map": 0.5,
    "p@1": 0.0,
    "r@1": 0.0,
    "ndcg@1": 0.0,
    "p@5": 0.2,
    "r@5": 1.0,
    "ndcg@5": 0.6309297535714575,
    "p@10": 0.1,
    "r@10": 1.0,
    "ndcg@10": 0.6309297535714575,
    "p@15": 0.06666666666666667,
    "r@15": 1.0,
    "ndcg@15": 0.6309297535714575
  },
  "retrieved": [
    12193,
    12161,
    12185,
    12187,
    12221,
    12189,
    12190,
    12188,
    12171,
    12194,
    12181,
    12163,
    12201,
    12159,
    12164
  ],
  "ground_truth": [
    12161
  ]
}