{
  "qid": 166125,
  "query": "Hệ thống quản lý chất lượng xét nghiệm của cơ sở khám chữa bệnh được thực hiện theo quy định thế nào?",
  "metrics": {
    "mrr": 0.125,
    "map": 0.125,
    "p@1": 0.0,
    "r@1": 0.0,
    "ndcg@1": 0.0,
    "p@5": 0.0,
    "r@5": 0.0,
    "ndcg@5": 0.0,
    "p@10": 0.1,
    "r@10": 1.0,
    "ndcg@10": 0.31546487678572877,
    "p@15": 0.06666666666666667,
    "r@15": 1.0,
    "ndcg@15": 0.31546487678572877
  },
  "retrieved": [
    269,
    263,
    270,
    266,
    267,
    271,
    264,
    265,
    2762,
    11506,
    11511,
    11509,
    268,
    2755,
    12376
  ],
  "ground_truth": [
    265
  ]
}