{
  "qid": 166156,
  "query": "Việc giải quyết tố giác về tội phạm được quy định như thế nào?",
  "metrics": {
    "mrr": 0.5,
    "map": 0.5,
    "p@1": 0.0,
    "r@1": 0.0,
    "ndcg@1": 0.0,
    "p@5": 0.2,
    "r@5": 1.0,
    "ndcg@5": 0.6309297535714575,
    "p@10": 0.1,
    "r@10": 1.0,
    "ndcg@10": 0.6309297535714575,
    "p@15": 0.06666666666666667,
    "r@15": 1.0,
    "ndcg@15": 0.6309297535714575
  },
  "retrieved": [
    10573,
    995,
    10622,
    1000,
    990,
    991,
    10533,
    994,
    10626,
    989,
    10621,
    10623,
    998,
    987,
    993
  ],
  "ground_truth": [
    995
  ]
}