{
  "qid": 166129,
  "query": "Chức danh nghề nghiệp khuyến nông viên được áp dụng hệ số lương nào?",
  "metrics": {
    "mrr": 0.3333333333333333,
    "map": 0.3333333333333333,
    "p@1": 0.0,
    "r@1": 0.0,
    "ndcg@1": 0.0,
    "p@5": 0.2,
    "r@5": 1.0,
    "ndcg@5": 0.5,
    "p@10": 0.1,
    "r@10": 1.0,
    "ndcg@10": 0.5
  },
  "retrieved": [
    8457,
    7562,
    1536,
    6460,
    7561,
    14237,
    14235,
    7726,
    7563,
    8612
  ]
}