{
  "qid": 166291,
  "query": "Tạm giữ có thể áp dụng đối với người phạm tội đầu thú không?",
  "metrics": {
    "mrr": 0.5,
    "map": 0.5,
    "p@1": 0.0,
    "r@1": 0.0,
    "ndcg@1": 0.0,
    "p@5": 0.2,
    "r@5": 1.0,
    "ndcg@5": 0.6309297535714575,
    "p@10": 0.1,
    "r@10": 1.0,
    "ndcg@10": 0.6309297535714575,
    "p@15": 0.06666666666666667,
    "r@15": 1.0,
    "ndcg@15": 0.6309297535714575
  },
  "retrieved": [
    10629,
    10594,
    10572,
    10536,
    10595,
    10497,
    6703,
    10597,
    1177,
    1192,
    10946,
    1189,
    1188,
    1185,
    10596
  ],
  "ground_truth": [
    10594
  ]
}