{
  "qid": 166294,
  "query": "Viên chức giữ chức danh nghề nghiệp diễn viên hạng II có mức lương là bao nhiêu?",
  "metrics": {
    "mrr": 0.2,
    "map": 0.2,
    "p@1": 0.0,
    "r@1": 0.0,
    "ndcg@1": 0.0,
    "p@5": 0.2,
    "r@5": 1.0,
    "ndcg@5": 0.38685280723454163,
    "p@10": 0.1,
    "r@10": 1.0,
    "ndcg@10": 0.38685280723454163,
    "p@15": 0.06666666666666667,
    "r@15": 1.0,
    "ndcg@15": 0.38685280723454163
  },
  "retrieved": [
    14235,
    13119,
    14270,
    14239,
    1536,
    8457,
    6924,
    12588,
    14209,
    12599,
    14236,
    6460,
    14271,
    3875,
    8612
  ],
  "ground_truth": [
    1536
  ]
}