{
  "qid": 166444,
  "query": "Người được hưởng án treo đã được cơ quan có thẩm quyền lập hồ sơ đề nghị rút ngắn thời gian thử thách nhưng không được Tòa án chấp nhận thì giải quyết thế nào?",
  "metrics": {
    "mrr": 0.5,
    "map": 0.5,
    "p@1": 0.0,
    "r@1": 0.0,
    "ndcg@1": 0.0,
    "p@5": 0.2,
    "r@5": 1.0,
    "ndcg@5": 0.6309297535714575,
    "p@10": 0.1,
    "r@10": 1.0,
    "ndcg@10": 0.6309297535714575,
    "p@15": 0.06666666666666667,
    "r@15": 1.0,
    "ndcg@15": 0.6309297535714575
  },
  "retrieved": [
    8153,
    8151,
    8152,
    8154,
    4443,
    8148,
    8149,
    4442,
    4441,
    1521,
    4445,
    1483,
    10924,
    5512,
    5511
  ],
  "ground_truth": [
    8151
  ]
}