{
  "qid": 166522,
  "query": "Người nhập cảnh vào Việt Nam có hành lý gửi trước hoặc sau chuyến đi có phải khai hải quan không?",
  "metrics": {
    "mrr": 0.09090909090909091,
    "map": 0.09090909090909091,
    "p@1": 0.0,
    "r@1": 0.0,
    "ndcg@1": 0.0,
    "p@5": 0.0,
    "r@5": 0.0,
    "ndcg@5": 0.0,
    "p@10": 0.0,
    "r@10": 0.0,
    "ndcg@10": 0.0,
    "p@15": 0.06666666666666667,
    "r@15": 1.0,
    "ndcg@15": 0.27894294565112987
  },
  "retrieved": [
    8367,
    8366,
    8365,
    8353,
    8333,
    8370,
    8332,
    8384,
    8361,
    8310,
    8312,
    8334,
    8413,
    8322,
    8321
  ],
  "ground_truth": [
    8312
  ]
}