{
  "qid": 167091,
  "query": "Quy định về tổ chức xét thăng hạng chức danh nghề nghiệp đối với viên chức ngành y tế?",
  "metrics": {
    "mrr": 0.5,
    "map": 0.5,
    "p@1": 0.0,
    "r@1": 0.0,
    "ndcg@1": 0.0,
    "p@5": 0.2,
    "r@5": 1.0,
    "ndcg@5": 0.6309297535714575,
    "p@10": 0.1,
    "r@10": 1.0,
    "ndcg@10": 0.6309297535714575,
    "p@15": 0.06666666666666667,
    "r@15": 1.0,
    "ndcg@15": 0.6309297535714575
  },
  "retrieved": [
    6925,
    14244,
    3878,
    6926,
    14241,
    6923,
    6924,
    3872,
    8733,
    14242,
    8737,
    14248,
    14238,
    14236,
    14240
  ],
  "ground_truth": [
    14244
  ]
}