{
  "qid": 167460,
  "query": "Trình tự khiếu nại quyết định xử lý vi phạm hành chính được quy định như thế nào?",
  "metrics": {
    "mrr": 0.25,
    "map": 0.25,
    "p@1": 0.0,
    "r@1": 0.0,
    "ndcg@1": 0.0,
    "p@5": 0.2,
    "r@5": 1.0,
    "ndcg@5": 0.43067655807339306,
    "p@10": 0.1,
    "r@10": 1.0,
    "ndcg@10": 0.43067655807339306,
    "p@15": 0.06666666666666667,
    "r@15": 1.0,
    "ndcg@15": 0.43067655807339306
  },
  "retrieved": [
    1711,
    1740,
    6557,
    1707,
    1499,
    1713,
    1714,
    1731,
    1493,
    1701,
    1742,
    1718,
    1754,
    1712,
    1501
  ],
  "ground_truth": [
    1707
  ]
}