{
  "qid": 167414,
  "query": "Mỗi người hướng dẫn tập luyện môn Fitness được hướng dẫn tối đa bao nhiêu người trong một buổi tập?",
  "metrics": {
    "mrr": 0.2,
    "map": 0.2,
    "p@1": 0.0,
    "r@1": 0.0,
    "ndcg@1": 0.0,
    "p@5": 0.2,
    "r@5": 1.0,
    "ndcg@5": 0.38685280723454163,
    "p@10": 0.1,
    "r@10": 1.0,
    "ndcg@10": 0.38685280723454163
  },
  "retrieved": [
    8781,
    4411,
    7748,
    12982,
    5628,
    8779,
    1289,
    7745,
    10053,
    4414
  ]
}