{
  "qid": 167586,
  "query": "Nguồn kinh phí thực hiện các chế độ đối với thành viên cơ quan Việt Nam ở nước ngoài được quy định thế nào?",
  "metrics": {
    "mrr": 0.5,
    "map": 0.5,
    "p@1": 0.0,
    "r@1": 0.0,
    "ndcg@1": 0.0,
    "p@5": 0.2,
    "r@5": 1.0,
    "ndcg@5": 0.6309297535714575,
    "p@10": 0.1,
    "r@10": 1.0,
    "ndcg@10": 0.6309297535714575,
    "p@15": 0.06666666666666667,
    "r@15": 1.0,
    "ndcg@15": 0.6309297535714575
  },
  "retrieved": [
    8790,
    8801,
    7891,
    7897,
    7899,
    7900,
    8791,
    8789,
    14504,
    8800,
    7898,
    14509,
    14502,
    11334,
    14505
  ],
  "ground_truth": [
    8801
  ]
}