{
  "qid": 16776,
  "query": "Người phiên dịch trong hành nghề dược cần đáp ứng những điều kiện gì?",
  "metrics": {
    "mrr": 0.14285714285714285,
    "map": 0.14285714285714285,
    "p@1": 0.0,
    "r@1": 0.0,
    "ndcg@1": 0.0,
    "p@5": 0.0,
    "r@5": 0.0,
    "ndcg@5": 0.0,
    "p@10": 0.1,
    "r@10": 1.0,
    "ndcg@10": 0.3333333333333333
  },
  "retrieved": [
    7753,
    14593,
    7779,
    7751,
    7761,
    7758,
    7754,
    7752,
    9116,
    7756
  ]
}