{
  "qid": 168337,
  "query": "Lời khai của người làm chứng được quy định như thế nào?",
  "metrics": {
    "mrr": 0.16666666666666666,
    "map": 0.16666666666666666,
    "p@1": 0.0,
    "r@1": 0.0,
    "ndcg@1": 0.0,
    "p@5": 0.0,
    "r@5": 0.0,
    "ndcg@5": 0.0,
    "p@10": 0.1,
    "r@10": 1.0,
    "ndcg@10": 0.3562071871080222,
    "p@15": 0.06666666666666667,
    "r@15": 1.0,
    "ndcg@15": 0.3562071871080222
  },
  "retrieved": [
    10663,
    10664,
    10781,
    10662,
    10788,
    10568,
    10770,
    7963,
    10543,
    8332,
    6705,
    10910,
    10893,
    10964,
    10665
  ],
  "ground_truth": [
    10568
  ]
}