{
  "qid": 16843,
  "query": "Văn bản đến của Bộ Giáo dục và Đào tạo được đăng ký tại Văn thư cơ quan khi nào?",
  "metrics": {
    "mrr": 0.25,
    "map": 0.25,
    "p@1": 0.0,
    "r@1": 0.0,
    "ndcg@1": 0.0,
    "p@5": 0.2,
    "r@5": 1.0,
    "ndcg@5": 0.43067655807339306,
    "p@10": 0.1,
    "r@10": 1.0,
    "ndcg@10": 0.43067655807339306,
    "p@15": 0.06666666666666667,
    "r@15": 1.0,
    "ndcg@15": 0.43067655807339306
  },
  "retrieved": [
    1258,
    7053,
    7057,
    7054,
    1261,
    10981,
    13060,
    7056,
    7059,
    4603,
    14381,
    9834,
    5978,
    11222,
    7055
  ],
  "ground_truth": [
    7054
  ]
}