{
  "qid": 168938,
  "query": "Trường hợp nào Kiểm tra viên phải từ chối tiến hành tố tụng hoặc bị thay đổi?",
  "metrics": {
    "mrr": 1.0,
    "map": 0.5,
    "p@1": 1.0,
    "r@1": 0.5,
    "ndcg@1": 1.0,
    "p@5": 0.2,
    "r@5": 0.5,
    "ndcg@5": 0.6131471927654584,
    "p@10": 0.1,
    "r@10": 0.5,
    "ndcg@10": 0.6131471927654584,
    "p@15": 0.06666666666666667,
    "r@15": 0.5,
    "ndcg@15": 0.6131471927654584
  },
  "retrieved": [
    10526,
    6695,
    6693,
    10520,
    10511,
    10556,
    6698,
    10616,
    6701,
    10498,
    10615,
    10494,
    10609,
    10794,
    10510
  ],
  "ground_truth": [
    10528,
    10526
  ]
}