{
  "qid": 169195,
  "query": "Nguyên tắc khen thưởng được quy định như thế nào?",
  "metrics": {
    "mrr": 0.3333333333333333,
    "map": 0.3333333333333333,
    "p@1": 0.0,
    "r@1": 0.0,
    "ndcg@1": 0.0,
    "p@5": 0.2,
    "r@5": 1.0,
    "ndcg@5": 0.5,
    "p@10": 0.1,
    "r@10": 1.0,
    "ndcg@10": 0.5
  },
  "retrieved": [
    10032,
    1319,
    7682,
    10015,
    5585,
    10038,
    2090,
    1134,
    1376,
    3489
  ]
}