{
  "qid": 16968,
  "query": "Thẩm quyền của thanh tra chuyên ngành đất đai trong việc xử phạt vi phạm hành chính ra sao?",
  "metrics": {
    "mrr": 0.125,
    "map": 0.125,
    "p@1": 0.0,
    "r@1": 0.0,
    "ndcg@1": 0.0,
    "p@5": 0.0,
    "r@5": 0.0,
    "ndcg@5": 0.0,
    "p@10": 0.1,
    "r@10": 1.0,
    "ndcg@10": 0.31546487678572877,
    "p@15": 0.06666666666666667,
    "r@15": 1.0,
    "ndcg@15": 0.31546487678572877
  },
  "retrieved": [
    11132,
    11131,
    12063,
    14850,
    11129,
    7307,
    10936,
    11127,
    13396,
    7032,
    14204,
    10376,
    11467,
    11130,
    7304
  ],
  "ground_truth": [
    11127
  ]
}