{
  "qid": 171240,
  "query": "Doanh nghiệp có vốn đầu tư nước ngoài kinh doanh dịch vụ lữ hành nội địa có các quyền và nghĩa vụ nào?",
  "metrics": {
    "mrr": 0.08333333333333333,
    "map": 0.08333333333333333,
    "p@1": 0.0,
    "r@1": 0.0,
    "ndcg@1": 0.0,
    "p@5": 0.0,
    "r@5": 0.0,
    "ndcg@5": 0.0,
    "p@10": 0.0,
    "r@10": 0.0,
    "ndcg@10": 0.0,
    "p@15": 0.06666666666666667,
    "r@15": 1.0,
    "ndcg@15": 0.27023815442731974
  },
  "retrieved": [
    9781,
    9773,
    9774,
    6612,
    9779,
    9775,
    9778,
    9777,
    9783,
    9787,
    6822,
    9780,
    2306,
    6820,
    9782
  ],
  "ground_truth": [
    9780
  ]
}