{
  "qid": 17182,
  "query": "Điều tra viên được phân công phân công tiến hành hoạt động điều tra vụ án hình sự có những nhiệm vụ, quyền hạn nào?",
  "metrics": {
    "mrr": 0.09090909090909091,
    "map": 0.09090909090909091,
    "p@1": 0.0,
    "r@1": 0.0,
    "ndcg@1": 0.0,
    "p@5": 0.0,
    "r@5": 0.0,
    "ndcg@5": 0.0,
    "p@10": 0.0,
    "r@10": 0.0,
    "ndcg@10": 0.0,
    "p@15": 0.06666666666666667,
    "r@15": 1.0,
    "ndcg@15": 0.27894294565112987
  },
  "retrieved": [
    10515,
    10641,
    10643,
    10638,
    10646,
    10513,
    10517,
    10523,
    10522,
    10645,
    10514,
    10633,
    10630,
    10642,
    10507
  ],
  "ground_truth": [
    10514
  ]
}