{
  "qid": 17305,
  "query": "Cơ sở vật chất, trang thiết bị thi đấu môn Bóng bàn được chuẩn bị như thế nào?",
  "metrics": {
    "mrr": 0.5,
    "map": 0.5,
    "p@1": 0.0,
    "r@1": 0.0,
    "ndcg@1": 0.0,
    "p@5": 0.2,
    "r@5": 1.0,
    "ndcg@5": 0.6309297535714575,
    "p@10": 0.1,
    "r@10": 1.0,
    "ndcg@10": 0.6309297535714575,
    "p@15": 0.06666666666666667,
    "r@15": 1.0,
    "ndcg@15": 0.6309297535714575
  },
  "retrieved": [
    7746,
    5627,
    4411,
    8780,
    12983,
    5626,
    6616,
    4413,
    10054,
    13602,
    9261,
    7747,
    4412,
    14474,
    586
  ],
  "ground_truth": [
    5627
  ]
}