{
  "qid": 173462,
  "query": "Hồ sơ đề nghị cấp Giấy chứng nhận đăng ký cảng hàng không, sân bay gồm những gì?",
  "metrics": {
    "mrr": 0.5,
    "map": 0.5,
    "p@1": 0.0,
    "r@1": 0.0,
    "ndcg@1": 0.0,
    "p@5": 0.2,
    "r@5": 1.0,
    "ndcg@5": 0.6309297535714575,
    "p@10": 0.1,
    "r@10": 1.0,
    "ndcg@10": 0.6309297535714575
  },
  "retrieved": [
    5924,
    5923,
    5910,
    5872,
    5915,
    5912,
    5911,
    5879,
    5926,
    5914
  ]
}