{
  "qid": 173511,
  "query": "Ai có thẩm quyền khởi tố vụ án hình sự theo quy định hiện nay?",
  "metrics": {
    "mrr": 0.2,
    "map": 0.2,
    "p@1": 0.0,
    "r@1": 0.0,
    "ndcg@1": 0.0,
    "p@5": 0.2,
    "r@5": 1.0,
    "ndcg@5": 0.38685280723454163,
    "p@10": 0.1,
    "r@10": 1.0,
    "ndcg@10": 0.38685280723454163,
    "p@15": 0.06666666666666667,
    "r@15": 1.0,
    "ndcg@15": 0.38685280723454163
  },
  "retrieved": [
    10635,
    10638,
    10631,
    10633,
    10630,
    3569,
    10900,
    12730,
    10632,
    10507,
    3571,
    10634,
    10641,
    10628,
    10495
  ],
  "ground_truth": [
    10630
  ]
}