{
  "qid": 173742,
  "query": "Văn bản thỏa thuận lập vi bằng bao gồm những nội dung gì?",
  "metrics": {
    "mrr": 1.0,
    "map": 0.625,
    "p@1": 1.0,
    "r@1": 0.5,
    "ndcg@1": 1.0,
    "p@5": 0.2,
    "r@5": 0.5,
    "ndcg@5": 0.6131471927654584,
    "p@10": 0.2,
    "r@10": 1.0,
    "ndcg@10": 0.8065735963827293
  },
  "retrieved": [
    8964,
    8966,
    5868,
    2035,
    8990,
    7053,
    8998,
    8965,
    1251,
    7057
  ]
}