{
  "qid": 17420,
  "query": "Trung tâm sát hạch lái xe vận hành hệ thống thông tin giấy phép lái xe như thế nào?",
  "metrics": {
    "mrr": 0.1111111111111111,
    "map": 0.1111111111111111,
    "p@1": 0.0,
    "r@1": 0.0,
    "ndcg@1": 0.0,
    "p@5": 0.0,
    "r@5": 0.0,
    "ndcg@5": 0.0,
    "p@10": 0.1,
    "r@10": 1.0,
    "ndcg@10": 0.3010299956639812,
    "p@15": 0.06666666666666667,
    "r@15": 1.0,
    "ndcg@15": 0.3010299956639812
  },
  "retrieved": [
    7113,
    7111,
    10335,
    7114,
    7122,
    7118,
    7126,
    7116,
    7120,
    7124,
    7121,
    7125,
    7115,
    7112,
    7127
  ],
  "ground_truth": [
    7120
  ]
}