{
  "qid": 175092,
  "query": "Giấy chứng nhận đăng ký hoạt động tại cơ sở tư vấn về phòng chống bạo lực gia đình được cấp trong bao lâu?",
  "metrics": {
    "mrr": 0.5,
    "map": 0.5,
    "p@1": 0.0,
    "r@1": 0.0,
    "ndcg@1": 0.0,
    "p@5": 0.2,
    "r@5": 1.0,
    "ndcg@5": 0.6309297535714575,
    "p@10": 0.1,
    "r@10": 1.0,
    "ndcg@10": 0.6309297535714575
  },
  "retrieved": [
    8044,
    8042,
    1694,
    1689,
    8043,
    1691,
    8046,
    1687,
    1692,
    1693
  ]
}