{
  "qid": 1753,
  "query": "Cơ quan nào giải quyết tố cáo đối với hành vi vi phạm pháp luật về quản lý nhà nước trong lĩnh vực tư pháp của Tòa án nhân dân?",
  "metrics": {
    "mrr": 0.5,
    "map": 0.5,
    "p@1": 0.0,
    "r@1": 0.0,
    "ndcg@1": 0.0,
    "p@5": 0.2,
    "r@5": 1.0,
    "ndcg@5": 0.6309297535714575,
    "p@10": 0.1,
    "r@10": 1.0,
    "ndcg@10": 0.6309297535714575,
    "p@15": 0.06666666666666667,
    "r@15": 1.0,
    "ndcg@15": 0.6309297535714575
  },
  "retrieved": [
    1520,
    1521,
    1522,
    1485,
    1516,
    1523,
    3177,
    1503,
    6166,
    12536,
    12542,
    1525,
    1483,
    1524,
    12546
  ],
  "ground_truth": [
    1521
  ]
}