{
  "qid": 175511,
  "query": "Kỳ phiếu là gì?",
  "metrics": {
    "mrr": 0.5,
    "map": 0.5,
    "p@1": 0.0,
    "r@1": 0.0,
    "ndcg@1": 0.0,
    "p@5": 0.2,
    "r@5": 1.0,
    "ndcg@5": 0.6309297535714575,
    "p@10": 0.1,
    "r@10": 1.0,
    "ndcg@10": 0.6309297535714575,
    "p@15": 0.06666666666666667,
    "r@15": 1.0,
    "ndcg@15": 0.6309297535714575
  },
  "retrieved": [
    1655,
    1649,
    1645,
    1646,
    4017,
    1654,
    1664,
    1648,
    7878,
    7884,
    3371
  ],
  "ground_truth": [
    1649
  ]
}