{
  "qid": 175740,
  "query": "Điều kiện thành lập tổ chức khoa học và công nghệ được quy định như thế nào?",
  "metrics": {
    "mrr": 0.25,
    "map": 0.25,
    "p@1": 0.0,
    "r@1": 0.0,
    "ndcg@1": 0.0,
    "p@5": 0.2,
    "r@5": 1.0,
    "ndcg@5": 0.43067655807339306,
    "p@10": 0.1,
    "r@10": 1.0,
    "ndcg@10": 0.43067655807339306
  },
  "retrieved": [
    8234,
    8235,
    8246,
    8232,
    8239,
    8242,
    8259,
    8233,
    8229,
    8236
  ]
}