{
  "qid": 1760,
  "query": "Tổ chức đối thoại trong quá trình giải quyết khiếu nại lần đầu được quy định như thế nào?",
  "metrics": {
    "mrr": 0.3333333333333333,
    "map": 0.3333333333333333,
    "p@1": 0.0,
    "r@1": 0.0,
    "ndcg@1": 0.0,
    "p@5": 0.2,
    "r@5": 1.0,
    "ndcg@5": 0.5,
    "p@10": 0.1,
    "r@10": 1.0,
    "ndcg@10": 0.5,
    "p@15": 0.06666666666666667,
    "r@15": 1.0,
    "ndcg@15": 0.5
  },
  "retrieved": [
    1753,
    1498,
    1730,
    1739,
    2243,
    1714,
    2210,
    1715,
    1755,
    2208,
    1732,
    1754,
    1731,
    1756,
    1733
  ],
  "ground_truth": [
    1730
  ]
}