{
  "qid": 17742,
  "query": "Công nhận \"Cơ quan đạt chuẩn văn hóa\" thuộc thẩm quyền của ai? Thời hạn là bao lâu?",
  "metrics": {
    "mrr": 0.25,
    "map": 0.25,
    "p@1": 0.0,
    "r@1": 0.0,
    "ndcg@1": 0.0,
    "p@5": 0.2,
    "r@5": 1.0,
    "ndcg@5": 0.43067655807339306,
    "p@10": 0.1,
    "r@10": 1.0,
    "ndcg@10": 0.43067655807339306,
    "p@15": 0.06666666666666667,
    "r@15": 1.0,
    "ndcg@15": 0.43067655807339306
  },
  "retrieved": [
    8279,
    8287,
    8285,
    8280,
    8283,
    1880,
    14812,
    1879,
    8278,
    2611,
    13656,
    1051,
    14813,
    14831,
    1883
  ],
  "ground_truth": [
    8280
  ]
}