{
  "qid": 177521,
  "query": "Giám đốc thẩm là gì?",
  "metrics": {
    "mrr": 0.3333333333333333,
    "map": 0.3333333333333333,
    "p@1": 0.0,
    "r@1": 0.0,
    "ndcg@1": 0.0,
    "p@5": 0.2,
    "r@5": 1.0,
    "ndcg@5": 0.5,
    "p@10": 0.1,
    "r@10": 1.0,
    "ndcg@10": 0.5
  },
  "retrieved": [
    10871,
    10872,
    10847,
    10862,
    10860,
    10868,
    10854,
    10855,
    10850,
    10880
  ]
}