{
  "qid": 178597,
  "query": "Thời điểm có hiệu lực của đăng ký biện pháp bảo đảm khi thế chấp tàu biển?",
  "metrics": {
    "mrr": 0.16666666666666666,
    "map": 0.16666666666666666,
    "p@1": 0.0,
    "r@1": 0.0,
    "ndcg@1": 0.0,
    "p@5": 0.0,
    "r@5": 0.0,
    "ndcg@5": 0.0,
    "p@10": 0.1,
    "r@10": 1.0,
    "ndcg@10": 0.3562071871080222,
    "p@15": 0.06666666666666667,
    "r@15": 1.0,
    "ndcg@15": 0.3562071871080222
  },
  "retrieved": [
    11208,
    11201,
    1283,
    1285,
    11176,
    11175,
    1280,
    12660,
    12661,
    11236,
    1284,
    12665,
    7822,
    11173,
    12652
  ],
  "ground_truth": [
    11175
  ]
}