{
  "qid": 178671,
  "query": "Thành phần Hội đồng xét xử phúc thẩm vụ án hình sự bao gồm những ai?",
  "metrics": {
    "mrr": 0.14285714285714285,
    "map": 0.14285714285714285,
    "p@1": 0.0,
    "r@1": 0.0,
    "ndcg@1": 0.0,
    "p@5": 0.0,
    "r@5": 0.0,
    "ndcg@5": 0.0,
    "p@10": 0.1,
    "r@10": 1.0,
    "ndcg@10": 0.3333333333333333,
    "p@15": 0.06666666666666667,
    "r@15": 1.0,
    "ndcg@15": 0.3333333333333333
  },
  "retrieved": [
    10932,
    10523,
    10837,
    10930,
    10823,
    10832,
    10731,
    10873,
    10773,
    10836,
    10803,
    10737,
    10839,
    10507,
    10825
  ],
  "ground_truth": [
    10731
  ]
}