{
  "qid": 178936,
  "query": "Cơ sở vật chất và trang thiết bị thi đấu môn Thể dục thẩm mỹ tại Việt Nam như thế nào để đảm bảo yêu cầu hoạt động thi đấu?",
  "metrics": {
    "mrr": 0.3333333333333333,
    "map": 0.3333333333333333,
    "p@1": 0.0,
    "r@1": 0.0,
    "ndcg@1": 0.0,
    "p@5": 0.2,
    "r@5": 1.0,
    "ndcg@5": 0.5,
    "p@10": 0.1,
    "r@10": 1.0,
    "ndcg@10": 0.5
  },
  "retrieved": [
    7746,
    4411,
    8780,
    12983,
    6616,
    4412,
    4751,
    254,
    1291,
    1287
  ]
}