{
  "qid": 17972,
  "query": "Hồ sơ đề nghị không bổ nhiệm lại công chức Viện kiểm sát nhân dân bao gồm những giấy tờ gì?",
  "metrics": {
    "mrr": 0.07692307692307693,
    "map": 0.07692307692307693,
    "p@1": 0.0,
    "r@1": 0.0,
    "ndcg@1": 0.0,
    "p@5": 0.0,
    "r@5": 0.0,
    "ndcg@5": 0.0,
    "p@10": 0.0,
    "r@10": 0.0,
    "ndcg@10": 0.0,
    "p@15": 0.06666666666666667,
    "r@15": 1.0,
    "ndcg@15": 0.26264953503719357
  },
  "retrieved": [
    1318,
    13861,
    2316,
    8936,
    10818,
    4006,
    2335,
    8999,
    7808,
    5650,
    1609,
    2334,
    14260,
    7810,
    1350
  ],
  "ground_truth": [
    14260
  ]
}