{
  "qid": 18068,
  "query": "Thủ trưởng các đơn vị thuộc Bộ Ngoại giao có trách nhiệm gì trong việc triển khai tổ chức phong trào thi đua?",
  "metrics": {
    "mrr": 0.3333333333333333,
    "map": 0.3333333333333333,
    "p@1": 0.0,
    "r@1": 0.0,
    "ndcg@1": 0.0,
    "p@5": 0.2,
    "r@5": 1.0,
    "ndcg@5": 0.5,
    "p@10": 0.1,
    "r@10": 1.0,
    "ndcg@10": 0.5,
    "p@15": 0.06666666666666667,
    "r@15": 1.0,
    "ndcg@15": 0.5
  },
  "retrieved": [
    8744,
    8745,
    3475,
    8837,
    10020,
    2084,
    3502,
    3505,
    10018,
    5620,
    1328,
    1324,
    1322,
    1323,
    3474
  ],
  "ground_truth": [
    3475
  ]
}