{
  "qid": 18067,
  "query": "Cá nhân đăng ký thi đua thường xuyên thì phải gửi bản đăng ký thi đua cho cơ quan nào?",
  "metrics": {
    "mrr": 0.3333333333333333,
    "map": 0.3333333333333333,
    "p@1": 0.0,
    "r@1": 0.0,
    "ndcg@1": 0.0,
    "p@5": 0.2,
    "r@5": 1.0,
    "ndcg@5": 0.5,
    "p@10": 0.1,
    "r@10": 1.0,
    "ndcg@10": 0.5,
    "p@15": 0.06666666666666667,
    "r@15": 1.0,
    "ndcg@15": 0.5
  },
  "retrieved": [
    1139,
    8840,
    3474,
    5597,
    6294,
    7850,
    1136,
    1133,
    3472,
    10022,
    5587,
    1322,
    5620,
    5584,
    2085
  ],
  "ground_truth": [
    3474
  ]
}