{
  "qid": 18089,
  "query": "Tuyên truyền viên văn hóa chính được tính hệ số lương thế nào?",
  "metrics": {
    "mrr": 0.25,
    "map": 0.25,
    "p@1": 0.0,
    "r@1": 0.0,
    "ndcg@1": 0.0,
    "p@5": 0.2,
    "r@5": 1.0,
    "ndcg@5": 0.43067655807339306,
    "p@10": 0.1,
    "r@10": 1.0,
    "ndcg@10": 0.43067655807339306,
    "p@15": 0.06666666666666667,
    "r@15": 1.0,
    "ndcg@15": 0.43067655807339306
  },
  "retrieved": [
    7562,
    6460,
    7564,
    1536,
    7563,
    7561,
    8457,
    7559,
    7726,
    664,
    4527,
    3938,
    7554,
    8612,
    4526
  ],
  "ground_truth": [
    1536
  ]
}