{
  "qid": 18177,
  "query": "Người lao động bị đột quỵ thì có được rút bảo hiểm xã hội một lần luôn được không?",
  "metrics": {
    "mrr": 0.14285714285714285,
    "map": 0.14285714285714285,
    "p@1": 0.0,
    "r@1": 0.0,
    "ndcg@1": 0.0,
    "p@5": 0.0,
    "r@5": 0.0,
    "ndcg@5": 0.0,
    "p@10": 0.1,
    "r@10": 1.0,
    "ndcg@10": 0.3333333333333333,
    "p@15": 0.06666666666666667,
    "r@15": 1.0,
    "ndcg@15": 0.3333333333333333
  },
  "retrieved": [
    8438,
    14087,
    11859,
    11870,
    797,
    14101,
    14094,
    4180,
    8429,
    14105,
    8437,
    8442,
    8435,
    14104,
    11869
  ],
  "ground_truth": [
    14094
  ]
}