{
  "qid": 18215,
  "query": "Người nước ngoài làm việc tại Việt Nam được trao tặng Giải thưởng Bông lúa vàng Việt Nam sẽ nhận được những quyền lợi gì?",
  "metrics": {
    "mrr": 0.07142857142857142,
    "map": 0.07142857142857142,
    "p@1": 0.0,
    "r@1": 0.0,
    "ndcg@1": 0.0,
    "p@5": 0.0,
    "r@5": 0.0,
    "ndcg@5": 0.0,
    "p@10": 0.0,
    "r@10": 0.0,
    "ndcg@10": 0.0,
    "p@15": 0.06666666666666667,
    "r@15": 1.0,
    "ndcg@15": 0.2559580248098155
  },
  "retrieved": [
    6198,
    6208,
    6201,
    6675,
    7864,
    8738,
    3491,
    6287,
    6211,
    4284,
    975,
    4280,
    2101,
    6210,
    1157
  ],
  "ground_truth": [
    6210
  ]
}