{
  "qid": 18234,
  "query": "Lãnh sự danh dự nước Cộng hòa xã hội chủ nghĩa Việt Nam chịu sự quản lý và chỉ đạo trực tiếp bởi ai?",
  "metrics": {
    "mrr": 0.5,
    "map": 0.5,
    "p@1": 0.0,
    "r@1": 0.0,
    "ndcg@1": 0.0,
    "p@5": 0.2,
    "r@5": 1.0,
    "ndcg@5": 0.6309297535714575,
    "p@10": 0.1,
    "r@10": 1.0,
    "ndcg@10": 0.6309297535714575,
    "p@15": 0.06666666666666667,
    "r@15": 1.0,
    "ndcg@15": 0.6309297535714575
  },
  "retrieved": [
    1397,
    1401,
    1400,
    1415,
    1399,
    1413,
    1414,
    1410,
    1403,
    1417,
    1418,
    1406,
    1408,
    1412,
    1416
  ],
  "ground_truth": [
    1401
  ]
}