{
  "qid": 18680,
  "query": "Khi nào có thể nộp hồ sơ hưởng bảo hiểm xã hội một lần?",
  "metrics": {
    "mrr": 0.5,
    "map": 0.5,
    "p@1": 0.0,
    "r@1": 0.0,
    "ndcg@1": 0.0,
    "p@5": 0.2,
    "r@5": 1.0,
    "ndcg@5": 0.6309297535714575,
    "p@10": 0.1,
    "r@10": 1.0,
    "ndcg@10": 0.6309297535714575,
    "p@15": 0.06666666666666667,
    "r@15": 1.0,
    "ndcg@15": 0.6309297535714575
  },
  "retrieved": [
    797,
    14094,
    11858,
    8438,
    11859,
    8432,
    795,
    11844,
    11870,
    14110,
    8442,
    14097,
    14105,
    8425,
    11851
  ],
  "ground_truth": [
    14094
  ]
}