{
  "qid": 18701,
  "query": "Xây dựng, cập nhật, quản lý, khai thác và sử dụng Cơ sở dữ liệu quốc gia về khoa học và công nghệ đảm bảo thực hiện theo nguyên tắc gì?",
  "metrics": {
    "mrr": 0.5,
    "map": 0.5,
    "p@1": 0.0,
    "r@1": 0.0,
    "ndcg@1": 0.0,
    "p@5": 0.2,
    "r@5": 1.0,
    "ndcg@5": 0.6309297535714575,
    "p@10": 0.1,
    "r@10": 1.0,
    "ndcg@10": 0.6309297535714575,
    "p@15": 0.06666666666666667,
    "r@15": 1.0,
    "ndcg@15": 0.6309297535714575
  },
  "retrieved": [
    12799,
    12778,
    12803,
    12802,
    12801,
    12792,
    12800,
    12777,
    12791,
    12780,
    12805,
    12796,
    12774,
    8253,
    9882
  ],
  "ground_truth": [
    12778,
    12778
  ]
}