{
  "qid": 18797,
  "query": "Công chứng viên có thể tham gia bồi dưỡng nghiệp vụ hàng năm ở những đâu?",
  "metrics": {
    "mrr": 0.5,
    "map": 0.5,
    "p@1": 0.0,
    "r@1": 0.0,
    "ndcg@1": 0.0,
    "p@5": 0.2,
    "r@5": 1.0,
    "ndcg@5": 0.6309297535714575,
    "p@10": 0.1,
    "r@10": 1.0,
    "ndcg@10": 0.6309297535714575
  },
  "retrieved": [
    1622,
    1619,
    1620,
    1621,
    1637,
    1623,
    1610,
    1612,
    1608,
    2643
  ]
}