{
  "qid": 18824,
  "query": "Lễ viếng, Lễ truy điệu, Lễ đưa tang, Lễ hạ huyệt của Lễ tang cán bộ, công chức, viên chức được quy định như thế nào?",
  "metrics": {
    "mrr": 0.5,
    "map": 0.5,
    "p@1": 0.0,
    "r@1": 0.0,
    "ndcg@1": 0.0,
    "p@5": 0.2,
    "r@5": 1.0,
    "ndcg@5": 0.6309297535714575,
    "p@10": 0.1,
    "r@10": 1.0,
    "ndcg@10": 0.6309297535714575,
    "p@15": 0.06666666666666667,
    "r@15": 1.0,
    "ndcg@15": 0.6309297535714575
  },
  "retrieved": [
    11780,
    11803,
    11804,
    11792,
    11758,
    11779,
    11796,
    11765,
    11774,
    11757,
    11761,
    11794,
    11752,
    11776,
    11753
  ],
  "ground_truth": [
    11803
  ]
}