{
  "qid": 18822,
  "query": "Trang trí lễ đài đối với Lễ tang cán bộ, công chức, viên chức được thực hiện như thế nào?",
  "metrics": {
    "mrr": 0.3333333333333333,
    "map": 0.3333333333333333,
    "p@1": 0.0,
    "r@1": 0.0,
    "ndcg@1": 0.0,
    "p@5": 0.2,
    "r@5": 1.0,
    "ndcg@5": 0.5,
    "p@10": 0.1,
    "r@10": 1.0,
    "ndcg@10": 0.5,
    "p@15": 0.06666666666666667,
    "r@15": 1.0,
    "ndcg@15": 0.5
  },
  "retrieved": [
    11796,
    2911,
    11789,
    11020,
    2024,
    2922,
    2909,
    2912,
    11776,
    2926,
    11750,
    2915,
    2914,
    10988,
    13741
  ],
  "ground_truth": [
    11789
  ]
}