{
  "qid": 18841,
  "query": "Đoàn của viên chức được cử đi bồi dưỡng ở nước ngoài sau khi về nước phải gửi báo cáo trong thời gian bao lâu?",
  "metrics": {
    "mrr": 0.3333333333333333,
    "map": 0.3333333333333333,
    "p@1": 0.0,
    "r@1": 0.0,
    "ndcg@1": 0.0,
    "p@5": 0.2,
    "r@5": 1.0,
    "ndcg@5": 0.5,
    "p@10": 0.1,
    "r@10": 1.0,
    "ndcg@10": 0.5,
    "p@15": 0.06666666666666667,
    "r@15": 1.0,
    "ndcg@15": 0.5
  },
  "retrieved": [
    1040,
    1041,
    1043,
    11009,
    11008,
    11014,
    11017,
    1044,
    11019,
    11094,
    1042,
    11016,
    10980,
    4076,
    1049
  ],
  "ground_truth": [
    1043
  ]
}