{
  "qid": 18878,
  "query": "Chánh án Tòa án nhân dân tối cao tiến hành giải quyết các khiếu nại nào?",
  "metrics": {
    "mrr": 0.5,
    "map": 0.5,
    "p@1": 0.0,
    "r@1": 0.0,
    "ndcg@1": 0.0,
    "p@5": 0.2,
    "r@5": 1.0,
    "ndcg@5": 0.6309297535714575,
    "p@10": 0.1,
    "r@10": 1.0,
    "ndcg@10": 0.6309297535714575
  },
  "retrieved": [
    1527,
    1487,
    10881,
    1167,
    1488,
    10945,
    1165,
    194,
    10883,
    10887
  ]
}