{
  "qid": 18924,
  "query": "Tổng cục trưởng Tổng cục Tiêu chuẩn Đo lường Chất lượng do ai quyết định bổ nhiệm theo quy định?",
  "metrics": {
    "mrr": 0.5,
    "map": 0.5,
    "p@1": 0.0,
    "r@1": 0.0,
    "ndcg@1": 0.0,
    "p@5": 0.2,
    "r@5": 1.0,
    "ndcg@5": 0.6309297535714575,
    "p@10": 0.1,
    "r@10": 1.0,
    "ndcg@10": 0.6309297535714575,
    "p@15": 0.06666666666666667,
    "r@15": 1.0,
    "ndcg@15": 0.6309297535714575
  },
  "retrieved": [
    2339,
    8807,
    8804,
    8806,
    2354,
    2341,
    2342,
    9168,
    7082,
    2345,
    2346,
    13059,
    2344,
    552,
    9482
  ],
  "ground_truth": [
    8807
  ]
}