{
  "qid": 18982,
  "query": "Ngoại tệ là gì? Nguyên tắc tính trạng thái ngoại tệ được quy định như thế nào?",
  "metrics": {
    "mrr": 0.1111111111111111,
    "map": 0.1111111111111111,
    "p@1": 0.0,
    "r@1": 0.0,
    "ndcg@1": 0.0,
    "p@5": 0.0,
    "r@5": 0.0,
    "ndcg@5": 0.0,
    "p@10": 0.1,
    "r@10": 1.0,
    "ndcg@10": 0.3010299956639812,
    "p@15": 0.06666666666666667,
    "r@15": 1.0,
    "ndcg@15": 0.3010299956639812
  },
  "retrieved": [
    5807,
    12837,
    7108,
    3449,
    12838,
    12840,
    5808,
    9360,
    7107,
    12836,
    5790,
    12844,
    12845,
    9362,
    12834
  ],
  "ground_truth": [
    7107
  ]
}