{
  "qid": 19021,
  "query": "Viên chức giữ chức danh Kỹ thuật viên đường bộ hạng 4 được xếp lương như thế nào?",
  "metrics": {
    "mrr": 0.5,
    "map": 0.5,
    "p@1": 0.0,
    "r@1": 0.0,
    "ndcg@1": 0.0,
    "p@5": 0.2,
    "r@5": 1.0,
    "ndcg@5": 0.6309297535714575,
    "p@10": 0.1,
    "r@10": 1.0,
    "ndcg@10": 0.6309297535714575,
    "p@15": 0.06666666666666667,
    "r@15": 1.0,
    "ndcg@15": 0.6309297535714575
  },
  "retrieved": [
    8457,
    1536,
    6460,
    14270,
    7561,
    7726,
    8612,
    7787,
    14239,
    7562,
    7563,
    14235,
    7554,
    14249,
    14269
  ],
  "ground_truth": [
    1536
  ]
}