{
  "qid": 19167,
  "query": "Có thể lưu trữ cơ sở dữ liệu lý lịch tư pháp dưới hình thức dữ liệu điện tử không?",
  "metrics": {
    "mrr": 0.25,
    "map": 0.25,
    "p@1": 0.0,
    "r@1": 0.0,
    "ndcg@1": 0.0,
    "p@5": 0.2,
    "r@5": 1.0,
    "ndcg@5": 0.43067655807339306,
    "p@10": 0.1,
    "r@10": 1.0,
    "ndcg@10": 0.43067655807339306
  },
  "retrieved": [
    6105,
    6094,
    6107,
    13481,
    6095,
    13483,
    6116,
    6081,
    6086,
    6100
  ]
}