{
  "qid": 19186,
  "query": "Quyết định đình chỉ vụ án hình sự trong giai đoạn chuẩn bị xét xử phải ghi rõ những nội dung nào?",
  "metrics": {
    "mrr": 0.2,
    "map": 0.1,
    "p@1": 0.0,
    "r@1": 0.0,
    "ndcg@1": 0.0,
    "p@5": 0.2,
    "r@5": 0.5,
    "ndcg@5": 0.23719771276929622,
    "p@10": 0.1,
    "r@10": 0.5,
    "ndcg@10": 0.23719771276929622,
    "p@15": 0.06666666666666667,
    "r@15": 0.5,
    "ndcg@15": 0.23719771276929622
  },
  "retrieved": [
    10930,
    10760,
    10725,
    10807,
    10759,
    10932,
    10763,
    10523,
    10726,
    10754,
    10751,
    10873,
    10724,
    10635,
    10713
  ],
  "ground_truth": [
    10759,
    10609
  ]
}