{
  "qid": 19187,
  "query": "Tòa án nhân dân tỉnh có thẩm quyền xét xử sơ thẩm những vụ án nào?",
  "metrics": {
    "mrr": 0.2,
    "map": 0.2,
    "p@1": 0.0,
    "r@1": 0.0,
    "ndcg@1": 0.0,
    "p@5": 0.2,
    "r@5": 1.0,
    "ndcg@5": 0.38685280723454163,
    "p@10": 0.1,
    "r@10": 1.0,
    "ndcg@10": 0.38685280723454163,
    "p@15": 0.06666666666666667,
    "r@15": 1.0,
    "ndcg@15": 0.38685280723454163
  },
  "retrieved": [
    10837,
    10930,
    10750,
    10838,
    10745,
    10751,
    10807,
    10746,
    10932,
    10835,
    10523,
    10748,
    10823,
    208,
    10752
  ],
  "ground_truth": [
    10745
  ]
}