{
  "qid": 19457,
  "query": "Tiêu chí nào để công nhận người nước ngoài hành nghề khám chữa bệnh biết tiếng Việt thành thạo?",
  "metrics": {
    "mrr": 0.25,
    "map": 0.25,
    "p@1": 0.0,
    "r@1": 0.0,
    "ndcg@1": 0.0,
    "p@5": 0.2,
    "r@5": 1.0,
    "ndcg@5": 0.43067655807339306,
    "p@10": 0.1,
    "r@10": 1.0,
    "ndcg@10": 0.43067655807339306,
    "p@15": 0.06666666666666667,
    "r@15": 1.0,
    "ndcg@15": 0.43067655807339306
  },
  "retrieved": [
    7753,
    12367,
    7756,
    7754,
    12369,
    14701,
    7760,
    5379,
    2435,
    12354,
    12361,
    14579,
    11080,
    12362,
    12349
  ],
  "ground_truth": [
    7754
  ]
}