{
  "qid": 19458,
  "query": "Các cơ sở giáo dục nào có năng lực để kiểm tra và công nhận người nước ngoài biết tiếng Việt thành thạo?",
  "metrics": {
    "mrr": 0.5,
    "map": 0.5,
    "p@1": 0.0,
    "r@1": 0.0,
    "ndcg@1": 0.0,
    "p@5": 0.2,
    "r@5": 1.0,
    "ndcg@5": 0.6309297535714575,
    "p@10": 0.1,
    "r@10": 1.0,
    "ndcg@10": 0.6309297535714575,
    "p@15": 0.06666666666666667,
    "r@15": 1.0,
    "ndcg@15": 0.6309297535714575
  },
  "retrieved": [
    7756,
    12367,
    7760,
    14701,
    12369,
    5379,
    12368,
    2435,
    7757,
    7753,
    4550,
    4545,
    3921,
    7754,
    1443
  ],
  "ground_truth": [
    12367
  ]
}