{
  "qid": 19521,
  "query": "Các cơ sở di tích lịch sử có trách nhiệm như thế nào khi giảm giá cho người cao tuổi?",
  "metrics": {
    "mrr": 0.5,
    "map": 0.5,
    "p@1": 0.0,
    "r@1": 0.0,
    "ndcg@1": 0.0,
    "p@5": 0.2,
    "r@5": 1.0,
    "ndcg@5": 0.6309297535714575,
    "p@10": 0.1,
    "r@10": 1.0,
    "ndcg@10": 0.6309297535714575,
    "p@15": 0.06666666666666667,
    "r@15": 1.0,
    "ndcg@15": 0.6309297535714575
  },
  "retrieved": [
    6040,
    6042,
    6041,
    9207,
    9202,
    6039,
    6043,
    9203,
    6037,
    11576,
    9213,
    9208,
    9210,
    4945,
    6048
  ],
  "ground_truth": [
    6042
  ]
}