{
  "qid": 1964,
  "query": "Có được cộng điểm thi công chức khi hoàn thành nghĩa vụ quân sự không?",
  "metrics": {
    "mrr": 0.14285714285714285,
    "map": 0.14285714285714285,
    "p@1": 0.0,
    "r@1": 0.0,
    "ndcg@1": 0.0,
    "p@5": 0.0,
    "r@5": 0.0,
    "ndcg@5": 0.0,
    "p@10": 0.1,
    "r@10": 1.0,
    "ndcg@10": 0.3333333333333333,
    "p@15": 0.06666666666666667,
    "r@15": 1.0,
    "ndcg@15": 0.3333333333333333
  },
  "retrieved": [
    3915,
    9282,
    9285,
    13208,
    11920,
    7328,
    14213,
    8307,
    9621,
    8222,
    13211,
    10035,
    9284,
    14257,
    1343
  ],
  "ground_truth": [
    14213
  ]
}