{
  "qid": 19700,
  "query": "Chức danh Chủ tịch Hội đồng quản lý trong đơn vị sự nghiệp công lập thuộc lĩnh vực giao thông vận tải sẽ do ai có thẩm quyền bổ nhiệm?",
  "metrics": {
    "mrr": 0.1,
    "map": 0.1,
    "p@1": 0.0,
    "r@1": 0.0,
    "ndcg@1": 0.0,
    "p@5": 0.0,
    "r@5": 0.0,
    "ndcg@5": 0.0,
    "p@10": 0.1,
    "r@10": 1.0,
    "ndcg@10": 0.2890648263178879,
    "p@15": 0.06666666666666667,
    "r@15": 1.0,
    "ndcg@15": 0.2890648263178879
  },
  "retrieved": [
    5529,
    5545,
    3156,
    5528,
    3154,
    3151,
    14254,
    3153,
    5533,
    5543,
    5537,
    3149,
    12006,
    12010,
    12004
  ],
  "ground_truth": [
    5543
  ]
}