{
  "qid": 19757,
  "query": "Những loại trợ cấp cho người bị tai nạn lao động theo quy định hiện nay?",
  "metrics": {
    "mrr": 0.3333333333333333,
    "map": 0.3333333333333333,
    "p@1": 0.0,
    "r@1": 0.0,
    "ndcg@1": 0.0,
    "p@5": 0.2,
    "r@5": 1.0,
    "ndcg@5": 0.5,
    "p@10": 0.1,
    "r@10": 1.0,
    "ndcg@10": 0.5,
    "p@15": 0.06666666666666667,
    "r@15": 1.0,
    "ndcg@15": 0.5
  },
  "retrieved": [
    4180,
    4183,
    4179,
    4176,
    4182,
    4185,
    4187,
    1903,
    4186,
    5013,
    14098,
    4181,
    12868,
    14113,
    4184
  ],
  "ground_truth": [
    4179
  ]
}