{
  "qid": 19778,
  "query": "Quỹ Thi đua khen thưởng của Bộ Ngoại giao theo quy định do ai quyết định thành lập và quản lý?",
  "metrics": {
    "mrr": 0.5,
    "map": 0.5,
    "p@1": 0.0,
    "r@1": 0.0,
    "ndcg@1": 0.0,
    "p@5": 0.2,
    "r@5": 1.0,
    "ndcg@5": 0.6309297535714575,
    "p@10": 0.1,
    "r@10": 1.0,
    "ndcg@10": 0.6309297535714575
  },
  "retrieved": [
    7871,
    3495,
    7872,
    8867,
    10044,
    8868,
    3499,
    3489,
    5621,
    7680
  ]
}