{
  "qid": 20087,
  "query": "Kinh phí để chi trả phụ cấp chức vụ lãnh đạo đối với sĩ quan biệt phái được lấy từ nguồn nào?",
  "metrics": {
    "mrr": 0.16666666666666666,
    "map": 0.16666666666666666,
    "p@1": 0.0,
    "r@1": 0.0,
    "ndcg@1": 0.0,
    "p@5": 0.0,
    "r@5": 0.0,
    "ndcg@5": 0.0,
    "p@10": 0.1,
    "r@10": 1.0,
    "ndcg@10": 0.3562071871080222,
    "p@15": 0.06666666666666667,
    "r@15": 1.0,
    "ndcg@15": 0.3562071871080222
  },
  "retrieved": [
    9462,
    9464,
    9463,
    9465,
    9466,
    9467,
    670,
    930,
    1685,
    14492,
    13839,
    13842,
    3900,
    14234,
    7560
  ],
  "ground_truth": [
    9467
  ]
}