{
  "qid": 20225,
  "query": "Việc thông báo tổ chức lễ hội có nguồn gốc từ nước ngoài lần đầu được quy định như thế nào?",
  "metrics": {
    "mrr": 1.0,
    "map": 0.625,
    "p@1": 1.0,
    "r@1": 0.5,
    "ndcg@1": 1.0,
    "p@5": 0.2,
    "r@5": 0.5,
    "ndcg@5": 0.6131471927654584,
    "p@10": 0.2,
    "r@10": 1.0,
    "ndcg@10": 0.8065735963827293
  },
  "retrieved": [
    13418,
    13414,
    13413,
    13420,
    13411,
    13424,
    13408,
    13419,
    13415,
    13412
  ]
}