{
  "qid": 20249,
  "query": "Đăng ký liên hiệp hợp tác xã sau khi hợp nhất được thực hiện như thế nào?",
  "metrics": {
    "mrr": 0.125,
    "map": 0.125,
    "p@1": 0.0,
    "r@1": 0.0,
    "ndcg@1": 0.0,
    "p@5": 0.0,
    "r@5": 0.0,
    "ndcg@5": 0.0,
    "p@10": 0.1,
    "r@10": 1.0,
    "ndcg@10": 0.31546487678572877,
    "p@15": 0.06666666666666667,
    "r@15": 1.0,
    "ndcg@15": 0.31546487678572877
  },
  "retrieved": [
    3064,
    3057,
    12078,
    7794,
    3066,
    3067,
    3076,
    3077,
    3080,
    3075,
    3079,
    7790,
    7793,
    3063,
    1383
  ],
  "ground_truth": [
    3077
  ]
}