{
  "qid": 20426,
  "query": "Sinh hoạt phí mà vợ của thành viên cơ quan Việt Nam ở nước ngoài đang giữ chức vụ Phó Lãnh sự được hưởng khi cùng chồng đi công tác là bao nhiêu?",
  "metrics": {
    "mrr": 0.14285714285714285,
    "map": 0.14285714285714285,
    "p@1": 0.0,
    "r@1": 0.0,
    "ndcg@1": 0.0,
    "p@5": 0.0,
    "r@5": 0.0,
    "ndcg@5": 0.0,
    "p@10": 0.1,
    "r@10": 1.0,
    "ndcg@10": 0.3333333333333333
  },
  "retrieved": [
    8792,
    7898,
    8799,
    8791,
    8797,
    8789,
    8793,
    13500,
    8790,
    13496
  ]
}