{
  "qid": 20575,
  "query": "Có được thay đổi nội dung thông báo tuyển dụng công chức hay không? Thời điểm thay đổi nội dung là khi nào?",
  "metrics": {
    "mrr": 0.25,
    "map": 0.25,
    "p@1": 0.0,
    "r@1": 0.0,
    "ndcg@1": 0.0,
    "p@5": 0.2,
    "r@5": 1.0,
    "ndcg@5": 0.43067655807339306,
    "p@10": 0.1,
    "r@10": 1.0,
    "ndcg@10": 0.43067655807339306,
    "p@15": 0.06666666666666667,
    "r@15": 1.0,
    "ndcg@15": 0.43067655807339306
  },
  "retrieved": [
    14223,
    14225,
    14211,
    14221,
    14215,
    4847,
    9988,
    14224,
    2028,
    2025,
    10204,
    7808,
    8075,
    4188,
    9164
  ],
  "ground_truth": [
    14221
  ]
}