{
  "qid": 20677,
  "query": "Thừa phát lại đang hướng dẫn tập sự mà bị đình chỉ hành nghề thì giải quyết như thế nào?",
  "metrics": {
    "mrr": 0.1111111111111111,
    "map": 0.1111111111111111,
    "p@1": 0.0,
    "r@1": 0.0,
    "ndcg@1": 0.0,
    "p@5": 0.0,
    "r@5": 0.0,
    "ndcg@5": 0.0,
    "p@10": 0.1,
    "r@10": 1.0,
    "ndcg@10": 0.3010299956639812,
    "p@15": 0.06666666666666667,
    "r@15": 1.0,
    "ndcg@15": 0.3010299956639812
  },
  "retrieved": [
    5842,
    4208,
    4228,
    4203,
    4209,
    4210,
    4202,
    4211,
    5837,
    6572,
    4207,
    4200,
    5839,
    6576,
    5836
  ],
  "ground_truth": [
    5837
  ]
}