{
  "qid": 20731,
  "query": "Các máy trò chơi, bàn trò chơi sử dụng trong Điểm kinh doanh casino phải phù hợp với yêu cầu nào?",
  "metrics": {
    "mrr": 0.3333333333333333,
    "map": 0.3333333333333333,
    "p@1": 0.0,
    "r@1": 0.0,
    "ndcg@1": 0.0,
    "p@5": 0.2,
    "r@5": 1.0,
    "ndcg@5": 0.5,
    "p@10": 0.1,
    "r@10": 1.0,
    "ndcg@10": 0.5,
    "p@15": 0.06666666666666667,
    "r@15": 1.0,
    "ndcg@15": 0.5
  },
  "retrieved": [
    3253,
    3254,
    3262,
    3299,
    3248,
    3255,
    3308,
    3267,
    3250,
    3305,
    3263,
    11319,
    3271,
    3273,
    3251
  ],
  "ground_truth": [
    3262
  ]
}