{
  "qid": 20733,
  "query": "Các tài liệu chứng minh máy trò chơi, bàn trò chơi đáp ứng điều kiện theo quy định có cần công chứng không?",
  "metrics": {
    "mrr": 0.5,
    "map": 0.5,
    "p@1": 0.0,
    "r@1": 0.0,
    "ndcg@1": 0.0,
    "p@5": 0.2,
    "r@5": 1.0,
    "ndcg@5": 0.6309297535714575,
    "p@10": 0.1,
    "r@10": 1.0,
    "ndcg@10": 0.6309297535714575,
    "p@15": 0.06666666666666667,
    "r@15": 1.0,
    "ndcg@15": 0.6309297535714575
  },
  "retrieved": [
    3299,
    3262,
    3253,
    3254,
    3255,
    3263,
    3256,
    1607,
    3248,
    1616,
    7944,
    1627,
    7952,
    1626,
    1631
  ],
  "ground_truth": [
    3262
  ]
}