{
  "qid": 208,
  "query": "Doanh nghiệp được áp dụng những chế độ ưu tiên nào khi thực hiện thủ tục hải quan?",
  "metrics": {
    "mrr": 0.3333333333333333,
    "map": 0.3333333333333333,
    "p@1": 0.0,
    "r@1": 0.0,
    "ndcg@1": 0.0,
    "p@5": 0.2,
    "r@5": 1.0,
    "ndcg@5": 0.5,
    "p@10": 0.1,
    "r@10": 1.0,
    "ndcg@10": 0.5,
    "p@15": 0.06666666666666667,
    "r@15": 1.0,
    "ndcg@15": 0.5
  },
  "retrieved": [
    8318,
    8319,
    8316,
    8310,
    8321,
    8370,
    8413,
    8308,
    9154,
    8333,
    8334,
    8320,
    14456,
    8338,
    12449
  ],
  "ground_truth": [
    8316
  ]
}