{
  "qid": 20824,
  "query": "Biên dịch viên hạng 1 được áp dụng hệ số lương viên chức loại mấy?",
  "metrics": {
    "mrr": 0.5,
    "map": 0.5,
    "p@1": 0.0,
    "r@1": 0.0,
    "ndcg@1": 0.0,
    "p@5": 0.2,
    "r@5": 1.0,
    "ndcg@5": 0.6309297535714575,
    "p@10": 0.1,
    "r@10": 1.0,
    "ndcg@10": 0.6309297535714575,
    "p@15": 0.06666666666666667,
    "r@15": 1.0,
    "ndcg@15": 0.6309297535714575
  },
  "retrieved": [
    8612,
    1536,
    6460,
    587,
    10033,
    1339,
    6449,
    3875,
    3312,
    8457,
    7726,
    1538,
    7562,
    1537,
    9795
  ],
  "ground_truth": [
    1536
  ]
}