{
  "qid": 21055,
  "query": "Đối tượng nào được tổ chức thi sáng tác tác phẩm mỹ thuật?",
  "metrics": {
    "mrr": 0.5,
    "map": 0.5,
    "p@1": 0.0,
    "r@1": 0.0,
    "ndcg@1": 0.0,
    "p@5": 0.2,
    "r@5": 1.0,
    "ndcg@5": 0.6309297535714575,
    "p@10": 0.1,
    "r@10": 1.0,
    "ndcg@10": 0.6309297535714575
  },
  "retrieved": [
    13804,
    13803,
    13805,
    1074,
    1075,
    1072,
    1070,
    1073,
    13799,
    13798
  ]
}