{
  "qid": 2114,
  "query": "Nội dung tập sự hành nghề công chứng bao gồm những nội dung gì?",
  "metrics": {
    "mrr": 0.08333333333333333,
    "map": 0.08333333333333333,
    "p@1": 0.0,
    "r@1": 0.0,
    "ndcg@1": 0.0,
    "p@5": 0.0,
    "r@5": 0.0,
    "ndcg@5": 0.0,
    "p@10": 0.0,
    "r@10": 0.0,
    "ndcg@10": 0.0,
    "p@15": 0.06666666666666667,
    "r@15": 1.0,
    "ndcg@15": 0.27023815442731974
  },
  "retrieved": [
    4200,
    4202,
    4228,
    4227,
    4201,
    4204,
    4209,
    4208,
    4211,
    4203,
    4215,
    4206,
    4210,
    1616,
    4205
  ],
  "ground_truth": [
    4206
  ]
}