{
  "qid": 2158,
  "query": "Chế độ báo cáo của cơ quan hành chính nhà nước thì số liệu yêu cầu báo cáo có cần phải đồng bộ hay không?",
  "metrics": {
    "mrr": 0.3333333333333333,
    "map": 0.3333333333333333,
    "p@1": 0.0,
    "r@1": 0.0,
    "ndcg@1": 0.0,
    "p@5": 0.2,
    "r@5": 1.0,
    "ndcg@5": 0.5,
    "p@10": 0.1,
    "r@10": 1.0,
    "ndcg@10": 0.5,
    "p@15": 0.06666666666666667,
    "r@15": 1.0,
    "ndcg@15": 0.5
  },
  "retrieved": [
    10105,
    10106,
    10109,
    10107,
    10112,
    10127,
    10108,
    3609,
    10151,
    10111,
    3607,
    8902,
    3615,
    10156,
    10121
  ],
  "ground_truth": [
    10109
  ]
}