{
  "qid": 21601,
  "query": "Lưu trữ lịch sử có những trách nhiệm gì?",
  "metrics": {
    "mrr": 0.16666666666666666,
    "map": 0.16666666666666666,
    "p@1": 0.0,
    "r@1": 0.0,
    "ndcg@1": 0.0,
    "p@5": 0.0,
    "r@5": 0.0,
    "ndcg@5": 0.0,
    "p@10": 0.1,
    "r@10": 1.0,
    "ndcg@10": 0.3562071871080222,
    "p@15": 0.06666666666666667,
    "r@15": 1.0,
    "ndcg@15": 0.3562071871080222
  },
  "retrieved": [
    4945,
    5027,
    87,
    86,
    234,
    72,
    233,
    4046,
    224,
    73,
    218,
    231,
    58,
    225,
    2598
  ],
  "ground_truth": [
    72
  ]
}