{
  "qid": 21811,
  "query": "Việc giải quyết thôi việc đối với viên chức được quy định thế nào?",
  "metrics": {
    "mrr": 0.5,
    "map": 0.5,
    "p@1": 0.0,
    "r@1": 0.0,
    "ndcg@1": 0.0,
    "p@5": 0.2,
    "r@5": 1.0,
    "ndcg@5": 0.6309297535714575,
    "p@10": 0.1,
    "r@10": 1.0,
    "ndcg@10": 0.6309297535714575,
    "p@15": 0.06666666666666667,
    "r@15": 1.0,
    "ndcg@15": 0.6309297535714575
  },
  "retrieved": [
    14268,
    14264,
    7816,
    7805,
    7799,
    4137,
    14233,
    7814,
    14269,
    7815,
    7796,
    14273,
    7809,
    2913,
    5959
  ],
  "ground_truth": [
    14264
  ]
}