{
  "qid": 22149,
  "query": "Phó Thủ tướng Chính phủ khi từ trần sẽ được tổ chức Lễ tang và an táng ở đâu?",
  "metrics": {
    "mrr": 0.07142857142857142,
    "map": 0.07142857142857142,
    "p@1": 0.0,
    "r@1": 0.0,
    "ndcg@1": 0.0,
    "p@5": 0.0,
    "r@5": 0.0,
    "ndcg@5": 0.0,
    "p@10": 0.0,
    "r@10": 0.0,
    "ndcg@10": 0.0,
    "p@15": 0.06666666666666667,
    "r@15": 1.0,
    "ndcg@15": 0.2559580248098155
  },
  "retrieved": [
    11800,
    11750,
    11756,
    11751,
    11798,
    11758,
    11786,
    11757,
    11774,
    11770,
    11796,
    11788,
    11808,
    11760,
    11765
  ],
  "ground_truth": [
    11760
  ]
}