{
  "qid": 22216,
  "query": "Mức thu lệ phí đăng ký nuôi con nuôi trong nước hiện nay là bao nhiêu?",
  "metrics": {
    "mrr": 0.3333333333333333,
    "map": 0.3333333333333333,
    "p@1": 0.0,
    "r@1": 0.0,
    "ndcg@1": 0.0,
    "p@5": 0.2,
    "r@5": 1.0,
    "ndcg@5": 0.5,
    "p@10": 0.1,
    "r@10": 1.0,
    "ndcg@10": 0.5,
    "p@15": 0.06666666666666667,
    "r@15": 1.0,
    "ndcg@15": 0.5
  },
  "retrieved": [
    13963,
    13966,
    13968,
    13964,
    13969,
    13965,
    13971,
    13970,
    2313,
    3234,
    3230,
    13972,
    11062,
    3229,
    8338
  ],
  "ground_truth": [
    13968
  ]
}