{
  "qid": 22229,
  "query": "Bảo vệ cơ quan thi hành án dân sự có thể đồng thời là Bảo vệ kho vật chứng hay không?",
  "metrics": {
    "mrr": 0.5,
    "map": 0.5,
    "p@1": 0.0,
    "r@1": 0.0,
    "ndcg@1": 0.0,
    "p@5": 0.2,
    "r@5": 1.0,
    "ndcg@5": 0.6309297535714575,
    "p@10": 0.1,
    "r@10": 1.0,
    "ndcg@10": 0.6309297535714575
  },
  "retrieved": [
    954,
    948,
    947,
    959,
    949,
    946,
    829,
    945,
    950,
    951
  ]
}