{
  "qid": 22327,
  "query": "Những nguyên tắc hợp tác quốc tế trong tố tụng hình sự là gì?",
  "metrics": {
    "mrr": 0.25,
    "map": 0.25,
    "p@1": 0.0,
    "r@1": 0.0,
    "ndcg@1": 0.0,
    "p@5": 0.2,
    "r@5": 1.0,
    "ndcg@5": 0.43067655807339306,
    "p@10": 0.1,
    "r@10": 1.0,
    "ndcg@10": 0.43067655807339306
  },
  "retrieved": [
    10959,
    530,
    529,
    7959,
    2555,
    10961,
    1673,
    4692,
    4688,
    10580
  ]
}