{
  "qid": 22522,
  "query": "Thủ tục cấp giấy chứng minh nhân dân được pháp luật quy định như thế nào?",
  "metrics": {
    "mrr": 0.3333333333333333,
    "map": 0.3333333333333333,
    "p@1": 0.0,
    "r@1": 0.0,
    "ndcg@1": 0.0,
    "p@5": 0.2,
    "r@5": 1.0,
    "ndcg@5": 0.5,
    "p@10": 0.1,
    "r@10": 1.0,
    "ndcg@10": 0.5,
    "p@15": 0.06666666666666667,
    "r@15": 1.0,
    "ndcg@15": 0.5
  },
  "retrieved": [
    5650,
    4673,
    4674,
    10880,
    13525,
    1485,
    9429,
    11485,
    776,
    1520,
    4671,
    4676,
    5653,
    7958,
    3937
  ],
  "ground_truth": [
    4674
  ]
}