{
  "qid": 2252,
  "query": "Nội dung chiến lược quốc gia phòng thủ dân sự gồm các nội dung nào?",
  "metrics": {
    "mrr": 0.14285714285714285,
    "map": 0.14285714285714285,
    "p@1": 0.0,
    "r@1": 0.0,
    "ndcg@1": 0.0,
    "p@5": 0.0,
    "r@5": 0.0,
    "ndcg@5": 0.0,
    "p@10": 0.1,
    "r@10": 1.0,
    "ndcg@10": 0.3333333333333333,
    "p@15": 0.06666666666666667,
    "r@15": 1.0,
    "ndcg@15": 0.3333333333333333
  },
  "retrieved": [
    2549,
    14070,
    2544,
    2553,
    2551,
    8831,
    2543,
    14068,
    2541,
    9941,
    9956,
    2564,
    14079,
    10250,
    2548
  ],
  "ground_truth": [
    2543
  ]
}