{
  "qid": 22569,
  "query": "Việc xây dựng khu neo đậu thuyền phải đảm bảo các yếu tố gì?",
  "metrics": {
    "mrr": 0.5,
    "map": 0.5833333333333333,
    "p@1": 0.0,
    "r@1": 0.0,
    "ndcg@1": 0.0,
    "p@5": 0.4,
    "r@5": 1.0,
    "ndcg@5": 0.6934264036172708,
    "p@10": 0.2,
    "r@10": 1.0,
    "ndcg@10": 0.6934264036172708
  },
  "retrieved": [
    9071,
    9070,
    9069,
    9061,
    9058,
    9103,
    14716,
    14717,
    6364,
    14725
  ]
}