{
  "qid": 22617,
  "query": "Tài liệu lưu trữ điện tử được thu thập theo quy trình thế nào?",
  "metrics": {
    "mrr": 0.2,
    "map": 0.2,
    "p@1": 0.0,
    "r@1": 0.0,
    "ndcg@1": 0.0,
    "p@5": 0.2,
    "r@5": 1.0,
    "ndcg@5": 0.38685280723454163,
    "p@10": 0.1,
    "r@10": 1.0,
    "ndcg@10": 0.38685280723454163
  },
  "retrieved": [
    226,
    225,
    221,
    230,
    224,
    2589,
    66,
    85,
    220,
    228
  ]
}