{
  "qid": 22746,
  "query": "Đơn vị sự nghiệp của tổ chức tín dụng phi ngân hàng chấm dứt hoạt động, giải thể trong các trường hợp nào?",
  "metrics": {
    "mrr": 0.3333333333333333,
    "map": 0.3333333333333333,
    "p@1": 0.0,
    "r@1": 0.0,
    "ndcg@1": 0.0,
    "p@5": 0.2,
    "r@5": 1.0,
    "ndcg@5": 0.5,
    "p@10": 0.1,
    "r@10": 1.0,
    "ndcg@10": 0.5
  },
  "retrieved": [
    10095,
    10087,
    10082,
    10084,
    10085,
    10086,
    158,
    10099,
    10083,
    10097
  ]
}