{
  "qid": 22909,
  "query": "Việc đánh giá xếp loại giáo viên mầm non được thực hiện khi nào?",
  "metrics": {
    "mrr": 0.16666666666666666,
    "map": 0.16666666666666666,
    "p@1": 0.0,
    "r@1": 0.0,
    "ndcg@1": 0.0,
    "p@5": 0.0,
    "r@5": 0.0,
    "ndcg@5": 0.0,
    "p@10": 0.1,
    "r@10": 1.0,
    "ndcg@10": 0.3562071871080222,
    "p@15": 0.06666666666666667,
    "r@15": 1.0,
    "ndcg@15": 0.3562071871080222
  },
  "retrieved": [
    1530,
    1535,
    1529,
    1532,
    1678,
    5970,
    11935,
    5976,
    5975,
    5969,
    11934,
    6646,
    6644,
    11936,
    11940
  ],
  "ground_truth": [
    5970
  ]
}