{
  "qid": 22937,
  "query": "Chứng từ kế toán có được thuộc danh mục tài liệu bí mật của doanh nghiệp không?",
  "metrics": {
    "mrr": 0.2,
    "map": 0.2,
    "p@1": 0.0,
    "r@1": 0.0,
    "ndcg@1": 0.0,
    "p@5": 0.2,
    "r@5": 1.0,
    "ndcg@5": 0.38685280723454163,
    "p@10": 0.1,
    "r@10": 1.0,
    "ndcg@10": 0.38685280723454163,
    "p@15": 0.06666666666666667,
    "r@15": 1.0,
    "ndcg@15": 0.38685280723454163
  },
  "retrieved": [
    2860,
    2862,
    2863,
    2865,
    2883,
    12081,
    11339,
    9147,
    2859,
    2847,
    9145,
    2857,
    9146,
    12079,
    2853
  ],
  "ground_truth": [
    2883
  ]
}