{
  "qid": 23156,
  "query": "Cục trưởng Cục Thi hành án dân sự Thành phố Hồ Chí Minh có các nhiệm vụ cụ thể như thế nào?",
  "metrics": {
    "mrr": 0.3333333333333333,
    "map": 0.3333333333333333,
    "p@1": 0.0,
    "r@1": 0.0,
    "ndcg@1": 0.0,
    "p@5": 0.2,
    "r@5": 1.0,
    "ndcg@5": 0.5,
    "p@10": 0.1,
    "r@10": 1.0,
    "ndcg@10": 0.5,
    "p@15": 0.06666666666666667,
    "r@15": 1.0,
    "ndcg@15": 0.5
  },
  "retrieved": [
    2319,
    9476,
    2318,
    2322,
    2330,
    9475,
    2324,
    9477,
    9474,
    2315,
    6805,
    2346,
    6794,
    2314,
    9478
  ],
  "ground_truth": [
    2318
  ]
}