{
  "qid": 23267,
  "query": "Việc nhập vụ án hình sự được cơ quan điều tra tiến hành khi nào?",
  "metrics": {
    "mrr": 0.5,
    "map": 0.5,
    "p@1": 0.0,
    "r@1": 0.0,
    "ndcg@1": 0.0,
    "p@5": 0.2,
    "r@5": 1.0,
    "ndcg@5": 0.6309297535714575,
    "p@10": 0.1,
    "r@10": 1.0,
    "ndcg@10": 0.6309297535714575,
    "p@15": 0.06666666666666667,
    "r@15": 1.0,
    "ndcg@15": 0.6309297535714575
  },
  "retrieved": [
    10646,
    10647,
    10641,
    10645,
    10640,
    7984,
    10633,
    10507,
    10643,
    10631,
    10638,
    12730,
    10630,
    10642,
    10608
  ],
  "ground_truth": [
    10647
  ]
}