{
  "qid": 23380,
  "query": "Thẩm quyền áp dụng biện pháp bắt buộc chữa bệnh đối với người đang chấp hành hình phạt tù thuộc về ai?",
  "metrics": {
    "mrr": 0.14285714285714285,
    "map": 0.14285714285714285,
    "p@1": 0.0,
    "r@1": 0.0,
    "ndcg@1": 0.0,
    "p@5": 0.0,
    "r@5": 0.0,
    "ndcg@5": 0.0,
    "p@10": 0.1,
    "r@10": 1.0,
    "ndcg@10": 0.3333333333333333,
    "p@15": 0.06666666666666667,
    "r@15": 1.0,
    "ndcg@15": 0.3333333333333333
  },
  "retrieved": [
    10922,
    10921,
    10920,
    8015,
    8008,
    8004,
    10915,
    10919,
    10918,
    293,
    8005,
    8013,
    1893,
    7980,
    8025
  ],
  "ground_truth": [
    10915
  ]
}