{
  "qid": 23744,
  "query": "Cho tổ chức khác sử dụng giấy phép kinh doanh dịch vụ lữ hành của doanh nghiệp để hoạt động kinh doanh có vi phạm không?",
  "metrics": {
    "mrr": 0.06666666666666667,
    "map": 0.06666666666666667,
    "p@1": 0.0,
    "r@1": 0.0,
    "ndcg@1": 0.0,
    "p@5": 0.0,
    "r@5": 0.0,
    "ndcg@5": 0.0,
    "p@10": 0.0,
    "r@10": 0.0,
    "ndcg@10": 0.0,
    "p@15": 0.06666666666666667,
    "r@15": 1.0,
    "ndcg@15": 0.25
  },
  "retrieved": [
    9779,
    9777,
    6612,
    9778,
    9775,
    9774,
    9773,
    9783,
    9781,
    9787,
    6613,
    13145,
    9780,
    9782,
    9752
  ],
  "ground_truth": [
    9752
  ]
}