{
  "qid": 23775,
  "query": "Người phạm tội thành khẩn khai báo thì có được áp dụng biện pháp đặt tiền để bảo đảm không?",
  "metrics": {
    "mrr": 0.5,
    "map": 0.5,
    "p@1": 0.0,
    "r@1": 0.0,
    "ndcg@1": 0.0,
    "p@5": 0.2,
    "r@5": 1.0,
    "ndcg@5": 0.6309297535714575,
    "p@10": 0.1,
    "r@10": 1.0,
    "ndcg@10": 0.6309297535714575,
    "p@15": 0.06666666666666667,
    "r@15": 1.0,
    "ndcg@15": 0.6309297535714575
  },
  "retrieved": [
    6690,
    6683,
    6685,
    10973,
    11172,
    11171,
    6688,
    6678,
    13917,
    10497,
    11235,
    12855,
    12490,
    3361,
    9241
  ],
  "ground_truth": [
    6683
  ]
}