{
  "qid": 23799,
  "query": "Ai là người chỉ đạo hoạt động phòng thủ dân sự?",
  "metrics": {
    "mrr": 0.14285714285714285,
    "map": 0.14285714285714285,
    "p@1": 0.0,
    "r@1": 0.0,
    "ndcg@1": 0.0,
    "p@5": 0.0,
    "r@5": 0.0,
    "ndcg@5": 0.0,
    "p@10": 0.1,
    "r@10": 1.0,
    "ndcg@10": 0.3333333333333333
  },
  "retrieved": [
    2542,
    2539,
    2578,
    2543,
    2577,
    2558,
    2564,
    2576,
    2550,
    2561
  ]
}