{
  "qid": 23992,
  "query": "Trang thiết bị, dụng cụ bảo quản tài nguyên thông tin của thư viện công lập gồm những gì?",
  "metrics": {
    "mrr": 0.125,
    "map": 0.125,
    "p@1": 0.0,
    "r@1": 0.0,
    "ndcg@1": 0.0,
    "p@5": 0.0,
    "r@5": 0.0,
    "ndcg@5": 0.0,
    "p@10": 0.1,
    "r@10": 1.0,
    "ndcg@10": 0.31546487678572877,
    "p@15": 0.06666666666666667,
    "r@15": 1.0,
    "ndcg@15": 0.31546487678572877
  },
  "retrieved": [
    2725,
    2721,
    2720,
    2723,
    2722,
    2751,
    2736,
    2724,
    2748,
    2735,
    2738,
    2743,
    2745,
    8096,
    2737
  ],
  "ground_truth": [
    2724
  ]
}