{
  "qid": 23998,
  "query": "Quyết định đình chỉ vụ án hình sự trong giai đoạn truy tố phải ghi rõ những nội dung gì?",
  "metrics": {
    "mrr": 0.5,
    "map": 0.5,
    "p@1": 0.0,
    "r@1": 0.0,
    "ndcg@1": 0.0,
    "p@5": 0.2,
    "r@5": 1.0,
    "ndcg@5": 0.6309297535714575,
    "p@10": 0.1,
    "r@10": 1.0,
    "ndcg@10": 0.6309297535714575
  },
  "retrieved": [
    10929,
    10725,
    10713,
    10759,
    10724,
    10760,
    10726,
    10717,
    10751,
    10918
  ]
}