{
  "qid": 24091,
  "query": "Trường hợp nào doanh nghiệp bị tạm dừng hiệu lực Giấy chứng nhận đã cấp cho cơ sở bảo hành, bảo dưỡng ô tô?",
  "metrics": {
    "mrr": 0.1,
    "map": 0.1,
    "p@1": 0.0,
    "r@1": 0.0,
    "ndcg@1": 0.0,
    "p@5": 0.0,
    "r@5": 0.0,
    "ndcg@5": 0.0,
    "p@10": 0.1,
    "r@10": 1.0,
    "ndcg@10": 0.2890648263178879,
    "p@15": 0.06666666666666667,
    "r@15": 1.0,
    "ndcg@15": 0.2890648263178879
  },
  "retrieved": [
    14356,
    14355,
    14350,
    14349,
    14339,
    14340,
    14348,
    14332,
    14341,
    14347,
    14357,
    14329,
    14330,
    14331,
    14343
  ],
  "ground_truth": [
    14347
  ]
}