{
  "qid": 24203,
  "query": "Thời gian tổ chức phổ biến thông tin thời sự, chính sách cho người đang chấp hành án phạt tù là khi nào?",
  "metrics": {
    "mrr": 0.25,
    "map": 0.25,
    "p@1": 0.0,
    "r@1": 0.0,
    "ndcg@1": 0.0,
    "p@5": 0.2,
    "r@5": 1.0,
    "ndcg@5": 0.43067655807339306,
    "p@10": 0.1,
    "r@10": 1.0,
    "ndcg@10": 0.43067655807339306
  },
  "retrieved": [
    295,
    294,
    296,
    1846,
    1837,
    292,
    1901,
    275,
    3048,
    3053
  ]
}