{
  "qid": 24205,
  "query": "Nguồn kinh phí tổ chức sinh hoạt văn hóa văn nghệ và vui chơi giải trí cho phạm nhân là người chưa thành niên được lấy từ đâu?",
  "metrics": {
    "mrr": 0.2,
    "map": 0.2,
    "p@1": 0.0,
    "r@1": 0.0,
    "ndcg@1": 0.0,
    "p@5": 0.2,
    "r@5": 1.0,
    "ndcg@5": 0.38685280723454163,
    "p@10": 0.1,
    "r@10": 1.0,
    "ndcg@10": 0.38685280723454163,
    "p@15": 0.06666666666666667,
    "r@15": 1.0,
    "ndcg@15": 0.38685280723454163
  },
  "retrieved": [
    1848,
    14450,
    1847,
    14437,
    1849,
    1835,
    1837,
    14438,
    14451,
    14448,
    1838,
    7655,
    3269,
    1893,
    1841
  ],
  "ground_truth": [
    1849
  ]
}