{
  "qid": 2437,
  "query": "Tổ chức có thể yêu cầu bảo mật thông tin khi bị điều tra áp dụng biện pháp phòng vệ thương mại không?",
  "metrics": {
    "mrr": 0.09090909090909091,
    "map": 0.09090909090909091,
    "p@1": 0.0,
    "r@1": 0.0,
    "ndcg@1": 0.0,
    "p@5": 0.0,
    "r@5": 0.0,
    "ndcg@5": 0.0,
    "p@10": 0.0,
    "r@10": 0.0,
    "ndcg@10": 0.0,
    "p@15": 0.06666666666666667,
    "r@15": 1.0,
    "ndcg@15": 0.27894294565112987
  },
  "retrieved": [
    5296,
    5290,
    12848,
    5295,
    12920,
    12850,
    12919,
    12930,
    12928,
    5291,
    12856,
    12927,
    12861,
    12902,
    12921
  ],
  "ground_truth": [
    12856
  ]
}