{
  "qid": 24533,
  "query": "Cá nhân có thể đề nghị chứng nhận lãnh sự giấy tờ của người khác không?",
  "metrics": {
    "mrr": 0.2,
    "map": 0.2,
    "p@1": 0.0,
    "r@1": 0.0,
    "ndcg@1": 0.0,
    "p@5": 0.2,
    "r@5": 1.0,
    "ndcg@5": 0.38685280723454163,
    "p@10": 0.1,
    "r@10": 1.0,
    "ndcg@10": 0.38685280723454163,
    "p@15": 0.06666666666666667,
    "r@15": 1.0,
    "ndcg@15": 0.38685280723454163
  },
  "retrieved": [
    13507,
    13495,
    155,
    156,
    13497,
    13504,
    13494,
    13500,
    13508,
    13502,
    147,
    154,
    13512,
    13501,
    13496
  ],
  "ground_truth": [
    13497
  ]
}