{
  "qid": 24648,
  "query": "Chức danh nghề nghiệp của viên chức được quy định như thế nào?",
  "metrics": {
    "mrr": 0.2,
    "map": 0.2,
    "p@1": 0.0,
    "r@1": 0.0,
    "ndcg@1": 0.0,
    "p@5": 0.2,
    "r@5": 1.0,
    "ndcg@5": 0.38685280723454163,
    "p@10": 0.1,
    "r@10": 1.0,
    "ndcg@10": 0.38685280723454163,
    "p@15": 0.06666666666666667,
    "r@15": 1.0,
    "ndcg@15": 0.38685280723454163
  },
  "retrieved": [
    14271,
    14209,
    14269,
    3467,
    14235,
    14237,
    14210,
    14236,
    14268,
    14239,
    8736,
    6924,
    14270,
    3879,
    6926
  ],
  "ground_truth": [
    14235
  ]
}