{
  "qid": 24700,
  "query": "Con chung sinh ra trước thời kỳ hôn nhân muốn được đăng ký nhận cha mẹ cần thực hiện thủ tục gì?",
  "metrics": {
    "mrr": 0.09090909090909091,
    "map": 0.09090909090909091,
    "p@1": 0.0,
    "r@1": 0.0,
    "ndcg@1": 0.0,
    "p@5": 0.0,
    "r@5": 0.0,
    "ndcg@5": 0.0,
    "p@10": 0.0,
    "r@10": 0.0,
    "ndcg@10": 0.0,
    "p@15": 0.06666666666666667,
    "r@15": 1.0,
    "ndcg@15": 0.27894294565112987
  },
  "retrieved": [
    4565,
    2275,
    4557,
    4585,
    12881,
    14721,
    11226,
    4586,
    11218,
    11222,
    4569,
    11228,
    2307,
    1285,
    2305
  ],
  "ground_truth": [
    4569
  ]
}