{
  "qid": 2481,
  "query": "Cán bộ dân quân tự vệ có được mua bán trang phục dân quân tự vệ?",
  "metrics": {
    "mrr": 0.5,
    "map": 0.5,
    "p@1": 0.0,
    "r@1": 0.0,
    "ndcg@1": 0.0,
    "p@5": 0.2,
    "r@5": 1.0,
    "ndcg@5": 0.6309297535714575,
    "p@10": 0.1,
    "r@10": 1.0,
    "ndcg@10": 0.6309297535714575
  },
  "retrieved": [
    4194,
    4192,
    4193,
    4198,
    4190,
    4196,
    4197,
    4191,
    4199,
    12916
  ]
}