{
  "qid": 24888,
  "query": "Quy trình thực hiện kiểm toán nội bộ tại doanh nghiệp được quy định ra sao?",
  "metrics": {
    "mrr": 0.08333333333333333,
    "map": 0.08333333333333333,
    "p@1": 0.0,
    "r@1": 0.0,
    "ndcg@1": 0.0,
    "p@5": 0.0,
    "r@5": 0.0,
    "ndcg@5": 0.0,
    "p@10": 0.0,
    "r@10": 0.0,
    "ndcg@10": 0.0,
    "p@15": 0.06666666666666667,
    "r@15": 1.0,
    "ndcg@15": 0.27023815442731974
  },
  "retrieved": [
    6864,
    5689,
    5684,
    5690,
    6866,
    6861,
    5671,
    5685,
    6853,
    6865,
    5670,
    5677,
    6849,
    5692,
    5680
  ],
  "ground_truth": [
    5677
  ]
}