{
  "qid": 25011,
  "query": "Cán bộ, công chức, viên chức vi phạm quy định về uống rượu bia trong thời gian làm việc bị xử phạt như thế nào?",
  "metrics": {
    "mrr": 0.16666666666666666,
    "map": 0.16666666666666666,
    "p@1": 0.0,
    "r@1": 0.0,
    "ndcg@1": 0.0,
    "p@5": 0.0,
    "r@5": 0.0,
    "ndcg@5": 0.0,
    "p@10": 0.1,
    "r@10": 1.0,
    "ndcg@10": 0.3562071871080222
  },
  "retrieved": [
    2911,
    2926,
    2922,
    11020,
    2909,
    14571,
    2024,
    13741,
    2912,
    2907
  ]
}