{
  "qid": 25193,
  "query": "Hệ số lương và nguyên tắc xếp lương đối với viên chức chuyên ngành quản lý dự án đường sắt ra sao?",
  "metrics": {
    "mrr": 0.125,
    "map": 0.125,
    "p@1": 0.0,
    "r@1": 0.0,
    "ndcg@1": 0.0,
    "p@5": 0.0,
    "r@5": 0.0,
    "ndcg@5": 0.0,
    "p@10": 0.1,
    "r@10": 1.0,
    "ndcg@10": 0.31546487678572877,
    "p@15": 0.06666666666666667,
    "r@15": 1.0,
    "ndcg@15": 0.31546487678572877
  },
  "retrieved": [
    8457,
    7562,
    7561,
    7563,
    7726,
    7564,
    6460,
    1536,
    7554,
    7787,
    8458,
    7556,
    8612,
    8060,
    8169
  ],
  "ground_truth": [
    1536
  ]
}