{
  "qid": 2543,
  "query": "Những điều ước quốc tế nào phải được phê duyệt?",
  "metrics": {
    "mrr": 0.25,
    "map": 0.25,
    "p@1": 0.0,
    "r@1": 0.0,
    "ndcg@1": 0.0,
    "p@5": 0.2,
    "r@5": 1.0,
    "ndcg@5": 0.43067655807339306,
    "p@10": 0.1,
    "r@10": 1.0,
    "ndcg@10": 0.43067655807339306,
    "p@15": 0.06666666666666667,
    "r@15": 1.0,
    "ndcg@15": 0.43067655807339306
  },
  "retrieved": [
    12195,
    12238,
    12233,
    12194,
    12163,
    12175,
    12172,
    12176,
    12161,
    12197,
    12209,
    12183,
    12178,
    12215,
    12229
  ],
  "ground_truth": [
    12194
  ]
}