{
  "qid": 2559,
  "query": "Giáo viên là viên chức có được thay đổi chức danh nghề nghiệp của mình hay không?",
  "metrics": {
    "mrr": 0.1111111111111111,
    "map": 0.1111111111111111,
    "p@1": 0.0,
    "r@1": 0.0,
    "ndcg@1": 0.0,
    "p@5": 0.0,
    "r@5": 0.0,
    "ndcg@5": 0.0,
    "p@10": 0.1,
    "r@10": 1.0,
    "ndcg@10": 0.3010299956639812,
    "p@15": 0.06666666666666667,
    "r@15": 1.0,
    "ndcg@15": 0.3010299956639812
  },
  "retrieved": [
    14271,
    1534,
    14209,
    3467,
    14235,
    14269,
    14237,
    14210,
    14236,
    14268,
    6924,
    14239,
    6563,
    1535,
    3879
  ],
  "ground_truth": [
    14236
  ]
}