{
  "qid": 25767,
  "query": "Các hành vi nào bị nghiêm cấm trong hoạt động quản lý ngoại thương?",
  "metrics": {
    "mrr": 0.125,
    "map": 0.125,
    "p@1": 0.0,
    "r@1": 0.0,
    "ndcg@1": 0.0,
    "p@5": 0.0,
    "r@5": 0.0,
    "ndcg@5": 0.0,
    "p@10": 0.1,
    "r@10": 1.0,
    "ndcg@10": 0.31546487678572877,
    "p@15": 0.06666666666666667,
    "r@15": 1.0,
    "ndcg@15": 0.31546487678572877
  },
  "retrieved": [
    5224,
    5229,
    9514,
    5330,
    5326,
    5225,
    5332,
    5230,
    1382,
    5327,
    5331,
    5328,
    5227,
    12878,
    12931
  ],
  "ground_truth": [
    5230
  ]
}