{
  "qid": 26041,
  "query": "Lời khai của người làm chứng trong quá trình điều tra có được công bố tại phiên tòa xét xử hay không?",
  "metrics": {
    "mrr": 0.14285714285714285,
    "map": 0.14285714285714285,
    "p@1": 0.0,
    "r@1": 0.0,
    "ndcg@1": 0.0,
    "p@5": 0.0,
    "r@5": 0.0,
    "ndcg@5": 0.0,
    "p@10": 0.1,
    "r@10": 1.0,
    "ndcg@10": 0.3333333333333333,
    "p@15": 0.06666666666666667,
    "r@15": 1.0,
    "ndcg@15": 0.3333333333333333
  },
  "retrieved": [
    10770,
    10781,
    10782,
    10663,
    10788,
    10774,
    10785,
    10931,
    10756,
    10735,
    10764,
    10778,
    10765,
    10858,
    10740
  ],
  "ground_truth": [
    10785
  ]
}