{
  "qid": 26047,
  "query": "Công chức cấp xã bị xử lý kỷ luật buộc thôi việc khi nào?",
  "metrics": {
    "mrr": 0.25,
    "map": 0.25,
    "p@1": 0.0,
    "r@1": 0.0,
    "ndcg@1": 0.0,
    "p@5": 0.2,
    "r@5": 1.0,
    "ndcg@5": 0.43067655807339306,
    "p@10": 0.1,
    "r@10": 1.0,
    "ndcg@10": 0.43067655807339306
  },
  "retrieved": [
    13764,
    13779,
    13778,
    13753,
    13742,
    13745,
    13741,
    13765,
    13782,
    4605
  ]
}