{
  "qid": 2625,
  "query": "Trong hoạt động du lịch bị nghiêm cấm những hành vi nào đối với khách du lịch?",
  "metrics": {
    "mrr": 0.25,
    "map": 0.25,
    "p@1": 0.0,
    "r@1": 0.0,
    "ndcg@1": 0.0,
    "p@5": 0.2,
    "r@5": 1.0,
    "ndcg@5": 0.43067655807339306,
    "p@10": 0.1,
    "r@10": 1.0,
    "ndcg@10": 0.43067655807339306,
    "p@15": 0.06666666666666667,
    "r@15": 1.0,
    "ndcg@15": 0.43067655807339306
  },
  "retrieved": [
    9744,
    9816,
    9746,
    9752,
    6608,
    9818,
    9748,
    9808,
    6622,
    9809,
    9754,
    9814,
    9756,
    6610,
    9791
  ],
  "ground_truth": [
    9752
  ]
}