{
  "qid": 26505,
  "query": "Cơ quan nào có thẩm quyền xác định phạm vi khu vực cửa khẩu chính?",
  "metrics": {
    "mrr": 0.3333333333333333,
    "map": 0.3333333333333333,
    "p@1": 0.0,
    "r@1": 0.0,
    "ndcg@1": 0.0,
    "p@5": 0.2,
    "r@5": 1.0,
    "ndcg@5": 0.5,
    "p@10": 0.1,
    "r@10": 1.0,
    "ndcg@10": 0.5,
    "p@15": 0.06666666666666667,
    "r@15": 1.0,
    "ndcg@15": 0.5
  },
  "retrieved": [
    9681,
    13705,
    13704,
    13703,
    466,
    9687,
    13710,
    13713,
    9675,
    13694,
    13718,
    5246,
    468,
    13719,
    13698
  ],
  "ground_truth": [
    13704
  ]
}