{
  "qid": 26514,
  "query": "Tổ chức muốn kiểm kê di sản văn hóa phi vật thể thì trong hồ sơ gồm có những gì?",
  "metrics": {
    "mrr": 0.14285714285714285,
    "map": 0.14285714285714285,
    "p@1": 0.0,
    "r@1": 0.0,
    "ndcg@1": 0.0,
    "p@5": 0.0,
    "r@5": 0.0,
    "ndcg@5": 0.0,
    "p@10": 0.1,
    "r@10": 1.0,
    "ndcg@10": 0.3333333333333333,
    "p@15": 0.06666666666666667,
    "r@15": 1.0,
    "ndcg@15": 0.3333333333333333
  },
  "retrieved": [
    3901,
    3911,
    3903,
    3912,
    3905,
    3907,
    3908,
    3902,
    3910,
    3906,
    12420,
    12425,
    9204,
    12409,
    12408
  ],
  "ground_truth": [
    3908
  ]
}