{
  "qid": 26562,
  "query": "Hội đồng kiểm tra kết quả tập sự hành nghề đấu giá do ai có quyết định thành lập và có được sử dụng con dấu không?",
  "metrics": {
    "mrr": 0.1,
    "map": 0.1,
    "p@1": 0.0,
    "r@1": 0.0,
    "ndcg@1": 0.0,
    "p@5": 0.0,
    "r@5": 0.0,
    "ndcg@5": 0.0,
    "p@10": 0.1,
    "r@10": 1.0,
    "ndcg@10": 0.2890648263178879,
    "p@15": 0.06666666666666667,
    "r@15": 1.0,
    "ndcg@15": 0.2890648263178879
  },
  "retrieved": [
    700,
    6578,
    6565,
    6568,
    6564,
    6572,
    4226,
    6570,
    6569,
    6579,
    6573,
    4215,
    5848,
    706,
    5847
  ],
  "ground_truth": [
    6579
  ]
}