{
  "qid": 26581,
  "query": "Thừa phát lại phải xuất trình những giấy tờ gì khi trực tiếp xác minh điều kiện thi hành án?",
  "metrics": {
    "mrr": 0.2,
    "map": 0.2,
    "p@1": 0.0,
    "r@1": 0.0,
    "ndcg@1": 0.0,
    "p@5": 0.2,
    "r@5": 1.0,
    "ndcg@5": 0.38685280723454163,
    "p@10": 0.1,
    "r@10": 1.0,
    "ndcg@10": 0.38685280723454163
  },
  "retrieved": [
    8969,
    8978,
    8970,
    8974,
    8971,
    9417,
    8986,
    8981,
    8973,
    9410
  ]
}