{
  "qid": 26698,
  "query": "Trách nhiệm của các chủ thể trong bảo hành công trình xây dựng",
  "metrics": {
    "mrr": 0.5,
    "map": 0.5,
    "p@1": 0.0,
    "r@1": 0.0,
    "ndcg@1": 0.0,
    "p@5": 0.2,
    "r@5": 1.0,
    "ndcg@5": 0.6309297535714575,
    "p@10": 0.1,
    "r@10": 1.0,
    "ndcg@10": 0.6309297535714575
  },
  "retrieved": [
    6897,
    6898,
    6871,
    6903,
    6921,
    13825,
    6870,
    4287,
    6880,
    6895
  ]
}