{
  "qid": 26916,
  "query": "Chủ tịch Ủy ban nhân dân cấp tỉnh có quyền xử phạt cơ sở khảo nghiệm không lưu hồ sơ về quá trình khảo nghiệm thức ăn chăn nuôi không?",
  "metrics": {
    "mrr": 0.09090909090909091,
    "map": 0.09090909090909091,
    "p@1": 0.0,
    "r@1": 0.0,
    "ndcg@1": 0.0,
    "p@5": 0.0,
    "r@5": 0.0,
    "ndcg@5": 0.0,
    "p@10": 0.0,
    "r@10": 0.0,
    "ndcg@10": 0.0,
    "p@15": 0.06666666666666667,
    "r@15": 1.0,
    "ndcg@15": 0.27894294565112987
  },
  "retrieved": [
    12286,
    12255,
    8481,
    679,
    4541,
    8471,
    8472,
    12257,
    12256,
    678,
    4637,
    12279,
    14690,
    685,
    8473
  ],
  "ground_truth": [
    4637
  ]
}