{
  "qid": 26979,
  "query": "Người sử dụng tài liệu lưu trữ tại Lưu trữ lịch sử có phải có Giấy chứng minh nhân dân hay hộ chiếu gì không?",
  "metrics": {
    "mrr": 0.06666666666666667,
    "map": 0.06666666666666667,
    "p@1": 0.0,
    "r@1": 0.0,
    "ndcg@1": 0.0,
    "p@5": 0.0,
    "r@5": 0.0,
    "ndcg@5": 0.0,
    "p@10": 0.0,
    "r@10": 0.0,
    "ndcg@10": 0.0,
    "p@15": 0.06666666666666667,
    "r@15": 1.0,
    "ndcg@15": 0.25
  },
  "retrieved": [
    87,
    86,
    234,
    4945,
    233,
    5027,
    72,
    224,
    4046,
    58,
    55,
    82,
    218,
    225,
    83
  ],
  "ground_truth": [
    83
  ]
}