{
  "qid": 27210,
  "query": "Hình thức thanh toán giao dịch cho vay của doanh nghiệp được quy định thế nào?",
  "metrics": {
    "mrr": 1.0,
    "map": 0.5,
    "p@1": 1.0,
    "r@1": 0.5,
    "ndcg@1": 1.0,
    "p@5": 0.2,
    "r@5": 0.5,
    "ndcg@5": 0.6131471927654584,
    "p@10": 0.1,
    "r@10": 0.5,
    "ndcg@10": 0.6131471927654584
  },
  "retrieved": [
    9472,
    9469,
    5082,
    5083,
    5088,
    5093,
    5084,
    274,
    9470,
    5081
  ]
}