{
  "qid": 27393,
  "query": "Áp dụng biện pháp chỉ định thương nhân xuất khẩu, nhập khẩu khi hàng hóa thuộc các trường hợp nào?",
  "metrics": {
    "mrr": 0.5,
    "map": 0.5,
    "p@1": 0.0,
    "r@1": 0.0,
    "ndcg@1": 0.0,
    "p@5": 0.2,
    "r@5": 1.0,
    "ndcg@5": 0.6309297535714575,
    "p@10": 0.1,
    "r@10": 1.0,
    "ndcg@10": 0.6309297535714575,
    "p@15": 0.06666666666666667,
    "r@15": 1.0,
    "ndcg@15": 0.6309297535714575
  },
  "retrieved": [
    5249,
    5250,
    5251,
    5247,
    5246,
    5256,
    5238,
    5228,
    5274,
    5271,
    5272,
    5248,
    5252,
    8324,
    5230
  ],
  "ground_truth": [
    5250
  ]
}