{
  "qid": 27491,
  "query": "Từ 13/02/2023, viên chức chuyên ngành kiểm định kỹ thuật an toàn lao động được xếp lương hệ số mấy?",
  "metrics": {
    "mrr": 0.14285714285714285,
    "map": 0.14285714285714285,
    "p@1": 0.0,
    "r@1": 0.0,
    "ndcg@1": 0.0,
    "p@5": 0.0,
    "r@5": 0.0,
    "ndcg@5": 0.0,
    "p@10": 0.1,
    "r@10": 1.0,
    "ndcg@10": 0.3333333333333333,
    "p@15": 0.06666666666666667,
    "r@15": 1.0,
    "ndcg@15": 0.3333333333333333
  },
  "retrieved": [
    7562,
    8457,
    7561,
    7563,
    7726,
    6460,
    1536,
    6885,
    7564,
    7787,
    8458,
    7554,
    8612,
    7556,
    8060
  ],
  "ground_truth": [
    1536
  ]
}