{
  "qid": 27524,
  "query": "Hồ sơ đề nghị bổ nhiệm giám định viên tư pháp trong lĩnh vực thông tin và truyền thông bao gồm những nội dung gì?",
  "metrics": {
    "mrr": 0.3333333333333333,
    "map": 0.3333333333333333,
    "p@1": 0.0,
    "r@1": 0.0,
    "ndcg@1": 0.0,
    "p@5": 0.2,
    "r@5": 1.0,
    "ndcg@5": 0.5,
    "p@10": 0.1,
    "r@10": 1.0,
    "ndcg@10": 0.5,
    "p@15": 0.06666666666666667,
    "r@15": 1.0,
    "ndcg@15": 0.5
  },
  "retrieved": [
    7922,
    4005,
    4006,
    7923,
    7921,
    2007,
    4007,
    2008,
    2009,
    4002,
    4008,
    1682,
    1684,
    2005,
    8936
  ],
  "ground_truth": [
    4006
  ]
}