{
  "qid": 27523,
  "query": "Thủ tục bổ nhiệm giám định viên tư pháp tại Bộ Thông tin và Truyền thông được thực hiện như thế nào?",
  "metrics": {
    "mrr": 0.5,
    "map": 0.5,
    "p@1": 0.0,
    "r@1": 0.0,
    "ndcg@1": 0.0,
    "p@5": 0.2,
    "r@5": 1.0,
    "ndcg@5": 0.6309297535714575,
    "p@10": 0.1,
    "r@10": 1.0,
    "ndcg@10": 0.6309297535714575,
    "p@15": 0.06666666666666667,
    "r@15": 1.0,
    "ndcg@15": 0.6309297535714575
  },
  "retrieved": [
    7922,
    4005,
    7923,
    4006,
    7921,
    4002,
    1682,
    2007,
    4008,
    4007,
    1684,
    2008,
    2005,
    2009,
    7919
  ],
  "ground_truth": [
    4005
  ]
}