{
  "qid": 27873,
  "query": "Trường hợp nào được cấp lại thẻ hướng dẫn viên du lịch?",
  "metrics": {
    "mrr": 0.5,
    "map": 0.5,
    "p@1": 0.0,
    "r@1": 0.0,
    "ndcg@1": 0.0,
    "p@5": 0.2,
    "r@5": 1.0,
    "ndcg@5": 0.6309297535714575,
    "p@10": 0.1,
    "r@10": 1.0,
    "ndcg@10": 0.6309297535714575
  },
  "retrieved": [
    9807,
    9806,
    9805,
    9801,
    9803,
    9804,
    9802,
    9808,
    6626,
    6623
  ]
}