{
  "qid": 28274,
  "query": "Trường hợp nào văn phòng đăng ký đất đai sẽ từ chối đăng ký thế chấp quyền sử dụng đất?",
  "metrics": {
    "mrr": 0.5,
    "map": 0.5,
    "p@1": 0.0,
    "r@1": 0.0,
    "ndcg@1": 0.0,
    "p@5": 0.2,
    "r@5": 1.0,
    "ndcg@5": 0.6309297535714575,
    "p@10": 0.1,
    "r@10": 1.0,
    "ndcg@10": 0.6309297535714575,
    "p@15": 0.06666666666666667,
    "r@15": 1.0,
    "ndcg@15": 0.6309297535714575
  },
  "retrieved": [
    7820,
    7829,
    7841,
    7834,
    7825,
    7819,
    7822,
    7830,
    7823,
    7833,
    11218,
    7821,
    7831,
    7832,
    7838
  ],
  "ground_truth": [
    7829
  ]
}