{
  "qid": 28273,
  "query": "Trong phiếu yêu cầu đăng ký thế chấp quyền sử dụng đất có yêu cầu chữ ký của các bên hay không?",
  "metrics": {
    "mrr": 0.5,
    "map": 0.5,
    "p@1": 0.0,
    "r@1": 0.0,
    "ndcg@1": 0.0,
    "p@5": 0.2,
    "r@5": 1.0,
    "ndcg@5": 0.6309297535714575,
    "p@10": 0.1,
    "r@10": 1.0,
    "ndcg@10": 0.6309297535714575,
    "p@15": 0.06666666666666667,
    "r@15": 1.0,
    "ndcg@15": 0.6309297535714575
  },
  "retrieved": [
    7822,
    7824,
    7841,
    7839,
    7830,
    7821,
    7825,
    7834,
    7823,
    7819,
    7829,
    7820,
    7838,
    11218,
    7832
  ],
  "ground_truth": [
    7824
  ]
}