{
  "qid": 28314,
  "query": "Giảng viên cao cấp trường đại học công lập được áp dụng hệ số lương của viên chức loại nào?",
  "metrics": {
    "mrr": 0.125,
    "map": 0.125,
    "p@1": 0.0,
    "r@1": 0.0,
    "ndcg@1": 0.0,
    "p@5": 0.0,
    "r@5": 0.0,
    "ndcg@5": 0.0,
    "p@10": 0.1,
    "r@10": 1.0,
    "ndcg@10": 0.31546487678572877,
    "p@15": 0.06666666666666667,
    "r@15": 1.0,
    "ndcg@15": 0.31546487678572877
  },
  "retrieved": [
    7726,
    8732,
    531,
    8457,
    8458,
    7562,
    7782,
    1536,
    7561,
    3919,
    7797,
    7563,
    8612,
    488,
    8809
  ],
  "ground_truth": [
    1536
  ]
}