{
  "qid": 28316,
  "query": "Tiêu chuẩn đạo đức nghề nghiệp đối với giảng viên cao cấp trường đại học công lập như thế nào?",
  "metrics": {
    "mrr": 0.06666666666666667,
    "map": 0.06666666666666667,
    "p@1": 0.0,
    "r@1": 0.0,
    "ndcg@1": 0.0,
    "p@5": 0.0,
    "r@5": 0.0,
    "ndcg@5": 0.0,
    "p@10": 0.0,
    "r@10": 0.0,
    "ndcg@10": 0.0,
    "p@15": 0.06666666666666667,
    "r@15": 1.0,
    "ndcg@15": 0.25
  },
  "retrieved": [
    531,
    8732,
    8734,
    7782,
    12977,
    7786,
    8607,
    488,
    3455,
    8809,
    3919,
    532,
    534,
    8499,
    3456
  ],
  "ground_truth": [
    3456
  ]
}