{
  "qid": 28490,
  "query": "Trợ cấp thôi việc đối với viên chức thôi việc ra sao?",
  "metrics": {
    "mrr": 0.3333333333333333,
    "map": 0.3333333333333333,
    "p@1": 0.0,
    "r@1": 0.0,
    "ndcg@1": 0.0,
    "p@5": 0.2,
    "r@5": 1.0,
    "ndcg@5": 0.5,
    "p@10": 0.1,
    "r@10": 1.0,
    "ndcg@10": 0.5
  },
  "retrieved": [
    12868,
    5308,
    14265,
    5306,
    9458,
    11805,
    14113,
    12869,
    14268,
    7799
  ]
}