{
  "qid": 28581,
  "query": "Hiệu lực của Bộ luật hình sự đối với hành vi người nước ngoài phạm tội trên lãnh thổ nước Việt Nam được quy định ra sao?",
  "metrics": {
    "mrr": 0.5,
    "map": 0.5,
    "p@1": 0.0,
    "r@1": 0.0,
    "ndcg@1": 0.0,
    "p@5": 0.2,
    "r@5": 1.0,
    "ndcg@5": 0.6309297535714575,
    "p@10": 0.1,
    "r@10": 1.0,
    "ndcg@10": 0.6309297535714575,
    "p@15": 0.06666666666666667,
    "r@15": 1.0,
    "ndcg@15": 0.6309297535714575
  },
  "retrieved": [
    7988,
    10480,
    7976,
    10491,
    1909,
    13406,
    7987,
    9241,
    10968,
    10909,
    9240,
    10975,
    1921,
    9745,
    10563
  ],
  "ground_truth": [
    10480
  ]
}