{
  "qid": 2859,
  "query": "Khi giao, nhận người bị bắt trong trường hợp khẩn cấp có phải lập biên bản không?",
  "metrics": {
    "mrr": 1.0,
    "map": 0.5909090909090909,
    "p@1": 1.0,
    "r@1": 0.5,
    "ndcg@1": 1.0,
    "p@5": 0.2,
    "r@5": 0.5,
    "ndcg@5": 0.6131471927654584,
    "p@10": 0.1,
    "r@10": 0.5,
    "ndcg@10": 0.6131471927654584,
    "p@15": 0.13333333333333333,
    "r@15": 1.0,
    "ndcg@15": 0.7841802768331765
  },
  "retrieved": [
    10592,
    10535,
    10587,
    10593,
    10591,
    10590,
    10588,
    10586,
    3701,
    10655,
    10610,
    10572,
    10487,
    10514,
    5325
  ],
  "ground_truth": [
    10592,
    10610
  ]
}