{
  "qid": 28888,
  "query": "Người đã tham gia bảo hiểm xã hội 20 năm đã đủ điều kiện nhận bảo hiểm xã hội một lần chưa?",
  "metrics": {
    "mrr": 0.3333333333333333,
    "map": 0.3333333333333333,
    "p@1": 0.0,
    "r@1": 0.0,
    "ndcg@1": 0.0,
    "p@5": 0.2,
    "r@5": 1.0,
    "ndcg@5": 0.5,
    "p@10": 0.1,
    "r@10": 1.0,
    "ndcg@10": 0.5,
    "p@15": 0.06666666666666667,
    "r@15": 1.0,
    "ndcg@15": 0.5
  },
  "retrieved": [
    11859,
    11870,
    14094,
    797,
    14105,
    795,
    8438,
    11858,
    14101,
    14097,
    8419,
    8420,
    8418,
    8426,
    8427
  ],
  "ground_truth": [
    14094
  ]
}