{
  "qid": 28970,
  "query": "Cán bộ Quân đội là các nhà hoạt động xã hội tiêu biểu trong những trường hợp nào thì khi mất được tổ chức Lễ tang Cấp cao?",
  "metrics": {
    "mrr": 0.5,
    "map": 0.5,
    "p@1": 0.0,
    "r@1": 0.0,
    "ndcg@1": 0.0,
    "p@5": 0.2,
    "r@5": 1.0,
    "ndcg@5": 0.6309297535714575,
    "p@10": 0.1,
    "r@10": 1.0,
    "ndcg@10": 0.6309297535714575
  },
  "retrieved": [
    11796,
    11783,
    11786,
    11756,
    11770,
    11788,
    8226,
    11750,
    11765,
    11785
  ]
}