{
  "qid": 29021,
  "query": "Ký gửi chứng khoán là gì?",
  "metrics": {
    "mrr": 0.06666666666666667,
    "map": 0.06666666666666667,
    "p@1": 0.0,
    "r@1": 0.0,
    "ndcg@1": 0.0,
    "p@5": 0.0,
    "r@5": 0.0,
    "ndcg@5": 0.0,
    "p@10": 0.0,
    "r@10": 0.0,
    "ndcg@10": 0.0,
    "p@15": 0.06666666666666667,
    "r@15": 1.0,
    "ndcg@15": 0.25
  },
  "retrieved": [
    14948,
    5044,
    5072,
    14966,
    14955,
    14947,
    14973,
    14956,
    14967,
    5056,
    5066,
    14144,
    14949,
    5045,
    14946
  ],
  "ground_truth": [
    14946
  ]
}