{
  "qid": 29133,
  "query": "Xem xét miễn nhiệm công chức lãnh đạo cấp tỉnh được thực hiện theo quy trình ra sao?",
  "metrics": {
    "mrr": 0.25,
    "map": 0.25,
    "p@1": 0.0,
    "r@1": 0.0,
    "ndcg@1": 0.0,
    "p@5": 0.2,
    "r@5": 1.0,
    "ndcg@5": 0.43067655807339306,
    "p@10": 0.1,
    "r@10": 1.0,
    "ndcg@10": 0.43067655807339306,
    "p@15": 0.06666666666666667,
    "r@15": 1.0,
    "ndcg@15": 0.43067655807339306
  },
  "retrieved": [
    2360,
    14263,
    2359,
    14262,
    14256,
    2361,
    2316,
    5366,
    2335,
    2356,
    13768,
    5382,
    4007,
    2357,
    5365
  ],
  "ground_truth": [
    14262
  ]
}