{
  "qid": 29202,
  "query": "Công chức lãnh đạo thuộc Bộ Y tế miễn nhiệm do xếp loại chất lượng ở mức không hoàn thành nhiệm vụ thì có bị cho thôi việc hay không?",
  "metrics": {
    "mrr": 0.3333333333333333,
    "map": 0.3333333333333333,
    "p@1": 0.0,
    "r@1": 0.0,
    "ndcg@1": 0.0,
    "p@5": 0.2,
    "r@5": 1.0,
    "ndcg@5": 0.5,
    "p@10": 0.1,
    "r@10": 1.0,
    "ndcg@10": 0.5
  },
  "retrieved": [
    2360,
    14263,
    14262,
    2359,
    6646,
    6644,
    7164,
    2356,
    7171,
    2332
  ]
}