{
  "qid": 29385,
  "query": "Chứng từ kế toán của công ty trách nhiệm hữu hạn được lập dưới dạng chứng từ điện tử phải đảm bảo yêu cầu gì?",
  "metrics": {
    "mrr": 0.5,
    "map": 0.5,
    "p@1": 0.0,
    "r@1": 0.0,
    "ndcg@1": 0.0,
    "p@5": 0.2,
    "r@5": 1.0,
    "ndcg@5": 0.6309297535714575,
    "p@10": 0.1,
    "r@10": 1.0,
    "ndcg@10": 0.6309297535714575,
    "p@15": 0.06666666666666667,
    "r@15": 1.0,
    "ndcg@15": 0.6309297535714575
  },
  "retrieved": [
    2860,
    2862,
    2863,
    2861,
    2865,
    7572,
    12081,
    13327,
    11339,
    13331,
    7410,
    14863,
    5819,
    901,
    9147
  ],
  "ground_truth": [
    2862
  ]
}