{
  "qid": 29409,
  "query": "Viên chức có hành vi như thế nào sẽ bị xử lý kỷ luật?",
  "metrics": {
    "mrr": 0.07692307692307693,
    "map": 0.07692307692307693,
    "p@1": 0.0,
    "r@1": 0.0,
    "ndcg@1": 0.0,
    "p@5": 0.0,
    "r@5": 0.0,
    "ndcg@5": 0.0,
    "p@10": 0.0,
    "r@10": 0.0,
    "ndcg@10": 0.0,
    "p@15": 0.06666666666666667,
    "r@15": 1.0,
    "ndcg@15": 0.26264953503719357
  },
  "retrieved": [
    13771,
    13755,
    13742,
    13778,
    13748,
    13744,
    13782,
    13749,
    7816,
    13761,
    7815,
    14268,
    13746,
    8226,
    13784
  ],
  "ground_truth": [
    13746
  ]
}