{
  "qid": 29621,
  "query": "Vòng hoa viếng và tổ chức lễ viếng cho cán bộ, công chức qua đời ra sao?",
  "metrics": {
    "mrr": 0.5,
    "map": 0.5833333333333333,
    "p@1": 0.0,
    "r@1": 0.0,
    "ndcg@1": 0.0,
    "p@5": 0.4,
    "r@5": 1.0,
    "ndcg@5": 0.6934264036172708,
    "p@10": 0.2,
    "r@10": 1.0,
    "ndcg@10": 0.6934264036172708,
    "p@15": 0.13333333333333333,
    "r@15": 1.0,
    "ndcg@15": 0.6934264036172708
  },
  "retrieved": [
    11779,
    11762,
    11763,
    11803,
    11764,
    11753,
    11776,
    11752,
    11758,
    11796,
    2024,
    2911,
    11780,
    11757,
    11761
  ],
  "ground_truth": [
    11762,
    11763
  ]
}