{
  "qid": 29661,
  "query": "Đánh giá trình độ tập luyện thể thao của vận động thì hội đồng giám định có những trách nhiệm nào?",
  "metrics": {
    "mrr": 0.3333333333333333,
    "map": 0.3333333333333333,
    "p@1": 0.0,
    "r@1": 0.0,
    "ndcg@1": 0.0,
    "p@5": 0.2,
    "r@5": 1.0,
    "ndcg@5": 0.5,
    "p@10": 0.1,
    "r@10": 1.0,
    "ndcg@10": 0.5
  },
  "retrieved": [
    3133,
    3134,
    3137,
    1289,
    3140,
    3135,
    11969,
    12982,
    3139,
    7930
  ]
}