{
  "qid": 30109,
  "query": "Hội đồng thẩm định quy hoạch cảng hàng không sân bay gồm các thành phần nào và có trách nhiệm, quyền hạn gì?",
  "metrics": {
    "mrr": 0.1111111111111111,
    "map": 0.1111111111111111,
    "p@1": 0.0,
    "r@1": 0.0,
    "ndcg@1": 0.0,
    "p@5": 0.0,
    "r@5": 0.0,
    "ndcg@5": 0.0,
    "p@10": 0.1,
    "r@10": 1.0,
    "ndcg@10": 0.3010299956639812
  },
  "retrieved": [
    5886,
    5885,
    5872,
    5889,
    5891,
    5882,
    5910,
    5892,
    5896,
    5890
  ]
}