{
  "qid": 30110,
  "query": "Hội đồng thẩm định tiến hành họp thẩm định quy hoạch cảng hàng không sân bay khi đáp ứng đủ các điều kiện gì?",
  "metrics": {
    "mrr": 0.2,
    "map": 0.2,
    "p@1": 0.0,
    "r@1": 0.0,
    "ndcg@1": 0.0,
    "p@5": 0.2,
    "r@5": 1.0,
    "ndcg@5": 0.38685280723454163,
    "p@10": 0.1,
    "r@10": 1.0,
    "ndcg@10": 0.38685280723454163
  },
  "retrieved": [
    5886,
    5885,
    5891,
    5889,
    5899,
    5882,
    5872,
    5896,
    5910,
    5892
  ]
}