{
  "qid": 30206,
  "query": "Khách mời tham dự kỷ niệm ngày Cách mạng tháng Tám vào năm lẻ 5 được khuyến khích mặc trang phục như thế nào?",
  "metrics": {
    "mrr": 0.5,
    "map": 0.5,
    "p@1": 0.0,
    "r@1": 0.0,
    "ndcg@1": 0.0,
    "p@5": 0.2,
    "r@5": 1.0,
    "ndcg@5": 0.6309297535714575,
    "p@10": 0.1,
    "r@10": 1.0,
    "ndcg@10": 0.6309297535714575,
    "p@15": 0.06666666666666667,
    "r@15": 1.0,
    "ndcg@15": 0.6309297535714575
  },
  "retrieved": [
    13651,
    13650,
    6045,
    5387,
    8496,
    5854,
    2078,
    13643,
    13648,
    3224,
    13652,
    4199,
    2071,
    6662,
    2072
  ],
  "ground_truth": [
    13650
  ]
}