{
  "qid": 30301,
  "query": "Được cấp chứng chỉ hành nghề hoạt động đấu thầu trong thời hạn bao nhiêu ngày kể từ ngày thi sát hạch?",
  "metrics": {
    "mrr": 0.2,
    "map": 0.2,
    "p@1": 0.0,
    "r@1": 0.0,
    "ndcg@1": 0.0,
    "p@5": 0.2,
    "r@5": 1.0,
    "ndcg@5": 0.38685280723454163,
    "p@10": 0.1,
    "r@10": 1.0,
    "ndcg@10": 0.38685280723454163,
    "p@15": 0.06666666666666667,
    "r@15": 1.0,
    "ndcg@15": 0.38685280723454163
  },
  "retrieved": [
    4506,
    4515,
    4514,
    4505,
    4517,
    4503,
    8786,
    4512,
    4502,
    4521,
    4516,
    4504,
    12352,
    12969,
    239
  ],
  "ground_truth": [
    4517
  ]
}