{
  "qid": 30543,
  "query": "Biện pháp phát triển nguồn cung, nguồn cầu của thị trường khoa học và công nghệ là gì?",
  "metrics": {
    "mrr": 0.5,
    "map": 0.5,
    "p@1": 0.0,
    "r@1": 0.0,
    "ndcg@1": 0.0,
    "p@5": 0.2,
    "r@5": 1.0,
    "ndcg@5": 0.6309297535714575,
    "p@10": 0.1,
    "r@10": 1.0,
    "ndcg@10": 0.6309297535714575,
    "p@15": 0.06666666666666667,
    "r@15": 1.0,
    "ndcg@15": 0.6309297535714575
  },
  "retrieved": [
    7532,
    7533,
    7534,
    8229,
    8275,
    8274,
    7527,
    8253,
    8231,
    12805,
    8239,
    8232,
    13097,
    8259,
    12802
  ],
  "ground_truth": [
    7533
  ]
}