{
  "qid": 30556,
  "query": "Viên chức có thái độ hách dịch thì kỷ luật như thế nào?",
  "metrics": {
    "mrr": 0.1111111111111111,
    "map": 0.1111111111111111,
    "p@1": 0.0,
    "r@1": 0.0,
    "ndcg@1": 0.0,
    "p@5": 0.0,
    "r@5": 0.0,
    "ndcg@5": 0.0,
    "p@10": 0.1,
    "r@10": 1.0,
    "ndcg@10": 0.3010299956639812,
    "p@15": 0.06666666666666667,
    "r@15": 1.0,
    "ndcg@15": 0.3010299956639812
  },
  "retrieved": [
    13771,
    13755,
    13778,
    13742,
    13782,
    7816,
    13761,
    7815,
    13748,
    14268,
    8226,
    13784,
    7805,
    7799,
    13745
  ],
  "ground_truth": [
    13748
  ]
}