{
  "qid": 30729,
  "query": "Biện pháp quản lý theo giấy phép nhập khẩu phải đảm bảo những điều kiện gì?",
  "metrics": {
    "mrr": 1.0,
    "map": 0.625,
    "p@1": 1.0,
    "r@1": 0.5,
    "ndcg@1": 1.0,
    "p@5": 0.2,
    "r@5": 0.5,
    "ndcg@5": 0.6131471927654584,
    "p@10": 0.2,
    "r@10": 1.0,
    "ndcg@10": 0.8065735963827293,
    "p@15": 0.13333333333333333,
    "r@15": 1.0,
    "ndcg@15": 0.8065735963827293
  },
  "retrieved": [
    5252,
    13902,
    5254,
    13903,
    14347,
    14342,
    14617,
    5253,
    10447,
    5314,
    5279,
    3210,
    14303,
    9527,
    9950
  ],
  "ground_truth": [
    5252,
    5253
  ]
}