{
  "qid": 30772,
  "query": "Điều kiện tốt nghiệp đối với sinh viên là gì?",
  "metrics": {
    "mrr": 0.14285714285714285,
    "map": 0.14285714285714285,
    "p@1": 0.0,
    "r@1": 0.0,
    "ndcg@1": 0.0,
    "p@5": 0.0,
    "r@5": 0.0,
    "ndcg@5": 0.0,
    "p@10": 0.1,
    "r@10": 1.0,
    "ndcg@10": 0.3333333333333333,
    "p@15": 0.06666666666666667,
    "r@15": 1.0,
    "ndcg@15": 0.3333333333333333
  },
  "retrieved": [
    9867,
    9869,
    9852,
    9868,
    14385,
    525,
    9860,
    14388,
    6761,
    11838,
    11489,
    6975,
    6971,
    237,
    14392
  ],
  "ground_truth": [
    9860
  ]
}