{
  "qid": 30810,
  "query": "Hồ sơ đề nghị gia hạn Giấy phép lập cơ sở bán lẻ của tổ chức kinh tế có vốn đầu tư nước ngoài gồm những gì?",
  "metrics": {
    "mrr": 0.25,
    "map": 0.125,
    "p@1": 0.0,
    "r@1": 0.0,
    "ndcg@1": 0.0,
    "p@5": 0.2,
    "r@5": 0.5,
    "ndcg@5": 0.2640681225725909,
    "p@10": 0.1,
    "r@10": 0.5,
    "ndcg@10": 0.2640681225725909,
    "p@15": 0.06666666666666667,
    "r@15": 0.5,
    "ndcg@15": 0.2640681225725909
  },
  "retrieved": [
    9970,
    9936,
    9957,
    9958,
    9939,
    9980,
    9979,
    9966,
    9973,
    9975,
    9967,
    9951,
    9964,
    9962,
    9971
  ],
  "ground_truth": [
    9958,
    9953
  ]
}