{
  "qid": 30818,
  "query": "Hóa đơn điện tử khi được chuyển đổi sang hóa đơn giấy thì có hiệu lực giao dịch hay không?",
  "metrics": {
    "mrr": 0.14285714285714285,
    "map": 0.14285714285714285,
    "p@1": 0.0,
    "r@1": 0.0,
    "ndcg@1": 0.0,
    "p@5": 0.0,
    "r@5": 0.0,
    "ndcg@5": 0.0,
    "p@10": 0.1,
    "r@10": 1.0,
    "ndcg@10": 0.3333333333333333
  },
  "retrieved": [
    14856,
    14882,
    14854,
    14886,
    14862,
    14876,
    14863,
    14874,
    14871,
    14884
  ]
}