{
  "qid": 30812,
  "query": "Trình tự thực hiện thủ tục gia hạn Giấy phép lập cơ sở bán lẻ của tổ chức kinh tế có vốn đầu tư nước ngoài gồm các bước nào?",
  "metrics": {
    "mrr": 0.09090909090909091,
    "map": 0.09090909090909091,
    "p@1": 0.0,
    "r@1": 0.0,
    "ndcg@1": 0.0,
    "p@5": 0.0,
    "r@5": 0.0,
    "ndcg@5": 0.0,
    "p@10": 0.0,
    "r@10": 0.0,
    "ndcg@10": 0.0,
    "p@15": 0.06666666666666667,
    "r@15": 1.0,
    "ndcg@15": 0.27894294565112987
  },
  "retrieved": [
    9970,
    9936,
    9957,
    9939,
    9980,
    9979,
    9973,
    9958,
    9975,
    9964,
    9966,
    9971,
    14742,
    9953,
    9951
  ],
  "ground_truth": [
    9966
  ]
}