{
  "qid": 30895,
  "query": "Biện pháp vận động quần chúng bảo vệ an ninh trật tự gồm những nội dung nào?",
  "metrics": {
    "mrr": 0.125,
    "map": 0.125,
    "p@1": 0.0,
    "r@1": 0.0,
    "ndcg@1": 0.0,
    "p@5": 0.0,
    "r@5": 0.0,
    "ndcg@5": 0.0,
    "p@10": 0.1,
    "r@10": 1.0,
    "ndcg@10": 0.31546487678572877,
    "p@15": 0.06666666666666667,
    "r@15": 1.0,
    "ndcg@15": 0.31546487678572877
  },
  "retrieved": [
    6191,
    6189,
    6196,
    6193,
    6192,
    6186,
    6194,
    6190,
    6066,
    6188,
    6195,
    6071,
    10956,
    10958,
    2279
  ],
  "ground_truth": [
    6190
  ]
}