{
  "qid": 30896,
  "query": "Hình thức áp dụng biện pháp vận động quần chúng bảo vệ an ninh trật tự được quy định thế nào?",
  "metrics": {
    "mrr": 0.5,
    "map": 0.5,
    "p@1": 0.0,
    "r@1": 0.0,
    "ndcg@1": 0.0,
    "p@5": 0.2,
    "r@5": 1.0,
    "ndcg@5": 0.6309297535714575,
    "p@10": 0.1,
    "r@10": 1.0,
    "ndcg@10": 0.6309297535714575
  },
  "retrieved": [
    6191,
    6192,
    6189,
    6196,
    6193,
    6186,
    6194,
    6190,
    6066,
    6188
  ]
}