{
  "qid": 30910,
  "query": "Trợ cấp thôi việc đối với viên chức chuyển công tác được quy định như thế nào?",
  "metrics": {
    "mrr": 0.3333333333333333,
    "map": 0.3333333333333333,
    "p@1": 0.0,
    "r@1": 0.0,
    "ndcg@1": 0.0,
    "p@5": 0.2,
    "r@5": 1.0,
    "ndcg@5": 0.5,
    "p@10": 0.1,
    "r@10": 1.0,
    "ndcg@10": 0.5,
    "p@15": 0.06666666666666667,
    "r@15": 1.0,
    "ndcg@15": 0.5
  },
  "retrieved": [
    12868,
    5308,
    14265,
    13280,
    11805,
    5306,
    7799,
    14233,
    9458,
    7805,
    14268,
    7815,
    14264,
    12869,
    14113
  ],
  "ground_truth": [
    14265
  ]
}