{
  "qid": 30932,
  "query": "Công việc kế toán trong trường hợp chuyển đổi hình thức sở hữu được quy định như thế nào?",
  "metrics": {
    "mrr": 0.125,
    "map": 0.125,
    "p@1": 0.0,
    "r@1": 0.0,
    "ndcg@1": 0.0,
    "p@5": 0.0,
    "r@5": 0.0,
    "ndcg@5": 0.0,
    "p@10": 0.1,
    "r@10": 1.0,
    "ndcg@10": 0.31546487678572877,
    "p@15": 0.06666666666666667,
    "r@15": 1.0,
    "ndcg@15": 0.31546487678572877
  },
  "retrieved": [
    2847,
    2893,
    2853,
    2844,
    2890,
    2857,
    2902,
    2885,
    9147,
    2869,
    2891,
    2883,
    4398,
    2892,
    2879
  ],
  "ground_truth": [
    2885
  ]
}