{
  "qid": 31011,
  "query": "Thanh tra viên chính Công an nhân dân cần đáp ứng đủ các tiêu chuẩn về năng lực thế nào?",
  "metrics": {
    "mrr": 0.125,
    "map": 0.125,
    "p@1": 0.0,
    "r@1": 0.0,
    "ndcg@1": 0.0,
    "p@5": 0.0,
    "r@5": 0.0,
    "ndcg@5": 0.0,
    "p@10": 0.1,
    "r@10": 1.0,
    "ndcg@10": 0.31546487678572877,
    "p@15": 0.06666666666666667,
    "r@15": 1.0,
    "ndcg@15": 0.31546487678572877
  },
  "retrieved": [
    9134,
    9135,
    11485,
    11488,
    11487,
    5650,
    11489,
    9136,
    4991,
    178,
    11491,
    11501,
    3937,
    13395,
    12631
  ],
  "ground_truth": [
    9136
  ]
}