{
  "qid": 3148,
  "query": "Tiêu chuẩn về đạo đức nghề nghiệp của giáo viên giáo dục nghề nghiệp thực hành là gì?",
  "metrics": {
    "mrr": 0.3333333333333333,
    "map": 0.3333333333333333,
    "p@1": 0.0,
    "r@1": 0.0,
    "ndcg@1": 0.0,
    "p@5": 0.2,
    "r@5": 1.0,
    "ndcg@5": 0.5,
    "p@10": 0.1,
    "r@10": 1.0,
    "ndcg@10": 0.5,
    "p@15": 0.06666666666666667,
    "r@15": 1.0,
    "ndcg@15": 0.5
  },
  "retrieved": [
    12978,
    13387,
    3456,
    8607,
    3455,
    1534,
    2817,
    6563,
    1533,
    13625,
    13621,
    3467,
    1532,
    5968,
    14235
  ],
  "ground_truth": [
    3456
  ]
}