{
  "qid": 31706,
  "query": "Việc tiếp nhận và giải quyết tố giác tội phạm được thực hiện dựa trên nguyên tắc nào?",
  "metrics": {
    "mrr": 0.5,
    "map": 0.5,
    "p@1": 0.0,
    "r@1": 0.0,
    "ndcg@1": 0.0,
    "p@5": 0.2,
    "r@5": 1.0,
    "ndcg@5": 0.6309297535714575,
    "p@10": 0.1,
    "r@10": 1.0,
    "ndcg@10": 0.6309297535714575,
    "p@15": 0.06666666666666667,
    "r@15": 1.0,
    "ndcg@15": 0.6309297535714575
  },
  "retrieved": [
    10622,
    990,
    994,
    993,
    1000,
    10573,
    10623,
    991,
    995,
    10637,
    10533,
    10621,
    10626,
    987,
    989
  ],
  "ground_truth": [
    990
  ]
}