{
  "qid": 31726,
  "query": "Đã có bằng cử nhân y khoa nước ngoài cấp thì khi cấp chứng chỉ hành nghề có cần chứng nhận đào tạo bổ sung không?",
  "metrics": {
    "mrr": 0.3333333333333333,
    "map": 0.3333333333333333,
    "p@1": 0.0,
    "r@1": 0.0,
    "ndcg@1": 0.0,
    "p@5": 0.2,
    "r@5": 1.0,
    "ndcg@5": 0.5,
    "p@10": 0.1,
    "r@10": 1.0,
    "ndcg@10": 0.5
  },
  "retrieved": [
    12352,
    239,
    12353,
    3812,
    6410,
    12356,
    241,
    6409,
    704,
    703
  ]
}