{
  "qid": 32078,
  "query": "Thời hạn tạm giam của bị can được quy định như thế nào?",
  "metrics": {
    "mrr": 0.08333333333333333,
    "map": 0.08333333333333333,
    "p@1": 0.0,
    "r@1": 0.0,
    "ndcg@1": 0.0,
    "p@5": 0.0,
    "r@5": 0.0,
    "ndcg@5": 0.0,
    "p@10": 0.0,
    "r@10": 0.0,
    "ndcg@10": 0.0,
    "p@15": 0.06666666666666667,
    "r@15": 1.0,
    "ndcg@15": 0.27023815442731974
  },
  "retrieved": [
    10824,
    10596,
    1192,
    10557,
    10597,
    1179,
    1177,
    10755,
    10946,
    6677,
    6703,
    10649,
    1189,
    1185,
    1190
  ],
  "ground_truth": [
    10649
  ]
}