{
  "qid": 32408,
  "query": "Công an có được phép khám xét chỗ ở hay không?",
  "metrics": {
    "mrr": 0.3333333333333333,
    "map": 0.41666666666666663,
    "p@1": 0.0,
    "r@1": 0.0,
    "ndcg@1": 0.0,
    "p@5": 0.4,
    "r@5": 1.0,
    "ndcg@5": 0.5706417189553201,
    "p@10": 0.2,
    "r@10": 1.0,
    "ndcg@10": 0.5706417189553201
  },
  "retrieved": [
    10672,
    10671,
    10670,
    10669,
    10489,
    10675,
    10677,
    11491,
    11487,
    5510
  ]
}