{
  "qid": 32407,
  "query": "Xâm phạm chỗ ở có được coi là vi phạm pháp luật không?",
  "metrics": {
    "mrr": 0.06666666666666667,
    "map": 0.06666666666666667,
    "p@1": 0.0,
    "r@1": 0.0,
    "ndcg@1": 0.0,
    "p@5": 0.0,
    "r@5": 0.0,
    "ndcg@5": 0.0,
    "p@10": 0.0,
    "r@10": 0.0,
    "ndcg@10": 0.0,
    "p@15": 0.06666666666666667,
    "r@15": 1.0,
    "ndcg@15": 0.25
  },
  "retrieved": [
    757,
    1861,
    10488,
    2629,
    788,
    9972,
    2194,
    2195,
    243,
    8995,
    1623,
    4629,
    4085,
    6556,
    10489
  ],
  "ground_truth": [
    10489
  ]
}