{
  "qid": 32456,
  "query": "Hiện nay có bao nhiêu hình thức thăng hạng chức danh nghề nghiệp giáo viên?",
  "metrics": {
    "mrr": 0.14285714285714285,
    "map": 0.07142857142857142,
    "p@1": 0.0,
    "r@1": 0.0,
    "ndcg@1": 0.0,
    "p@5": 0.0,
    "r@5": 0.0,
    "ndcg@5": 0.0,
    "p@10": 0.1,
    "r@10": 0.5,
    "ndcg@10": 0.20438239758848611
  },
  "retrieved": [
    14244,
    6925,
    14241,
    1534,
    6926,
    3878,
    14236,
    6924,
    3872,
    8733
  ]
}