{
  "qid": 32684,
  "query": "Mọi người có bắt buộc phải tham gia một tín ngưỡng, tôn giáo nào đó không?",
  "metrics": {
    "mrr": 0.125,
    "map": 0.125,
    "p@1": 0.0,
    "r@1": 0.0,
    "ndcg@1": 0.0,
    "p@5": 0.0,
    "r@5": 0.0,
    "ndcg@5": 0.0,
    "p@10": 0.1,
    "r@10": 1.0,
    "ndcg@10": 0.31546487678572877,
    "p@15": 0.06666666666666667,
    "r@15": 1.0,
    "ndcg@15": 0.31546487678572877
  },
  "retrieved": [
    2190,
    2134,
    2192,
    2139,
    2135,
    2131,
    2133,
    2136,
    2180,
    2191,
    2184,
    2132,
    2186,
    2183,
    2138
  ],
  "ground_truth": [
    2136
  ]
}