{
  "qid": 32958,
  "query": "Hội nghị hội thảo quốc tế thuộc thẩm quyền cho phép của Thủ tướng Chính phủ, người có thẩm quyền có trách nhiệm gì?",
  "metrics": {
    "mrr": 0.2,
    "map": 0.2,
    "p@1": 0.0,
    "r@1": 0.0,
    "ndcg@1": 0.0,
    "p@5": 0.2,
    "r@5": 1.0,
    "ndcg@5": 0.38685280723454163,
    "p@10": 0.1,
    "r@10": 1.0,
    "ndcg@10": 0.38685280723454163
  },
  "retrieved": [
    6829,
    6832,
    6828,
    6827,
    6830,
    6834,
    6826,
    6833,
    6831,
    12179
  ]
}