{
  "qid": 33019,
  "query": "Người bao nhiêu tuổi thì được mở tài khoản thanh toán tại ngân hàng nhà nước?",
  "metrics": {
    "mrr": 0.5,
    "map": 0.5,
    "p@1": 0.0,
    "r@1": 0.0,
    "ndcg@1": 0.0,
    "p@5": 0.2,
    "r@5": 1.0,
    "ndcg@5": 0.6309297535714575,
    "p@10": 0.1,
    "r@10": 1.0,
    "ndcg@10": 0.6309297535714575,
    "p@15": 0.06666666666666667,
    "r@15": 1.0,
    "ndcg@15": 0.6309297535714575
  },
  "retrieved": [
    10439,
    10441,
    10440,
    10435,
    10445,
    5092,
    6126,
    5747,
    10457,
    5077,
    12116,
    10442,
    8535,
    5055,
    10443
  ],
  "ground_truth": [
    10441
  ]
}