{
  "qid": 33033,
  "query": "Dược sĩ cao cấp được áp dụng hệ số lương viên chức loại mấy?",
  "metrics": {
    "mrr": 0.2,
    "map": 0.2,
    "p@1": 0.0,
    "r@1": 0.0,
    "ndcg@1": 0.0,
    "p@5": 0.2,
    "r@5": 1.0,
    "ndcg@5": 0.38685280723454163,
    "p@10": 0.1,
    "r@10": 1.0,
    "ndcg@10": 0.38685280723454163,
    "p@15": 0.06666666666666667,
    "r@15": 1.0,
    "ndcg@15": 0.38685280723454163
  },
  "retrieved": [
    13866,
    5833,
    7562,
    8612,
    1536,
    2371,
    8457,
    4660,
    6460,
    7726,
    14492,
    7563,
    8793,
    4658,
    7561
  ],
  "ground_truth": [
    1536
  ]
}