{
  "qid": 33187,
  "query": "Thẩm quyền phê duyệt phương án trục vớt tài sản chìm đắm và quyết định tổ chức trục vớt thuộc về cơ quan nào?",
  "metrics": {
    "mrr": 0.3333333333333333,
    "map": 0.3333333333333333,
    "p@1": 0.0,
    "r@1": 0.0,
    "ndcg@1": 0.0,
    "p@5": 0.2,
    "r@5": 1.0,
    "ndcg@5": 0.5,
    "p@10": 0.1,
    "r@10": 1.0,
    "ndcg@10": 0.5,
    "p@15": 0.06666666666666667,
    "r@15": 1.0,
    "ndcg@15": 0.5
  },
  "retrieved": [
    5223,
    5202,
    5205,
    5207,
    5206,
    5203,
    5204,
    5198,
    5218,
    5221,
    5217,
    5210,
    5212,
    5213,
    5201
  ],
  "ground_truth": [
    5205
  ]
}