{
  "qid": 33404,
  "query": "Việc áp dụng biện pháp cấm xuất khẩu, cấm nhập khẩu được thực hiện như thế nào?",
  "metrics": {
    "mrr": 0.5,
    "map": 0.5,
    "p@1": 0.0,
    "r@1": 0.0,
    "ndcg@1": 0.0,
    "p@5": 0.2,
    "r@5": 1.0,
    "ndcg@5": 0.6309297535714575,
    "p@10": 0.1,
    "r@10": 1.0,
    "ndcg@10": 0.6309297535714575,
    "p@15": 0.06666666666666667,
    "r@15": 1.0,
    "ndcg@15": 0.6309297535714575
  },
  "retrieved": [
    5233,
    5232,
    5252,
    14303,
    14304,
    8036,
    5246,
    5249,
    14305,
    10428,
    5247,
    5235,
    5272,
    5230,
    5248
  ],
  "ground_truth": [
    5232
  ]
}