{
  "qid": 33852,
  "query": "Thời hạn áp dụng biện pháp điều tra tố tụng đặc biệt trong vụ án hình sự được quy định ra sao?",
  "metrics": {
    "mrr": 0.25,
    "map": 0.25,
    "p@1": 0.0,
    "r@1": 0.0,
    "ndcg@1": 0.0,
    "p@5": 0.2,
    "r@5": 1.0,
    "ndcg@5": 0.43067655807339306,
    "p@10": 0.1,
    "r@10": 1.0,
    "ndcg@10": 0.43067655807339306
  },
  "retrieved": [
    10704,
    10705,
    10646,
    10703,
    10702,
    10700,
    10976,
    10919,
    10631,
    10713
  ]
}