{
  "qid": 33892,
  "query": "Khách du lịch mua chương trình du lịch thông qua đại lý lữ hành thì hợp đồng lữ hành được giao kết bởi ai?",
  "metrics": {
    "mrr": 0.5,
    "map": 0.5,
    "p@1": 0.0,
    "r@1": 0.0,
    "ndcg@1": 0.0,
    "p@5": 0.2,
    "r@5": 1.0,
    "ndcg@5": 0.6309297535714575,
    "p@10": 0.1,
    "r@10": 1.0,
    "ndcg@10": 0.6309297535714575,
    "p@15": 0.06666666666666667,
    "r@15": 1.0,
    "ndcg@15": 0.6309297535714575
  },
  "retrieved": [
    9785,
    9783,
    9786,
    9782,
    9784,
    9780,
    6609,
    9773,
    9775,
    9774,
    9808,
    6607,
    9752,
    9777,
    9779
  ],
  "ground_truth": [
    9783
  ]
}