{
  "qid": 33986,
  "query": "Hồ sơ hải quan đối với tàu hỏa nhập cảnh tại ga đường sắt liên vận quốc tế ở biên giới bao gồm những giấy tờ gì?",
  "metrics": {
    "mrr": 0.25,
    "map": 0.25,
    "p@1": 0.0,
    "r@1": 0.0,
    "ndcg@1": 0.0,
    "p@5": 0.2,
    "r@5": 1.0,
    "ndcg@5": 0.43067655807339306,
    "p@10": 0.1,
    "r@10": 1.0,
    "ndcg@10": 0.43067655807339306
  },
  "retrieved": [
    467,
    8380,
    8378,
    8376,
    8379,
    10371,
    13700,
    9674,
    10385,
    10338
  ]
}