{
  "qid": 34011,
  "query": "Có thể đăng ký khai tử cho người chết đã lâu không có Giấy báo tử không?",
  "metrics": {
    "mrr": 0.3333333333333333,
    "map": 0.3333333333333333,
    "p@1": 0.0,
    "r@1": 0.0,
    "ndcg@1": 0.0,
    "p@5": 0.2,
    "r@5": 1.0,
    "ndcg@5": 0.5,
    "p@10": 0.1,
    "r@10": 1.0,
    "ndcg@10": 0.5
  },
  "retrieved": [
    2267,
    4587,
    4566,
    4577,
    4570,
    117,
    12764,
    2269,
    4554,
    11222
  ]
}