{
  "qid": 3419,
  "query": "Việc bổ nhiệm chức danh nghề nghiệp đối với viên chức chuyên ngành công tác xã hội thực hiện theo nguyên tắc nào?",
  "metrics": {
    "mrr": 0.09090909090909091,
    "map": 0.09090909090909091,
    "p@1": 0.0,
    "r@1": 0.0,
    "ndcg@1": 0.0,
    "p@5": 0.0,
    "r@5": 0.0,
    "ndcg@5": 0.0,
    "p@10": 0.0,
    "r@10": 0.0,
    "ndcg@10": 0.0,
    "p@15": 0.06666666666666667,
    "r@15": 1.0,
    "ndcg@15": 0.27894294565112987
  },
  "retrieved": [
    14271,
    3467,
    14209,
    14269,
    9582,
    7785,
    14236,
    14235,
    6463,
    14210,
    6458,
    14237,
    14249,
    6925,
    6924
  ],
  "ground_truth": [
    6458
  ]
}