{
  "qid": 34237,
  "query": "Công tác bảo trì công trình hàng hải được thực hiện theo trình tự như thế nào?",
  "metrics": {
    "mrr": 0.5,
    "map": 0.5,
    "p@1": 0.0,
    "r@1": 0.0,
    "ndcg@1": 0.0,
    "p@5": 0.2,
    "r@5": 1.0,
    "ndcg@5": 0.6309297535714575,
    "p@10": 0.1,
    "r@10": 1.0,
    "ndcg@10": 0.6309297535714575,
    "p@15": 0.06666666666666667,
    "r@15": 1.0,
    "ndcg@15": 0.6309297535714575
  },
  "retrieved": [
    7789,
    6899,
    3414,
    3419,
    6900,
    6902,
    6901,
    6903,
    6904,
    3418,
    6775,
    6776,
    3415,
    6770,
    3413
  ],
  "ground_truth": [
    6899
  ]
}