{
  "qid": 3430,
  "query": "Để xin cấp Giấy phép hoạt động cung ứng dịch vụ trung gian thanh toán thì cần chuẩn bị bao nhiêu bộ hồ sơ?",
  "metrics": {
    "mrr": 0.125,
    "map": 0.125,
    "p@1": 0.0,
    "r@1": 0.0,
    "ndcg@1": 0.0,
    "p@5": 0.0,
    "r@5": 0.0,
    "ndcg@5": 0.0,
    "p@10": 0.1,
    "r@10": 1.0,
    "ndcg@10": 0.31546487678572877,
    "p@15": 0.06666666666666667,
    "r@15": 1.0,
    "ndcg@15": 0.31546487678572877
  },
  "retrieved": [
    10446,
    10452,
    10433,
    10451,
    10453,
    10448,
    10449,
    10447,
    10454,
    10435,
    10432,
    10445,
    10437,
    10456,
    10442
  ],
  "ground_truth": [
    10447
  ]
}