{
  "qid": 34334,
  "query": "Chứa chấp tài sản do người khác phạm tội mà có thì cơ quan công an có được thực hiện lệnh khám xét nơi ở hay không?",
  "metrics": {
    "mrr": 0.16666666666666666,
    "map": 0.16666666666666666,
    "p@1": 0.0,
    "r@1": 0.0,
    "ndcg@1": 0.0,
    "p@5": 0.0,
    "r@5": 0.0,
    "ndcg@5": 0.0,
    "p@10": 0.1,
    "r@10": 1.0,
    "ndcg@10": 0.3562071871080222,
    "p@15": 0.06666666666666667,
    "r@15": 1.0,
    "ndcg@15": 0.3562071871080222
  },
  "retrieved": [
    10671,
    10670,
    10672,
    9239,
    10677,
    10669,
    9240,
    9241,
    10975,
    10497,
    5210,
    10675,
    10562,
    5208,
    5209
  ],
  "ground_truth": [
    10669
  ]
}