{
  "qid": 34480,
  "query": "Người lao động bị công ty sa thải có được hưởng bảo hiểm xã hội một lần không?",
  "metrics": {
    "mrr": 0.25,
    "map": 0.25,
    "p@1": 0.0,
    "r@1": 0.0,
    "ndcg@1": 0.0,
    "p@5": 0.2,
    "r@5": 1.0,
    "ndcg@5": 0.43067655807339306,
    "p@10": 0.1,
    "r@10": 1.0,
    "ndcg@10": 0.43067655807339306
  },
  "retrieved": [
    11844,
    11859,
    797,
    14094,
    11858,
    14110,
    793,
    11871,
    11865,
    8438
  ]
}