{
  "qid": 34773,
  "query": "Thời gian tổ chức chúc thọ cho người cao tuổi khi đủ 100 tuổi là khi nào?",
  "metrics": {
    "mrr": 0.5,
    "map": 0.5,
    "p@1": 0.0,
    "r@1": 0.0,
    "ndcg@1": 0.0,
    "p@5": 0.2,
    "r@5": 1.0,
    "ndcg@5": 0.6309297535714575,
    "p@10": 0.1,
    "r@10": 1.0,
    "ndcg@10": 0.6309297535714575,
    "p@15": 0.06666666666666667,
    "r@15": 1.0,
    "ndcg@15": 0.6309297535714575
  },
  "retrieved": [
    6048,
    6043,
    6037,
    6039,
    11576,
    6049,
    6040,
    6038,
    3409,
    1642,
    707,
    6042,
    4450,
    13043,
    13046
  ],
  "ground_truth": [
    6043
  ]
}