{
  "qid": 3482,
  "query": "Lãnh đạo Thông tấn xã Việt Nam là ai? Do ai bổ nhiệm và miễn nhiệm?",
  "metrics": {
    "mrr": 0.3333333333333333,
    "map": 0.3333333333333333,
    "p@1": 0.0,
    "r@1": 0.0,
    "ndcg@1": 0.0,
    "p@5": 0.2,
    "r@5": 1.0,
    "ndcg@5": 0.5,
    "p@10": 0.1,
    "r@10": 1.0,
    "ndcg@10": 0.5,
    "p@15": 0.06666666666666667,
    "r@15": 1.0,
    "ndcg@15": 0.5
  },
  "retrieved": [
    14766,
    14767,
    3423,
    14768,
    2398,
    2360,
    14256,
    2334,
    2335,
    2333,
    2342,
    14263,
    2357,
    14262,
    8940
  ],
  "ground_truth": [
    3423
  ]
}