{
  "qid": 34936,
  "query": "Thủy thủ trực ca tàu biển Việt Nam cần đáp ứng những tiêu chuẩn chuyên môn gì?",
  "metrics": {
    "mrr": 0.5,
    "map": 0.5,
    "p@1": 0.0,
    "r@1": 0.0,
    "ndcg@1": 0.0,
    "p@5": 0.2,
    "r@5": 1.0,
    "ndcg@5": 0.6309297535714575,
    "p@10": 0.1,
    "r@10": 1.0,
    "ndcg@10": 0.6309297535714575,
    "p@15": 0.06666666666666667,
    "r@15": 1.0,
    "ndcg@15": 0.6309297535714575
  },
  "retrieved": [
    3752,
    3726,
    11201,
    3727,
    7678,
    7661,
    7662,
    13610,
    3756,
    13937,
    3772,
    13953,
    11208,
    3717,
    7670
  ],
  "ground_truth": [
    3726
  ]
}