{
  "qid": 35007,
  "query": "Cơ sở giáo dục phổ thông, cơ sở giáo dục thường xuyên thì ứng xử của người học được quy định như thế nào?",
  "metrics": {
    "mrr": 0.3333333333333333,
    "map": 0.3333333333333333,
    "p@1": 0.0,
    "r@1": 0.0,
    "ndcg@1": 0.0,
    "p@5": 0.2,
    "r@5": 1.0,
    "ndcg@5": 0.5,
    "p@10": 0.1,
    "r@10": 1.0,
    "ndcg@10": 0.5,
    "p@15": 0.06666666666666667,
    "r@15": 1.0,
    "ndcg@15": 0.5
  },
  "retrieved": [
    4553,
    6763,
    6758,
    4619,
    307,
    6753,
    6751,
    4545,
    6762,
    5968,
    9727,
    4552,
    4132,
    3427,
    4603
  ],
  "ground_truth": [
    6758
  ]
}