{
  "qid": 35028,
  "query": "Quá trình sản xuất, kinh doanh tiền chất công nghiệp cần đáp ứng yêu cầu gì đối với công nghệ, thiết bị, dụng cụ, bao bì?",
  "metrics": {
    "mrr": 0.09090909090909091,
    "map": 0.09090909090909091,
    "p@1": 0.0,
    "r@1": 0.0,
    "ndcg@1": 0.0,
    "p@5": 0.0,
    "r@5": 0.0,
    "ndcg@5": 0.0,
    "p@10": 0.0,
    "r@10": 0.0,
    "ndcg@10": 0.0,
    "p@15": 0.06666666666666667,
    "r@15": 1.0,
    "ndcg@15": 0.27894294565112987
  },
  "retrieved": [
    13901,
    13893,
    13905,
    13904,
    13531,
    4692,
    13918,
    13537,
    1067,
    13533,
    13895,
    13538,
    4315,
    8096,
    13898
  ],
  "ground_truth": [
    13895
  ]
}