{
  "qid": 35090,
  "query": "Điều kiện tập thể Viện Kiểm sát nhân dân nộp hồ sơ đề nghị tặng Bằng khen của Thủ tướng Chính phủ năm 2023 là gì?",
  "metrics": {
    "mrr": 0.25,
    "map": 0.25,
    "p@1": 0.0,
    "r@1": 0.0,
    "ndcg@1": 0.0,
    "p@5": 0.2,
    "r@5": 1.0,
    "ndcg@5": 0.43067655807339306,
    "p@10": 0.1,
    "r@10": 1.0,
    "ndcg@10": 0.43067655807339306
  },
  "retrieved": [
    8762,
    1154,
    1318,
    1341,
    981,
    5606,
    1156,
    2103,
    10035,
    8760
  ]
}