{
  "qid": 35092,
  "query": "Hồ sơ đề nghị tặng Bằng khen của Thủ tướng Chính phủ năm 2023 của tập thể Viện Kiểm sát nhân dân gồm gì?",
  "metrics": {
    "mrr": 0.08333333333333333,
    "map": 0.08333333333333333,
    "p@1": 0.0,
    "r@1": 0.0,
    "ndcg@1": 0.0,
    "p@5": 0.0,
    "r@5": 0.0,
    "ndcg@5": 0.0,
    "p@10": 0.0,
    "r@10": 0.0,
    "ndcg@10": 0.0,
    "p@15": 0.06666666666666667,
    "r@15": 1.0,
    "ndcg@15": 0.27023815442731974
  },
  "retrieved": [
    8762,
    1154,
    1318,
    1341,
    981,
    5606,
    1156,
    2103,
    10035,
    8760,
    1336,
    1363,
    7692,
    2104,
    10031
  ],
  "ground_truth": [
    1363
  ]
}