{
  "qid": 351,
  "query": "Cá nhân phải đáp ứng những tiêu chuẩn gì để được xét tặng danh hiệu Chiến sĩ thi đua toàn quốc?",
  "metrics": {
    "mrr": 0.2,
    "map": 0.2,
    "p@1": 0.0,
    "r@1": 0.0,
    "ndcg@1": 0.0,
    "p@5": 0.2,
    "r@5": 1.0,
    "ndcg@5": 0.38685280723454163,
    "p@10": 0.1,
    "r@10": 1.0,
    "ndcg@10": 0.38685280723454163,
    "p@15": 0.06666666666666667,
    "r@15": 1.0,
    "ndcg@15": 0.38685280723454163
  },
  "retrieved": [
    7688,
    8748,
    1145,
    10027,
    8845,
    1144,
    6300,
    7852,
    8844,
    5588,
    3477,
    5589,
    7851,
    8843,
    1141
  ],
  "ground_truth": [
    8845
  ]
}