{
  "qid": 352,
  "query": "Cơ quan nào có thẩm quyền quyết định việc tặng danh hiệu Chiến sĩ thi đua toàn quốc?",
  "metrics": {
    "mrr": 0.09090909090909091,
    "map": 0.09090909090909091,
    "p@1": 0.0,
    "r@1": 0.0,
    "ndcg@1": 0.0,
    "p@5": 0.0,
    "r@5": 0.0,
    "ndcg@5": 0.0,
    "p@10": 0.0,
    "r@10": 0.0,
    "ndcg@10": 0.0,
    "p@15": 0.06666666666666667,
    "r@15": 1.0,
    "ndcg@15": 0.27894294565112987
  },
  "retrieved": [
    7688,
    8748,
    10027,
    1145,
    8845,
    6300,
    5588,
    7852,
    981,
    6286,
    8862,
    1144,
    10036,
    2100,
    10026
  ],
  "ground_truth": [
    8862
  ]
}