{
  "qid": 35213,
  "query": "Chỉ tốt nghiệp cao đẳng thì có được trở thành giáo viên tiểu học công lập không?",
  "metrics": {
    "mrr": 0.5,
    "map": 0.5,
    "p@1": 0.0,
    "r@1": 0.0,
    "ndcg@1": 0.0,
    "p@5": 0.2,
    "r@5": 1.0,
    "ndcg@5": 0.6309297535714575,
    "p@10": 0.1,
    "r@10": 1.0,
    "ndcg@10": 0.6309297535714575,
    "p@15": 0.06666666666666667,
    "r@15": 1.0,
    "ndcg@15": 0.6309297535714575
  },
  "retrieved": [
    2814,
    2815,
    2820,
    1538,
    2817,
    1537,
    914,
    9869,
    9867,
    14380,
    9852,
    9868,
    14382,
    488,
    5970
  ],
  "ground_truth": [
    2815
  ]
}