{
  "qid": 35443,
  "query": "Việc phục hồi danh dự cho người bị thiệt hại trong hoạt động tố tụng hình sự được thực hiện bằng các hình thức nào?",
  "metrics": {
    "mrr": 0.3333333333333333,
    "map": 0.3333333333333333,
    "p@1": 0.0,
    "r@1": 0.0,
    "ndcg@1": 0.0,
    "p@5": 0.2,
    "r@5": 1.0,
    "ndcg@5": 0.5,
    "p@10": 0.1,
    "r@10": 1.0,
    "ndcg@10": 0.5,
    "p@15": 0.06666666666666667,
    "r@15": 1.0,
    "ndcg@15": 0.5
  },
  "retrieved": [
    12723,
    12749,
    12748,
    10508,
    12701,
    1400,
    12747,
    12724,
    1415,
    3115,
    11378,
    12751,
    12693,
    12719,
    1414
  ],
  "ground_truth": [
    12748
  ]
}