{
  "qid": 35540,
  "query": "Nghĩa vụ của khách du lịch là gì?",
  "metrics": {
    "mrr": 0.06666666666666667,
    "map": 0.06666666666666667,
    "p@1": 0.0,
    "r@1": 0.0,
    "ndcg@1": 0.0,
    "p@5": 0.0,
    "r@5": 0.0,
    "ndcg@5": 0.0,
    "p@10": 0.0,
    "r@10": 0.0,
    "ndcg@10": 0.0,
    "p@15": 0.06666666666666667,
    "r@15": 1.0,
    "ndcg@15": 0.25
  },
  "retrieved": [
    9744,
    9746,
    9816,
    9808,
    9818,
    9768,
    6622,
    6608,
    9748,
    9780,
    9756,
    6610,
    9791,
    9754,
    9755
  ],
  "ground_truth": [
    9755
  ]
}