{
  "qid": 3555,
  "query": "Xuất bản xuất bản phẩm gây mất đoàn kết dân tộc thì nhà xuất bản bị xử phạt vi phạm hành chính thế nào?",
  "metrics": {
    "mrr": 0.3333333333333333,
    "map": 0.3333333333333333,
    "p@1": 0.0,
    "r@1": 0.0,
    "ndcg@1": 0.0,
    "p@5": 0.2,
    "r@5": 1.0,
    "ndcg@5": 0.5,
    "p@10": 0.1,
    "r@10": 1.0,
    "ndcg@10": 0.5
  },
  "retrieved": [
    1459,
    14924,
    14925,
    1463,
    14903,
    1475,
    14932,
    14923,
    7737,
    1460
  ]
}