{
  "qid": 35565,
  "query": "Tập thể được khen thưởng trong Quân đội nhân dân có các nghĩa vụ gì?",
  "metrics": {
    "mrr": 0.14285714285714285,
    "map": 0.14285714285714285,
    "p@1": 0.0,
    "r@1": 0.0,
    "ndcg@1": 0.0,
    "p@5": 0.0,
    "r@5": 0.0,
    "ndcg@5": 0.0,
    "p@10": 0.1,
    "r@10": 1.0,
    "ndcg@10": 0.3333333333333333,
    "p@15": 0.06666666666666667,
    "r@15": 1.0,
    "ndcg@15": 0.3333333333333333
  },
  "retrieved": [
    10046,
    1134,
    7721,
    5583,
    5585,
    10015,
    1373,
    3471,
    7682,
    1358,
    6312,
    6311,
    6285,
    5650,
    1150
  ],
  "ground_truth": [
    1373
  ]
}