{
  "qid": 35568,
  "query": "Những loại giấy tờ, tài liệu không được hợp pháp hóa lãnh sự được quy định ra sao?",
  "metrics": {
    "mrr": 0.16666666666666666,
    "map": 0.16666666666666666,
    "p@1": 0.0,
    "r@1": 0.0,
    "ndcg@1": 0.0,
    "p@5": 0.0,
    "r@5": 0.0,
    "ndcg@5": 0.0,
    "p@10": 0.1,
    "r@10": 1.0,
    "ndcg@10": 0.3562071871080222,
    "p@15": 0.06666666666666667,
    "r@15": 1.0,
    "ndcg@15": 0.3562071871080222
  },
  "retrieved": [
    13512,
    13500,
    13495,
    156,
    13507,
    13501,
    155,
    13508,
    13497,
    13492,
    154,
    13511,
    13509,
    148,
    7962
  ],
  "ground_truth": [
    13501
  ]
}