{
  "qid": 35725,
  "query": "Trước khi mở phiên tòa sơ thẩm thì Thẩm phán phải giải quyết được các yêu cầu nào?",
  "metrics": {
    "mrr": 0.2,
    "map": 0.2,
    "p@1": 0.0,
    "r@1": 0.0,
    "ndcg@1": 0.0,
    "p@5": 0.2,
    "r@5": 1.0,
    "ndcg@5": 0.38685280723454163,
    "p@10": 0.1,
    "r@10": 1.0,
    "ndcg@10": 0.38685280723454163,
    "p@15": 0.06666666666666667,
    "r@15": 1.0,
    "ndcg@15": 0.38685280723454163
  },
  "retrieved": [
    10931,
    10774,
    10764,
    10735,
    10756,
    10782,
    10530,
    10778,
    10765,
    10829,
    10831,
    10859,
    10935,
    10858,
    10863
  ],
  "ground_truth": [
    10756
  ]
}