{
  "qid": 35738,
  "query": "Đối tượng kế toán thuộc một số hoạt động được quy định như thế nào?",
  "metrics": {
    "mrr": 0.2,
    "map": 0.2,
    "p@1": 0.0,
    "r@1": 0.0,
    "ndcg@1": 0.0,
    "p@5": 0.2,
    "r@5": 1.0,
    "ndcg@5": 0.38685280723454163,
    "p@10": 0.1,
    "r@10": 1.0,
    "ndcg@10": 0.38685280723454163,
    "p@15": 0.06666666666666667,
    "r@15": 1.0,
    "ndcg@15": 0.38685280723454163
  },
  "retrieved": [
    2844,
    2902,
    2853,
    2847,
    2852,
    2893,
    2869,
    2848,
    2892,
    9147,
    2857,
    2890,
    2879,
    2901,
    2891
  ],
  "ground_truth": [
    2852
  ]
}