{
  "qid": 35736,
  "query": "Kế toán đơn vị hành chính sự nghiệp có được phép thực hiện hoạt động thu khoản thu bằng tiền mặt không?",
  "metrics": {
    "mrr": 0.07692307692307693,
    "map": 0.07692307692307693,
    "p@1": 0.0,
    "r@1": 0.0,
    "ndcg@1": 0.0,
    "p@5": 0.0,
    "r@5": 0.0,
    "ndcg@5": 0.0,
    "p@10": 0.0,
    "r@10": 0.0,
    "ndcg@10": 0.0,
    "p@15": 0.06666666666666667,
    "r@15": 1.0,
    "ndcg@15": 0.26264953503719357
  },
  "retrieved": [
    375,
    2852,
    5748,
    2875,
    5764,
    10472,
    5793,
    2844,
    2902,
    5767,
    378,
    2853,
    2848,
    2847,
    9147
  ],
  "ground_truth": [
    2848
  ]
}