{
  "qid": 35788,
  "query": "Ai có trách nhiệm thực hiện báo cáo, thẩm tra báo cáo về thi hành án dân sự?",
  "metrics": {
    "mrr": 0.125,
    "map": 0.125,
    "p@1": 0.0,
    "r@1": 0.0,
    "ndcg@1": 0.0,
    "p@5": 0.0,
    "r@5": 0.0,
    "ndcg@5": 0.0,
    "p@10": 0.1,
    "r@10": 1.0,
    "ndcg@10": 0.31546487678572877,
    "p@15": 0.06666666666666667,
    "r@15": 1.0,
    "ndcg@15": 0.31546487678572877
  },
  "retrieved": [
    843,
    6807,
    842,
    6794,
    6800,
    819,
    6795,
    845,
    2315,
    946,
    2226,
    6805,
    6806,
    6796,
    825
  ],
  "ground_truth": [
    845
  ]
}