{
  "qid": 35997,
  "query": "Thời hạn giữ chức vụ quản lý trong các đơn vị sự nghiệp của bộ y tế cho mỗi lần bổ nhiệm là bao lâu?",
  "metrics": {
    "mrr": 0.5,
    "map": 0.5,
    "p@1": 0.0,
    "r@1": 0.0,
    "ndcg@1": 0.0,
    "p@5": 0.2,
    "r@5": 1.0,
    "ndcg@5": 0.6309297535714575,
    "p@10": 0.1,
    "r@10": 1.0,
    "ndcg@10": 0.6309297535714575
  },
  "retrieved": [
    2334,
    14250,
    14256,
    14251,
    2335,
    14254,
    2357,
    670,
    14257,
    8919
  ]
}