{
  "qid": 36103,
  "query": "Cơ quan điều tra có được giữ đồ vật khi khám xét chỗ ở hay không?",
  "metrics": {
    "mrr": 0.3333333333333333,
    "map": 0.3333333333333333,
    "p@1": 0.0,
    "r@1": 0.0,
    "ndcg@1": 0.0,
    "p@5": 0.2,
    "r@5": 1.0,
    "ndcg@5": 0.5,
    "p@10": 0.1,
    "r@10": 1.0,
    "ndcg@10": 0.5,
    "p@15": 0.06666666666666667,
    "r@15": 1.0,
    "ndcg@15": 0.5
  },
  "retrieved": [
    10671,
    10672,
    10675,
    10670,
    10669,
    5293,
    10643,
    10640,
    10962,
    10711,
    10651,
    10709,
    10513,
    12850,
    12859
  ],
  "ground_truth": [
    10675
  ]
}