{
  "qid": 3620,
  "query": "Có bao nhiêu loại báo cáo công tác dân tộc và yêu cầu của từng loại báo cáo là gì?",
  "metrics": {
    "mrr": 0.3333333333333333,
    "map": 0.23333333333333334,
    "p@1": 0.0,
    "r@1": 0.0,
    "ndcg@1": 0.0,
    "p@5": 0.2,
    "r@5": 0.5,
    "ndcg@5": 0.3065735963827292,
    "p@10": 0.1,
    "r@10": 0.5,
    "ndcg@10": 0.3065735963827292,
    "p@15": 0.13333333333333333,
    "r@15": 1.0,
    "ndcg@15": 0.4598603945740938
  },
  "retrieved": [
    1303,
    1316,
    1304,
    1314,
    1312,
    4759,
    4758,
    4760,
    4761,
    1309,
    4762,
    1308,
    2527,
    2526,
    1305
  ],
  "ground_truth": [
    1304,
    1305
  ]
}