{
  "qid": 36258,
  "query": "Đoàn thanh tra chuyên ngành đối với cơ sở giáo dục thường xuyên được tiến hành trong bao lâu?",
  "metrics": {
    "mrr": 0.2,
    "map": 0.2,
    "p@1": 0.0,
    "r@1": 0.0,
    "ndcg@1": 0.0,
    "p@5": 0.2,
    "r@5": 1.0,
    "ndcg@5": 0.38685280723454163,
    "p@10": 0.1,
    "r@10": 1.0,
    "ndcg@10": 0.38685280723454163,
    "p@15": 0.06666666666666667,
    "r@15": 1.0,
    "ndcg@15": 0.38685280723454163
  },
  "retrieved": [
    7003,
    5113,
    4986,
    7017,
    7016,
    4949,
    7019,
    4950,
    4967,
    5116,
    7002,
    4981,
    5110,
    4835,
    5117
  ],
  "ground_truth": [
    7016
  ]
}