{
  "qid": 36355,
  "query": "Phụ cấp trách nhiệm đối với kế toán viên của các đơn vị kế toán trong lĩnh vực kế toán nhà nước được quy định như thế nào?",
  "metrics": {
    "mrr": 0.16666666666666666,
    "map": 0.16666666666666666,
    "p@1": 0.0,
    "r@1": 0.0,
    "ndcg@1": 0.0,
    "p@5": 0.0,
    "r@5": 0.0,
    "ndcg@5": 0.0,
    "p@10": 0.1,
    "r@10": 1.0,
    "ndcg@10": 0.3562071871080222,
    "p@15": 0.06666666666666667,
    "r@15": 1.0,
    "ndcg@15": 0.3562071871080222
  },
  "retrieved": [
    9143,
    9146,
    9145,
    4388,
    9144,
    4398,
    9142,
    2847,
    9147,
    2853,
    2893,
    2844,
    2859,
    2902,
    2892
  ],
  "ground_truth": [
    4398
  ]
}