{
  "qid": 36356,
  "query": "Thủ tục, thời điểm bổ nhiệm kế toán trưởng tại các đơn vị kế toán trong lĩnh vực kế toán nhà nước được quy định như thế nào?",
  "metrics": {
    "mrr": 0.3333333333333333,
    "map": 0.3333333333333333,
    "p@1": 0.0,
    "r@1": 0.0,
    "ndcg@1": 0.0,
    "p@5": 0.2,
    "r@5": 1.0,
    "ndcg@5": 0.5,
    "p@10": 0.1,
    "r@10": 1.0,
    "ndcg@10": 0.5
  },
  "retrieved": [
    4388,
    2895,
    4394,
    2897,
    4395,
    2891,
    4399,
    4393,
    2892,
    4392
  ]
}