{
  "qid": 36391,
  "query": "Cơ sở khám chữa bệnh để được ký hợp đồng đào tạo thực hành đối với khối ngành sức khỏe cần đáp ứng điều kiện gì?",
  "metrics": {
    "mrr": 0.2,
    "map": 0.2,
    "p@1": 0.0,
    "r@1": 0.0,
    "ndcg@1": 0.0,
    "p@5": 0.2,
    "r@5": 1.0,
    "ndcg@5": 0.38685280723454163,
    "p@10": 0.1,
    "r@10": 1.0,
    "ndcg@10": 0.38685280723454163
  },
  "retrieved": [
    13619,
    13624,
    13620,
    13636,
    13629,
    13628,
    13630,
    13621,
    13631,
    13625
  ]
}