{
  "qid": 36696,
  "query": "Trong chi phí cưỡng chế thi hành quyết định xử phạt vi phạm hành chính có các khoản chi nào?",
  "metrics": {
    "mrr": 0.16666666666666666,
    "map": 0.16666666666666666,
    "p@1": 0.0,
    "r@1": 0.0,
    "ndcg@1": 0.0,
    "p@5": 0.0,
    "r@5": 0.0,
    "ndcg@5": 0.0,
    "p@10": 0.1,
    "r@10": 1.0,
    "ndcg@10": 0.3562071871080222
  },
  "retrieved": [
    5389,
    5394,
    5391,
    5393,
    5390,
    5392,
    3027,
    11129,
    11132,
    10380
  ]
}