{
  "qid": 36860,
  "query": "Nhân viên hàng không sẽ có những nhiệm vụ gì?",
  "metrics": {
    "mrr": 0.08333333333333333,
    "map": 0.08333333333333333,
    "p@1": 0.0,
    "r@1": 0.0,
    "ndcg@1": 0.0,
    "p@5": 0.0,
    "r@5": 0.0,
    "ndcg@5": 0.0,
    "p@10": 0.0,
    "r@10": 0.0,
    "ndcg@10": 0.0,
    "p@15": 0.06666666666666667,
    "r@15": 1.0,
    "ndcg@15": 0.27023815442731974
  },
  "retrieved": [
    12952,
    12957,
    12953,
    12972,
    12974,
    12959,
    12961,
    12965,
    12971,
    12963,
    12955,
    12958,
    5930,
    12962,
    7440
  ],
  "ground_truth": [
    12958
  ]
}