{
  "qid": 36923,
  "query": "Các chức danh nghề nghiệp đạo diễn nghệ thuật có hệ số lương bao nhiêu?",
  "metrics": {
    "mrr": 0.16666666666666666,
    "map": 0.16666666666666666,
    "p@1": 0.0,
    "r@1": 0.0,
    "ndcg@1": 0.0,
    "p@5": 0.0,
    "r@5": 0.0,
    "ndcg@5": 0.0,
    "p@10": 0.1,
    "r@10": 1.0,
    "ndcg@10": 0.3562071871080222
  },
  "retrieved": [
    12587,
    7562,
    8457,
    12588,
    6460,
    1536,
    8612,
    7561,
    6458,
    14237
  ]
}