{
  "qid": 36962,
  "query": "Tổ chức tôn giáo trực thuộc có địa bàn hoạt động ở nhiều tỉnh được công nhận khi đáp ứng những điều kiện gì?",
  "metrics": {
    "mrr": 0.1111111111111111,
    "map": 0.1111111111111111,
    "p@1": 0.0,
    "r@1": 0.0,
    "ndcg@1": 0.0,
    "p@5": 0.0,
    "r@5": 0.0,
    "ndcg@5": 0.0,
    "p@10": 0.1,
    "r@10": 1.0,
    "ndcg@10": 0.3010299956639812
  },
  "retrieved": [
    2152,
    2173,
    2161,
    2157,
    2160,
    2155,
    2153,
    2159,
    2146,
    2132
  ]
}