{
  "qid": 37,
  "query": "Trình tự cấp đổi Giấy chứng nhận đủ điều kiện sản xuất, lắp ráp ô tô như thế nào?",
  "metrics": {
    "mrr": 0.3333333333333333,
    "map": 0.3333333333333333,
    "p@1": 0.0,
    "r@1": 0.0,
    "ndcg@1": 0.0,
    "p@5": 0.2,
    "r@5": 1.0,
    "ndcg@5": 0.5,
    "p@10": 0.1,
    "r@10": 1.0,
    "ndcg@10": 0.5,
    "p@15": 0.06666666666666667,
    "r@15": 1.0,
    "ndcg@15": 0.5
  },
  "retrieved": [
    14340,
    14329,
    14336,
    14333,
    14335,
    14331,
    14334,
    14359,
    14330,
    14357,
    14341,
    14355,
    14332,
    14348,
    12264
  ],
  "ground_truth": [
    14336
  ]
}