{
  "qid": 370,
  "query": "Bất kỳ sản phẩm hữu cơ nào cũng được dán nhãn có ghi “100% hữu cơ” đúng không?",
  "metrics": {
    "mrr": 1.0,
    "map": 0.5,
    "p@1": 1.0,
    "r@1": 0.5,
    "ndcg@1": 1.0,
    "p@5": 0.2,
    "r@5": 0.5,
    "ndcg@5": 0.6131471927654584,
    "p@10": 0.1,
    "r@10": 0.5,
    "ndcg@10": 0.6131471927654584,
    "p@15": 0.06666666666666667,
    "r@15": 0.5,
    "ndcg@15": 0.6131471927654584
  },
  "retrieved": [
    12438,
    12430,
    12445,
    12440,
    12428,
    12441,
    12435,
    12442,
    12431,
    12439,
    12429,
    4293,
    12444,
    1100,
    4295
  ],
  "ground_truth": [
    12438,
    12432
  ]
}