{
  "qid": 37058,
  "query": "Chứng thực Giấy ủy quyền làm thủ tục chuyển nhượng quyền sử dụng đất?",
  "metrics": {
    "mrr": 0.25,
    "map": 0.25,
    "p@1": 0.0,
    "r@1": 0.0,
    "ndcg@1": 0.0,
    "p@5": 0.2,
    "r@5": 1.0,
    "ndcg@5": 0.43067655807339306,
    "p@10": 0.1,
    "r@10": 1.0,
    "ndcg@10": 0.43067655807339306
  },
  "retrieved": [
    1431,
    11117,
    11109,
    1441,
    11121,
    14672,
    11118,
    11116,
    11119,
    1591
  ]
}