{
  "qid": 37380,
  "query": "Hướng dẫn về ngành nghề cấm đầu tư kinh doanh hiện nay?",
  "metrics": {
    "mrr": 0.1,
    "map": 0.1,
    "p@1": 0.0,
    "r@1": 0.0,
    "ndcg@1": 0.0,
    "p@5": 0.0,
    "r@5": 0.0,
    "ndcg@5": 0.0,
    "p@10": 0.1,
    "r@10": 1.0,
    "ndcg@10": 0.2890648263178879,
    "p@15": 0.06666666666666667,
    "r@15": 1.0,
    "ndcg@15": 0.2890648263178879
  },
  "retrieved": [
    14711,
    14698,
    14709,
    14712,
    14753,
    14669,
    10428,
    7949,
    14726,
    14705,
    14706,
    3270,
    353,
    14742,
    14752
  ],
  "ground_truth": [
    14705
  ]
}