{
  "qid": 37455,
  "query": "Phiếu cân kiểm tra tải trọng xe chứa những thông tin gì?",
  "metrics": {
    "mrr": 0.2,
    "map": 0.2,
    "p@1": 0.0,
    "r@1": 0.0,
    "ndcg@1": 0.0,
    "p@5": 0.2,
    "r@5": 1.0,
    "ndcg@5": 0.38685280723454163,
    "p@10": 0.1,
    "r@10": 1.0,
    "ndcg@10": 0.38685280723454163,
    "p@15": 0.06666666666666667,
    "r@15": 1.0,
    "ndcg@15": 0.38685280723454163
  },
  "retrieved": [
    6553,
    6551,
    6552,
    6555,
    6550,
    6545,
    10331,
    6549,
    12820,
    13139,
    4465,
    12306,
    10303,
    12307,
    10304
  ],
  "ground_truth": [
    6550
  ]
}