{
  "qid": 37604,
  "query": "Hồ sơ yêu cầu bồi thường nhà nước tại cơ quan Thuế mới nhất năm 2023 gồm những giấy tờ, tài liệu gì?",
  "metrics": {
    "mrr": 0.25,
    "map": 0.25,
    "p@1": 0.0,
    "r@1": 0.0,
    "ndcg@1": 0.0,
    "p@5": 0.2,
    "r@5": 1.0,
    "ndcg@5": 0.43067655807339306,
    "p@10": 0.1,
    "r@10": 1.0,
    "ndcg@10": 0.43067655807339306
  },
  "retrieved": [
    11946,
    11439,
    12734,
    12733,
    12765,
    13339,
    14459,
    8880,
    12735,
    8886
  ]
}