{
  "qid": 37869,
  "query": "Chủ tịch nước quyết định ký kết điều ước quốc tế nhân danh cơ quan nào?",
  "metrics": {
    "mrr": 0.5,
    "map": 0.5,
    "p@1": 0.0,
    "r@1": 0.0,
    "ndcg@1": 0.0,
    "p@5": 0.2,
    "r@5": 1.0,
    "ndcg@5": 0.6309297535714575,
    "p@10": 0.1,
    "r@10": 1.0,
    "ndcg@10": 0.6309297535714575,
    "p@15": 0.06666666666666667,
    "r@15": 1.0,
    "ndcg@15": 0.6309297535714575
  },
  "retrieved": [
    12185,
    12172,
    12194,
    12238,
    12163,
    12233,
    12236,
    12209,
    12162,
    12210,
    12161,
    12173,
    12175,
    12211,
    12170
  ],
  "ground_truth": [
    12172
  ]
}