{
  "qid": 37871,
  "query": "Những loại Điều ước quốc tế nào do Chủ tịch nước có thẩm quyền quyết định gia nhập?",
  "metrics": {
    "mrr": 1.0,
    "map": 0.6,
    "p@1": 1.0,
    "r@1": 0.5,
    "ndcg@1": 1.0,
    "p@5": 0.2,
    "r@5": 0.5,
    "ndcg@5": 0.6131471927654584,
    "p@10": 0.2,
    "r@10": 1.0,
    "ndcg@10": 0.7903864795495061
  },
  "retrieved": [
    12200,
    12198,
    12201,
    12163,
    12172,
    12221,
    12203,
    12238,
    12233,
    12161
  ]
}