{
  "qid": 3806,
  "query": "Lễ kỷ niệm ngày truyền thống tổ chức ngoài trời của cơ quan nhà nước cấp tỉnh được tiến hành theo trình tự nào?",
  "metrics": {
    "mrr": 0.2,
    "map": 0.2,
    "p@1": 0.0,
    "r@1": 0.0,
    "ndcg@1": 0.0,
    "p@5": 0.2,
    "r@5": 1.0,
    "ndcg@5": 0.38685280723454163,
    "p@10": 0.1,
    "r@10": 1.0,
    "ndcg@10": 0.38685280723454163
  },
  "retrieved": [
    13648,
    13643,
    13655,
    13640,
    13652,
    13649,
    6662,
    13651,
    985,
    11780
  ]
}