{
  "qid": 38273,
  "query": "Nội dung quản lý đối tượng tiêm chủng và quy trình tiêm chủng được quy định như thế nào?",
  "metrics": {
    "mrr": 0.5,
    "map": 0.45,
    "p@1": 0.0,
    "r@1": 0.0,
    "ndcg@1": 0.0,
    "p@5": 0.4,
    "r@5": 1.0,
    "ndcg@5": 0.6240505200038379,
    "p@10": 0.2,
    "r@10": 1.0,
    "ndcg@10": 0.6240505200038379,
    "p@15": 0.13333333333333333,
    "r@15": 1.0,
    "ndcg@15": 0.6240505200038379
  },
  "retrieved": [
    11681,
    11661,
    11683,
    11682,
    11662,
    14550,
    11659,
    11660,
    11679,
    11667,
    11669,
    11671,
    11680,
    11668,
    11685
  ],
  "ground_truth": [
    11661,
    11662
  ]
}