{
  "qid": 38323,
  "query": "Hồ sơ đề nghị cấp Giấy chứng nhận đủ điều kiện kinh doanh casino cần chuẩn bị những giấy tờ gì?",
  "metrics": {
    "mrr": 0.16666666666666666,
    "map": 0.16666666666666666,
    "p@1": 0.0,
    "r@1": 0.0,
    "ndcg@1": 0.0,
    "p@5": 0.0,
    "r@5": 0.0,
    "ndcg@5": 0.0,
    "p@10": 0.1,
    "r@10": 1.0,
    "ndcg@10": 0.3562071871080222,
    "p@15": 0.06666666666666667,
    "r@15": 1.0,
    "ndcg@15": 0.3562071871080222
  },
  "retrieved": [
    3276,
    3274,
    3308,
    3273,
    3277,
    3271,
    3270,
    3250,
    3267,
    3307,
    12842,
    3305,
    3258,
    11981,
    3260
  ],
  "ground_truth": [
    3271
  ]
}