{
  "qid": 38511,
  "query": "Mẫu tờ khai đề nghị hỗ trợ kinh phí sinh con đúng chính sách dân số đối với phụ nữ là người dân tộc thiểu số là mẫu nào?",
  "metrics": {
    "mrr": 0.25,
    "map": 0.25,
    "p@1": 0.0,
    "r@1": 0.0,
    "ndcg@1": 0.0,
    "p@5": 0.2,
    "r@5": 1.0,
    "ndcg@5": 0.43067655807339306,
    "p@10": 0.1,
    "r@10": 1.0,
    "ndcg@10": 0.43067655807339306
  },
  "retrieved": [
    7470,
    7479,
    7475,
    7473,
    7480,
    11585,
    11558,
    11559,
    11555,
    5525
  ]
}