{
  "qid": 38544,
  "query": "Sau khi hết thời hạn chấp hành biện pháp đưa vào trường giáo dưỡng mà học sinh chưa tiến bộ thì xử lý như thế nào?",
  "metrics": {
    "mrr": 0.25,
    "map": 0.25,
    "p@1": 0.0,
    "r@1": 0.0,
    "ndcg@1": 0.0,
    "p@5": 0.2,
    "r@5": 1.0,
    "ndcg@5": 0.43067655807339306,
    "p@10": 0.1,
    "r@10": 1.0,
    "ndcg@10": 0.43067655807339306,
    "p@15": 0.06666666666666667,
    "r@15": 1.0,
    "ndcg@15": 0.43067655807339306
  },
  "retrieved": [
    1945,
    1946,
    1943,
    1966,
    1949,
    1935,
    10898,
    1939,
    1944,
    1941,
    1938,
    6650,
    4387,
    14312,
    1937
  ],
  "ground_truth": [
    1966
  ]
}