{
  "qid": 38768,
  "query": "Thời hạn cho biện pháp ngăn chặn tạm giam",
  "metrics": {
    "mrr": 0.16666666666666666,
    "map": 0.16666666666666666,
    "p@1": 0.0,
    "r@1": 0.0,
    "ndcg@1": 0.0,
    "p@5": 0.0,
    "r@5": 0.0,
    "ndcg@5": 0.0,
    "p@10": 0.1,
    "r@10": 1.0,
    "ndcg@10": 0.3562071871080222,
    "p@15": 0.06666666666666667,
    "r@15": 1.0,
    "ndcg@15": 0.3562071871080222
  },
  "retrieved": [
    10824,
    10755,
    6703,
    10597,
    1192,
    10649,
    1177,
    1179,
    10946,
    1189,
    1185,
    1188,
    10718,
    1190,
    10596
  ],
  "ground_truth": [
    10649
  ]
}