{
  "qid": 38966,
  "query": "Hồ sơ đề nghị thanh lọc tài nguyên thông tin của thư viện công lập sẽ gồm những gì? Và được gửi đến cơ quan nào?",
  "metrics": {
    "mrr": 0.5,
    "map": 0.5,
    "p@1": 0.0,
    "r@1": 0.0,
    "ndcg@1": 0.0,
    "p@5": 0.2,
    "r@5": 1.0,
    "ndcg@5": 0.6309297535714575,
    "p@10": 0.1,
    "r@10": 1.0,
    "ndcg@10": 0.6309297535714575,
    "p@15": 0.06666666666666667,
    "r@15": 1.0,
    "ndcg@15": 0.6309297535714575
  },
  "retrieved": [
    2748,
    2743,
    2721,
    2749,
    2744,
    2737,
    2736,
    2742,
    2745,
    2735,
    2746,
    2720,
    2725,
    2751,
    2741
  ],
  "ground_truth": [
    2743
  ]
}