{
  "qid": 38972,
  "query": "Cơ quan nào có thẩm quyền thu hồi thông báo cơ sở đủ điều kiện đóng mới, hoán cải, sửa chữa tàu biển?",
  "metrics": {
    "mrr": 0.25,
    "map": 0.25,
    "p@1": 0.0,
    "r@1": 0.0,
    "ndcg@1": 0.0,
    "p@5": 0.2,
    "r@5": 1.0,
    "ndcg@5": 0.43067655807339306,
    "p@10": 0.1,
    "r@10": 1.0,
    "ndcg@10": 0.43067655807339306
  },
  "retrieved": [
    13613,
    13597,
    13600,
    13614,
    13616,
    13615,
    13598,
    13618,
    13610,
    13612
  ]
}