{
  "qid": 39185,
  "query": "Điều kiện sản xuất rượu công nghiệp và rượu thủ công nhằm mục đích kinh doanh được quy định thế nào?",
  "metrics": {
    "mrr": 0.5,
    "map": 0.35,
    "p@1": 0.0,
    "r@1": 0.0,
    "ndcg@1": 0.0,
    "p@5": 0.2,
    "r@5": 0.5,
    "ndcg@5": 0.38685280723454163,
    "p@10": 0.2,
    "r@10": 1.0,
    "ndcg@10": 0.5640920940185894,
    "p@15": 0.13333333333333333,
    "r@15": 1.0,
    "ndcg@15": 0.5640920940185894
  },
  "retrieved": [
    11882,
    11880,
    11876,
    11889,
    11888,
    11904,
    11887,
    11878,
    11875,
    11881,
    11885,
    11879,
    11900,
    11906,
    11902
  ],
  "ground_truth": [
    11880,
    11881
  ]
}