{
  "qid": 39236,
  "query": "Trường hợp nào được miễn lệ phí đăng ký nuôi con nuôi?",
  "metrics": {
    "mrr": 0.25,
    "map": 0.25,
    "p@1": 0.0,
    "r@1": 0.0,
    "ndcg@1": 0.0,
    "p@5": 0.2,
    "r@5": 1.0,
    "ndcg@5": 0.43067655807339306,
    "p@10": 0.1,
    "r@10": 1.0,
    "ndcg@10": 0.43067655807339306,
    "p@15": 0.06666666666666667,
    "r@15": 1.0,
    "ndcg@15": 0.43067655807339306
  },
  "retrieved": [
    13966,
    13963,
    13964,
    13968,
    13965,
    13971,
    13969,
    13970,
    3234,
    3230,
    3229,
    2313,
    13972,
    3232,
    4572
  ],
  "ground_truth": [
    13968
  ]
}