{
  "qid": 39306,
  "query": "Giao nhận hồ sơ yêu cầu giám định tư pháp đối với di vật có lập thành văn bản không?",
  "metrics": {
    "mrr": 0.25,
    "map": 0.25,
    "p@1": 0.0,
    "r@1": 0.0,
    "ndcg@1": 0.0,
    "p@5": 0.2,
    "r@5": 1.0,
    "ndcg@5": 0.43067655807339306,
    "p@10": 0.1,
    "r@10": 1.0,
    "ndcg@10": 0.43067655807339306,
    "p@15": 0.06666666666666667,
    "r@15": 1.0,
    "ndcg@15": 0.43067655807339306
  },
  "retrieved": [
    2670,
    3665,
    2662,
    2665,
    2666,
    4002,
    7919,
    2663,
    7928,
    3664,
    1013,
    4009,
    1012,
    7925,
    7929
  ],
  "ground_truth": [
    2665
  ]
}