{
  "qid": 39492,
  "query": "Cấp lại Giấy chứng nhận an toàn sinh học theo quy trình như thế nào?",
  "metrics": {
    "mrr": 0.2,
    "map": 0.2,
    "p@1": 0.0,
    "r@1": 0.0,
    "ndcg@1": 0.0,
    "p@5": 0.2,
    "r@5": 1.0,
    "ndcg@5": 0.38685280723454163,
    "p@10": 0.1,
    "r@10": 1.0,
    "ndcg@10": 0.38685280723454163
  },
  "retrieved": [
    8176,
    11518,
    8181,
    8193,
    11516,
    11515,
    14549,
    8173,
    11521,
    11526
  ]
}