{
  "qid": 39704,
  "query": "Bị cáo không có người bào chữa có được không?",
  "metrics": {
    "mrr": 0.2,
    "map": 0.2,
    "p@1": 0.0,
    "r@1": 0.0,
    "ndcg@1": 0.0,
    "p@5": 0.2,
    "r@5": 1.0,
    "ndcg@5": 0.38685280723454163,
    "p@10": 0.1,
    "r@10": 1.0,
    "ndcg@10": 0.38685280723454163,
    "p@15": 0.06666666666666667,
    "r@15": 1.0,
    "ndcg@15": 0.38685280723454163
  },
  "retrieved": [
    10768,
    10786,
    10797,
    10557,
    10553,
    10801,
    10805,
    10549,
    10767,
    10554,
    10555,
    10552,
    10558,
    10893,
    10799
  ],
  "ground_truth": [
    10553
  ]
}