{
  "qid": 4003,
  "query": "Trong việc thẩm định chương trình đào tạo của trường trung cấp nghề cơ quan ngang Bộ có trách nhiệm như thế nào?",
  "metrics": {
    "mrr": 0.5,
    "map": 0.5,
    "p@1": 0.0,
    "r@1": 0.0,
    "ndcg@1": 0.0,
    "p@5": 0.2,
    "r@5": 1.0,
    "ndcg@5": 0.6309297535714575,
    "p@10": 0.1,
    "r@10": 1.0,
    "ndcg@10": 0.6309297535714575,
    "p@15": 0.06666666666666667,
    "r@15": 1.0,
    "ndcg@15": 0.6309297535714575
  },
  "retrieved": [
    3341,
    3351,
    3340,
    3344,
    3350,
    3339,
    3335,
    3348,
    3337,
    9828,
    9842,
    492,
    9836,
    10997,
    3334
  ],
  "ground_truth": [
    3351
  ]
}