{
  "qid": 40118,
  "query": "Khách du lịch quốc tế đến Việt Nam cần tuân thủ các nghĩa vụ gì?",
  "metrics": {
    "mrr": 0.14285714285714285,
    "map": 0.14285714285714285,
    "p@1": 0.0,
    "r@1": 0.0,
    "ndcg@1": 0.0,
    "p@5": 0.0,
    "r@5": 0.0,
    "ndcg@5": 0.0,
    "p@10": 0.1,
    "r@10": 1.0,
    "ndcg@10": 0.3333333333333333,
    "p@15": 0.06666666666666667,
    "r@15": 1.0,
    "ndcg@15": 0.3333333333333333
  },
  "retrieved": [
    9753,
    9808,
    9744,
    6620,
    6608,
    6610,
    9755,
    9780,
    9816,
    9746,
    9818,
    9768,
    9745,
    9754,
    6622
  ],
  "ground_truth": [
    9755
  ]
}