{
  "qid": 4026,
  "query": "Cơ sở Đo lường Chất lượng giữ chuẩn đo lường trong lĩnh vực quân sự, quốc phòng thực hiện các hoạt động gì?",
  "metrics": {
    "mrr": 0.1111111111111111,
    "map": 0.1111111111111111,
    "p@1": 0.0,
    "r@1": 0.0,
    "ndcg@1": 0.0,
    "p@5": 0.0,
    "r@5": 0.0,
    "ndcg@5": 0.0,
    "p@10": 0.1,
    "r@10": 1.0,
    "ndcg@10": 0.3010299956639812,
    "p@15": 0.06666666666666667,
    "r@15": 1.0,
    "ndcg@15": 0.3010299956639812
  },
  "retrieved": [
    2604,
    2632,
    2606,
    2622,
    2628,
    2618,
    2600,
    2602,
    2607,
    2620,
    14813,
    2603,
    2633,
    2601,
    2608
  ],
  "ground_truth": [
    2607
  ]
}