{
  "qid": 40378,
  "query": "Hồi đồng đấu giá tài sản không được phép thực hiện các hành vi nào?",
  "metrics": {
    "mrr": 0.25,
    "map": 0.25,
    "p@1": 0.0,
    "r@1": 0.0,
    "ndcg@1": 0.0,
    "p@5": 0.2,
    "r@5": 1.0,
    "ndcg@5": 0.43067655807339306,
    "p@10": 0.1,
    "r@10": 1.0,
    "ndcg@10": 0.43067655807339306
  },
  "retrieved": [
    734,
    720,
    740,
    696,
    743,
    732,
    759,
    724,
    688,
    723
  ]
}