{
  "qid": 40456,
  "query": "Hồ sơ đề nghị hưởng biện pháp bảo đảm đầu tư kinh doanh trong trường hợp thay đổi pháp luật gồm những gì?",
  "metrics": {
    "mrr": 0.25,
    "map": 0.25,
    "p@1": 0.0,
    "r@1": 0.0,
    "ndcg@1": 0.0,
    "p@5": 0.2,
    "r@5": 1.0,
    "ndcg@5": 0.43067655807339306,
    "p@10": 0.1,
    "r@10": 1.0,
    "ndcg@10": 0.43067655807339306
  },
  "retrieved": [
    14698,
    14711,
    14709,
    14700,
    11235,
    14712,
    14714,
    11191,
    11172,
    11171
  ]
}