{
  "qid": 40569,
  "query": "Công chức cấp huyện bị xử lý kỷ luật buộc thôi việc trái pháp luật phục hồi danh dự bằng hình thức nào?",
  "metrics": {
    "mrr": 0.2,
    "map": 0.2,
    "p@1": 0.0,
    "r@1": 0.0,
    "ndcg@1": 0.0,
    "p@5": 0.2,
    "r@5": 1.0,
    "ndcg@5": 0.38685280723454163,
    "p@10": 0.1,
    "r@10": 1.0,
    "ndcg@10": 0.38685280723454163
  },
  "retrieved": [
    12723,
    13764,
    13779,
    13742,
    12748,
    13753,
    13778,
    13755,
    12749,
    1747
  ]
}