{
  "qid": 40591,
  "query": "Việc cứu hộ trên đường cao tốc được thực hiện theo thứ tự như thế nào?",
  "metrics": {
    "mrr": 0.25,
    "map": 0.25,
    "p@1": 0.0,
    "r@1": 0.0,
    "ndcg@1": 0.0,
    "p@5": 0.2,
    "r@5": 1.0,
    "ndcg@5": 0.43067655807339306,
    "p@10": 0.1,
    "r@10": 1.0,
    "ndcg@10": 0.43067655807339306,
    "p@15": 0.06666666666666667,
    "r@15": 1.0,
    "ndcg@15": 0.43067655807339306
  },
  "retrieved": [
    8444,
    8450,
    8445,
    8448,
    8446,
    8449,
    8451,
    8447,
    8724,
    8730,
    8726,
    8727,
    8721,
    8720,
    8722
  ],
  "ground_truth": [
    8448
  ]
}