{
  "qid": 40590,
  "query": "Phương án cứu hộ trên đường cao tốc gồm những nội dung nào?",
  "metrics": {
    "mrr": 0.3333333333333333,
    "map": 0.3333333333333333,
    "p@1": 0.0,
    "r@1": 0.0,
    "ndcg@1": 0.0,
    "p@5": 0.2,
    "r@5": 1.0,
    "ndcg@5": 0.5,
    "p@10": 0.1,
    "r@10": 1.0,
    "ndcg@10": 0.5,
    "p@15": 0.06666666666666667,
    "r@15": 1.0,
    "ndcg@15": 0.5
  },
  "retrieved": [
    8450,
    8444,
    8446,
    8445,
    8448,
    8447,
    8449,
    8451,
    8724,
    8726,
    8727,
    8730,
    8722,
    8721,
    8718
  ],
  "ground_truth": [
    8446
  ]
}