{
  "qid": 40688,
  "query": "Doanh nghiệp kinh doanh trò chơi điện tử có thưởng có nghĩa vụ gì?",
  "metrics": {
    "mrr": 0.06666666666666667,
    "map": 0.06666666666666667,
    "p@1": 0.0,
    "r@1": 0.0,
    "ndcg@1": 0.0,
    "p@5": 0.0,
    "r@5": 0.0,
    "ndcg@5": 0.0,
    "p@10": 0.0,
    "r@10": 0.0,
    "ndcg@10": 0.0,
    "p@15": 0.06666666666666667,
    "r@15": 1.0,
    "ndcg@15": 0.25
  },
  "retrieved": [
    3256,
    7945,
    3255,
    3248,
    3259,
    3262,
    7944,
    3263,
    7949,
    11319,
    3268,
    7952,
    3301,
    7950,
    3267
  ],
  "ground_truth": [
    3267
  ]
}