{
  "qid": 40794,
  "query": "Đồng tiền sử dụng trong hoạt động chiết khấu giấy tờ có giá khác của chi nhánh ngân hàng nước ngoài có được sử dụng ngoại tệ không?",
  "metrics": {
    "mrr": 0.3333333333333333,
    "map": 0.3333333333333333,
    "p@1": 0.0,
    "r@1": 0.0,
    "ndcg@1": 0.0,
    "p@5": 0.2,
    "r@5": 1.0,
    "ndcg@5": 0.5,
    "p@10": 0.1,
    "r@10": 1.0,
    "ndcg@10": 0.5,
    "p@15": 0.06666666666666667,
    "r@15": 1.0,
    "ndcg@15": 0.5
  },
  "retrieved": [
    163,
    159,
    4019,
    171,
    176,
    2432,
    4020,
    4026,
    4022,
    165,
    4016,
    173,
    160,
    4027,
    168
  ],
  "ground_truth": [
    4019
  ]
}