{
  "qid": 40907,
  "query": "Đăng ký giao dịch bảo đảm cho khoản vay được chính phủ bảo lãnh ở đâu?",
  "metrics": {
    "mrr": 0.3333333333333333,
    "map": 0.3333333333333333,
    "p@1": 0.0,
    "r@1": 0.0,
    "ndcg@1": 0.0,
    "p@5": 0.2,
    "r@5": 1.0,
    "ndcg@5": 0.5,
    "p@10": 0.1,
    "r@10": 1.0,
    "ndcg@10": 0.5,
    "p@15": 0.06666666666666667,
    "r@15": 1.0,
    "ndcg@15": 0.5
  },
  "retrieved": [
    12652,
    12663,
    12659,
    2981,
    2979,
    2983,
    5088,
    2980,
    2986,
    877,
    12653,
    3358,
    2977,
    2985,
    12664
  ],
  "ground_truth": [
    12659
  ]
}