{
  "qid": 41171,
  "query": "Việc xác định người trúng tuyển thi thăng hạng chức danh nghề nghiệp hạng 2 lên hạng 1 chuyên ngành nghệ thuật biểu diễn như thế nào?",
  "metrics": {
    "mrr": 0.3333333333333333,
    "map": 0.3333333333333333,
    "p@1": 0.0,
    "r@1": 0.0,
    "ndcg@1": 0.0,
    "p@5": 0.2,
    "r@5": 1.0,
    "ndcg@5": 0.5,
    "p@10": 0.1,
    "r@10": 1.0,
    "ndcg@10": 0.5
  },
  "retrieved": [
    13119,
    6924,
    13122,
    14249,
    14244,
    6923,
    14236,
    14240,
    14247,
    3876
  ]
}