{
  "qid": 41336,
  "query": "Thanh tra Sở Lao động Thương binh và Xã hội thành phố trực thuộc trung ương có chức năng gì?",
  "metrics": {
    "mrr": 0.5,
    "map": 0.5,
    "p@1": 0.0,
    "r@1": 0.0,
    "ndcg@1": 0.0,
    "p@5": 0.2,
    "r@5": 1.0,
    "ndcg@5": 0.6309297535714575,
    "p@10": 0.1,
    "r@10": 1.0,
    "ndcg@10": 0.6309297535714575,
    "p@15": 0.06666666666666667,
    "r@15": 1.0,
    "ndcg@15": 0.6309297535714575
  },
  "retrieved": [
    13372,
    13376,
    13392,
    1394,
    13401,
    13393,
    13397,
    8163,
    12348,
    8835,
    13396,
    13373,
    978,
    13402,
    9325
  ],
  "ground_truth": [
    13376
  ]
}