{
  "qid": 41409,
  "query": "Cá nhân có quyền khiếu nại quyết định hành chính của cơ quan công an nếu thấy không hợp lý hay không?",
  "metrics": {
    "mrr": 0.25,
    "map": 0.25,
    "p@1": 0.0,
    "r@1": 0.0,
    "ndcg@1": 0.0,
    "p@5": 0.2,
    "r@5": 1.0,
    "ndcg@5": 0.43067655807339306,
    "p@10": 0.1,
    "r@10": 1.0,
    "ndcg@10": 0.43067655807339306
  },
  "retrieved": [
    1711,
    1740,
    1713,
    1707,
    1746,
    1714,
    1702,
    1745,
    1499,
    1731
  ]
}