{
  "qid": 41590,
  "query": "Chức danh nghề nghiệp họa sĩ hạng 2 được áp dụng ngạch lương của viên chức loại mấy theo quy định?",
  "metrics": {
    "mrr": 0.3333333333333333,
    "map": 0.3333333333333333,
    "p@1": 0.0,
    "r@1": 0.0,
    "ndcg@1": 0.0,
    "p@5": 0.2,
    "r@5": 1.0,
    "ndcg@5": 0.5,
    "p@10": 0.1,
    "r@10": 1.0,
    "ndcg@10": 0.5
  },
  "retrieved": [
    7465,
    7458,
    1536,
    14235,
    8457,
    14239,
    14270,
    6460,
    13119,
    14209
  ]
}