{
  "qid": 4165,
  "query": "Chi nhánh ngân hàng nước ngoài chiết khấu giấy tờ có giá tại Ngân hàng Nhà nước nhưng thanh toán không đủ để nhận lại giấy tờ có giá thì xử lý như thế nào?",
  "metrics": {
    "mrr": 0.09090909090909091,
    "map": 0.09090909090909091,
    "p@1": 0.0,
    "r@1": 0.0,
    "ndcg@1": 0.0,
    "p@5": 0.0,
    "r@5": 0.0,
    "ndcg@5": 0.0,
    "p@10": 0.0,
    "r@10": 0.0,
    "ndcg@10": 0.0,
    "p@15": 0.06666666666666667,
    "r@15": 1.0,
    "ndcg@15": 0.27894294565112987
  },
  "retrieved": [
    159,
    163,
    171,
    173,
    1662,
    176,
    165,
    1658,
    175,
    168,
    174,
    4022,
    160,
    4026,
    4014
  ],
  "ground_truth": [
    174
  ]
}