{
  "qid": 4166,
  "query": "Trường hợp nào không chấp nhận chiết khấu giấy tờ có giá tại Ngân hàng Nhà nước?",
  "metrics": {
    "mrr": 0.1111111111111111,
    "map": 0.1111111111111111,
    "p@1": 0.0,
    "r@1": 0.0,
    "ndcg@1": 0.0,
    "p@5": 0.0,
    "r@5": 0.0,
    "ndcg@5": 0.0,
    "p@10": 0.1,
    "r@10": 1.0,
    "ndcg@10": 0.3010299956639812,
    "p@15": 0.06666666666666667,
    "r@15": 1.0,
    "ndcg@15": 0.3010299956639812
  },
  "retrieved": [
    163,
    159,
    171,
    173,
    165,
    176,
    175,
    4026,
    172,
    4022,
    160,
    4014,
    4015,
    4027,
    168
  ],
  "ground_truth": [
    172
  ]
}