{
  "qid": 41680,
  "query": "Thuyết minh hồ sơ nhiệm vụ quy hoạch chi tiết xây dựng điểm dân cư nông thôn tại xã về những vấn đề gì?",
  "metrics": {
    "mrr": 0.1,
    "map": 0.1,
    "p@1": 0.0,
    "r@1": 0.0,
    "ndcg@1": 0.0,
    "p@5": 0.0,
    "r@5": 0.0,
    "ndcg@5": 0.0,
    "p@10": 0.1,
    "r@10": 1.0,
    "ndcg@10": 0.2890648263178879,
    "p@15": 0.06666666666666667,
    "r@15": 1.0,
    "ndcg@15": 0.2890648263178879
  },
  "retrieved": [
    2412,
    2418,
    2403,
    2417,
    2399,
    2401,
    2409,
    2416,
    2419,
    2411,
    2404,
    2402,
    12677,
    5484,
    2413
  ],
  "ground_truth": [
    2411
  ]
}