{
  "qid": 4170,
  "query": "Người nước ngoài có đáp ứng đủ điều kiện để trở thành hướng dẫn viên du lịch tại Việt Nam hay không?",
  "metrics": {
    "mrr": 0.1,
    "map": 0.1,
    "p@1": 0.0,
    "r@1": 0.0,
    "ndcg@1": 0.0,
    "p@5": 0.0,
    "r@5": 0.0,
    "ndcg@5": 0.0,
    "p@10": 0.1,
    "r@10": 1.0,
    "ndcg@10": 0.2890648263178879,
    "p@15": 0.06666666666666667,
    "r@15": 1.0,
    "ndcg@15": 0.2890648263178879
  },
  "retrieved": [
    9801,
    9807,
    9805,
    9804,
    9803,
    9753,
    9808,
    6623,
    9806,
    9802,
    9745,
    6608,
    6607,
    9809,
    9746
  ],
  "ground_truth": [
    9802
  ]
}