{
  "qid": 41753,
  "query": "Cách bố trí phòng ăn của cơ sở kinh doanh dịch vụ ăn uống đạt tiêu chuẩn phục vụ khách du lịch được quy định như thế nào?",
  "metrics": {
    "mrr": 0.125,
    "map": 0.125,
    "p@1": 0.0,
    "r@1": 0.0,
    "ndcg@1": 0.0,
    "p@5": 0.0,
    "r@5": 0.0,
    "ndcg@5": 0.0,
    "p@10": 0.1,
    "r@10": 1.0,
    "ndcg@10": 0.31546487678572877,
    "p@15": 0.06666666666666667,
    "r@15": 1.0,
    "ndcg@15": 0.31546487678572877
  },
  "retrieved": [
    9799,
    9797,
    9800,
    9792,
    6607,
    9752,
    9754,
    6615,
    9780,
    9768,
    9746,
    6616,
    9796,
    9744,
    9748
  ],
  "ground_truth": [
    6615
  ]
}