{
  "qid": 41776,
  "query": "Việc thanh lọc tài nguyên thông tin thư viện được thực hiện như thế nào?",
  "metrics": {
    "mrr": 0.25,
    "map": 0.25,
    "p@1": 0.0,
    "r@1": 0.0,
    "ndcg@1": 0.0,
    "p@5": 0.2,
    "r@5": 1.0,
    "ndcg@5": 0.43067655807339306,
    "p@10": 0.1,
    "r@10": 1.0,
    "ndcg@10": 0.43067655807339306
  },
  "retrieved": [
    2748,
    2737,
    2721,
    2736,
    2742,
    2735,
    2744,
    2749,
    2743,
    2745
  ]
}