{
  "qid": 42026,
  "query": "Cơ quan nào có thẩm quyền thay đổi thời gian làm việc tại cửa khẩu phụ?",
  "metrics": {
    "mrr": 0.14285714285714285,
    "map": 0.14285714285714285,
    "p@1": 0.0,
    "r@1": 0.0,
    "ndcg@1": 0.0,
    "p@5": 0.0,
    "r@5": 0.0,
    "ndcg@5": 0.0,
    "p@10": 0.1,
    "r@10": 1.0,
    "ndcg@10": 0.3333333333333333,
    "p@15": 0.06666666666666667,
    "r@15": 1.0,
    "ndcg@15": 0.3333333333333333
  },
  "retrieved": [
    13705,
    9681,
    13704,
    9682,
    13710,
    13712,
    13708,
    9687,
    13713,
    5246,
    13711,
    13696,
    9683,
    13698,
    13694
  ],
  "ground_truth": [
    13708
  ]
}