{
  "qid": 42181,
  "query": "Cách xác định hệ số lương giáo viên mầm non hạng 4 hiện nay được thực hiện như thế nào theo quy định hiện hành?",
  "metrics": {
    "mrr": 0.1111111111111111,
    "map": 0.1111111111111111,
    "p@1": 0.0,
    "r@1": 0.0,
    "ndcg@1": 0.0,
    "p@5": 0.0,
    "r@5": 0.0,
    "ndcg@5": 0.0,
    "p@10": 0.1,
    "r@10": 1.0,
    "ndcg@10": 0.3010299956639812,
    "p@15": 0.06666666666666667,
    "r@15": 1.0,
    "ndcg@15": 0.3010299956639812
  },
  "retrieved": [
    1530,
    1535,
    1532,
    7726,
    1678,
    11935,
    6460,
    1529,
    1536,
    1537,
    7562,
    8612,
    3852,
    1538,
    8457
  ],
  "ground_truth": [
    1536
  ]
}