{
  "qid": 42370,
  "query": "Quy định về trình tự, thủ tục, thẩm quyền cấp Giấy phép kinh doanh dịch vụ lữ hành nội địa",
  "metrics": {
    "mrr": 0.25,
    "map": 0.25,
    "p@1": 0.0,
    "r@1": 0.0,
    "ndcg@1": 0.0,
    "p@5": 0.2,
    "r@5": 1.0,
    "ndcg@5": 0.43067655807339306,
    "p@10": 0.1,
    "r@10": 1.0,
    "ndcg@10": 0.43067655807339306,
    "p@15": 0.06666666666666667,
    "r@15": 1.0,
    "ndcg@15": 0.43067655807339306
  },
  "retrieved": [
    9779,
    9777,
    9774,
    9775,
    9778,
    9773,
    6612,
    9781,
    9783,
    9787,
    9780,
    13145,
    9782,
    6613,
    6609
  ],
  "ground_truth": [
    9775
  ]
}