{
  "qid": 42495,
  "query": "Điều kiện kinh doanh vận tải hàng hóa đối với xe công-ten-nơ, xe đầu kéo?",
  "metrics": {
    "mrr": 0.2,
    "map": 0.2,
    "p@1": 0.0,
    "r@1": 0.0,
    "ndcg@1": 0.0,
    "p@5": 0.2,
    "r@5": 1.0,
    "ndcg@5": 0.38685280723454163,
    "p@10": 0.1,
    "r@10": 1.0,
    "ndcg@10": 0.38685280723454163,
    "p@15": 0.06666666666666667,
    "r@15": 1.0,
    "ndcg@15": 0.38685280723454163
  },
  "retrieved": [
    13135,
    13162,
    10326,
    13128,
    13139,
    13150,
    13127,
    13149,
    13160,
    13129,
    13161,
    13143,
    13137,
    2825,
    10303
  ],
  "ground_truth": [
    13139
  ]
}