{
  "qid": 42769,
  "query": "Tốt nghiệp ngành Luật có được học khóa đào tạo công chứng không?",
  "metrics": {
    "mrr": 0.125,
    "map": 0.125,
    "p@1": 0.0,
    "r@1": 0.0,
    "ndcg@1": 0.0,
    "p@5": 0.0,
    "r@5": 0.0,
    "ndcg@5": 0.0,
    "p@10": 0.1,
    "r@10": 1.0,
    "ndcg@10": 0.31546487678572877,
    "p@15": 0.06666666666666667,
    "r@15": 1.0,
    "ndcg@15": 0.31546487678572877
  },
  "retrieved": [
    1607,
    9852,
    9842,
    1615,
    4113,
    4110,
    9868,
    1614,
    9869,
    1626,
    9871,
    11414,
    9838,
    9834,
    1616
  ],
  "ground_truth": [
    1614
  ]
}