{
  "qid": 42835,
  "query": "Hiện nay, việc xử lý kỷ luật công chức được thực hiện theo nguyên tắc gì?",
  "metrics": {
    "mrr": 0.125,
    "map": 0.125,
    "p@1": 0.0,
    "r@1": 0.0,
    "ndcg@1": 0.0,
    "p@5": 0.0,
    "r@5": 0.0,
    "ndcg@5": 0.0,
    "p@10": 0.1,
    "r@10": 1.0,
    "ndcg@10": 0.31546487678572877,
    "p@15": 0.06666666666666667,
    "r@15": 1.0,
    "ndcg@15": 0.31546487678572877
  },
  "retrieved": [
    13764,
    13779,
    13778,
    13745,
    13765,
    13741,
    13782,
    13742,
    13761,
    1747,
    8226,
    13784,
    13744,
    13771,
    13753
  ],
  "ground_truth": [
    13742
  ]
}