{
  "qid": 43007,
  "query": "Điều kiện để mua cổ phần và trở thành nhà đầu tư chiến lược nước ngoài tại tổ chức tín dụng Việt Nam là gì?",
  "metrics": {
    "mrr": 0.08333333333333333,
    "map": 0.08333333333333333,
    "p@1": 0.0,
    "r@1": 0.0,
    "ndcg@1": 0.0,
    "p@5": 0.0,
    "r@5": 0.0,
    "ndcg@5": 0.0,
    "p@10": 0.0,
    "r@10": 0.0,
    "ndcg@10": 0.0,
    "p@15": 0.06666666666666667,
    "r@15": 1.0,
    "ndcg@15": 0.27023815442731974
  },
  "retrieved": [
    334,
    328,
    326,
    322,
    321,
    333,
    324,
    332,
    327,
    330,
    323,
    329,
    335,
    336,
    331
  ],
  "ground_truth": [
    329
  ]
}