{
  "qid": 43253,
  "query": "Trường hợp nào mà viên chức bị xử lý kỷ luật với hình thức cảnh cáo?",
  "metrics": {
    "mrr": 0.25,
    "map": 0.25,
    "p@1": 0.0,
    "r@1": 0.0,
    "ndcg@1": 0.0,
    "p@5": 0.2,
    "r@5": 1.0,
    "ndcg@5": 0.43067655807339306,
    "p@10": 0.1,
    "r@10": 1.0,
    "ndcg@10": 0.43067655807339306,
    "p@15": 0.06666666666666667,
    "r@15": 1.0,
    "ndcg@15": 0.43067655807339306
  },
  "retrieved": [
    13755,
    13771,
    8224,
    13749,
    13747,
    13742,
    13748,
    13778,
    13761,
    13760,
    7816,
    13782,
    13746,
    3868,
    13779
  ],
  "ground_truth": [
    13749
  ]
}