{
  "qid": 43383,
  "query": "Xe được quyền ưu tiên lắp đặt thiết bị phát tín hiệu ưu tiên sai quy định thì có bị buộc tháo bỏ hay không?",
  "metrics": {
    "mrr": 0.25,
    "map": 0.25,
    "p@1": 0.0,
    "r@1": 0.0,
    "ndcg@1": 0.0,
    "p@5": 0.2,
    "r@5": 1.0,
    "ndcg@5": 0.43067655807339306,
    "p@10": 0.1,
    "r@10": 1.0,
    "ndcg@10": 0.43067655807339306,
    "p@15": 0.06666666666666667,
    "r@15": 1.0,
    "ndcg@15": 0.43067655807339306
  },
  "retrieved": [
    12317,
    3966,
    3972,
    3969,
    3967,
    12305,
    3968,
    12322,
    12320,
    3970,
    12321,
    12319,
    3971,
    12318,
    12309
  ],
  "ground_truth": [
    3969
  ]
}