{
  "qid": 43536,
  "query": "Hồ sơ đề nghị khen thưởng ngành Tư pháp theo thủ tục đơn giản gồm những gì?",
  "metrics": {
    "mrr": 0.3333333333333333,
    "map": 0.3333333333333333,
    "p@1": 0.0,
    "r@1": 0.0,
    "ndcg@1": 0.0,
    "p@5": 0.2,
    "r@5": 1.0,
    "ndcg@5": 0.5,
    "p@10": 0.1,
    "r@10": 1.0,
    "ndcg@10": 0.5,
    "p@15": 0.06666666666666667,
    "r@15": 1.0,
    "ndcg@15": 0.5
  },
  "retrieved": [
    1364,
    1161,
    5609,
    7707,
    6312,
    10041,
    6313,
    6315,
    5610,
    6311,
    1358,
    5611,
    7860,
    8763,
    1366
  ],
  "ground_truth": [
    5609
  ]
}