{
  "qid": 43636,
  "query": "Điều khiển xe máy gắn biển số không đúng với Giấy đăng ký xe thì bị xử phạt như thế nào?",
  "metrics": {
    "mrr": 0.3333333333333333,
    "map": 0.3333333333333333,
    "p@1": 0.0,
    "r@1": 0.0,
    "ndcg@1": 0.0,
    "p@5": 0.2,
    "r@5": 1.0,
    "ndcg@5": 0.5,
    "p@10": 0.1,
    "r@10": 1.0,
    "ndcg@10": 0.5,
    "p@15": 0.06666666666666667,
    "r@15": 1.0,
    "ndcg@15": 0.5
  },
  "retrieved": [
    10320,
    10333,
    10314,
    10316,
    10328,
    10304,
    5997,
    10325,
    10306,
    10303,
    10331,
    6002,
    5996,
    6171,
    10321
  ],
  "ground_truth": [
    10314
  ]
}