{
  "qid": 43876,
  "query": "Một người có thể làm kế toán trưởng đồng thời tại hai công ty hay không?",
  "metrics": {
    "mrr": 0.09090909090909091,
    "map": 0.09090909090909091,
    "p@1": 0.0,
    "r@1": 0.0,
    "ndcg@1": 0.0,
    "p@5": 0.0,
    "r@5": 0.0,
    "ndcg@5": 0.0,
    "p@10": 0.0,
    "r@10": 0.0,
    "ndcg@10": 0.0,
    "p@15": 0.06666666666666667,
    "r@15": 1.0,
    "ndcg@15": 0.27894294565112987
  },
  "retrieved": [
    4397,
    7360,
    7389,
    4390,
    2895,
    7343,
    2897,
    7346,
    901,
    4396,
    2896,
    2891,
    7401,
    7380,
    4395
  ],
  "ground_truth": [
    2896
  ]
}