{
  "qid": 43952,
  "query": "Xử lý vi phạm trong việc cấp, quản lý chứng chỉ bồi dưỡng cán bộ, công chức, viên chức được quy định như thế nào?",
  "metrics": {
    "mrr": 0.5,
    "map": 0.5,
    "p@1": 0.0,
    "r@1": 0.0,
    "ndcg@1": 0.0,
    "p@5": 0.2,
    "r@5": 1.0,
    "ndcg@5": 0.6309297535714575,
    "p@10": 0.1,
    "r@10": 1.0,
    "ndcg@10": 0.6309297535714575,
    "p@15": 0.06666666666666667,
    "r@15": 1.0,
    "ndcg@15": 0.6309297535714575
  },
  "retrieved": [
    11020,
    1039,
    2911,
    11003,
    11017,
    1038,
    11016,
    2926,
    1033,
    11019,
    12809,
    2922,
    11009,
    11015,
    11007
  ],
  "ground_truth": [
    1039
  ]
}