{
  "qid": 43964,
  "query": "Có được ủy quyền cho người khác đi làm giấy xác nhận độc thân không?",
  "metrics": {
    "mrr": 0.1111111111111111,
    "map": 0.1111111111111111,
    "p@1": 0.0,
    "r@1": 0.0,
    "ndcg@1": 0.0,
    "p@5": 0.0,
    "r@5": 0.0,
    "ndcg@5": 0.0,
    "p@10": 0.1,
    "r@10": 1.0,
    "ndcg@10": 0.3010299956639812
  },
  "retrieved": [
    1441,
    3762,
    9539,
    3777,
    7060,
    12128,
    2275,
    417,
    4555,
    9528
  ]
}