{
  "qid": 44114,
  "query": "Những cơ quan nào có trách nhiệm cung cấp thông tin lý lịch tư pháp cho cơ quan quản lý cơ sở dữ liệu lý lịch tư pháp?",
  "metrics": {
    "mrr": 0.125,
    "map": 0.125,
    "p@1": 0.0,
    "r@1": 0.0,
    "ndcg@1": 0.0,
    "p@5": 0.0,
    "r@5": 0.0,
    "ndcg@5": 0.0,
    "p@10": 0.1,
    "r@10": 1.0,
    "ndcg@10": 0.31546487678572877,
    "p@15": 0.06666666666666667,
    "r@15": 1.0,
    "ndcg@15": 0.31546487678572877
  },
  "retrieved": [
    6083,
    6085,
    6080,
    6109,
    6081,
    6111,
    13464,
    13467,
    13484,
    13469,
    6108,
    6087,
    6095,
    6116,
    6084
  ],
  "ground_truth": [
    13467
  ]
}