{
  "qid": 4440,
  "query": "Viên chức tự ý nghỉ việc mà không có lý do chính đáng thì bị kỷ luật thế nào?",
  "metrics": {
    "mrr": 0.08333333333333333,
    "map": 0.08333333333333333,
    "p@1": 0.0,
    "r@1": 0.0,
    "ndcg@1": 0.0,
    "p@5": 0.0,
    "r@5": 0.0,
    "ndcg@5": 0.0,
    "p@10": 0.0,
    "r@10": 0.0,
    "ndcg@10": 0.0,
    "p@15": 0.06666666666666667,
    "r@15": 1.0,
    "ndcg@15": 0.27023815442731974
  },
  "retrieved": [
    13771,
    13755,
    13778,
    13782,
    13741,
    7816,
    13742,
    13761,
    7815,
    14268,
    13760,
    13748,
    8226,
    13784,
    7805
  ],
  "ground_truth": [
    13748
  ]
}