{
  "qid": 44616,
  "query": "Cơ sở dữ liệu thống kê, kiểm kê đất đai được kiểm tra, nghiệm thu ra sao?",
  "metrics": {
    "mrr": 0.125,
    "map": 0.125,
    "p@1": 0.0,
    "r@1": 0.0,
    "ndcg@1": 0.0,
    "p@5": 0.0,
    "r@5": 0.0,
    "ndcg@5": 0.0,
    "p@10": 0.1,
    "r@10": 1.0,
    "ndcg@10": 0.31546487678572877,
    "p@15": 0.06666666666666667,
    "r@15": 1.0,
    "ndcg@15": 0.31546487678572877
  },
  "retrieved": [
    5475,
    5433,
    5428,
    5455,
    5429,
    5396,
    5399,
    5435,
    5430,
    5400,
    5479,
    3908,
    3907,
    5397,
    5432
  ],
  "ground_truth": [
    5435
  ]
}