{
  "qid": 44720,
  "query": "Người tiếp công dân trong ngành Kiểm sát nhân dân tiếp nhận nội dung kiến nghị như thế nào?",
  "metrics": {
    "mrr": 0.08333333333333333,
    "map": 0.08333333333333333,
    "p@1": 0.0,
    "r@1": 0.0,
    "ndcg@1": 0.0,
    "p@5": 0.0,
    "r@5": 0.0,
    "ndcg@5": 0.0,
    "p@10": 0.0,
    "r@10": 0.0,
    "ndcg@10": 0.0,
    "p@15": 0.06666666666666667,
    "r@15": 1.0,
    "ndcg@15": 0.27023815442731974
  },
  "retrieved": [
    6240,
    1759,
    3164,
    3165,
    3170,
    4901,
    6213,
    635,
    3166,
    3167,
    6244,
    6241,
    6216,
    3163,
    6228
  ],
  "ground_truth": [
    6241
  ]
}