{
  "qid": 44768,
  "query": "Hợp đồng đại lý lữ hành bao gồm những nội dung nào?",
  "metrics": {
    "mrr": 0.3333333333333333,
    "map": 0.3333333333333333,
    "p@1": 0.0,
    "r@1": 0.0,
    "ndcg@1": 0.0,
    "p@5": 0.2,
    "r@5": 1.0,
    "ndcg@5": 0.5,
    "p@10": 0.1,
    "r@10": 1.0,
    "ndcg@10": 0.5,
    "p@15": 0.06666666666666667,
    "r@15": 1.0,
    "ndcg@15": 0.5
  },
  "retrieved": [
    9783,
    9785,
    9784,
    9786,
    9782,
    9774,
    9775,
    9773,
    9779,
    6609,
    6612,
    9778,
    9777,
    14057,
    13575
  ],
  "ground_truth": [
    9784
  ]
}