{
  "qid": 44778,
  "query": "Trường hợp sử dụng giấy phép lái xe hạng D đã hết hạn có bị xử phạt không?",
  "metrics": {
    "mrr": 0.07692307692307693,
    "map": 0.07692307692307693,
    "p@1": 0.0,
    "r@1": 0.0,
    "ndcg@1": 0.0,
    "p@5": 0.0,
    "r@5": 0.0,
    "ndcg@5": 0.0,
    "p@10": 0.0,
    "r@10": 0.0,
    "ndcg@10": 0.0,
    "p@15": 0.06666666666666667,
    "r@15": 1.0,
    "ndcg@15": 0.26264953503719357
  },
  "retrieved": [
    7122,
    7126,
    7121,
    7113,
    7118,
    7125,
    11437,
    7114,
    7116,
    7115,
    7124,
    10379,
    10319,
    10335,
    7111
  ],
  "ground_truth": [
    10319
  ]
}