{
  "qid": 44870,
  "query": "Sĩ quan quân đội trúng tuyển trong kỳ thi tuyển công chức cấp trung ương cần đạt bao nhiêu điểm ở vòng 2?",
  "metrics": {
    "mrr": 0.2,
    "map": 0.2,
    "p@1": 0.0,
    "r@1": 0.0,
    "ndcg@1": 0.0,
    "p@5": 0.2,
    "r@5": 1.0,
    "ndcg@5": 0.38685280723454163,
    "p@10": 0.1,
    "r@10": 1.0,
    "ndcg@10": 0.38685280723454163,
    "p@15": 0.06666666666666667,
    "r@15": 1.0,
    "ndcg@15": 0.38685280723454163
  },
  "retrieved": [
    2372,
    2362,
    14213,
    2375,
    14217,
    14249,
    8075,
    4188,
    2367,
    5004,
    6589,
    13876,
    2368,
    2364,
    2363
  ],
  "ground_truth": [
    14217
  ]
}