{
  "qid": 44891,
  "query": "Công cụ trong hoạt động chiết khấu công cụ chuyển nhượng của chi nhánh ngân hàng thương mại là những công cụ nào?",
  "metrics": {
    "mrr": 0.09090909090909091,
    "map": 0.09090909090909091,
    "p@1": 0.0,
    "r@1": 0.0,
    "ndcg@1": 0.0,
    "p@5": 0.0,
    "r@5": 0.0,
    "ndcg@5": 0.0,
    "p@10": 0.0,
    "r@10": 0.0,
    "ndcg@10": 0.0,
    "p@15": 0.06666666666666667,
    "r@15": 1.0,
    "ndcg@15": 0.27894294565112987
  },
  "retrieved": [
    4016,
    4025,
    2432,
    4014,
    4027,
    4015,
    4026,
    4021,
    4022,
    4013,
    4017,
    4018,
    4023,
    170,
    174
  ],
  "ground_truth": [
    4017
  ]
}