{
  "qid": 44904,
  "query": "Lưu chiểu điện tử là gì?",
  "metrics": {
    "mrr": 0.25,
    "map": 0.25,
    "p@1": 0.0,
    "r@1": 0.0,
    "ndcg@1": 0.0,
    "p@5": 0.2,
    "r@5": 1.0,
    "ndcg@5": 0.43067655807339306,
    "p@10": 0.1,
    "r@10": 1.0,
    "ndcg@10": 0.43067655807339306,
    "p@15": 0.06666666666666667,
    "r@15": 1.0,
    "ndcg@15": 0.43067655807339306
  },
  "retrieved": [
    8635,
    8636,
    8634,
    8628,
    8631,
    8632,
    14915,
    12214,
    8630,
    8629,
    8627,
    1463,
    10576,
    13331,
    1248
  ],
  "ground_truth": [
    8628
  ]
}