{
  "qid": 44941,
  "query": "Lương trong thời gian thực hiện chế độ tập sự được quy định như thế nào?",
  "metrics": {
    "mrr": 0.5,
    "map": 0.5,
    "p@1": 0.0,
    "r@1": 0.0,
    "ndcg@1": 0.0,
    "p@5": 0.2,
    "r@5": 1.0,
    "ndcg@5": 0.6309297535714575,
    "p@10": 0.1,
    "r@10": 1.0,
    "ndcg@10": 0.6309297535714575,
    "p@15": 0.06666666666666667,
    "r@15": 1.0,
    "ndcg@15": 0.6309297535714575
  },
  "retrieved": [
    5836,
    14230,
    5839,
    4203,
    4207,
    4205,
    4212,
    5840,
    6572,
    5842,
    4202,
    6570,
    6576,
    6573,
    14231
  ],
  "ground_truth": [
    14230
  ]
}