{
  "qid": 44962,
  "query": "Điều kiện kinh doanh vận tải hành khách bằng xe ô tô?",
  "metrics": {
    "mrr": 0.25,
    "map": 0.25,
    "p@1": 0.0,
    "r@1": 0.0,
    "ndcg@1": 0.0,
    "p@5": 0.2,
    "r@5": 1.0,
    "ndcg@5": 0.43067655807339306,
    "p@10": 0.1,
    "r@10": 1.0,
    "ndcg@10": 0.43067655807339306,
    "p@15": 0.06666666666666667,
    "r@15": 1.0,
    "ndcg@15": 0.43067655807339306
  },
  "retrieved": [
    13129,
    13128,
    10326,
    13139,
    13149,
    13127,
    13162,
    13150,
    13137,
    13156,
    4449,
    13133,
    13160,
    13143,
    10321
  ],
  "ground_truth": [
    13139
  ]
}