{
  "qid": 45052,
  "query": "Hội đồng tư vấn tuyển chọn, giao trực tiếp thực hiện nhiệm vụ khoa học và công nghệ sẽ ưu tiên mời những đối tượng nào làm thành viên hội đồng?",
  "metrics": {
    "mrr": 0.16666666666666666,
    "map": 0.16666666666666666,
    "p@1": 0.0,
    "r@1": 0.0,
    "ndcg@1": 0.0,
    "p@5": 0.0,
    "r@5": 0.0,
    "ndcg@5": 0.0,
    "p@10": 0.1,
    "r@10": 1.0,
    "ndcg@10": 0.3562071871080222
  },
  "retrieved": [
    8260,
    8261,
    8656,
    8259,
    8673,
    8661,
    8657,
    8668,
    8229,
    8670
  ]
}