{
  "qid": 45612,
  "query": "Biểu mẫu sử dụng trong việc lập hồ sơ đề nghị áp dụng biện pháp xử lý hành chính đưa vào cơ sở cai nghiện bắt buộc mới nhất?",
  "metrics": {
    "mrr": 0.5,
    "map": 0.5,
    "p@1": 0.0,
    "r@1": 0.0,
    "ndcg@1": 0.0,
    "p@5": 0.2,
    "r@5": 1.0,
    "ndcg@5": 0.6309297535714575,
    "p@10": 0.1,
    "r@10": 1.0,
    "ndcg@10": 0.6309297535714575,
    "p@15": 0.06666666666666667,
    "r@15": 1.0,
    "ndcg@15": 0.6309297535714575
  },
  "retrieved": [
    5505,
    5514,
    5506,
    5513,
    14513,
    1951,
    5507,
    5512,
    14514,
    5509,
    1927,
    14512,
    5511,
    5510,
    1952
  ],
  "ground_truth": [
    5514
  ]
}