{
  "qid": 45642,
  "query": "Thời hạn sử dụng Thẻ nhân viên tiếp cận cộng đồng tối đa bao nhiêu năm?",
  "metrics": {
    "mrr": 0.25,
    "map": 0.25,
    "p@1": 0.0,
    "r@1": 0.0,
    "ndcg@1": 0.0,
    "p@5": 0.2,
    "r@5": 1.0,
    "ndcg@5": 0.43067655807339306,
    "p@10": 0.1,
    "r@10": 1.0,
    "ndcg@10": 0.43067655807339306
  },
  "retrieved": [
    2949,
    2947,
    2950,
    2951,
    2954,
    2948,
    2946,
    2952,
    1696,
    2953
  ]
}