{
  "qid": 45847,
  "query": "Trường hợp nhà của người có công với cách mạng trước đây đã được hỗ trợ theo các chính sách khác thì có được hỗ trợ nữa hay không?",
  "metrics": {
    "mrr": 0.14285714285714285,
    "map": 0.14285714285714285,
    "p@1": 0.0,
    "r@1": 0.0,
    "ndcg@1": 0.0,
    "p@5": 0.0,
    "r@5": 0.0,
    "ndcg@5": 0.0,
    "p@10": 0.1,
    "r@10": 1.0,
    "ndcg@10": 0.3333333333333333
  },
  "retrieved": [
    13388,
    11040,
    9351,
    9348,
    9353,
    14394,
    9349,
    2574,
    11057,
    11047
  ]
}