{
  "qid": 45865,
  "query": "Cơ quan tiếp nhận đăng ký và phân loại doanh nghiệp chế biến và xuất khẩu gỗ là cơ quan nào?",
  "metrics": {
    "mrr": 0.25,
    "map": 0.25,
    "p@1": 0.0,
    "r@1": 0.0,
    "ndcg@1": 0.0,
    "p@5": 0.2,
    "r@5": 1.0,
    "ndcg@5": 0.43067655807339306,
    "p@10": 0.1,
    "r@10": 1.0,
    "ndcg@10": 0.43067655807339306,
    "p@15": 0.06666666666666667,
    "r@15": 1.0,
    "ndcg@15": 0.43067655807339306
  },
  "retrieved": [
    11352,
    11345,
    11371,
    11357,
    11347,
    11354,
    11353,
    11355,
    11351,
    11348,
    11367,
    11366,
    11360,
    11349,
    14721
  ],
  "ground_truth": [
    11357
  ]
}