{
  "qid": 45902,
  "query": "Trong trường hợp nào thì công chứng viên chưa được xét tặng Kỷ niệm chương Vì sự nghiệp Tư pháp?",
  "metrics": {
    "mrr": 0.07692307692307693,
    "map": 0.07692307692307693,
    "p@1": 0.0,
    "r@1": 0.0,
    "ndcg@1": 0.0,
    "p@5": 0.0,
    "r@5": 0.0,
    "ndcg@5": 0.0,
    "p@10": 0.0,
    "r@10": 0.0,
    "ndcg@10": 0.0,
    "p@15": 0.06666666666666667,
    "r@15": 1.0,
    "ndcg@15": 0.26264953503719357
  },
  "retrieved": [
    5600,
    977,
    6662,
    6660,
    6676,
    986,
    6661,
    3483,
    983,
    6663,
    7699,
    6667,
    6668,
    1152,
    7702
  ],
  "ground_truth": [
    6668
  ]
}