{
  "qid": 45968,
  "query": "Trang phục đông của cán bộ dân quân tự vệ bao gồm những loại trang phục nào?",
  "metrics": {
    "mrr": 0.2,
    "map": 0.2,
    "p@1": 0.0,
    "r@1": 0.0,
    "ndcg@1": 0.0,
    "p@5": 0.2,
    "r@5": 1.0,
    "ndcg@5": 0.38685280723454163,
    "p@10": 0.1,
    "r@10": 1.0,
    "ndcg@10": 0.38685280723454163
  },
  "retrieved": [
    4194,
    4192,
    4193,
    4190,
    4196,
    4198,
    4197,
    3222,
    5854,
    4199
  ]
}