{
  "qid": 46227,
  "query": "Mức lương đối với viên chức giữ chức danh diễn viên hạng III là bao nhiêu?",
  "metrics": {
    "mrr": 0.5,
    "map": 0.5,
    "p@1": 0.0,
    "r@1": 0.0,
    "ndcg@1": 0.0,
    "p@5": 0.2,
    "r@5": 1.0,
    "ndcg@5": 0.6309297535714575,
    "p@10": 0.1,
    "r@10": 1.0,
    "ndcg@10": 0.6309297535714575
  },
  "retrieved": [
    12588,
    1536,
    13119,
    12599,
    14270,
    8457,
    6460,
    8612,
    14235,
    3875
  ]
}