{
  "qid": 46345,
  "query": "Khi xét khen thưởng sẽ ưu tiên nữ hơn nam?",
  "metrics": {
    "mrr": 0.25,
    "map": 0.25,
    "p@1": 0.0,
    "r@1": 0.0,
    "ndcg@1": 0.0,
    "p@5": 0.2,
    "r@5": 1.0,
    "ndcg@5": 0.43067655807339306,
    "p@10": 0.1,
    "r@10": 1.0,
    "ndcg@10": 0.43067655807339306,
    "p@15": 0.06666666666666667,
    "r@15": 1.0,
    "ndcg@15": 0.43067655807339306
  },
  "retrieved": [
    3889,
    5585,
    10015,
    7682,
    1134,
    10032,
    3471,
    10038,
    7860,
    3489,
    1375,
    2090,
    6310,
    6309,
    1376
  ],
  "ground_truth": [
    7682
  ]
}