{
  "qid": 46396,
  "query": "Thế nào là tống đạt?",
  "metrics": {
    "mrr": 0.06666666666666667,
    "map": 0.06666666666666667,
    "p@1": 0.0,
    "r@1": 0.0,
    "ndcg@1": 0.0,
    "p@5": 0.0,
    "r@5": 0.0,
    "ndcg@5": 0.0,
    "p@10": 0.0,
    "r@10": 0.0,
    "ndcg@10": 0.0,
    "p@15": 0.06666666666666667,
    "r@15": 1.0,
    "ndcg@15": 0.25
  },
  "retrieved": [
    8961,
    9414,
    8959,
    9420,
    8988,
    9421,
    8958,
    9422,
    8960,
    9412,
    9413,
    7979,
    8989,
    9423,
    8928
  ],
  "ground_truth": [
    8928
  ]
}