{
  "qid": 46471,
  "query": "Danh mục hàng hóa xuất nhập khẩu Việt Nam cung cấp những thông tin gì của hàng hóa?",
  "metrics": {
    "mrr": 0.2,
    "map": 0.2,
    "p@1": 0.0,
    "r@1": 0.0,
    "ndcg@1": 0.0,
    "p@5": 0.2,
    "r@5": 1.0,
    "ndcg@5": 0.38685280723454163,
    "p@10": 0.1,
    "r@10": 1.0,
    "ndcg@10": 0.38685280723454163,
    "p@15": 0.06666666666666667,
    "r@15": 1.0,
    "ndcg@15": 0.38685280723454163
  },
  "retrieved": [
    8325,
    8326,
    9938,
    8323,
    8324,
    14880,
    12918,
    5288,
    5271,
    2864,
    13358,
    8392,
    4168,
    5266,
    5517
  ],
  "ground_truth": [
    8324
  ]
}