{
  "qid": 46496,
  "query": "Trạm điều khiển vệ tinh viễn thám có thuộc công trình hạ tầng thu nhận dữ liệu viễn thám không?",
  "metrics": {
    "mrr": 0.16666666666666666,
    "map": 0.16666666666666666,
    "p@1": 0.0,
    "r@1": 0.0,
    "ndcg@1": 0.0,
    "p@5": 0.0,
    "r@5": 0.0,
    "ndcg@5": 0.0,
    "p@10": 0.1,
    "r@10": 1.0,
    "ndcg@10": 0.3562071871080222,
    "p@15": 0.06666666666666667,
    "r@15": 1.0,
    "ndcg@15": 0.3562071871080222
  },
  "retrieved": [
    3581,
    3584,
    3582,
    3579,
    3585,
    3575,
    3587,
    3586,
    3583,
    3599,
    3573,
    3576,
    3591,
    3588,
    3600
  ],
  "ground_truth": [
    3575
  ]
}