{
  "qid": 46497,
  "query": "Để xác định vị trí đặt trạm điều khiển vệ tinh viễn thám cần xin ý kiến của các cơ quan nhà nước nào trước khi đưa vào trong kế hoạch xây dựng?",
  "metrics": {
    "mrr": 0.5,
    "map": 0.5,
    "p@1": 0.0,
    "r@1": 0.0,
    "ndcg@1": 0.0,
    "p@5": 0.2,
    "r@5": 1.0,
    "ndcg@5": 0.6309297535714575,
    "p@10": 0.1,
    "r@10": 1.0,
    "ndcg@10": 0.6309297535714575
  },
  "retrieved": [
    3583,
    3581,
    3580,
    3587,
    3575,
    3599,
    3589,
    5163,
    3591,
    3576
  ]
}