{
  "qid": 46562,
  "query": "Công chức lãnh đạo, quản lý có thể bị xem xét miễn nhiệm trong những trường hợp nào?",
  "metrics": {
    "mrr": 0.1,
    "map": 0.1,
    "p@1": 0.0,
    "r@1": 0.0,
    "ndcg@1": 0.0,
    "p@5": 0.0,
    "r@5": 0.0,
    "ndcg@5": 0.0,
    "p@10": 0.1,
    "r@10": 1.0,
    "ndcg@10": 0.2890648263178879,
    "p@15": 0.06666666666666667,
    "r@15": 1.0,
    "ndcg@15": 0.2890648263178879
  },
  "retrieved": [
    2360,
    14263,
    2356,
    14256,
    2359,
    13768,
    2335,
    2361,
    5544,
    14262,
    9988,
    2332,
    13753,
    14234,
    8939
  ],
  "ground_truth": [
    14262
  ]
}