{
  "qid": 46651,
  "query": "Trình tự, thủ tục áp dụng biện pháp cách ly y tế tại nhà được pháp luật quy định như thế nào?",
  "metrics": {
    "mrr": 0.1111111111111111,
    "map": 0.1111111111111111,
    "p@1": 0.0,
    "r@1": 0.0,
    "ndcg@1": 0.0,
    "p@5": 0.0,
    "r@5": 0.0,
    "ndcg@5": 0.0,
    "p@10": 0.1,
    "r@10": 1.0,
    "ndcg@10": 0.3010299956639812
  },
  "retrieved": [
    10420,
    10424,
    10426,
    10414,
    14552,
    10425,
    10417,
    10422,
    10415,
    10416
  ]
}