{
  "qid": 46658,
  "query": "Quyết định tạm ngừng nhập khẩu vật thể thuộc diện kiểm dịch thực vật bao gồm những nội dung nào?",
  "metrics": {
    "mrr": 0.3333333333333333,
    "map": 0.3333333333333333,
    "p@1": 0.0,
    "r@1": 0.0,
    "ndcg@1": 0.0,
    "p@5": 0.2,
    "r@5": 1.0,
    "ndcg@5": 0.5,
    "p@10": 0.1,
    "r@10": 1.0,
    "ndcg@10": 0.5,
    "p@15": 0.06666666666666667,
    "r@15": 1.0,
    "ndcg@15": 0.5
  },
  "retrieved": [
    14304,
    14301,
    14305,
    14294,
    14303,
    5024,
    14302,
    5016,
    5286,
    5015,
    5025,
    5236,
    5018,
    5017,
    5237
  ],
  "ground_truth": [
    14305
  ]
}