{
  "qid": 4676,
  "query": "Khi tiến hành tố tụng đối với người bị buộc tội là người dưới 18 tuổi thì cần lưu ý xác định những vấn đề gì?",
  "metrics": {
    "mrr": 0.16666666666666666,
    "map": 0.16666666666666666,
    "p@1": 0.0,
    "r@1": 0.0,
    "ndcg@1": 0.0,
    "p@5": 0.0,
    "r@5": 0.0,
    "ndcg@5": 0.0,
    "p@10": 0.1,
    "r@10": 1.0,
    "ndcg@10": 0.3562071871080222
  },
  "retrieved": [
    6693,
    6702,
    6695,
    6697,
    10892,
    10891,
    6701,
    6698,
    6699,
    10492
  ]
}