{
  "qid": 47096,
  "query": "Ai có thể thực hiện việc giúp Kiểm sát viên lập hồ sơ giải quyết nguồn tin về tội phạm?",
  "metrics": {
    "mrr": 0.5,
    "map": 0.5,
    "p@1": 0.0,
    "r@1": 0.0,
    "ndcg@1": 0.0,
    "p@5": 0.2,
    "r@5": 1.0,
    "ndcg@5": 0.6309297535714575,
    "p@10": 0.1,
    "r@10": 1.0,
    "ndcg@10": 0.6309297535714575,
    "p@15": 0.06666666666666667,
    "r@15": 1.0,
    "ndcg@15": 0.6309297535714575
  },
  "retrieved": [
    10637,
    10520,
    13867,
    995,
    10519,
    7072,
    10766,
    10621,
    5511,
    13864,
    10791,
    10636,
    7074,
    7075,
    10528
  ],
  "ground_truth": [
    10520
  ]
}