{
  "qid": 47127,
  "query": "Bộ Kế hoạch và Đầu tư có được tổ chức kỳ thi sát hạch cấp chứng chỉ hành nghề đấu thầu từ nguồn ngân sách nhà nước hay không?",
  "metrics": {
    "mrr": 0.5,
    "map": 0.5,
    "p@1": 0.0,
    "r@1": 0.0,
    "ndcg@1": 0.0,
    "p@5": 0.2,
    "r@5": 1.0,
    "ndcg@5": 0.6309297535714575,
    "p@10": 0.1,
    "r@10": 1.0,
    "ndcg@10": 0.6309297535714575
  },
  "retrieved": [
    4515,
    4506,
    4503,
    4514,
    4505,
    4502,
    4516,
    4504,
    12969,
    4521
  ]
}