{
  "qid": 47202,
  "query": "Tiêu chuẩn chi công tác phí cho các cán bộ, công chức thuộc các chức danh lãnh đạo được quy định như thế nào?",
  "metrics": {
    "mrr": 0.25,
    "map": 0.25,
    "p@1": 0.0,
    "r@1": 0.0,
    "ndcg@1": 0.0,
    "p@5": 0.2,
    "r@5": 1.0,
    "ndcg@5": 0.43067655807339306,
    "p@10": 0.1,
    "r@10": 1.0,
    "ndcg@10": 0.43067655807339306,
    "p@15": 0.06666666666666667,
    "r@15": 1.0,
    "ndcg@15": 0.43067655807339306
  },
  "retrieved": [
    14507,
    2332,
    2030,
    11095,
    2911,
    13059,
    5802,
    13165,
    7894,
    2356,
    13734,
    2024,
    11816,
    10269,
    12448
  ],
  "ground_truth": [
    11095
  ]
}