{
  "qid": 47455,
  "query": "Việc xác định hàng hóa bị bán phá giá được dựa trên việc xác định những nội dung nào?",
  "metrics": {
    "mrr": 0.5,
    "map": 0.5,
    "p@1": 0.0,
    "r@1": 0.0,
    "ndcg@1": 0.0,
    "p@5": 0.2,
    "r@5": 1.0,
    "ndcg@5": 0.6309297535714575,
    "p@10": 0.1,
    "r@10": 1.0,
    "ndcg@10": 0.6309297535714575,
    "p@15": 0.06666666666666667,
    "r@15": 1.0,
    "ndcg@15": 0.6309297535714575
  },
  "retrieved": [
    5300,
    5303,
    12871,
    12870,
    12879,
    8323,
    12875,
    12874,
    12918,
    5520,
    12867,
    12910,
    12891,
    12873,
    12884
  ],
  "ground_truth": [
    5303
  ]
}