{
  "qid": 47456,
  "query": "Để tránh việc bán phá giá thì việc xác định giá xuất khẩu hàng hóa được thực hiện bằng phương pháp nào?",
  "metrics": {
    "mrr": 0.25,
    "map": 0.25,
    "p@1": 0.0,
    "r@1": 0.0,
    "ndcg@1": 0.0,
    "p@5": 0.2,
    "r@5": 1.0,
    "ndcg@5": 0.43067655807339306,
    "p@10": 0.1,
    "r@10": 1.0,
    "ndcg@10": 0.43067655807339306,
    "p@15": 0.06666666666666667,
    "r@15": 1.0,
    "ndcg@15": 0.43067655807339306
  },
  "retrieved": [
    5303,
    5300,
    12867,
    12865,
    12875,
    12863,
    2796,
    8324,
    8323,
    12871,
    12879,
    8326,
    14372,
    8325,
    12874
  ],
  "ground_truth": [
    12865
  ]
}