{
  "qid": 47547,
  "query": "Trường hợp nào Hội đồng xét xử sẽ ra quyết định sửa bản án sơ thẩm?",
  "metrics": {
    "mrr": 0.07692307692307693,
    "map": 0.07692307692307693,
    "p@1": 0.0,
    "r@1": 0.0,
    "ndcg@1": 0.0,
    "p@5": 0.0,
    "r@5": 0.0,
    "ndcg@5": 0.0,
    "p@10": 0.0,
    "r@10": 0.0,
    "ndcg@10": 0.0,
    "p@15": 0.06666666666666667,
    "r@15": 1.0,
    "ndcg@15": 0.26264953503719357
  },
  "retrieved": [
    10835,
    10832,
    10837,
    10867,
    10865,
    10838,
    10868,
    10870,
    10937,
    10836,
    10731,
    10504,
    10834,
    10833,
    10807
  ],
  "ground_truth": [
    10834
  ]
}