{
  "qid": 47577,
  "query": "Công chức cấp tỉnh được bồi dưỡng ở nước ngoài bằng nguồn ngân sách nhà nước phải đáp ứng những điều kiện gì?",
  "metrics": {
    "mrr": 0.2,
    "map": 0.2,
    "p@1": 0.0,
    "r@1": 0.0,
    "ndcg@1": 0.0,
    "p@5": 0.2,
    "r@5": 1.0,
    "ndcg@5": 0.38685280723454163,
    "p@10": 0.1,
    "r@10": 1.0,
    "ndcg@10": 0.38685280723454163,
    "p@15": 0.06666666666666667,
    "r@15": 1.0,
    "ndcg@15": 0.38685280723454163
  },
  "retrieved": [
    1033,
    1040,
    11016,
    11008,
    11009,
    11007,
    10980,
    12809,
    11017,
    12807,
    10294,
    11013,
    11020,
    7893,
    11019
  ],
  "ground_truth": [
    11009
  ]
}