{
  "qid": 47711,
  "query": "Có được áp dụng biện pháp tạm giam đối với phụ nữ đang mang thai hoặc đang nuôi con nhỏ hay không?",
  "metrics": {
    "mrr": 0.14285714285714285,
    "map": 0.14285714285714285,
    "p@1": 0.0,
    "r@1": 0.0,
    "ndcg@1": 0.0,
    "p@5": 0.0,
    "r@5": 0.0,
    "ndcg@5": 0.0,
    "p@10": 0.1,
    "r@10": 1.0,
    "ndcg@10": 0.3333333333333333,
    "p@15": 0.06666666666666667,
    "r@15": 1.0,
    "ndcg@15": 0.3333333333333333
  },
  "retrieved": [
    10824,
    6703,
    10755,
    10597,
    11568,
    1177,
    10596,
    1192,
    10649,
    1188,
    10946,
    1189,
    1185,
    1190,
    1179
  ],
  "ground_truth": [
    10596
  ]
}