{
  "qid": 47855,
  "query": "Cơ quan thuộc Chính phủ là gì?",
  "metrics": {
    "mrr": 0.5,
    "map": 0.5,
    "p@1": 0.0,
    "r@1": 0.0,
    "ndcg@1": 0.0,
    "p@5": 0.2,
    "r@5": 1.0,
    "ndcg@5": 0.6309297535714575,
    "p@10": 0.1,
    "r@10": 1.0,
    "ndcg@10": 0.6309297535714575,
    "p@15": 0.06666666666666667,
    "r@15": 1.0,
    "ndcg@15": 0.6309297535714575
  },
  "retrieved": [
    12625,
    12621,
    12620,
    1726,
    3038,
    12624,
    12626,
    8082,
    10129,
    5333,
    580,
    1722,
    12462,
    5307,
    5334
  ],
  "ground_truth": [
    12621
  ]
}