{
  "qid": 47910,
  "query": "Cấp hiệu của lực lượng bảo vệ doanh nghiệp có màu gì?",
  "metrics": {
    "mrr": 0.3333333333333333,
    "map": 0.3333333333333333,
    "p@1": 0.0,
    "r@1": 0.0,
    "ndcg@1": 0.0,
    "p@5": 0.2,
    "r@5": 1.0,
    "ndcg@5": 0.5,
    "p@10": 0.1,
    "r@10": 1.0,
    "ndcg@10": 0.5,
    "p@15": 0.06666666666666667,
    "r@15": 1.0,
    "ndcg@15": 0.5
  },
  "retrieved": [
    6069,
    6070,
    8489,
    8485,
    6065,
    2076,
    6074,
    6072,
    8497,
    6077,
    12455,
    6073,
    6078,
    2393,
    1220
  ],
  "ground_truth": [
    8489
  ]
}