{
  "qid": 48008,
  "query": "Quy trình chấm dứt hoạt động của Lãnh sự danh dự nước Cộng hòa xã hội chủ nghĩa Việt Nam được thực hiện ra sao?",
  "metrics": {
    "mrr": 0.5,
    "map": 0.5,
    "p@1": 0.0,
    "r@1": 0.0,
    "ndcg@1": 0.0,
    "p@5": 0.2,
    "r@5": 1.0,
    "ndcg@5": 0.6309297535714575,
    "p@10": 0.1,
    "r@10": 1.0,
    "ndcg@10": 0.6309297535714575
  },
  "retrieved": [
    1397,
    1414,
    1400,
    1415,
    1410,
    1413,
    1417,
    1399,
    1403,
    1401
  ]
}