{
  "qid": 48099,
  "query": "Căn cứ vào đâu để tổ chức chức thi hoặc xét thăng hạng chức danh nghề nghiệp giáo viên mầm non?",
  "metrics": {
    "mrr": 0.06666666666666667,
    "map": 0.06666666666666667,
    "p@1": 0.0,
    "r@1": 0.0,
    "ndcg@1": 0.0,
    "p@5": 0.0,
    "r@5": 0.0,
    "ndcg@5": 0.0,
    "p@10": 0.0,
    "r@10": 0.0,
    "ndcg@10": 0.0,
    "p@15": 0.06666666666666667,
    "r@15": 1.0,
    "ndcg@15": 0.25
  },
  "retrieved": [
    14241,
    14244,
    1535,
    3878,
    6925,
    14245,
    3872,
    8733,
    1530,
    6926,
    14240,
    14236,
    1532,
    1678,
    14238
  ],
  "ground_truth": [
    14238
  ]
}