{
  "qid": 48104,
  "query": "Tổ chức tín dụng có trách nhiệm gì đối với chiết khấu giấy tờ có giá tại Ngân hàng Nhà nước?",
  "metrics": {
    "mrr": 0.14285714285714285,
    "map": 0.14285714285714285,
    "p@1": 0.0,
    "r@1": 0.0,
    "ndcg@1": 0.0,
    "p@5": 0.0,
    "r@5": 0.0,
    "ndcg@5": 0.0,
    "p@10": 0.1,
    "r@10": 1.0,
    "ndcg@10": 0.3333333333333333,
    "p@15": 0.06666666666666667,
    "r@15": 1.0,
    "ndcg@15": 0.3333333333333333
  },
  "retrieved": [
    163,
    159,
    171,
    176,
    165,
    173,
    175,
    160,
    4015,
    4026,
    4022,
    174,
    168,
    2432,
    4027
  ],
  "ground_truth": [
    175
  ]
}