{
  "qid": 48160,
  "query": "Chánh Văn phòng có thể tham mưu cho Cục trưởng Cục thi hành án dân sự trong công tác phối hợp giữa các phòng ban khác không?",
  "metrics": {
    "mrr": 0.25,
    "map": 0.25,
    "p@1": 0.0,
    "r@1": 0.0,
    "ndcg@1": 0.0,
    "p@5": 0.2,
    "r@5": 1.0,
    "ndcg@5": 0.43067655807339306,
    "p@10": 0.1,
    "r@10": 1.0,
    "ndcg@10": 0.43067655807339306
  },
  "retrieved": [
    2319,
    2322,
    2318,
    2320,
    9476,
    2324,
    9477,
    9425,
    9474,
    9480
  ]
}