{
  "qid": 48178,
  "query": "Địa bàn hoạt động hải quan tại các khu vực ngoài cửa khẩu gồm những nơi nào?",
  "metrics": {
    "mrr": 0.3333333333333333,
    "map": 0.3333333333333333,
    "p@1": 0.0,
    "r@1": 0.0,
    "ndcg@1": 0.0,
    "p@5": 0.2,
    "r@5": 1.0,
    "ndcg@5": 0.5,
    "p@10": 0.1,
    "r@10": 1.0,
    "ndcg@10": 0.5
  },
  "retrieved": [
    466,
    13705,
    471,
    13703,
    9681,
    468,
    5281,
    9687,
    8358,
    13710
  ]
}