{
  "qid": 48256,
  "query": "Trách nhiệm và thẩm quyền trong công tác bổ nhiệm viên chức quản lý được quy định như thế nào?",
  "metrics": {
    "mrr": 0.25,
    "map": 0.25,
    "p@1": 0.0,
    "r@1": 0.0,
    "ndcg@1": 0.0,
    "p@5": 0.2,
    "r@5": 1.0,
    "ndcg@5": 0.43067655807339306,
    "p@10": 0.1,
    "r@10": 1.0,
    "ndcg@10": 0.43067655807339306,
    "p@15": 0.06666666666666667,
    "r@15": 1.0,
    "ndcg@15": 0.43067655807339306
  },
  "retrieved": [
    2335,
    2316,
    2030,
    14252,
    14233,
    2334,
    7814,
    14251,
    7817,
    14258,
    2357,
    7805,
    7815,
    7816,
    7799
  ],
  "ground_truth": [
    14252
  ]
}