{
  "qid": 48455,
  "query": "Thời hạn kháng nghị theo thủ tục tái thẩm là bao lâu?",
  "metrics": {
    "mrr": 0.5,
    "map": 0.5,
    "p@1": 0.0,
    "r@1": 0.0,
    "ndcg@1": 0.0,
    "p@5": 0.2,
    "r@5": 1.0,
    "ndcg@5": 0.6309297535714575,
    "p@10": 0.1,
    "r@10": 1.0,
    "ndcg@10": 0.6309297535714575
  },
  "retrieved": [
    10880,
    10878,
    10856,
    10813,
    10815,
    10855,
    10874,
    10857,
    3988,
    10814
  ]
}