{
  "qid": 48480,
  "query": "Cán bộ Quân đội là các nhà hoạt động văn hóa tiêu biểu như thế nào thì khi mất mới được tổ chức Lễ tang theo nghi thức Lễ tang Cấp cao?",
  "metrics": {
    "mrr": 0.5,
    "map": 0.5,
    "p@1": 0.0,
    "r@1": 0.0,
    "ndcg@1": 0.0,
    "p@5": 0.2,
    "r@5": 1.0,
    "ndcg@5": 0.6309297535714575,
    "p@10": 0.1,
    "r@10": 1.0,
    "ndcg@10": 0.6309297535714575,
    "p@15": 0.06666666666666667,
    "r@15": 1.0,
    "ndcg@15": 0.6309297535714575
  },
  "retrieved": [
    11796,
    11783,
    11786,
    11756,
    11765,
    11758,
    11750,
    11770,
    11807,
    11792,
    11788,
    11751,
    11808,
    11774,
    11800
  ],
  "ground_truth": [
    11783
  ]
}