{
  "qid": 48600,
  "query": "Hợp đồng đại lý lữ hành có phải quy định về thời hạn hiệu lực của hợp đồng không?",
  "metrics": {
    "mrr": 0.5,
    "map": 0.5,
    "p@1": 0.0,
    "r@1": 0.0,
    "ndcg@1": 0.0,
    "p@5": 0.2,
    "r@5": 1.0,
    "ndcg@5": 0.6309297535714575,
    "p@10": 0.1,
    "r@10": 1.0,
    "ndcg@10": 0.6309297535714575,
    "p@15": 0.06666666666666667,
    "r@15": 1.0,
    "ndcg@15": 0.6309297535714575
  },
  "retrieved": [
    9783,
    9784,
    9785,
    9786,
    9782,
    14226,
    9774,
    9779,
    9775,
    9723,
    9773,
    7431,
    6609,
    9777,
    6612
  ],
  "ground_truth": [
    9784
  ]
}