{
  "qid": 48935,
  "query": "Việc cấp lại Thẻ hành nghề xử lý vật thể thuộc diện kiểm dịch thực vật được thực hiện theo trình tự nào?",
  "metrics": {
    "mrr": 0.25,
    "map": 0.25,
    "p@1": 0.0,
    "r@1": 0.0,
    "ndcg@1": 0.0,
    "p@5": 0.2,
    "r@5": 1.0,
    "ndcg@5": 0.43067655807339306,
    "p@10": 0.1,
    "r@10": 1.0,
    "ndcg@10": 0.43067655807339306,
    "p@15": 0.06666666666666667,
    "r@15": 1.0,
    "ndcg@15": 0.43067655807339306
  },
  "retrieved": [
    5015,
    5024,
    5017,
    5022,
    5018,
    5016,
    14302,
    5025,
    14301,
    14294,
    5020,
    14304,
    5286,
    14303,
    5019
  ],
  "ground_truth": [
    5022
  ]
}