{
  "qid": 48958,
  "query": "Luật sư có được tự do lựa chọn tổ chức thực hiện bồi dưỡng bắt buộc về chuyên môn, nghiệp vụ hay không?",
  "metrics": {
    "mrr": 0.5,
    "map": 0.25,
    "p@1": 0.0,
    "r@1": 0.0,
    "ndcg@1": 0.0,
    "p@5": 0.2,
    "r@5": 0.5,
    "ndcg@5": 0.38685280723454163,
    "p@10": 0.1,
    "r@10": 0.5,
    "ndcg@10": 0.38685280723454163,
    "p@15": 0.06666666666666667,
    "r@15": 0.5,
    "ndcg@15": 0.38685280723454163
  },
  "retrieved": [
    2644,
    2650,
    2642,
    2645,
    2652,
    2651,
    2647,
    2655,
    2646,
    2656,
    2657,
    2661,
    1622,
    2654,
    2658
  ],
  "ground_truth": [
    2650,
    2648
  ]
}