{
  "qid": 49541,
  "query": "Chi phí gia hạn Giấy phép hoạt động của tổ chức con nuôi nước ngoài tại Việt Nam là bao nhiêu?",
  "metrics": {
    "mrr": 0.16666666666666666,
    "map": 0.16666666666666666,
    "p@1": 0.0,
    "r@1": 0.0,
    "ndcg@1": 0.0,
    "p@5": 0.0,
    "r@5": 0.0,
    "ndcg@5": 0.0,
    "p@10": 0.1,
    "r@10": 1.0,
    "ndcg@10": 0.3562071871080222,
    "p@15": 0.06666666666666667,
    "r@15": 1.0,
    "ndcg@15": 0.3562071871080222
  },
  "retrieved": [
    13970,
    13971,
    13964,
    13965,
    13963,
    13968,
    3227,
    13966,
    11646,
    3234,
    3242,
    3232,
    4723,
    3237,
    7957
  ],
  "ground_truth": [
    13968
  ]
}