{
  "qid": 49552,
  "query": "Điều kiện của cơ sở xét nghiệm an toàn sinh học cấp 2 được pháp luật quy định như thế nào?",
  "metrics": {
    "mrr": 0.16666666666666666,
    "map": 0.16666666666666666,
    "p@1": 0.0,
    "r@1": 0.0,
    "ndcg@1": 0.0,
    "p@5": 0.0,
    "r@5": 0.0,
    "ndcg@5": 0.0,
    "p@10": 0.1,
    "r@10": 1.0,
    "ndcg@10": 0.3562071871080222,
    "p@15": 0.06666666666666667,
    "r@15": 1.0,
    "ndcg@15": 0.3562071871080222
  },
  "retrieved": [
    11508,
    11514,
    14549,
    11521,
    11505,
    11510,
    11518,
    11523,
    11513,
    11517,
    11522,
    11526,
    11519,
    11524,
    11515
  ],
  "ground_truth": [
    11510
  ]
}