{
  "qid": 49968,
  "query": "Những ai được quyền kháng nghị theo thủ tục giám đốc thẩm?",
  "metrics": {
    "mrr": 0.14285714285714285,
    "map": 0.14285714285714285,
    "p@1": 0.0,
    "r@1": 0.0,
    "ndcg@1": 0.0,
    "p@5": 0.0,
    "r@5": 0.0,
    "ndcg@5": 0.0,
    "p@10": 0.1,
    "r@10": 1.0,
    "ndcg@10": 0.3333333333333333,
    "p@15": 0.06666666666666667,
    "r@15": 1.0,
    "ndcg@15": 0.3333333333333333
  },
  "retrieved": [
    10856,
    10855,
    10871,
    10857,
    10858,
    10872,
    10850,
    10847,
    10866,
    10813,
    10862,
    10848,
    10854,
    10815,
    10860
  ],
  "ground_truth": [
    10850
  ]
}