{
  "qid": 49972,
  "query": "Công chức chuyên ngành kiểm soát chất lượng sản phẩm, hàng hóa gồm những chức danh nào?",
  "metrics": {
    "mrr": 0.16666666666666666,
    "map": 0.16666666666666666,
    "p@1": 0.0,
    "r@1": 0.0,
    "ndcg@1": 0.0,
    "p@5": 0.0,
    "r@5": 0.0,
    "ndcg@5": 0.0,
    "p@10": 0.1,
    "r@10": 1.0,
    "ndcg@10": 0.3562071871080222
  },
  "retrieved": [
    12461,
    12464,
    12465,
    12466,
    12467,
    12463,
    12468,
    13366,
    13358,
    12441
  ]
}