{
  "qid": 50065,
  "query": "Chi phí đền bù và cách tính chi phí đền bù đối với đào tạo viên chức được quy định như thế nào?",
  "metrics": {
    "mrr": 0.2,
    "map": 0.2,
    "p@1": 0.0,
    "r@1": 0.0,
    "ndcg@1": 0.0,
    "p@5": 0.2,
    "r@5": 1.0,
    "ndcg@5": 0.38685280723454163,
    "p@10": 0.1,
    "r@10": 1.0,
    "ndcg@10": 0.38685280723454163,
    "p@15": 0.06666666666666667,
    "r@15": 1.0,
    "ndcg@15": 0.38685280723454163
  },
  "retrieved": [
    10991,
    10984,
    10990,
    10986,
    10985,
    10987,
    10989,
    11015,
    11379,
    10988,
    6425,
    13227,
    2296,
    6015,
    3798
  ],
  "ground_truth": [
    10985
  ]
}