{
  "qid": 50268,
  "query": "Nội dung hoạt động kiểm toán nội bộ Ngân hàng Nhà nước Việt Nam được quy định như thế nào?",
  "metrics": {
    "mrr": 0.07142857142857142,
    "map": 0.07142857142857142,
    "p@1": 0.0,
    "r@1": 0.0,
    "ndcg@1": 0.0,
    "p@5": 0.0,
    "r@5": 0.0,
    "ndcg@5": 0.0,
    "p@10": 0.0,
    "r@10": 0.0,
    "ndcg@10": 0.0,
    "p@15": 0.06666666666666667,
    "r@15": 1.0,
    "ndcg@15": 0.2559580248098155
  },
  "retrieved": [
    6852,
    6835,
    6865,
    6864,
    6860,
    6861,
    6853,
    6850,
    6866,
    5684,
    6836,
    6849,
    6858,
    6855,
    6869
  ],
  "ground_truth": [
    6855
  ]
}