{
  "qid": 50349,
  "query": "Cán bộ công chức lãnh đạo được cử đi học tập trung thời gian dài có bị thôi hưởng phụ cấp chức vụ hay không?",
  "metrics": {
    "mrr": 0.08333333333333333,
    "map": 0.08333333333333333,
    "p@1": 0.0,
    "r@1": 0.0,
    "ndcg@1": 0.0,
    "p@5": 0.0,
    "r@5": 0.0,
    "ndcg@5": 0.0,
    "p@10": 0.0,
    "r@10": 0.0,
    "ndcg@10": 0.0,
    "p@15": 0.06666666666666667,
    "r@15": 1.0,
    "ndcg@15": 0.27023815442731974
  },
  "retrieved": [
    930,
    9464,
    670,
    9465,
    14492,
    13781,
    13839,
    7560,
    14256,
    14263,
    13842,
    11014,
    2356,
    9462,
    14259
  ],
  "ground_truth": [
    11014
  ]
}