{
  "qid": 50632,
  "query": "Bảo hiểm tai nạn bắt buộc trong hoạt động xây dựng được áp dụng cho những đối tượng nào?",
  "metrics": {
    "mrr": 0.1,
    "map": 0.1,
    "p@1": 0.0,
    "r@1": 0.0,
    "ndcg@1": 0.0,
    "p@5": 0.0,
    "r@5": 0.0,
    "ndcg@5": 0.0,
    "p@10": 0.1,
    "r@10": 1.0,
    "ndcg@10": 0.2890648263178879,
    "p@15": 0.06666666666666667,
    "r@15": 1.0,
    "ndcg@15": 0.2890648263178879
  },
  "retrieved": [
    14792,
    14794,
    14803,
    14804,
    14802,
    14793,
    14805,
    11433,
    11441,
    14795,
    11445,
    11430,
    11428,
    14801,
    14800
  ],
  "ground_truth": [
    14795
  ]
}