{
  "qid": 50779,
  "query": "Tòa án nhân dân chuyển vụ án hình sự trong giai đoạn xét xử sơ thẩm trong trường hợp nào?",
  "metrics": {
    "mrr": 0.08333333333333333,
    "map": 0.08333333333333333,
    "p@1": 0.0,
    "r@1": 0.0,
    "ndcg@1": 0.0,
    "p@5": 0.0,
    "r@5": 0.0,
    "ndcg@5": 0.0,
    "p@10": 0.0,
    "r@10": 0.0,
    "ndcg@10": 0.0,
    "p@15": 0.06666666666666667,
    "r@15": 1.0,
    "ndcg@15": 0.27023815442731974
  },
  "retrieved": [
    10930,
    10837,
    10745,
    10750,
    10835,
    10838,
    10807,
    10523,
    10932,
    10746,
    3978,
    10751,
    14138,
    208,
    10748
  ],
  "ground_truth": [
    10751
  ]
}