{
  "qid": 50866,
  "query": "Trong thời gian nghỉ việc hưởng chế độ thai sản có được hưởng chế độ ốm đau trong thời gian nghỉ thai sản không?",
  "metrics": {
    "mrr": 0.125,
    "map": 0.125,
    "p@1": 0.0,
    "r@1": 0.0,
    "ndcg@1": 0.0,
    "p@5": 0.0,
    "r@5": 0.0,
    "ndcg@5": 0.0,
    "p@10": 0.1,
    "r@10": 1.0,
    "ndcg@10": 0.31546487678572877,
    "p@15": 0.06666666666666667,
    "r@15": 1.0,
    "ndcg@15": 0.31546487678572877
  },
  "retrieved": [
    11850,
    11852,
    11851,
    14089,
    11847,
    13880,
    11846,
    11845,
    14090,
    14108,
    11848,
    11853,
    11329,
    8798,
    13279
  ],
  "ground_truth": [
    11845
  ]
}