{
  "qid": 5097,
  "query": "Trong đấu giá tài sản, người trúng đấu giá có các quyền lợi và nghĩa vụ nào?",
  "metrics": {
    "mrr": 0.5,
    "map": 0.5,
    "p@1": 0.0,
    "r@1": 0.0,
    "ndcg@1": 0.0,
    "p@5": 0.2,
    "r@5": 1.0,
    "ndcg@5": 0.6309297535714575,
    "p@10": 0.1,
    "r@10": 1.0,
    "ndcg@10": 0.6309297535714575,
    "p@15": 0.06666666666666667,
    "r@15": 1.0,
    "ndcg@15": 0.6309297535714575
  },
  "retrieved": [
    733,
    735,
    759,
    738,
    731,
    689,
    732,
    693,
    720,
    734,
    694,
    740,
    711,
    743,
    724
  ],
  "ground_truth": [
    735
  ]
}