{
  "qid": 51001,
  "query": "Ủy ban nhân dân xã thực hiện đăng ký kết hôn lưu động trong những trường hợp nào?",
  "metrics": {
    "mrr": 0.5,
    "map": 0.5,
    "p@1": 0.0,
    "r@1": 0.0,
    "ndcg@1": 0.0,
    "p@5": 0.2,
    "r@5": 1.0,
    "ndcg@5": 0.6309297535714575,
    "p@10": 0.1,
    "r@10": 1.0,
    "ndcg@10": 0.6309297535714575
  },
  "retrieved": [
    4579,
    4577,
    3131,
    4564,
    4585,
    908,
    2263,
    907,
    5141,
    2271
  ]
}