{
  "qid": 51155,
  "query": "Kinh phí để lập quy hoạch về du lịch có thuộc kinh phí được nhà nước ưu tiên chi trả không?",
  "metrics": {
    "mrr": 0.5,
    "map": 0.5,
    "p@1": 0.0,
    "r@1": 0.0,
    "ndcg@1": 0.0,
    "p@5": 0.2,
    "r@5": 1.0,
    "ndcg@5": 0.6309297535714575,
    "p@10": 0.1,
    "r@10": 1.0,
    "ndcg@10": 0.6309297535714575,
    "p@15": 0.06666666666666667,
    "r@15": 1.0,
    "ndcg@15": 0.6309297535714575
  },
  "retrieved": [
    9765,
    9748,
    9759,
    5902,
    11053,
    9816,
    5906,
    9818,
    9746,
    5894,
    5892,
    9744,
    9764,
    9423,
    5890
  ],
  "ground_truth": [
    9748
  ]
}