{
  "qid": 51316,
  "query": "Việc thống kê về cứu nạn cứu hộ của lực lượng Cảnh sát phòng cháy chữa cháy và cứu nạn cứu hộ gồm những nội dung gì?",
  "metrics": {
    "mrr": 0.25,
    "map": 0.25,
    "p@1": 0.0,
    "r@1": 0.0,
    "ndcg@1": 0.0,
    "p@5": 0.2,
    "r@5": 1.0,
    "ndcg@5": 0.43067655807339306,
    "p@10": 0.1,
    "r@10": 1.0,
    "ndcg@10": 0.43067655807339306
  },
  "retrieved": [
    3089,
    8721,
    8719,
    8727,
    3097,
    8724,
    8726,
    8720,
    8728,
    8718
  ]
}