{
  "qid": 51403,
  "query": "Số lượng máy trò chơi quy định tại Giấy chứng nhận đủ điều kiện kinh doanh casino được xác định thế nào?",
  "metrics": {
    "mrr": 0.5,
    "map": 0.5,
    "p@1": 0.0,
    "r@1": 0.0,
    "ndcg@1": 0.0,
    "p@5": 0.2,
    "r@5": 1.0,
    "ndcg@5": 0.6309297535714575,
    "p@10": 0.1,
    "r@10": 1.0,
    "ndcg@10": 0.6309297535714575
  },
  "retrieved": [
    3308,
    3253,
    3254,
    3255,
    3250,
    3248,
    3267,
    3273,
    3271,
    3274
  ]
}