{
  "qid": 51610,
  "query": "Thời điểm lấy số liệu báo cáo của Ngành Thi hành án Quân đội là khi nào?",
  "metrics": {
    "mrr": 0.14285714285714285,
    "map": 0.14285714285714285,
    "p@1": 0.0,
    "r@1": 0.0,
    "ndcg@1": 0.0,
    "p@5": 0.0,
    "r@5": 0.0,
    "ndcg@5": 0.0,
    "p@10": 0.1,
    "r@10": 1.0,
    "ndcg@10": 0.3333333333333333
  },
  "retrieved": [
    1271,
    843,
    6798,
    6800,
    825,
    824,
    1273,
    842,
    1274,
    1276
  ]
}