{
  "qid": 51670,
  "query": "Chế độ giảm định mức tiết dạy đối với giáo viên THCS làm chủ tịch công đoàn thế nào?",
  "metrics": {
    "mrr": 0.3333333333333333,
    "map": 0.3333333333333333,
    "p@1": 0.0,
    "r@1": 0.0,
    "ndcg@1": 0.0,
    "p@5": 0.2,
    "r@5": 1.0,
    "ndcg@5": 0.5,
    "p@10": 0.1,
    "r@10": 1.0,
    "ndcg@10": 0.5,
    "p@15": 0.06666666666666667,
    "r@15": 1.0,
    "ndcg@15": 0.5
  },
  "retrieved": [
    8500,
    8502,
    8501,
    7148,
    8499,
    7147,
    8503,
    4312,
    14287,
    13840,
    8827,
    4303,
    14382,
    2817,
    4318
  ],
  "ground_truth": [
    8501
  ]
}