{
  "qid": 51799,
  "query": "Chứng chỉ kế toán trưởng có thay thế chứng chỉ bồi dưỡng được không?",
  "metrics": {
    "mrr": 0.125,
    "map": 0.125,
    "p@1": 0.0,
    "r@1": 0.0,
    "ndcg@1": 0.0,
    "p@5": 0.0,
    "r@5": 0.0,
    "ndcg@5": 0.0,
    "p@10": 0.1,
    "r@10": 1.0,
    "ndcg@10": 0.31546487678572877,
    "p@15": 0.06666666666666667,
    "r@15": 1.0,
    "ndcg@15": 0.31546487678572877
  },
  "retrieved": [
    11003,
    4396,
    1036,
    1039,
    4511,
    4397,
    2252,
    2896,
    6004,
    4395,
    3313,
    6745,
    4390,
    3812,
    1037
  ],
  "ground_truth": [
    2896
  ]
}