{
  "qid": 51932,
  "query": "Trường hợp nào có quyền hủy bỏ hợp đồng dịch vụ đấu giá biển số xe ô tô?",
  "metrics": {
    "mrr": 0.1,
    "map": 0.1,
    "p@1": 0.0,
    "r@1": 0.0,
    "ndcg@1": 0.0,
    "p@5": 0.0,
    "r@5": 0.0,
    "ndcg@5": 0.0,
    "p@10": 0.1,
    "r@10": 1.0,
    "ndcg@10": 0.2890648263178879,
    "p@15": 0.06666666666666667,
    "r@15": 1.0,
    "ndcg@15": 0.2890648263178879
  },
  "retrieved": [
    4471,
    4449,
    4451,
    4465,
    4458,
    4457,
    759,
    4464,
    4456,
    720,
    734,
    4461,
    13139,
    4459,
    4462
  ],
  "ground_truth": [
    720
  ]
}