{
  "qid": 5194,
  "query": "Cơ quan điều tra có quyền quyết định khởi tố đối với những vụ án hình sự nào?",
  "metrics": {
    "mrr": 0.2,
    "map": 0.2,
    "p@1": 0.0,
    "r@1": 0.0,
    "ndcg@1": 0.0,
    "p@5": 0.2,
    "r@5": 1.0,
    "ndcg@5": 0.38685280723454163,
    "p@10": 0.1,
    "r@10": 1.0,
    "ndcg@10": 0.38685280723454163,
    "p@15": 0.06666666666666667,
    "r@15": 1.0,
    "ndcg@15": 0.38685280723454163
  },
  "retrieved": [
    10633,
    10638,
    10631,
    10635,
    10630,
    3569,
    10642,
    10641,
    10646,
    10513,
    10636,
    10517,
    10713,
    10516,
    10900
  ],
  "ground_truth": [
    10630
  ]
}