{
  "qid": 5212,
  "query": "Hồ sơ thẩm định chương trình và tài liệu đào tạo nghiệp vụ kiểm sát được gửi đến cấp có thẩm quyền gồm những gì?",
  "metrics": {
    "mrr": 0.06666666666666667,
    "map": 0.06666666666666667,
    "p@1": 0.0,
    "r@1": 0.0,
    "ndcg@1": 0.0,
    "p@5": 0.0,
    "r@5": 0.0,
    "ndcg@5": 0.0,
    "p@10": 0.0,
    "r@10": 0.0,
    "ndcg@10": 0.0,
    "p@15": 0.06666666666666667,
    "r@15": 1.0,
    "ndcg@15": 0.25
  },
  "retrieved": [
    3340,
    3341,
    9828,
    9832,
    3344,
    88,
    13859,
    3339,
    8273,
    9827,
    9829,
    3770,
    10998,
    4508,
    11001
  ],
  "ground_truth": [
    11001
  ]
}