{
  "qid": 52214,
  "query": "Khiếu nại quyết định cưỡng chế thì liệu quyết định cưỡng chế có thể bị đình chỉ không?",
  "metrics": {
    "mrr": 0.2,
    "map": 0.2,
    "p@1": 0.0,
    "r@1": 0.0,
    "ndcg@1": 0.0,
    "p@5": 0.2,
    "r@5": 1.0,
    "ndcg@5": 0.38685280723454163,
    "p@10": 0.1,
    "r@10": 1.0,
    "ndcg@10": 0.38685280723454163,
    "p@15": 0.06666666666666667,
    "r@15": 1.0,
    "ndcg@15": 0.38685280723454163
  },
  "retrieved": [
    5390,
    5394,
    5393,
    5391,
    1735,
    5392,
    5395,
    3024,
    2207,
    3027,
    3022,
    3023,
    1754,
    5389,
    1499
  ],
  "ground_truth": [
    1735
  ]
}