{
  "qid": 52258,
  "query": "Sử dụng giấy phép kinh doanh dịch vụ lữ hành của doanh nghiệp kinh doanh dịch vụ lữ hành khác để hoạt động có trái luật không?",
  "metrics": {
    "mrr": 0.07142857142857142,
    "map": 0.07142857142857142,
    "p@1": 0.0,
    "r@1": 0.0,
    "ndcg@1": 0.0,
    "p@5": 0.0,
    "r@5": 0.0,
    "ndcg@5": 0.0,
    "p@10": 0.0,
    "r@10": 0.0,
    "ndcg@10": 0.0,
    "p@15": 0.06666666666666667,
    "r@15": 1.0,
    "ndcg@15": 0.2559580248098155
  },
  "retrieved": [
    9779,
    9777,
    6612,
    9775,
    9778,
    9774,
    9773,
    9783,
    9781,
    9787,
    9782,
    6613,
    9780,
    9752,
    6609
  ],
  "ground_truth": [
    9752
  ]
}