{
  "qid": 52520,
  "query": "Đối tượng nào được tham gia vào công tác thi đua của Tòa án nhân dân?",
  "metrics": {
    "mrr": 0.3333333333333333,
    "map": 0.3333333333333333,
    "p@1": 0.0,
    "r@1": 0.0,
    "ndcg@1": 0.0,
    "p@5": 0.2,
    "r@5": 1.0,
    "ndcg@5": 0.5,
    "p@10": 0.1,
    "r@10": 1.0,
    "ndcg@10": 0.5
  },
  "retrieved": [
    1148,
    1164,
    1131,
    1149,
    1130,
    1485,
    208,
    1526,
    1136,
    1525
  ]
}