{
  "qid": 52654,
  "query": "Thanh niên xung phong tham gia kháng chiến có thuộc đối tượng được Lao động - Thương binh và Xã hội chi chế độ trợ cấp một lần không?",
  "metrics": {
    "mrr": 0.16666666666666666,
    "map": 0.16666666666666666,
    "p@1": 0.0,
    "r@1": 0.0,
    "ndcg@1": 0.0,
    "p@5": 0.0,
    "r@5": 0.0,
    "ndcg@5": 0.0,
    "p@10": 0.1,
    "r@10": 1.0,
    "ndcg@10": 0.3562071871080222
  },
  "retrieved": [
    13725,
    13729,
    13722,
    13726,
    13730,
    11042,
    13736,
    13731,
    11039,
    1394
  ]
}