{
  "qid": 52676,
  "query": "Hình thức đấu thầu hoán đổi công cụ nợ của Chính phủ là gì?",
  "metrics": {
    "mrr": 0.09090909090909091,
    "map": 0.09090909090909091,
    "p@1": 0.0,
    "r@1": 0.0,
    "ndcg@1": 0.0,
    "p@5": 0.0,
    "r@5": 0.0,
    "ndcg@5": 0.0,
    "p@10": 0.0,
    "r@10": 0.0,
    "ndcg@10": 0.0,
    "p@15": 0.06666666666666667,
    "r@15": 1.0,
    "ndcg@15": 0.27894294565112987
  },
  "retrieved": [
    13437,
    13442,
    13432,
    13448,
    13429,
    13461,
    13441,
    13433,
    13445,
    13455,
    13436,
    13456,
    13428,
    13457,
    13459
  ],
  "ground_truth": [
    13436
  ]
}