{
  "qid": 52687,
  "query": "Cơ quan nào có thẩm quyền tiếp nhận Biểu mẫu đăng ký giá sữa dành cho trẻ em dưới 06 tuổi?",
  "metrics": {
    "mrr": 0.2,
    "map": 0.2,
    "p@1": 0.0,
    "r@1": 0.0,
    "ndcg@1": 0.0,
    "p@5": 0.2,
    "r@5": 1.0,
    "ndcg@5": 0.38685280723454163,
    "p@10": 0.1,
    "r@10": 1.0,
    "ndcg@10": 0.38685280723454163
  },
  "retrieved": [
    8638,
    8639,
    8653,
    8649,
    8645,
    8643,
    8644,
    8651,
    8652,
    14592
  ]
}