{
  "qid": 52688,
  "query": "Cơ quan tiếp nhận Biểu mẫu đăng ký giá sữa dành cho trẻ em dưới 06 tuổi có những quyền nào?",
  "metrics": {
    "mrr": 0.125,
    "map": 0.125,
    "p@1": 0.0,
    "r@1": 0.0,
    "ndcg@1": 0.0,
    "p@5": 0.0,
    "r@5": 0.0,
    "ndcg@5": 0.0,
    "p@10": 0.1,
    "r@10": 1.0,
    "ndcg@10": 0.31546487678572877,
    "p@15": 0.06666666666666667,
    "r@15": 1.0,
    "ndcg@15": 0.31546487678572877
  },
  "retrieved": [
    8638,
    8639,
    8653,
    8649,
    8645,
    8643,
    8644,
    8651,
    8652,
    14592,
    8642,
    8641,
    8650,
    9908,
    8640
  ],
  "ground_truth": [
    8651
  ]
}