{
  "qid": 52973,
  "query": "Trình tự, thủ tục điều tra vụ việc phòng vệ thương mại tại Việt Nam được quy định như thế nào?",
  "metrics": {
    "mrr": 0.09090909090909091,
    "map": 0.09090909090909091,
    "p@1": 0.0,
    "r@1": 0.0,
    "ndcg@1": 0.0,
    "p@5": 0.0,
    "r@5": 0.0,
    "ndcg@5": 0.0,
    "p@10": 0.0,
    "r@10": 0.0,
    "ndcg@10": 0.0,
    "p@15": 0.06666666666666667,
    "r@15": 1.0,
    "ndcg@15": 0.27894294565112987
  },
  "retrieved": [
    12848,
    5296,
    5290,
    12850,
    12856,
    12928,
    5291,
    5295,
    12861,
    12920,
    5293,
    12919,
    12853,
    12921,
    12930
  ],
  "ground_truth": [
    5293
  ]
}