{
  "qid": 52984,
  "query": "Thời hạn mở phiên tòa giám đốc thẩm là bao lâu?",
  "metrics": {
    "mrr": 0.3333333333333333,
    "map": 0.3333333333333333,
    "p@1": 0.0,
    "r@1": 0.0,
    "ndcg@1": 0.0,
    "p@5": 0.2,
    "r@5": 1.0,
    "ndcg@5": 0.5,
    "p@10": 0.1,
    "r@10": 1.0,
    "ndcg@10": 0.5,
    "p@15": 0.06666666666666667,
    "r@15": 1.0,
    "ndcg@15": 0.5
  },
  "retrieved": [
    10860,
    10858,
    10862,
    10735,
    10774,
    10782,
    10871,
    10935,
    10764,
    10829,
    10778,
    10863,
    10831,
    10931,
    10733
  ],
  "ground_truth": [
    10862
  ]
}