{
  "qid": 53141,
  "query": "Biên bản về việc giữ người trong trường hợp khẩn cấp phải có chữ ký của những ai?",
  "metrics": {
    "mrr": 0.14285714285714285,
    "map": 0.14285714285714285,
    "p@1": 0.0,
    "r@1": 0.0,
    "ndcg@1": 0.0,
    "p@5": 0.0,
    "r@5": 0.0,
    "ndcg@5": 0.0,
    "p@10": 0.1,
    "r@10": 1.0,
    "ndcg@10": 0.3333333333333333,
    "p@15": 0.06666666666666667,
    "r@15": 1.0,
    "ndcg@15": 0.3333333333333333
  },
  "retrieved": [
    3701,
    10587,
    10610,
    10655,
    1446,
    4529,
    10592,
    5325,
    4534,
    5324,
    12711,
    1440,
    10535,
    4528,
    4535
  ],
  "ground_truth": [
    10592
  ]
}