{
  "qid": 53435,
  "query": "Hồ sơ yêu cầu bồi thường trong trường hợp tài sản bị mất do người thi hành công vụ gây ra như thế nào?",
  "metrics": {
    "mrr": 0.125,
    "map": 0.125,
    "p@1": 0.0,
    "r@1": 0.0,
    "ndcg@1": 0.0,
    "p@5": 0.0,
    "r@5": 0.0,
    "ndcg@5": 0.0,
    "p@10": 0.1,
    "r@10": 1.0,
    "ndcg@10": 0.31546487678572877,
    "p@15": 0.06666666666666667,
    "r@15": 1.0,
    "ndcg@15": 0.31546487678572877
  },
  "retrieved": [
    8885,
    9500,
    12707,
    8893,
    8880,
    12754,
    12734,
    12733,
    12695,
    8899,
    8886,
    8901,
    12708,
    12725,
    12761
  ],
  "ground_truth": [
    12733
  ]
}