{
  "qid": 53770,
  "query": "Trường hợp nào được vào kho tiền trong ngành Ngân hàng?",
  "metrics": {
    "mrr": 0.16666666666666666,
    "map": 0.16666666666666666,
    "p@1": 0.0,
    "r@1": 0.0,
    "ndcg@1": 0.0,
    "p@5": 0.0,
    "r@5": 0.0,
    "ndcg@5": 0.0,
    "p@10": 0.1,
    "r@10": 1.0,
    "ndcg@10": 0.3562071871080222,
    "p@15": 0.06666666666666667,
    "r@15": 1.0,
    "ndcg@15": 0.3562071871080222
  },
  "retrieved": [
    407,
    413,
    409,
    391,
    414,
    408,
    410,
    416,
    392,
    3827,
    3826,
    379,
    399,
    2230,
    3816
  ],
  "ground_truth": [
    408
  ]
}