{
  "qid": 53771,
  "query": "Vào, ra kho tiền trong ngành Ngân hàng được quy định như thế nào?",
  "metrics": {
    "mrr": 0.3333333333333333,
    "map": 0.3333333333333333,
    "p@1": 0.0,
    "r@1": 0.0,
    "ndcg@1": 0.0,
    "p@5": 0.2,
    "r@5": 1.0,
    "ndcg@5": 0.5,
    "p@10": 0.1,
    "r@10": 1.0,
    "ndcg@10": 0.5
  },
  "retrieved": [
    407,
    413,
    409,
    391,
    414,
    410,
    392,
    408,
    416,
    3827
  ]
}