{
  "qid": 53790,
  "query": "Nguyên tắc khi tiến hành tố tụng đối với người dưới 18 tuổi là gì?",
  "metrics": {
    "mrr": 0.25,
    "map": 0.25,
    "p@1": 0.0,
    "r@1": 0.0,
    "ndcg@1": 0.0,
    "p@5": 0.2,
    "r@5": 1.0,
    "ndcg@5": 0.43067655807339306,
    "p@10": 0.1,
    "r@10": 1.0,
    "ndcg@10": 0.43067655807339306
  },
  "retrieved": [
    6695,
    6693,
    6698,
    10890,
    10891,
    6696,
    6692,
    6700,
    6699,
    10616
  ]
}