{
  "qid": 53808,
  "query": "Quyết định kháng nghị theo thủ tục giám đốc thẩm đối với quyết định của Tòa án trong vụ án hình sự có những nội dung nào?",
  "metrics": {
    "mrr": 0.5,
    "map": 0.5,
    "p@1": 0.0,
    "r@1": 0.0,
    "ndcg@1": 0.0,
    "p@5": 0.2,
    "r@5": 1.0,
    "ndcg@5": 0.6309297535714575,
    "p@10": 0.1,
    "r@10": 1.0,
    "ndcg@10": 0.6309297535714575,
    "p@15": 0.06666666666666667,
    "r@15": 1.0,
    "ndcg@15": 0.6309297535714575
  },
  "retrieved": [
    10857,
    10855,
    10871,
    10853,
    10872,
    10847,
    10848,
    10862,
    10856,
    10850,
    10873,
    10854,
    10521,
    3978,
    10861
  ],
  "ground_truth": [
    10855
  ]
}