{
  "qid": 54082,
  "query": "Hồ sơ hợp pháp hóa lãnh sự đối với giấy ủy quyền từ nước ngoài chuyển vào Việt Nam bao gồm những giấy tờ gì?",
  "metrics": {
    "mrr": 0.1,
    "map": 0.1,
    "p@1": 0.0,
    "r@1": 0.0,
    "ndcg@1": 0.0,
    "p@5": 0.0,
    "r@5": 0.0,
    "ndcg@5": 0.0,
    "p@10": 0.1,
    "r@10": 1.0,
    "ndcg@10": 0.2890648263178879,
    "p@15": 0.06666666666666667,
    "r@15": 1.0,
    "ndcg@15": 0.2890648263178879
  },
  "retrieved": [
    13500,
    13507,
    13497,
    13512,
    13508,
    13495,
    7962,
    154,
    13496,
    13505,
    13498,
    13492,
    1433,
    13509,
    145
  ],
  "ground_truth": [
    13505
  ]
}