{
  "qid": 54167,
  "query": "Ban Tôn giáo Chính phủ xây dựng chương trình, kế hoạch thanh tra chuyên ngành tôn giáo gửi Thanh tra Bộ Nội vụ chậm nhất vào ngày nào?",
  "metrics": {
    "mrr": 0.5,
    "map": 0.5,
    "p@1": 0.0,
    "r@1": 0.0,
    "ndcg@1": 0.0,
    "p@5": 0.2,
    "r@5": 1.0,
    "ndcg@5": 0.6309297535714575,
    "p@10": 0.1,
    "r@10": 1.0,
    "ndcg@10": 0.6309297535714575,
    "p@15": 0.06666666666666667,
    "r@15": 1.0,
    "ndcg@15": 0.6309297535714575
  },
  "retrieved": [
    4262,
    4263,
    4266,
    4259,
    4268,
    4267,
    4260,
    4261,
    4271,
    4272,
    4265,
    2192,
    5966,
    2180,
    13390
  ],
  "ground_truth": [
    4263
  ]
}