{
  "qid": 54232,
  "query": "Đối tượng nào phải làm thủ tục hải quan?",
  "metrics": {
    "mrr": 0.07692307692307693,
    "map": 0.07692307692307693,
    "p@1": 0.0,
    "r@1": 0.0,
    "ndcg@1": 0.0,
    "p@5": 0.0,
    "r@5": 0.0,
    "ndcg@5": 0.0,
    "p@10": 0.0,
    "r@10": 0.0,
    "ndcg@10": 0.0,
    "p@15": 0.06666666666666667,
    "r@15": 1.0,
    "ndcg@15": 0.26264953503719357
  },
  "retrieved": [
    8310,
    8321,
    8370,
    8308,
    9154,
    14456,
    8413,
    8334,
    8320,
    8338,
    8333,
    12449,
    8313,
    13360,
    8384
  ],
  "ground_truth": [
    8313
  ]
}