{
  "qid": 5443,
  "query": "Chủ tịch Ủy ban nhân dân cấp tỉnh có quyền xử phạt cơ sở sản xuất không lưu kết quả thử nghiệm thức ăn chăn nuôi không?",
  "metrics": {
    "mrr": 0.14285714285714285,
    "map": 0.14285714285714285,
    "p@1": 0.0,
    "r@1": 0.0,
    "ndcg@1": 0.0,
    "p@5": 0.0,
    "r@5": 0.0,
    "ndcg@5": 0.0,
    "p@10": 0.1,
    "r@10": 1.0,
    "ndcg@10": 0.3333333333333333
  },
  "retrieved": [
    8481,
    4541,
    679,
    8472,
    8471,
    678,
    4637,
    14690,
    685,
    8473
  ]
}