{
  "qid": 5445,
  "query": "Cơ sở hỗ trợ nạn nhân bạo lực gia đình có chức năng gì?",
  "metrics": {
    "mrr": 0.3333333333333333,
    "map": 0.3333333333333333,
    "p@1": 0.0,
    "r@1": 0.0,
    "ndcg@1": 0.0,
    "p@5": 0.2,
    "r@5": 1.0,
    "ndcg@5": 0.5,
    "p@10": 0.1,
    "r@10": 1.0,
    "ndcg@10": 0.5
  },
  "retrieved": [
    8035,
    1692,
    1688,
    8042,
    8039,
    1693,
    1689,
    8040,
    8045,
    8030
  ]
}