{
  "qid": 5446,
  "query": "Cơ sở hỗ trợ nạn nhân bạo lực gia đình muốn đăng ký hoạt động thì trong hồ sơ đăng ký hoạt động gồm có những gì?",
  "metrics": {
    "mrr": 0.3333333333333333,
    "map": 0.3333333333333333,
    "p@1": 0.0,
    "r@1": 0.0,
    "ndcg@1": 0.0,
    "p@5": 0.2,
    "r@5": 1.0,
    "ndcg@5": 0.5,
    "p@10": 0.1,
    "r@10": 1.0,
    "ndcg@10": 0.5
  },
  "retrieved": [
    8042,
    8044,
    1689,
    8039,
    1692,
    8035,
    1694,
    8043,
    1693,
    1688
  ]
}