{
  "qid": 54477,
  "query": "Tổ chức tôn giáo trực thuộc có những quyền lợi gì?",
  "metrics": {
    "mrr": 0.16666666666666666,
    "map": 0.16666666666666666,
    "p@1": 0.0,
    "r@1": 0.0,
    "ndcg@1": 0.0,
    "p@5": 0.0,
    "r@5": 0.0,
    "ndcg@5": 0.0,
    "p@10": 0.1,
    "r@10": 1.0,
    "ndcg@10": 0.3562071871080222
  },
  "retrieved": [
    2157,
    2161,
    2155,
    2153,
    2160,
    2137,
    2159,
    2180,
    2132,
    4261
  ]
}