{
  "qid": 54867,
  "query": "Công chức cấp tỉnh tập sự được hưởng chế độ như thế nào?",
  "metrics": {
    "mrr": 0.25,
    "map": 0.25,
    "p@1": 0.0,
    "r@1": 0.0,
    "ndcg@1": 0.0,
    "p@5": 0.2,
    "r@5": 1.0,
    "ndcg@5": 0.43067655807339306,
    "p@10": 0.1,
    "r@10": 1.0,
    "ndcg@10": 0.43067655807339306,
    "p@15": 0.06666666666666667,
    "r@15": 1.0,
    "ndcg@15": 0.43067655807339306
  },
  "retrieved": [
    5839,
    5836,
    4203,
    14230,
    4207,
    6572,
    4212,
    4205,
    6576,
    5842,
    5840,
    4202,
    6570,
    6573,
    4208
  ],
  "ground_truth": [
    14230
  ]
}