{
  "qid": 54939,
  "query": "Quyền và nghĩa vụ của đấu giá viên là gì?",
  "metrics": {
    "mrr": 0.09090909090909091,
    "map": 0.09090909090909091,
    "p@1": 0.0,
    "r@1": 0.0,
    "ndcg@1": 0.0,
    "p@5": 0.0,
    "r@5": 0.0,
    "ndcg@5": 0.0,
    "p@10": 0.0,
    "r@10": 0.0,
    "ndcg@10": 0.0,
    "p@15": 0.06666666666666667,
    "r@15": 1.0,
    "ndcg@15": 0.27894294565112987
  },
  "retrieved": [
    708,
    6575,
    5049,
    705,
    10542,
    6576,
    707,
    9509,
    9354,
    6573,
    706,
    697,
    11686,
    11693,
    12705
  ],
  "ground_truth": [
    706
  ]
}