{
  "qid": 55308,
  "query": "Quy trình xử lý hồ sơ đăng ký tổ chức hoạt động ủng hộ qua Cổng Thông tin điện tử nhân đạo quốc gia được thực hiện như thế nào?",
  "metrics": {
    "mrr": 0.5,
    "map": 0.5,
    "p@1": 0.0,
    "r@1": 0.0,
    "ndcg@1": 0.0,
    "p@5": 0.2,
    "r@5": 1.0,
    "ndcg@5": 0.6309297535714575,
    "p@10": 0.1,
    "r@10": 1.0,
    "ndcg@10": 0.6309297535714575,
    "p@15": 0.06666666666666667,
    "r@15": 1.0,
    "ndcg@15": 0.6309297535714575
  },
  "retrieved": [
    9484,
    9493,
    9491,
    9492,
    9485,
    9486,
    9496,
    11704,
    9488,
    9495,
    9737,
    12396,
    8315,
    891,
    9489
  ],
  "ground_truth": [
    9493
  ]
}