{
  "qid": 55569,
  "query": "Biên soạn giáo trình đào tạo của trường cao đẳng nghề theo các bước nào?",
  "metrics": {
    "mrr": 0.5,
    "map": 0.5,
    "p@1": 0.0,
    "r@1": 0.0,
    "ndcg@1": 0.0,
    "p@5": 0.2,
    "r@5": 1.0,
    "ndcg@5": 0.6309297535714575,
    "p@10": 0.1,
    "r@10": 1.0,
    "ndcg@10": 0.6309297535714575,
    "p@15": 0.06666666666666667,
    "r@15": 1.0,
    "ndcg@15": 0.6309297535714575
  },
  "retrieved": [
    3348,
    3347,
    3919,
    3926,
    3349,
    3925,
    544,
    3927,
    3350,
    495,
    488,
    3920,
    490,
    3334,
    3930
  ],
  "ground_truth": [
    3347
  ]
}