{
  "qid": 5560,
  "query": "Có thể ủy quyền cho luật sư để khiếu nại đến Bộ tài chính nếu không thể đến trực tiếp trụ sở của Bộ hay không?",
  "metrics": {
    "mrr": 0.14285714285714285,
    "map": 0.14285714285714285,
    "p@1": 0.0,
    "r@1": 0.0,
    "ndcg@1": 0.0,
    "p@5": 0.0,
    "r@5": 0.0,
    "ndcg@5": 0.0,
    "p@10": 0.1,
    "r@10": 1.0,
    "ndcg@10": 0.3333333333333333,
    "p@15": 0.06666666666666667,
    "r@15": 1.0,
    "ndcg@15": 0.3333333333333333
  },
  "retrieved": [
    2642,
    6220,
    2658,
    2645,
    1716,
    2647,
    1712,
    2652,
    2657,
    2644,
    1495,
    1491,
    1708,
    2646,
    1749
  ],
  "ground_truth": [
    1712
  ]
}