{
  "qid": 55631,
  "query": "Người tập sự hành nghề Thừa phát lại sẽ có những quyền gì theo quy định hiện nay?",
  "metrics": {
    "mrr": 0.5,
    "map": 0.5,
    "p@1": 0.0,
    "r@1": 0.0,
    "ndcg@1": 0.0,
    "p@5": 0.2,
    "r@5": 1.0,
    "ndcg@5": 0.6309297535714575,
    "p@10": 0.1,
    "r@10": 1.0,
    "ndcg@10": 0.6309297535714575
  },
  "retrieved": [
    5837,
    5841,
    5838,
    5842,
    8934,
    4212,
    8935,
    5830,
    5839,
    5836
  ]
}