{
  "qid": 55865,
  "query": "Trình tự, thủ tục hợp pháp hóa lãnh sự giấy ủy quyền tại Cơ quan đại diện Việt Nam ở nước ngoài được pháp luật được thực hiện như thế nào?",
  "metrics": {
    "mrr": 0.16666666666666666,
    "map": 0.16666666666666666,
    "p@1": 0.0,
    "r@1": 0.0,
    "ndcg@1": 0.0,
    "p@5": 0.0,
    "r@5": 0.0,
    "ndcg@5": 0.0,
    "p@10": 0.1,
    "r@10": 1.0,
    "ndcg@10": 0.3562071871080222,
    "p@15": 0.06666666666666667,
    "r@15": 1.0,
    "ndcg@15": 0.3562071871080222
  },
  "retrieved": [
    13492,
    13496,
    13497,
    13500,
    7962,
    13505,
    13508,
    13498,
    146,
    13512,
    13507,
    145,
    13509,
    13495,
    4051
  ],
  "ground_truth": [
    13505
  ]
}