{
  "qid": 55959,
  "query": "Ngoài nơi đón tiếp khách cơ sở kinh doanh dịch vụ thể thao đạt tiêu chuẩn phục vụ khách du lịch cần đáp ứng điều kiện gì?",
  "metrics": {
    "mrr": 0.5,
    "map": 0.5,
    "p@1": 0.0,
    "r@1": 0.0,
    "ndcg@1": 0.0,
    "p@5": 0.2,
    "r@5": 1.0,
    "ndcg@5": 0.6309297535714575,
    "p@10": 0.1,
    "r@10": 1.0,
    "ndcg@10": 0.6309297535714575,
    "p@15": 0.06666666666666667,
    "r@15": 1.0,
    "ndcg@15": 0.6309297535714575
  },
  "retrieved": [
    9799,
    6616,
    11972,
    9800,
    9792,
    9797,
    6607,
    11974,
    11971,
    9752,
    9754,
    4003,
    9746,
    6617,
    9780
  ],
  "ground_truth": [
    6616
  ]
}