{
  "qid": 55996,
  "query": "Sĩ quan Công an nhân dân cấp bậc hàm Thiếu úy thi tuyển công chức có được ưu tiên theo quy định không?",
  "metrics": {
    "mrr": 0.125,
    "map": 0.125,
    "p@1": 0.0,
    "r@1": 0.0,
    "ndcg@1": 0.0,
    "p@5": 0.0,
    "r@5": 0.0,
    "ndcg@5": 0.0,
    "p@10": 0.1,
    "r@10": 1.0,
    "ndcg@10": 0.31546487678572877,
    "p@15": 0.06666666666666667,
    "r@15": 1.0,
    "ndcg@15": 0.31546487678572877
  },
  "retrieved": [
    11496,
    11485,
    11497,
    4989,
    5004,
    11498,
    11495,
    14213,
    5002,
    5003,
    11491,
    12629,
    5001,
    14491,
    11501
  ],
  "ground_truth": [
    14213
  ]
}