{
  "qid": 5607,
  "query": "Thành viên cơ quan Việt Nam ở nước ngoài được Nhà nước thanh toán tiền điện thoại không?",
  "metrics": {
    "mrr": 0.3333333333333333,
    "map": 0.3333333333333333,
    "p@1": 0.0,
    "r@1": 0.0,
    "ndcg@1": 0.0,
    "p@5": 0.2,
    "r@5": 1.0,
    "ndcg@5": 0.5,
    "p@10": 0.1,
    "r@10": 1.0,
    "ndcg@10": 0.5
  },
  "retrieved": [
    7898,
    8791,
    8797,
    8790,
    7899,
    14505,
    10439,
    14509,
    5083,
    8800
  ]
}