{
  "qid": 56126,
  "query": "Thủ tục xác nhận ưu đãi đối với dự án được hưởng chính sách ưu đãi đối với công nghiệp hỗ trợ ra sao?",
  "metrics": {
    "mrr": 0.3333333333333333,
    "map": 0.3333333333333333,
    "p@1": 0.0,
    "r@1": 0.0,
    "ndcg@1": 0.0,
    "p@5": 0.2,
    "r@5": 1.0,
    "ndcg@5": 0.5,
    "p@10": 0.1,
    "r@10": 1.0,
    "ndcg@10": 0.5,
    "p@15": 0.06666666666666667,
    "r@15": 1.0,
    "ndcg@15": 0.5
  },
  "retrieved": [
    13544,
    13529,
    13539,
    13541,
    14714,
    14713,
    13543,
    13542,
    13540,
    5521,
    13388,
    13531,
    876,
    13532,
    13533
  ],
  "ground_truth": [
    13539
  ]
}