{
  "qid": 56264,
  "query": "Ngày truyền thống của Thống kê Việt Nam được tổ chức kỷ niệm như thế nào?",
  "metrics": {
    "mrr": 0.5,
    "map": 0.5,
    "p@1": 0.0,
    "r@1": 0.0,
    "ndcg@1": 0.0,
    "p@5": 0.2,
    "r@5": 1.0,
    "ndcg@5": 0.6309297535714575,
    "p@10": 0.1,
    "r@10": 1.0,
    "ndcg@10": 0.6309297535714575,
    "p@15": 0.06666666666666667,
    "r@15": 1.0,
    "ndcg@15": 0.6309297535714575
  },
  "retrieved": [
    13643,
    13648,
    13640,
    13655,
    6662,
    985,
    7702,
    3641,
    986,
    3629,
    6663,
    3634,
    2639,
    3637,
    2635
  ],
  "ground_truth": [
    13648
  ]
}