{
  "qid": 56372,
  "query": "Mua phụ tùng vật tư tàu bay do người mua cung cấp sẽ có quy trình về hồ sơ chào hàng ra sao?",
  "metrics": {
    "mrr": 0.5,
    "map": 0.5,
    "p@1": 0.0,
    "r@1": 0.0,
    "ndcg@1": 0.0,
    "p@5": 0.2,
    "r@5": 1.0,
    "ndcg@5": 0.6309297535714575,
    "p@10": 0.1,
    "r@10": 1.0,
    "ndcg@10": 0.6309297535714575,
    "p@15": 0.06666666666666667,
    "r@15": 1.0,
    "ndcg@15": 0.6309297535714575
  },
  "retrieved": [
    13305,
    13306,
    13304,
    13309,
    13307,
    13282,
    13285,
    13308,
    13287,
    13283,
    13284,
    13314,
    13313,
    13289,
    13310
  ],
  "ground_truth": [
    13306
  ]
}