{
  "qid": 56422,
  "query": "Trong hoạt động xây dựng công trình tại địa phương thì đơn giá nhân công sẽ do cơ quan nào quy định?",
  "metrics": {
    "mrr": 0.07142857142857142,
    "map": 0.07142857142857142,
    "p@1": 0.0,
    "r@1": 0.0,
    "ndcg@1": 0.0,
    "p@5": 0.0,
    "r@5": 0.0,
    "ndcg@5": 0.0,
    "p@10": 0.0,
    "r@10": 0.0,
    "ndcg@10": 0.0,
    "p@15": 0.06666666666666667,
    "r@15": 1.0,
    "ndcg@15": 0.2559580248098155
  },
  "retrieved": [
    5180,
    5182,
    6436,
    6437,
    13246,
    6871,
    5178,
    7428,
    7426,
    6870,
    7425,
    5181,
    6921,
    13248,
    6893
  ],
  "ground_truth": [
    13248
  ]
}