{
  "qid": 56564,
  "query": "Việc tổ chức lựa chọn nhà cung cấp phụ tùng vật tư tàu bay được thực hiện bằng những hình thức nào theo quy định?",
  "metrics": {
    "mrr": 0.5,
    "map": 0.5,
    "p@1": 0.0,
    "r@1": 0.0,
    "ndcg@1": 0.0,
    "p@5": 0.2,
    "r@5": 1.0,
    "ndcg@5": 0.6309297535714575,
    "p@10": 0.1,
    "r@10": 1.0,
    "ndcg@10": 0.6309297535714575
  },
  "retrieved": [
    13307,
    13305,
    13306,
    13309,
    13304,
    13308,
    13285,
    13282,
    13313,
    13287
  ]
}