{
  "qid": 56626,
  "query": "Lực lượng chuyên trách bảo vệ rừng được hưởng các chế độ chính sách gì?",
  "metrics": {
    "mrr": 0.5,
    "map": 0.5,
    "p@1": 0.0,
    "r@1": 0.0,
    "ndcg@1": 0.0,
    "p@5": 0.2,
    "r@5": 1.0,
    "ndcg@5": 0.6309297535714575,
    "p@10": 0.1,
    "r@10": 1.0,
    "ndcg@10": 0.6309297535714575,
    "p@15": 0.06666666666666667,
    "r@15": 1.0,
    "ndcg@15": 0.6309297535714575
  },
  "retrieved": [
    1220,
    1219,
    1205,
    1218,
    1221,
    7049,
    1204,
    1223,
    7051,
    1217,
    7047,
    1222,
    1207,
    1208,
    7046
  ],
  "ground_truth": [
    1219
  ]
}