{
  "qid": 56664,
  "query": "Hệ số lương đối với Quản lý dự án đường thủy hạng 1 thế nào?",
  "metrics": {
    "mrr": 0.1111111111111111,
    "map": 0.1111111111111111,
    "p@1": 0.0,
    "r@1": 0.0,
    "ndcg@1": 0.0,
    "p@5": 0.0,
    "r@5": 0.0,
    "ndcg@5": 0.0,
    "p@10": 0.1,
    "r@10": 1.0,
    "ndcg@10": 0.3010299956639812,
    "p@15": 0.06666666666666667,
    "r@15": 1.0,
    "ndcg@15": 0.3010299956639812
  },
  "retrieved": [
    7562,
    7564,
    7563,
    7561,
    3874,
    8457,
    6460,
    7559,
    1536,
    7726,
    13252,
    664,
    4526,
    7557,
    4527
  ],
  "ground_truth": [
    1536
  ]
}