{
  "qid": 5681,
  "query": "Đối tượng tham gia BHXH bắt buộc và BHXH tự nguyện gồm ai?",
  "metrics": {
    "mrr": 0.1111111111111111,
    "map": 0.1111111111111111,
    "p@1": 0.0,
    "r@1": 0.0,
    "ndcg@1": 0.0,
    "p@5": 0.0,
    "r@5": 0.0,
    "ndcg@5": 0.0,
    "p@10": 0.1,
    "r@10": 1.0,
    "ndcg@10": 0.3010299956639812,
    "p@15": 0.06666666666666667,
    "r@15": 1.0,
    "ndcg@15": 0.3010299956639812
  },
  "retrieved": [
    11338,
    13959,
    11340,
    2573,
    11343,
    13960,
    13958,
    7471,
    793,
    11342,
    2693,
    10922,
    14792,
    795,
    11862
  ],
  "ground_truth": [
    793
  ]
}