{
  "qid": 57032,
  "query": "Có ưu tiên cho nữ trong việc xét thi đua, khen thưởng không?",
  "metrics": {
    "mrr": 0.125,
    "map": 0.125,
    "p@1": 0.0,
    "r@1": 0.0,
    "ndcg@1": 0.0,
    "p@5": 0.0,
    "r@5": 0.0,
    "ndcg@5": 0.0,
    "p@10": 0.1,
    "r@10": 1.0,
    "ndcg@10": 0.31546487678572877,
    "p@15": 0.06666666666666667,
    "r@15": 1.0,
    "ndcg@15": 0.31546487678572877
  },
  "retrieved": [
    6282,
    7680,
    10011,
    3471,
    7863,
    5581,
    10015,
    7682,
    8834,
    10017,
    7845,
    1164,
    3469,
    7842,
    1134
  ],
  "ground_truth": [
    7682
  ]
}