{
  "qid": 5713,
  "query": "Mã vạch EAN-13 khi tích hợp với mã số ISBN phải thể hiện dưới thông số kỹ thuật thế nào?",
  "metrics": {
    "mrr": 0.16666666666666666,
    "map": 0.16666666666666666,
    "p@1": 0.0,
    "r@1": 0.0,
    "ndcg@1": 0.0,
    "p@5": 0.0,
    "r@5": 0.0,
    "ndcg@5": 0.0,
    "p@10": 0.1,
    "r@10": 1.0,
    "ndcg@10": 0.3562071871080222,
    "p@15": 0.06666666666666667,
    "r@15": 1.0,
    "ndcg@15": 0.3562071871080222
  },
  "retrieved": [
    5177,
    5169,
    5168,
    5176,
    5171,
    5174,
    5175,
    5173,
    5167,
    11061,
    9657,
    9052,
    5170,
    5172,
    396
  ],
  "ground_truth": [
    5174
  ]
}