{
  "qid": 57205,
  "query": "Khám xét chỗ ở, nơi làm việc được tiến hành khi nào?",
  "metrics": {
    "mrr": 0.25,
    "map": 0.25,
    "p@1": 0.0,
    "r@1": 0.0,
    "ndcg@1": 0.0,
    "p@5": 0.2,
    "r@5": 1.0,
    "ndcg@5": 0.43067655807339306,
    "p@10": 0.1,
    "r@10": 1.0,
    "ndcg@10": 0.43067655807339306,
    "p@15": 0.06666666666666667,
    "r@15": 1.0,
    "ndcg@15": 0.43067655807339306
  },
  "retrieved": [
    10672,
    10671,
    10670,
    10669,
    10489,
    10675,
    8409,
    10677,
    8212,
    2828,
    4167,
    10556,
    2829,
    1050,
    6707
  ],
  "ground_truth": [
    10669
  ]
}