{
  "qid": 57272,
  "query": "Viên chức y tế được tuyển dụng làm Điều dưỡng hạng IV có trình độ cao đẳng thì xếp lương hệ số bao nhiêu sau khi tập sự?",
  "metrics": {
    "mrr": 0.1111111111111111,
    "map": 0.1111111111111111,
    "p@1": 0.0,
    "r@1": 0.0,
    "ndcg@1": 0.0,
    "p@5": 0.0,
    "r@5": 0.0,
    "ndcg@5": 0.0,
    "p@10": 0.1,
    "r@10": 1.0,
    "ndcg@10": 0.3010299956639812
  },
  "retrieved": [
    1536,
    6460,
    8457,
    7726,
    7561,
    14228,
    14230,
    7562,
    8612,
    7563
  ]
}