{
  "qid": 57583,
  "query": "Người tham gia tố tụng có quyền đưa ra các chứng cứ hỗ trợ quá trình giải quyết vụ án hay không?",
  "metrics": {
    "mrr": 0.5,
    "map": 0.5,
    "p@1": 0.0,
    "r@1": 0.0,
    "ndcg@1": 0.0,
    "p@5": 0.2,
    "r@5": 1.0,
    "ndcg@5": 0.6309297535714575,
    "p@10": 0.1,
    "r@10": 1.0,
    "ndcg@10": 0.6309297535714575,
    "p@15": 0.06666666666666667,
    "r@15": 1.0,
    "ndcg@15": 0.6309297535714575
  },
  "retrieved": [
    10585,
    10503,
    10507,
    13030,
    10608,
    1180,
    10565,
    10542,
    10704,
    6695,
    10773,
    2532,
    6704,
    10803,
    10726
  ],
  "ground_truth": [
    10503
  ]
}