{
  "qid": 57654,
  "query": "Nếu có nhiều bị can trong quá trình thực hiện hỏi cung thì việc hỏi cung được thực hiện thế nào?",
  "metrics": {
    "mrr": 0.06666666666666667,
    "map": 0.06666666666666667,
    "p@1": 0.0,
    "r@1": 0.0,
    "ndcg@1": 0.0,
    "p@5": 0.0,
    "r@5": 0.0,
    "ndcg@5": 0.0,
    "p@10": 0.0,
    "r@10": 0.0,
    "ndcg@10": 0.0,
    "p@15": 0.06666666666666667,
    "r@15": 1.0,
    "ndcg@15": 0.25
  },
  "retrieved": [
    10660,
    10661,
    3557,
    6705,
    10659,
    10719,
    10708,
    3559,
    6679,
    10656,
    2535,
    2536,
    3553,
    10575,
    10537
  ],
  "ground_truth": [
    10537
  ]
}