{
  "qid": 58161,
  "query": "Để được giảm chi phí đền bù đối với công chức cấp huyện đã được đào tạo sau đại học tự ý bỏ việc cần đáp ứng điều kiện gì?",
  "metrics": {
    "mrr": 0.25,
    "map": 0.25,
    "p@1": 0.0,
    "r@1": 0.0,
    "ndcg@1": 0.0,
    "p@5": 0.2,
    "r@5": 1.0,
    "ndcg@5": 0.43067655807339306,
    "p@10": 0.1,
    "r@10": 1.0,
    "ndcg@10": 0.43067655807339306,
    "p@15": 0.06666666666666667,
    "r@15": 1.0,
    "ndcg@15": 0.43067655807339306
  },
  "retrieved": [
    10991,
    10984,
    10990,
    10986,
    10985,
    10987,
    10989,
    11015,
    10983,
    10981,
    11379,
    10988,
    310,
    2167,
    2130
  ],
  "ground_truth": [
    10986
  ]
}