{
  "qid": 58690,
  "query": "Giám sát cá nhân thực hiện nhiệm vụ tiêu hủy tiền in hỏng đúc hỏng khi ra vào khu vực tiêu hủy như thế nào?",
  "metrics": {
    "mrr": 0.3333333333333333,
    "map": 0.3333333333333333,
    "p@1": 0.0,
    "r@1": 0.0,
    "ndcg@1": 0.0,
    "p@5": 0.2,
    "r@5": 1.0,
    "ndcg@5": 0.5,
    "p@10": 0.1,
    "r@10": 1.0,
    "ndcg@10": 0.5,
    "p@15": 0.06666666666666667,
    "r@15": 1.0,
    "ndcg@15": 0.5
  },
  "retrieved": [
    7619,
    7633,
    7632,
    7642,
    7636,
    7634,
    7622,
    7645,
    7621,
    7643,
    7635,
    7624,
    7620,
    7623,
    3837
  ],
  "ground_truth": [
    7632
  ]
}