{
  "qid": 58739,
  "query": "Kế toán trưởng có những quyền hạn như thế nào?",
  "metrics": {
    "mrr": 0.25,
    "map": 0.25,
    "p@1": 0.0,
    "r@1": 0.0,
    "ndcg@1": 0.0,
    "p@5": 0.2,
    "r@5": 1.0,
    "ndcg@5": 0.43067655807339306,
    "p@10": 0.1,
    "r@10": 1.0,
    "ndcg@10": 0.43067655807339306,
    "p@15": 0.06666666666666667,
    "r@15": 1.0,
    "ndcg@15": 0.43067655807339306
  },
  "retrieved": [
    4397,
    4390,
    2895,
    2897,
    4396,
    2896,
    2891,
    4395,
    4399,
    2899,
    4394,
    4392,
    9365,
    2892,
    4391
  ],
  "ground_truth": [
    2897
  ]
}