{
  "qid": 58911,
  "query": "Hệ số lương tương ứng đối với chức danh giáo viên trung học cơ sở hạng I và hạng II là bao nhiêu?",
  "metrics": {
    "mrr": 0.16666666666666666,
    "map": 0.16666666666666666,
    "p@1": 0.0,
    "r@1": 0.0,
    "ndcg@1": 0.0,
    "p@5": 0.0,
    "r@5": 0.0,
    "ndcg@5": 0.0,
    "p@10": 0.1,
    "r@10": 1.0,
    "ndcg@10": 0.3562071871080222
  },
  "retrieved": [
    3852,
    3847,
    1534,
    7726,
    1533,
    1536,
    6460,
    1538,
    1535,
    2820
  ]
}