{
  "qid": 59030,
  "query": "Kế hoạch giáo dục cá nhân dành cho người khuyết tật tham gia học tập như thế nào?",
  "metrics": {
    "mrr": 0.5,
    "map": 0.5,
    "p@1": 0.0,
    "r@1": 0.0,
    "ndcg@1": 0.0,
    "p@5": 0.2,
    "r@5": 1.0,
    "ndcg@5": 0.6309297535714575,
    "p@10": 0.1,
    "r@10": 1.0,
    "ndcg@10": 0.6309297535714575
  },
  "retrieved": [
    3440,
    3435,
    3428,
    3445,
    3437,
    3441,
    3431,
    3439,
    3433,
    1246
  ]
}