{
  "qid": 59066,
  "query": "Những hành vi nào vi phạm pháp luật về không gian mạng?",
  "metrics": {
    "mrr": 0.09090909090909091,
    "map": 0.09090909090909091,
    "p@1": 0.0,
    "r@1": 0.0,
    "ndcg@1": 0.0,
    "p@5": 0.0,
    "r@5": 0.0,
    "ndcg@5": 0.0,
    "p@10": 0.0,
    "r@10": 0.0,
    "ndcg@10": 0.0,
    "p@15": 0.06666666666666667,
    "r@15": 1.0,
    "ndcg@15": 0.27894294565112987
  },
  "retrieved": [
    5448,
    10219,
    10295,
    10213,
    9972,
    5098,
    5405,
    13209,
    2194,
    13783,
    757,
    11700,
    2195,
    11610,
    6166
  ],
  "ground_truth": [
    757
  ]
}