{
  "qid": 59252,
  "query": "Công chức cấp Trung ương giữ chức vụ lãnh đạo được cử biệt phái có còn thuộc biên chế của cơ quan cử biệt phái không?",
  "metrics": {
    "mrr": 0.5,
    "map": 0.5,
    "p@1": 0.0,
    "r@1": 0.0,
    "ndcg@1": 0.0,
    "p@5": 0.2,
    "r@5": 1.0,
    "ndcg@5": 0.6309297535714575,
    "p@10": 0.1,
    "r@10": 1.0,
    "ndcg@10": 0.6309297535714575,
    "p@15": 0.06666666666666667,
    "r@15": 1.0,
    "ndcg@15": 0.6309297535714575
  },
  "retrieved": [
    9464,
    14234,
    670,
    14256,
    2335,
    14257,
    662,
    2356,
    930,
    2359,
    14263,
    2357,
    13764,
    2360,
    13753
  ],
  "ground_truth": [
    14234,
    14234
  ]
}