{
  "qid": 59379,
  "query": "Thông tấn xã Việt Nam là cơ quan đăng, phát văn kiện, thông tin chính thức của Đảng và Nhà nước đúng không?",
  "metrics": {
    "mrr": 0.5,
    "map": 0.5,
    "p@1": 0.0,
    "r@1": 0.0,
    "ndcg@1": 0.0,
    "p@5": 0.2,
    "r@5": 1.0,
    "ndcg@5": 0.6309297535714575,
    "p@10": 0.1,
    "r@10": 1.0,
    "ndcg@10": 0.6309297535714575,
    "p@15": 0.06666666666666667,
    "r@15": 1.0,
    "ndcg@15": 0.6309297535714575
  },
  "retrieved": [
    14766,
    14767,
    3652,
    14909,
    3650,
    3651,
    14768,
    11705,
    3655,
    3654,
    3656,
    3646,
    3653,
    3647,
    12184
  ],
  "ground_truth": [
    14767
  ]
}