{
  "qid": 595,
  "query": "Áp dụng biện pháp cách ly y tế tại cơ sở, địa điểm khác theo trình tự, thủ tục nào?",
  "metrics": {
    "mrr": 0.07692307692307693,
    "map": 0.07692307692307693,
    "p@1": 0.0,
    "r@1": 0.0,
    "ndcg@1": 0.0,
    "p@5": 0.0,
    "r@5": 0.0,
    "ndcg@5": 0.0,
    "p@10": 0.0,
    "r@10": 0.0,
    "ndcg@10": 0.0,
    "p@15": 0.06666666666666667,
    "r@15": 1.0,
    "ndcg@15": 0.26264953503719357
  },
  "retrieved": [
    10420,
    10424,
    10414,
    10426,
    10425,
    14552,
    10422,
    10417,
    10415,
    10416,
    10423,
    10419,
    10418,
    10413,
    7171
  ],
  "ground_truth": [
    10418
  ]
}