{
  "qid": 59634,
  "query": "Phụ nữ mang thai có được loại bỏ thai nhi vì lý do lựa chọn giới tính bằng các biện pháp phá thai không?",
  "metrics": {
    "mrr": 0.5,
    "map": 0.5,
    "p@1": 0.0,
    "r@1": 0.0,
    "ndcg@1": 0.0,
    "p@5": 0.2,
    "r@5": 1.0,
    "ndcg@5": 0.6309297535714575,
    "p@10": 0.1,
    "r@10": 1.0,
    "ndcg@10": 0.6309297535714575,
    "p@15": 0.06666666666666667,
    "r@15": 1.0,
    "ndcg@15": 0.6309297535714575
  },
  "retrieved": [
    14641,
    11564,
    14639,
    14640,
    14638,
    1112,
    11575,
    14642,
    11568,
    14584,
    11565,
    14089,
    14586,
    14091,
    11563
  ],
  "ground_truth": [
    11564
  ]
}