{
  "qid": 59792,
  "query": "Phu quân đi công tác nhiệm kỳ cùng vợ là thành viên cơ quan Việt Nam ở nước ngoài có được thanh toán tiền để mua sắm trang phục khoán cho cả nhiệm kỳ không?",
  "metrics": {
    "mrr": 0.3333333333333333,
    "map": 0.3333333333333333,
    "p@1": 0.0,
    "r@1": 0.0,
    "ndcg@1": 0.0,
    "p@5": 0.2,
    "r@5": 1.0,
    "ndcg@5": 0.5,
    "p@10": 0.1,
    "r@10": 1.0,
    "ndcg@10": 0.5,
    "p@15": 0.06666666666666667,
    "r@15": 1.0,
    "ndcg@15": 0.5
  },
  "retrieved": [
    8797,
    7898,
    8799,
    7900,
    11094,
    7899,
    8790,
    11096,
    8791,
    4470,
    7372,
    8795,
    8800,
    7897,
    14505
  ],
  "ground_truth": [
    8799
  ]
}