{
  "qid": 59975,
  "query": "Thủ trưởng cơ quan Thuế giải quyết bồi thường ra quyết định đình chỉ giải quyết yêu cầu bồi thường khi nào?",
  "metrics": {
    "mrr": 0.5,
    "map": 0.5,
    "p@1": 0.0,
    "r@1": 0.0,
    "ndcg@1": 0.0,
    "p@5": 0.2,
    "r@5": 1.0,
    "ndcg@5": 0.6309297535714575,
    "p@10": 0.1,
    "r@10": 1.0,
    "ndcg@10": 0.6309297535714575,
    "p@15": 0.06666666666666667,
    "r@15": 1.0,
    "ndcg@15": 0.6309297535714575
  },
  "retrieved": [
    12742,
    12743,
    12740,
    12739,
    12741,
    12732,
    11675,
    8906,
    8891,
    12696,
    12708,
    572,
    12736,
    12735,
    8886
  ],
  "ground_truth": [
    12743
  ]
}