{
  "qid": 60043,
  "query": "Thời hạn hoãn phiên toà phúc thẩm vì cần phải xác minh tài liệu vụ án hình sự là bao lâu?",
  "metrics": {
    "mrr": 0.5,
    "map": 0.5,
    "p@1": 0.0,
    "r@1": 0.0,
    "ndcg@1": 0.0,
    "p@5": 0.2,
    "r@5": 1.0,
    "ndcg@5": 0.6309297535714575,
    "p@10": 0.1,
    "r@10": 1.0,
    "ndcg@10": 0.6309297535714575
  },
  "retrieved": [
    10774,
    10829,
    10823,
    10817,
    10932,
    10782,
    10735,
    10764,
    10792,
    10935
  ]
}