{
  "qid": 60174,
  "query": "Doanh nghiệp kinh doanh đặt cược có phải cảnh báo người chơi đặt cược vượt quá khả năng thu nhập không?",
  "metrics": {
    "mrr": 0.3333333333333333,
    "map": 0.3333333333333333,
    "p@1": 0.0,
    "r@1": 0.0,
    "ndcg@1": 0.0,
    "p@5": 0.2,
    "r@5": 1.0,
    "ndcg@5": 0.5,
    "p@10": 0.1,
    "r@10": 1.0,
    "ndcg@10": 0.5,
    "p@15": 0.06666666666666667,
    "r@15": 1.0,
    "ndcg@15": 0.5
  },
  "retrieved": [
    6467,
    6466,
    6486,
    6472,
    11032,
    6534,
    3247,
    6465,
    11033,
    11031,
    6506,
    6471,
    6480,
    6507,
    6476
  ],
  "ground_truth": [
    6486
  ]
}