{
  "qid": 60474,
  "query": "Thẩm quyền ban hành quyết định ủy thác điều tra vụ án hình sự thuộc về ai?",
  "metrics": {
    "mrr": 0.08333333333333333,
    "map": 0.08333333333333333,
    "p@1": 0.0,
    "r@1": 0.0,
    "ndcg@1": 0.0,
    "p@5": 0.0,
    "r@5": 0.0,
    "ndcg@5": 0.0,
    "p@10": 0.0,
    "r@10": 0.0,
    "ndcg@10": 0.0,
    "p@15": 0.06666666666666667,
    "r@15": 1.0,
    "ndcg@15": 0.27023815442731974
  },
  "retrieved": [
    10646,
    10648,
    7974,
    10631,
    10633,
    10640,
    10635,
    10641,
    10713,
    10638,
    10507,
    10513,
    10647,
    10726,
    10873
  ],
  "ground_truth": [
    10513
  ]
}