{
  "qid": 60691,
  "query": "Cuộc đấu giá do Hội đồng thực hiện phải có ít nhất bao nhiêu thành viên Hội đồng tham dự?",
  "metrics": {
    "mrr": 1.0,
    "map": 0.6666666666666666,
    "p@1": 1.0,
    "r@1": 0.5,
    "ndcg@1": 1.0,
    "p@5": 0.2,
    "r@5": 0.5,
    "ndcg@5": 0.6131471927654584,
    "p@10": 0.2,
    "r@10": 1.0,
    "ndcg@10": 0.8315546295836225,
    "p@15": 0.13333333333333333,
    "r@15": 1.0,
    "ndcg@15": 0.8315546295836225
  },
  "retrieved": [
    748,
    750,
    747,
    749,
    731,
    732,
    7394,
    762,
    706,
    727,
    693,
    741,
    720,
    721,
    689
  ],
  "ground_truth": [
    748,
    732
  ]
}