{
  "qid": 60760,
  "query": "Kế toán trưởng trong đơn vị kế toán ngân sách và tài chính xã có phải được hưởng phụ cấp trách nhiệm là 0,2 hay không?",
  "metrics": {
    "mrr": 1.0,
    "map": 0.625,
    "p@1": 1.0,
    "r@1": 0.5,
    "ndcg@1": 1.0,
    "p@5": 0.2,
    "r@5": 0.5,
    "ndcg@5": 0.6131471927654584,
    "p@10": 0.2,
    "r@10": 1.0,
    "ndcg@10": 0.8065735963827293
  },
  "retrieved": [
    4397,
    2897,
    2895,
    2891,
    4399,
    2892,
    4388,
    4389,
    2899,
    1685
  ]
}