{
  "qid": 60829,
  "query": "Một hình thức khen thưởng trong ngành Kế hoạch và Đầu tư có thể tặng nhiều lần cho một đối tượng được không?",
  "metrics": {
    "mrr": 0.3333333333333333,
    "map": 0.3333333333333333,
    "p@1": 0.0,
    "r@1": 0.0,
    "ndcg@1": 0.0,
    "p@5": 0.2,
    "r@5": 1.0,
    "ndcg@5": 0.5,
    "p@10": 0.1,
    "r@10": 1.0,
    "ndcg@10": 0.5,
    "p@15": 0.06666666666666667,
    "r@15": 1.0,
    "ndcg@15": 0.5
  },
  "retrieved": [
    7700,
    7699,
    7682,
    10011,
    7706,
    1372,
    7718,
    7710,
    7696,
    5585,
    3471,
    1134,
    7681,
    10015,
    3322
  ],
  "ground_truth": [
    7682
  ]
}