{
  "qid": 61055,
  "query": "Mức phạt vi phạm hành chính đối với giáo viên có hành vi xúc phạm danh dự nhân phẩm học sinh?",
  "metrics": {
    "mrr": 0.5,
    "map": 0.5,
    "p@1": 0.0,
    "r@1": 0.0,
    "ndcg@1": 0.0,
    "p@5": 0.2,
    "r@5": 1.0,
    "ndcg@5": 0.6309297535714575,
    "p@10": 0.1,
    "r@10": 1.0,
    "ndcg@10": 0.6309297535714575,
    "p@15": 0.06666666666666667,
    "r@15": 1.0,
    "ndcg@15": 0.6309297535714575
  },
  "retrieved": [
    4627,
    4629,
    14905,
    14545,
    10488,
    12022,
    6759,
    11100,
    4604,
    3304,
    14198,
    2194,
    1531,
    14935,
    4602
  ],
  "ground_truth": [
    4629
  ]
}