{
  "qid": 6107,
  "query": "Tổ chức tư vấn về phòng chống HIV hoạt động dựa theo nguyên tắc nào?",
  "metrics": {
    "mrr": 0.5,
    "map": 0.5,
    "p@1": 0.0,
    "r@1": 0.0,
    "ndcg@1": 0.0,
    "p@5": 0.2,
    "r@5": 1.0,
    "ndcg@5": 0.6309297535714575,
    "p@10": 0.1,
    "r@10": 1.0,
    "ndcg@10": 0.6309297535714575
  },
  "retrieved": [
    595,
    6051,
    6053,
    599,
    6059,
    602,
    6050,
    6058,
    6056,
    6054
  ]
}