{
  "qid": 61145,
  "query": "Đối tượng cán bộ nào được bồi dưỡng phòng chống khủng bố?",
  "metrics": {
    "mrr": 0.25,
    "map": 0.25,
    "p@1": 0.0,
    "r@1": 0.0,
    "ndcg@1": 0.0,
    "p@5": 0.2,
    "r@5": 1.0,
    "ndcg@5": 0.43067655807339306,
    "p@10": 0.1,
    "r@10": 1.0,
    "ndcg@10": 0.43067655807339306,
    "p@15": 0.06666666666666667,
    "r@15": 1.0,
    "ndcg@15": 0.43067655807339306
  },
  "retrieved": [
    2250,
    2255,
    2252,
    2249,
    2246,
    7156,
    2248,
    7161,
    7162,
    2253,
    7155,
    12807,
    6592,
    7159,
    7158
  ],
  "ground_truth": [
    2249
  ]
}