{
  "qid": 61200,
  "query": "Viên chức ngành y tế gần hết thời gian bị kỷ luật khiển trách thì có thể xin xét thăng hạng chức danh nghề nghiệp hay không?",
  "metrics": {
    "mrr": 0.14285714285714285,
    "map": 0.14285714285714285,
    "p@1": 0.0,
    "r@1": 0.0,
    "ndcg@1": 0.0,
    "p@5": 0.0,
    "r@5": 0.0,
    "ndcg@5": 0.0,
    "p@10": 0.1,
    "r@10": 1.0,
    "ndcg@10": 0.3333333333333333,
    "p@15": 0.06666666666666667,
    "r@15": 1.0,
    "ndcg@15": 0.3333333333333333
  },
  "retrieved": [
    6925,
    3878,
    14244,
    6926,
    6923,
    14241,
    6924,
    3872,
    8733,
    13118,
    8737,
    14236,
    14242,
    14238,
    14239
  ],
  "ground_truth": [
    6924
  ]
}