{
  "qid": 61223,
  "query": "Trường hợp nào được thực hiện khiếu nại lần đầu đối với quyết định hành chính, hành vi hành chính?",
  "metrics": {
    "mrr": 0.2,
    "map": 0.2,
    "p@1": 0.0,
    "r@1": 0.0,
    "ndcg@1": 0.0,
    "p@5": 0.2,
    "r@5": 1.0,
    "ndcg@5": 0.38685280723454163,
    "p@10": 0.1,
    "r@10": 1.0,
    "ndcg@10": 0.38685280723454163
  },
  "retrieved": [
    1718,
    1711,
    1740,
    1719,
    1707,
    1713,
    1714,
    1493,
    1731,
    1499
  ]
}