{
  "qid": 61224,
  "query": "Khiếu nại lần đầu được thực hiện qua những hình thức nào?",
  "metrics": {
    "mrr": 0.2,
    "map": 0.2,
    "p@1": 0.0,
    "r@1": 0.0,
    "ndcg@1": 0.0,
    "p@5": 0.2,
    "r@5": 1.0,
    "ndcg@5": 0.38685280723454163,
    "p@10": 0.1,
    "r@10": 1.0,
    "ndcg@10": 0.38685280723454163
  },
  "retrieved": [
    1749,
    1754,
    1714,
    1731,
    1708,
    1732,
    1491,
    1733,
    4811,
    11401
  ]
}