{
  "qid": 61393,
  "query": "Dự án sản xuất sản phẩm công nghiệp hỗ trợ nào được hưởng chính sách nào được vay vốn ưu đãi?",
  "metrics": {
    "mrr": 0.5,
    "map": 0.5,
    "p@1": 0.0,
    "r@1": 0.0,
    "ndcg@1": 0.0,
    "p@5": 0.2,
    "r@5": 1.0,
    "ndcg@5": 0.6309297535714575,
    "p@10": 0.1,
    "r@10": 1.0,
    "ndcg@10": 0.6309297535714575,
    "p@15": 0.06666666666666667,
    "r@15": 1.0,
    "ndcg@15": 0.6309297535714575
  },
  "retrieved": [
    13544,
    876,
    13540,
    874,
    875,
    13529,
    13539,
    2458,
    13531,
    13533,
    9343,
    13541,
    3357,
    13542,
    13532
  ],
  "ground_truth": [
    876
  ]
}