{
  "qid": 61395,
  "query": "Những tổ chức nào thực hiện bảo lãnh tín dụng cho các doanh nghiệp nhỏ và vừa đầu tư Dự án sản xuất sản phẩm công nghiệp hỗ trợ ưu tiên phát triển?",
  "metrics": {
    "mrr": 0.09090909090909091,
    "map": 0.09090909090909091,
    "p@1": 0.0,
    "r@1": 0.0,
    "ndcg@1": 0.0,
    "p@5": 0.0,
    "r@5": 0.0,
    "ndcg@5": 0.0,
    "p@10": 0.0,
    "r@10": 0.0,
    "ndcg@10": 0.0,
    "p@15": 0.06666666666666667,
    "r@15": 1.0,
    "ndcg@15": 0.27894294565112987
  },
  "retrieved": [
    874,
    13540,
    13531,
    875,
    13533,
    13532,
    13538,
    13544,
    876,
    13537,
    877,
    13542,
    2975,
    13536,
    873
  ],
  "ground_truth": [
    877
  ]
}