{
  "qid": 61542,
  "query": "Có thể thiết kế biển hiệu của bệnh viện có kèm biểu tượng chữ thập đỏ hay không?",
  "metrics": {
    "mrr": 0.3333333333333333,
    "map": 0.3333333333333333,
    "p@1": 0.0,
    "r@1": 0.0,
    "ndcg@1": 0.0,
    "p@5": 0.2,
    "r@5": 1.0,
    "ndcg@5": 0.5,
    "p@10": 0.1,
    "r@10": 1.0,
    "ndcg@10": 0.5,
    "p@15": 0.06666666666666667,
    "r@15": 1.0,
    "ndcg@15": 0.5
  },
  "retrieved": [
    2956,
    2960,
    12389,
    1904,
    22,
    23,
    2967,
    2958,
    2957,
    21,
    3804,
    6388,
    3813,
    14764,
    4269
  ],
  "ground_truth": [
    12389
  ]
}