{
  "qid": 61641,
  "query": "Có quyền khiếu nại lại quyết định kỷ luật cán bộ, công chức hay không?",
  "metrics": {
    "mrr": 0.5,
    "map": 0.3269230769230769,
    "p@1": 0.0,
    "r@1": 0.0,
    "ndcg@1": 0.0,
    "p@5": 0.2,
    "r@5": 0.5,
    "ndcg@5": 0.38685280723454163,
    "p@10": 0.1,
    "r@10": 0.5,
    "ndcg@10": 0.38685280723454163,
    "p@15": 0.13333333333333333,
    "r@15": 1.0,
    "ndcg@15": 0.5478956323237497
  },
  "retrieved": [
    13782,
    1747,
    1702,
    1758,
    13764,
    1757,
    1709,
    13745,
    1754,
    13779,
    1752,
    13741,
    1701,
    13744,
    13778
  ],
  "ground_truth": [
    1701,
    1747
  ]
}