{
  "qid": 6178,
  "query": "Khi xếp lương các chức danh nghề nghiệp diễn viên cần đảm bảo những nguyên tắc gì?",
  "metrics": {
    "mrr": 0.125,
    "map": 0.125,
    "p@1": 0.0,
    "r@1": 0.0,
    "ndcg@1": 0.0,
    "p@5": 0.0,
    "r@5": 0.0,
    "ndcg@5": 0.0,
    "p@10": 0.1,
    "r@10": 1.0,
    "ndcg@10": 0.31546487678572877,
    "p@15": 0.06666666666666667,
    "r@15": 1.0,
    "ndcg@15": 0.31546487678572877
  },
  "retrieved": [
    8457,
    7561,
    7562,
    14237,
    7554,
    14235,
    6460,
    6458,
    7556,
    7563,
    1536,
    7785,
    14236,
    14209,
    14271
  ],
  "ground_truth": [
    6458
  ]
}