{
  "qid": 61841,
  "query": "Cơ quan nhà nước cấp tỉnh tổ chức ngày hưởng ứng phải tuân theo những yêu cầu nào?",
  "metrics": {
    "mrr": 0.25,
    "map": 0.25,
    "p@1": 0.0,
    "r@1": 0.0,
    "ndcg@1": 0.0,
    "p@5": 0.2,
    "r@5": 1.0,
    "ndcg@5": 0.43067655807339306,
    "p@10": 0.1,
    "r@10": 1.0,
    "ndcg@10": 0.43067655807339306,
    "p@15": 0.06666666666666667,
    "r@15": 1.0,
    "ndcg@15": 0.43067655807339306
  },
  "retrieved": [
    13653,
    13655,
    2660,
    13654,
    13640,
    1249,
    4389,
    8879,
    7183,
    4450,
    8222,
    13642,
    8740,
    7892,
    4898
  ],
  "ground_truth": [
    13654
  ]
}