{
  "qid": 62030,
  "query": "Phó Chánh án Tòa án tòa án nhân dân tối cao có nhiệm vụ quyền hạn ra sao?",
  "metrics": {
    "mrr": 0.2,
    "map": 0.2,
    "p@1": 0.0,
    "r@1": 0.0,
    "ndcg@1": 0.0,
    "p@5": 0.2,
    "r@5": 1.0,
    "ndcg@5": 0.38685280723454163,
    "p@10": 0.1,
    "r@10": 1.0,
    "ndcg@10": 0.38685280723454163
  },
  "retrieved": [
    1527,
    1167,
    10525,
    1165,
    10521,
    10881,
    1156,
    10945,
    1488,
    871
  ]
}