{
  "qid": 62161,
  "query": "Trong hoạt động ngân hàng thì tài sản vật lý phải được bố trí, lắp đặt tại các địa điểm nào?",
  "metrics": {
    "mrr": 0.5,
    "map": 0.5,
    "p@1": 0.0,
    "r@1": 0.0,
    "ndcg@1": 0.0,
    "p@5": 0.2,
    "r@5": 1.0,
    "ndcg@5": 0.6309297535714575,
    "p@10": 0.1,
    "r@10": 1.0,
    "ndcg@10": 0.6309297535714575,
    "p@15": 0.06666666666666667,
    "r@15": 1.0,
    "ndcg@15": 0.6309297535714575
  },
  "retrieved": [
    10199,
    10209,
    10075,
    2974,
    10078,
    4069,
    13274,
    370,
    5644,
    13005,
    7885,
    5636,
    10073,
    6134,
    10061
  ],
  "ground_truth": [
    10209
  ]
}