{
  "qid": 62201,
  "query": "Tổ chức thu phí khai thác và sử dụng dữ liệu môi trường được giữ lại bao nhiêu tiền phí để trang trải chi phí?",
  "metrics": {
    "mrr": 0.25,
    "map": 0.25,
    "p@1": 0.0,
    "r@1": 0.0,
    "ndcg@1": 0.0,
    "p@5": 0.2,
    "r@5": 1.0,
    "ndcg@5": 0.43067655807339306,
    "p@10": 0.1,
    "r@10": 1.0,
    "ndcg@10": 0.43067655807339306,
    "p@15": 0.06666666666666667,
    "r@15": 1.0,
    "ndcg@15": 0.43067655807339306
  },
  "retrieved": [
    14540,
    11066,
    8775,
    8776,
    11922,
    11065,
    5771,
    3596,
    8774,
    3111,
    8991,
    3116,
    3798,
    3112,
    6425
  ],
  "ground_truth": [
    8776
  ]
}