{
  "qid": 62239,
  "query": "Giáo viên giáo dục nghề nghiệp lý thuyết hạng III được áp dụng hệ số lương nào?",
  "metrics": {
    "mrr": 0.3333333333333333,
    "map": 0.3333333333333333,
    "p@1": 0.0,
    "r@1": 0.0,
    "ndcg@1": 0.0,
    "p@5": 0.2,
    "r@5": 1.0,
    "ndcg@5": 0.5,
    "p@10": 0.1,
    "r@10": 1.0,
    "ndcg@10": 0.5
  },
  "retrieved": [
    12978,
    7726,
    1536,
    6460,
    1538,
    12977,
    8457,
    8612,
    1535,
    3852
  ]
}