{
  "qid": 62382,
  "query": "Số dịch vụ nhắn tin trong Cổng thông tin điện tử nhân đạo Quốc gia được quy định như thế nào?",
  "metrics": {
    "mrr": 0.3333333333333333,
    "map": 0.3333333333333333,
    "p@1": 0.0,
    "r@1": 0.0,
    "ndcg@1": 0.0,
    "p@5": 0.2,
    "r@5": 1.0,
    "ndcg@5": 0.5,
    "p@10": 0.1,
    "r@10": 1.0,
    "ndcg@10": 0.5,
    "p@15": 0.06666666666666667,
    "r@15": 1.0,
    "ndcg@15": 0.5
  },
  "retrieved": [
    9490,
    9494,
    9489,
    11704,
    9484,
    8315,
    9496,
    9737,
    9495,
    13354,
    8422,
    1184,
    13336,
    13323,
    7570
  ],
  "ground_truth": [
    9489
  ]
}