{
  "qid": 62434,
  "query": "Lập vi bằng có cần đóng dấu giáp lai hay không?",
  "metrics": {
    "mrr": 0.1111111111111111,
    "map": 0.1111111111111111,
    "p@1": 0.0,
    "r@1": 0.0,
    "ndcg@1": 0.0,
    "p@5": 0.0,
    "r@5": 0.0,
    "ndcg@5": 0.0,
    "p@10": 0.1,
    "r@10": 1.0,
    "ndcg@10": 0.3010299956639812,
    "p@15": 0.06666666666666667,
    "r@15": 1.0,
    "ndcg@15": 0.3010299956639812
  },
  "retrieved": [
    8968,
    5858,
    5859,
    8965,
    5860,
    8964,
    8962,
    9415,
    8966,
    7061,
    5868,
    5829,
    9416,
    8967,
    8928
  ],
  "ground_truth": [
    8966
  ]
}