{
  "qid": 62565,
  "query": "Hồ sơ, tài liệu lưu trữ trong tàng thư căn cước công dân 12 số bao gồm những loại giấy tờ gì?",
  "metrics": {
    "mrr": 0.07142857142857142,
    "map": 0.07142857142857142,
    "p@1": 0.0,
    "r@1": 0.0,
    "ndcg@1": 0.0,
    "p@5": 0.0,
    "r@5": 0.0,
    "ndcg@5": 0.0,
    "p@10": 0.0,
    "r@10": 0.0,
    "ndcg@10": 0.0,
    "p@15": 0.06666666666666667,
    "r@15": 1.0,
    "ndcg@15": 0.2559580248098155
  },
  "retrieved": [
    12644,
    12630,
    12642,
    12632,
    12645,
    12635,
    12637,
    12640,
    12639,
    12643,
    12631,
    12633,
    12646,
    12634,
    12636
  ],
  "ground_truth": [
    12634
  ]
}