{
  "qid": 62688,
  "query": "Kết quả kiểm tra hoạt động đầu tư nước ngoài được báo cáo theo trình tự thế nào?",
  "metrics": {
    "mrr": 0.16666666666666666,
    "map": 0.16666666666666666,
    "p@1": 0.0,
    "r@1": 0.0,
    "ndcg@1": 0.0,
    "p@5": 0.0,
    "r@5": 0.0,
    "ndcg@5": 0.0,
    "p@10": 0.1,
    "r@10": 1.0,
    "ndcg@10": 0.3562071871080222,
    "p@15": 0.06666666666666667,
    "r@15": 1.0,
    "ndcg@15": 0.3562071871080222
  },
  "retrieved": [
    9594,
    9598,
    9617,
    14749,
    9606,
    9615,
    9609,
    9595,
    9610,
    14074,
    14699,
    6823,
    14753,
    14698,
    6822
  ],
  "ground_truth": [
    9615
  ]
}