{
  "qid": 62747,
  "query": "Việc thành lập đơn vị hành chính mới được gán mã bưu chính quốc gia phải tuân thủ những nguyên tắc nào?",
  "metrics": {
    "mrr": 0.5,
    "map": 0.5,
    "p@1": 0.0,
    "r@1": 0.0,
    "ndcg@1": 0.0,
    "p@5": 0.2,
    "r@5": 1.0,
    "ndcg@5": 0.6309297535714575,
    "p@10": 0.1,
    "r@10": 1.0,
    "ndcg@10": 0.6309297535714575,
    "p@15": 0.06666666666666667,
    "r@15": 1.0,
    "ndcg@15": 0.6309297535714575
  },
  "retrieved": [
    7597,
    7602,
    7600,
    7599,
    7601,
    7603,
    7598,
    470,
    8474,
    5501,
    12828,
    12832,
    12829,
    3147,
    12063
  ],
  "ground_truth": [
    7602
  ]
}