{
  "qid": 63033,
  "query": "Cách ghi sổ hộ tịch, giấy tờ hộ tịch được quy định như thế nào?",
  "metrics": {
    "mrr": 0.5,
    "map": 0.5,
    "p@1": 0.0,
    "r@1": 0.0,
    "ndcg@1": 0.0,
    "p@5": 0.2,
    "r@5": 1.0,
    "ndcg@5": 0.6309297535714575,
    "p@10": 0.1,
    "r@10": 1.0,
    "ndcg@10": 0.6309297535714575
  },
  "retrieved": [
    2276,
    4582,
    4589,
    4576,
    4588,
    4574,
    4578,
    2273,
    4590,
    4556
  ]
}