{
  "qid": 6308,
  "query": "Kinh doanh dịch vụ lưu trú cần đảm bảo điều kiện gì?",
  "metrics": {
    "mrr": 0.07692307692307693,
    "map": 0.07692307692307693,
    "p@1": 0.0,
    "r@1": 0.0,
    "ndcg@1": 0.0,
    "p@5": 0.0,
    "r@5": 0.0,
    "ndcg@5": 0.0,
    "p@10": 0.0,
    "r@10": 0.0,
    "ndcg@10": 0.0,
    "p@15": 0.06666666666666667,
    "r@15": 1.0,
    "ndcg@15": 0.26264953503719357
  },
  "retrieved": [
    9252,
    9247,
    9250,
    9796,
    9254,
    9256,
    9251,
    9253,
    9255,
    9793,
    9249,
    9244,
    9792,
    9795,
    6996
  ],
  "ground_truth": [
    9792
  ]
}