{
  "qid": 63097,
  "query": "Nếu như tố cáo có nội dung tố cáo những người giữ chức danh tư pháp trong Tòa án nhân dân thì sao?",
  "metrics": {
    "mrr": 0.09090909090909091,
    "map": 0.09090909090909091,
    "p@1": 0.0,
    "r@1": 0.0,
    "ndcg@1": 0.0,
    "p@5": 0.0,
    "r@5": 0.0,
    "ndcg@5": 0.0,
    "p@10": 0.0,
    "r@10": 0.0,
    "ndcg@10": 0.0,
    "p@15": 0.06666666666666667,
    "r@15": 1.0,
    "ndcg@15": 0.27894294565112987
  },
  "retrieved": [
    1520,
    1505,
    1507,
    1516,
    1485,
    12537,
    6143,
    2221,
    1525,
    1524,
    1506,
    4904,
    2215,
    1504,
    2219
  ],
  "ground_truth": [
    1506
  ]
}