{
  "qid": 63137,
  "query": "Bổ sung thêm chức danh nghề nghiệp viên chức trợ giúp viên pháp lý?",
  "metrics": {
    "mrr": 0.2,
    "map": 0.2,
    "p@1": 0.0,
    "r@1": 0.0,
    "ndcg@1": 0.0,
    "p@5": 0.2,
    "r@5": 1.0,
    "ndcg@5": 0.38685280723454163,
    "p@10": 0.1,
    "r@10": 1.0,
    "ndcg@10": 0.38685280723454163
  },
  "retrieved": [
    8611,
    8605,
    8607,
    8613,
    8606,
    14271,
    14209,
    3467,
    14269,
    14235
  ]
}