{
  "qid": 63981,
  "query": "Phó Giám đốc Sở Khoa học và Công nghệ có chịu trách nhiệm trước Ủy ban nhân dân cấp tỉnh hay không?",
  "metrics": {
    "mrr": 0.25,
    "map": 0.25,
    "p@1": 0.0,
    "r@1": 0.0,
    "ndcg@1": 0.0,
    "p@5": 0.2,
    "r@5": 1.0,
    "ndcg@5": 0.43067655807339306,
    "p@10": 0.1,
    "r@10": 1.0,
    "ndcg@10": 0.43067655807339306
  },
  "retrieved": [
    6248,
    6246,
    2128,
    6249,
    8255,
    6254,
    7290,
    12124,
    13115,
    13110
  ]
}