{
  "qid": 64060,
  "query": "Cục trưởng Cục Hộ tịch, quốc tịch, chứng thực thực hiện nhiệm vụ và quyền hạn như thế nào?",
  "metrics": {
    "mrr": 0.5,
    "map": 0.5,
    "p@1": 0.0,
    "r@1": 0.0,
    "ndcg@1": 0.0,
    "p@5": 0.2,
    "r@5": 1.0,
    "ndcg@5": 0.6309297535714575,
    "p@10": 0.1,
    "r@10": 1.0,
    "ndcg@10": 0.6309297535714575
  },
  "retrieved": [
    2319,
    7011,
    13380,
    4574,
    2351,
    2276,
    10512,
    4576,
    4588,
    4573
  ]
}