{
  "qid": 64145,
  "query": "Cửa khẩu biên giới đất liền được chia thành các loại nào?",
  "metrics": {
    "mrr": 0.25,
    "map": 0.25,
    "p@1": 0.0,
    "r@1": 0.0,
    "ndcg@1": 0.0,
    "p@5": 0.2,
    "r@5": 1.0,
    "ndcg@5": 0.43067655807339306,
    "p@10": 0.1,
    "r@10": 1.0,
    "ndcg@10": 0.43067655807339306
  },
  "retrieved": [
    9667,
    13694,
    13718,
    13696,
    9687,
    13713,
    9668,
    13695,
    9682,
    13693
  ]
}