{
  "qid": 6437,
  "query": "Trách nhiệm của tổ chức tín dụng đối với thông tin khách hàng được quy định như thế nào?",
  "metrics": {
    "mrr": 0.3333333333333333,
    "map": 0.3333333333333333,
    "p@1": 0.0,
    "r@1": 0.0,
    "ndcg@1": 0.0,
    "p@5": 0.2,
    "r@5": 1.0,
    "ndcg@5": 0.5,
    "p@10": 0.1,
    "r@10": 1.0,
    "ndcg@10": 0.5
  },
  "retrieved": [
    14532,
    14525,
    14535,
    14524,
    7306,
    14536,
    14534,
    14529,
    14528,
    14533
  ]
}