{
  "qid": 6450,
  "query": "Đối với Lễ Quốc tang thì lễ đài được trang trí như thế nào?",
  "metrics": {
    "mrr": 0.125,
    "map": 0.125,
    "p@1": 0.0,
    "r@1": 0.0,
    "ndcg@1": 0.0,
    "p@5": 0.0,
    "r@5": 0.0,
    "ndcg@5": 0.0,
    "p@10": 0.1,
    "r@10": 1.0,
    "ndcg@10": 0.31546487678572877,
    "p@15": 0.06666666666666667,
    "r@15": 1.0,
    "ndcg@15": 0.31546487678572877
  },
  "retrieved": [
    13649,
    11764,
    11754,
    11752,
    11789,
    11755,
    11776,
    11761,
    11758,
    11780,
    11806,
    6044,
    11804,
    11803,
    13652
  ],
  "ground_truth": [
    11761
  ]
}