{
  "qid": 64605,
  "query": "Quy chế làm việc của Hội đồng giám sát tiêu hủy tiền do ai ban hành?",
  "metrics": {
    "mrr": 0.06666666666666667,
    "map": 0.06666666666666667,
    "p@1": 0.0,
    "r@1": 0.0,
    "ndcg@1": 0.0,
    "p@5": 0.0,
    "r@5": 0.0,
    "ndcg@5": 0.0,
    "p@10": 0.0,
    "r@10": 0.0,
    "ndcg@10": 0.0,
    "p@15": 0.06666666666666667,
    "r@15": 1.0,
    "ndcg@15": 0.25
  },
  "retrieved": [
    7643,
    3815,
    3837,
    7629,
    3821,
    3820,
    7640,
    3822,
    3834,
    3817,
    3838,
    7624,
    3841,
    3842,
    7625
  ],
  "ground_truth": [
    7625
  ]
}