{
  "qid": 64604,
  "query": "Hội đồng giám sát tiêu hủy tiền gồm những thành phần nào?",
  "metrics": {
    "mrr": 0.06666666666666667,
    "map": 0.06666666666666667,
    "p@1": 0.0,
    "r@1": 0.0,
    "ndcg@1": 0.0,
    "p@5": 0.0,
    "r@5": 0.0,
    "ndcg@5": 0.0,
    "p@10": 0.0,
    "r@10": 0.0,
    "ndcg@10": 0.0,
    "p@15": 0.06666666666666667,
    "r@15": 1.0,
    "ndcg@15": 0.25
  },
  "retrieved": [
    7643,
    3815,
    7629,
    3820,
    3837,
    3822,
    7640,
    3817,
    3834,
    3841,
    3842,
    7624,
    7627,
    3821,
    7623
  ],
  "ground_truth": [
    7623
  ]
}