{
  "qid": 64619,
  "query": "Người được ủy quyền phát ngôn của Tổng cục Hải quan thực hiện phát ngôn hoặc cung cấp thông tin cho báo chí bằng những hình thức gì?",
  "metrics": {
    "mrr": 0.3333333333333333,
    "map": 0.3333333333333333,
    "p@1": 0.0,
    "r@1": 0.0,
    "ndcg@1": 0.0,
    "p@5": 0.2,
    "r@5": 1.0,
    "ndcg@5": 0.5,
    "p@10": 0.1,
    "r@10": 1.0,
    "ndcg@10": 0.5,
    "p@15": 0.06666666666666667,
    "r@15": 1.0,
    "ndcg@15": 0.5
  },
  "retrieved": [
    9740,
    9735,
    9736,
    9738,
    9741,
    9739,
    8413,
    9737,
    13740,
    11709,
    3647,
    11071,
    8310,
    11708,
    8370
  ],
  "ground_truth": [
    9736
  ]
}