{
  "qid": 64635,
  "query": "Doanh nghiệp có cần xin giấy phép nhập khẩu sản phẩm an toàn thông tin mạng khi nhập khẩu sản phẩm tường lửa hay không?",
  "metrics": {
    "mrr": 1.0,
    "map": 0.6,
    "p@1": 1.0,
    "r@1": 0.5,
    "ndcg@1": 1.0,
    "p@5": 0.2,
    "r@5": 0.5,
    "ndcg@5": 0.6131471927654584,
    "p@10": 0.2,
    "r@10": 1.0,
    "ndcg@10": 0.7903864795495061,
    "p@15": 0.13333333333333333,
    "r@15": 1.0,
    "ndcg@15": 0.7903864795495061
  },
  "retrieved": [
    12148,
    12146,
    12149,
    12145,
    12156,
    12155,
    12150,
    12151,
    9527,
    12147,
    10213,
    14342,
    14190,
    12152,
    13902
  ],
  "ground_truth": [
    12147,
    12148
  ]
}