{
  "qid": 64858,
  "query": "Giấy phép sản xuất rượu công nghiệp có thời hạn bao lâu?",
  "metrics": {
    "mrr": 0.5,
    "map": 0.5,
    "p@1": 0.0,
    "r@1": 0.0,
    "ndcg@1": 0.0,
    "p@5": 0.2,
    "r@5": 1.0,
    "ndcg@5": 0.6309297535714575,
    "p@10": 0.1,
    "r@10": 1.0,
    "ndcg@10": 0.6309297535714575
  },
  "retrieved": [
    11882,
    11900,
    11880,
    11876,
    11889,
    11897,
    11887,
    11878,
    11875,
    11904
  ]
}