{
  "qid": 64939,
  "query": "Hồ sơ thành lập hợp tác xã cần những gì?",
  "metrics": {
    "mrr": 0.3333333333333333,
    "map": 0.3333333333333333,
    "p@1": 0.0,
    "r@1": 0.0,
    "ndcg@1": 0.0,
    "p@5": 0.2,
    "r@5": 1.0,
    "ndcg@5": 0.5,
    "p@10": 0.1,
    "r@10": 1.0,
    "ndcg@10": 0.5,
    "p@15": 0.06666666666666667,
    "r@15": 1.0,
    "ndcg@15": 0.5
  },
  "retrieved": [
    3060,
    3077,
    3063,
    3076,
    7794,
    7790,
    1383,
    3067,
    3062,
    7793,
    1385,
    3057,
    3080,
    3079,
    7795
  ],
  "ground_truth": [
    3063
  ]
}