{
  "qid": 64966,
  "query": "Trường hợp hiệu trưởng THPT kiêm nhiệm công tác đoàn thì có được giảm định mức tiết dạy, giờ dạy hay không?",
  "metrics": {
    "mrr": 0.5,
    "map": 0.5,
    "p@1": 0.0,
    "r@1": 0.0,
    "ndcg@1": 0.0,
    "p@5": 0.2,
    "r@5": 1.0,
    "ndcg@5": 0.6309297535714575,
    "p@10": 0.1,
    "r@10": 1.0,
    "ndcg@10": 0.6309297535714575,
    "p@15": 0.06666666666666667,
    "r@15": 1.0,
    "ndcg@15": 0.6309297535714575
  },
  "retrieved": [
    7148,
    8502,
    8500,
    7147,
    499,
    4312,
    3914,
    8501,
    13840,
    13838,
    13844,
    4303,
    6434,
    13242,
    4318
  ],
  "ground_truth": [
    8502
  ]
}