{
  "qid": 64986,
  "query": "Người phạm tội quả tang có bị tạm giữ hình sự không?",
  "metrics": {
    "mrr": 0.5,
    "map": 0.5,
    "p@1": 0.0,
    "r@1": 0.0,
    "ndcg@1": 0.0,
    "p@5": 0.2,
    "r@5": 1.0,
    "ndcg@5": 0.6309297535714575,
    "p@10": 0.1,
    "r@10": 1.0,
    "ndcg@10": 0.6309297535714575,
    "p@15": 0.06666666666666667,
    "r@15": 1.0,
    "ndcg@15": 0.6309297535714575
  },
  "retrieved": [
    10562,
    10594,
    10536,
    10588,
    1921,
    10595,
    7987,
    10487,
    10497,
    1922,
    10909,
    3055,
    10975,
    10597,
    7988
  ],
  "ground_truth": [
    10594
  ]
}