{
  "qid": 64997,
  "query": "Việc di dời trạm định vị vệ tinh thực hiện theo quy định nào?",
  "metrics": {
    "mrr": 0.06666666666666667,
    "map": 0.06666666666666667,
    "p@1": 0.0,
    "r@1": 0.0,
    "ndcg@1": 0.0,
    "p@5": 0.0,
    "r@5": 0.0,
    "ndcg@5": 0.0,
    "p@10": 0.0,
    "r@10": 0.0,
    "ndcg@10": 0.0,
    "p@15": 0.06666666666666667,
    "r@15": 1.0,
    "ndcg@15": 0.25
  },
  "retrieved": [
    5163,
    3583,
    14917,
    13790,
    3580,
    10312,
    3581,
    5164,
    5165,
    2189,
    6393,
    6394,
    5166,
    5160,
    3586
  ],
  "ground_truth": [
    3586
  ]
}