{
  "qid": 65037,
  "query": "Hệ thống thông tin báo cáo quốc gia có yêu cầu chung về việc xác thực của chế độ báo cáo ra sao?",
  "metrics": {
    "mrr": 0.3333333333333333,
    "map": 0.3333333333333333,
    "p@1": 0.0,
    "r@1": 0.0,
    "ndcg@1": 0.0,
    "p@5": 0.2,
    "r@5": 1.0,
    "ndcg@5": 0.5,
    "p@10": 0.1,
    "r@10": 1.0,
    "ndcg@10": 0.5
  },
  "retrieved": [
    10130,
    10124,
    10121,
    10133,
    10119,
    10108,
    1305,
    10122,
    10105,
    10107
  ]
}