{
  "qid": 65038,
  "query": "Hệ thống thông tin báo cáo địa phương được xây dựng trên cơ sở chế độ báo cáo có đúng không?",
  "metrics": {
    "mrr": 0.3333333333333333,
    "map": 0.3333333333333333,
    "p@1": 0.0,
    "r@1": 0.0,
    "ndcg@1": 0.0,
    "p@5": 0.2,
    "r@5": 1.0,
    "ndcg@5": 0.5,
    "p@10": 0.1,
    "r@10": 1.0,
    "ndcg@10": 0.5,
    "p@15": 0.06666666666666667,
    "r@15": 1.0,
    "ndcg@15": 0.5
  },
  "retrieved": [
    10124,
    10133,
    10122,
    10130,
    10121,
    1310,
    10108,
    10134,
    10107,
    3328,
    10105,
    10119,
    10128,
    10109,
    3615
  ],
  "ground_truth": [
    10122
  ]
}