{
  "qid": 6509,
  "query": "Người chơi có được mang tiền thưởng bằng ngoại tệ ra nước ngoài hay không?",
  "metrics": {
    "mrr": 0.2,
    "map": 0.2,
    "p@1": 0.0,
    "r@1": 0.0,
    "ndcg@1": 0.0,
    "p@5": 0.2,
    "r@5": 1.0,
    "ndcg@5": 0.38685280723454163,
    "p@10": 0.1,
    "r@10": 1.0,
    "ndcg@10": 0.38685280723454163
  },
  "retrieved": [
    12840,
    12837,
    12841,
    12836,
    3259,
    3266,
    6525,
    3301,
    12834,
    3449
  ]
}