{
  "qid": 65192,
  "query": "Hồ sơ đề nghị cấp Giấy chứng nhận đăng ký sân bay cần những loại giấy tờ gì?",
  "metrics": {
    "mrr": 0.5,
    "map": 0.5,
    "p@1": 0.0,
    "r@1": 0.0,
    "ndcg@1": 0.0,
    "p@5": 0.2,
    "r@5": 1.0,
    "ndcg@5": 0.6309297535714575,
    "p@10": 0.1,
    "r@10": 1.0,
    "ndcg@10": 0.6309297535714575,
    "p@15": 0.06666666666666667,
    "r@15": 1.0,
    "ndcg@15": 0.6309297535714575
  },
  "retrieved": [
    5924,
    5923,
    14758,
    5926,
    11978,
    1691,
    5910,
    6406,
    11981,
    14760,
    11976,
    11977,
    12264,
    3074,
    14737
  ],
  "ground_truth": [
    5923
  ]
}