{
  "qid": 65563,
  "query": "Công dân có phải có mặt trực tiếp để nộp hồ sơ đăng ký hộ tịch tại Cơ quan đại diện lãnh sự của Việt Nam ở nước ngoài hay không?",
  "metrics": {
    "mrr": 0.2,
    "map": 0.2,
    "p@1": 0.0,
    "r@1": 0.0,
    "ndcg@1": 0.0,
    "p@5": 0.2,
    "r@5": 1.0,
    "ndcg@5": 0.38685280723454163,
    "p@10": 0.1,
    "r@10": 1.0,
    "ndcg@10": 0.38685280723454163
  },
  "retrieved": [
    1784,
    2258,
    2257,
    2273,
    2260,
    1406,
    2270,
    4556,
    4575,
    1786
  ]
}