{
  "qid": 6560,
  "query": "Căn cứ khởi tố vụ án hình sự dựa trên những căn cứ gì?",
  "metrics": {
    "mrr": 0.14285714285714285,
    "map": 0.14285714285714285,
    "p@1": 0.0,
    "r@1": 0.0,
    "ndcg@1": 0.0,
    "p@5": 0.0,
    "r@5": 0.0,
    "ndcg@5": 0.0,
    "p@10": 0.1,
    "r@10": 1.0,
    "ndcg@10": 0.3333333333333333,
    "p@15": 0.06666666666666667,
    "r@15": 1.0,
    "ndcg@15": 0.3333333333333333
  },
  "retrieved": [
    10638,
    10635,
    10633,
    10631,
    10630,
    3569,
    10620,
    10900,
    10634,
    10632,
    10507,
    3571,
    12730,
    10495,
    1002
  ],
  "ground_truth": [
    10620
  ]
}