{
  "qid": 65640,
  "query": "Thời gian tham gia bồi dưỡng nghiệp vụ công chứng hàng năm tối thiểu là bao nhiêu giờ?",
  "metrics": {
    "mrr": 0.3333333333333333,
    "map": 0.3333333333333333,
    "p@1": 0.0,
    "r@1": 0.0,
    "ndcg@1": 0.0,
    "p@5": 0.2,
    "r@5": 1.0,
    "ndcg@5": 0.5,
    "p@10": 0.1,
    "r@10": 1.0,
    "ndcg@10": 0.5,
    "p@15": 0.06666666666666667,
    "r@15": 1.0,
    "ndcg@15": 0.5
  },
  "retrieved": [
    1618,
    1607,
    1620,
    1622,
    1616,
    1615,
    1621,
    1627,
    1617,
    1631,
    1633,
    1626,
    4206,
    2643,
    5834
  ],
  "ground_truth": [
    1620
  ]
}