{
  "qid": 65702,
  "query": "Người yêu cầu lập vi bằng phải có trách nhiệm gì?",
  "metrics": {
    "mrr": 0.2,
    "map": 0.2,
    "p@1": 0.0,
    "r@1": 0.0,
    "ndcg@1": 0.0,
    "p@5": 0.2,
    "r@5": 1.0,
    "ndcg@5": 0.38685280723454163,
    "p@10": 0.1,
    "r@10": 1.0,
    "ndcg@10": 0.38685280723454163,
    "p@15": 0.06666666666666667,
    "r@15": 1.0,
    "ndcg@15": 0.38685280723454163
  },
  "retrieved": [
    8964,
    5868,
    8966,
    8998,
    8965,
    8990,
    8929,
    8967,
    5859,
    5860,
    12846,
    8963,
    216,
    8962,
    8889
  ],
  "ground_truth": [
    8965
  ]
}