{
  "qid": 66088,
  "query": "Viên chức giảng dạy trong các trường trung học cơ sở công lập là ai?",
  "metrics": {
    "mrr": 0.25,
    "map": 0.25,
    "p@1": 0.0,
    "r@1": 0.0,
    "ndcg@1": 0.0,
    "p@5": 0.2,
    "r@5": 1.0,
    "ndcg@5": 0.43067655807339306,
    "p@10": 0.1,
    "r@10": 1.0,
    "ndcg@10": 0.43067655807339306,
    "p@15": 0.06666666666666667,
    "r@15": 1.0,
    "ndcg@15": 0.43067655807339306
  },
  "retrieved": [
    8809,
    914,
    2814,
    3846,
    8499,
    7786,
    8732,
    7782,
    7797,
    14264,
    491,
    495,
    1046,
    6751,
    3847
  ],
  "ground_truth": [
    3846
  ]
}