{
  "qid": 66102,
  "query": "Hồ sơ đề nghị cấp Giấy chứng nhận đủ điều kiện kinh doanh đặt cược bóng đá quốc tế gồm những gì?",
  "metrics": {
    "mrr": 0.5,
    "map": 0.5,
    "p@1": 0.0,
    "r@1": 0.0,
    "ndcg@1": 0.0,
    "p@5": 0.2,
    "r@5": 1.0,
    "ndcg@5": 0.6309297535714575,
    "p@10": 0.1,
    "r@10": 1.0,
    "ndcg@10": 0.6309297535714575,
    "p@15": 0.06666666666666667,
    "r@15": 1.0,
    "ndcg@15": 0.6309297535714575
  },
  "retrieved": [
    6504,
    6502,
    6505,
    6501,
    3247,
    6467,
    11025,
    6476,
    6533,
    6498,
    6514,
    6499,
    6469,
    6534,
    6542
  ],
  "ground_truth": [
    6502
  ]
}