{
  "qid": 66167,
  "query": "Có bao nhiêu hình thức công khai nội dung để cán bộ công chức, viên chức biết?",
  "metrics": {
    "mrr": 0.14285714285714285,
    "map": 0.14285714285714285,
    "p@1": 0.0,
    "r@1": 0.0,
    "ndcg@1": 0.0,
    "p@5": 0.0,
    "r@5": 0.0,
    "ndcg@5": 0.0,
    "p@10": 0.1,
    "r@10": 1.0,
    "ndcg@10": 0.3333333333333333,
    "p@15": 0.06666666666666667,
    "r@15": 1.0,
    "ndcg@15": 0.3333333333333333
  },
  "retrieved": [
    2911,
    2909,
    11020,
    2024,
    2922,
    2912,
    4131,
    2926,
    11796,
    13741,
    2914,
    2915,
    2025,
    10988,
    4127
  ],
  "ground_truth": [
    4131
  ]
}