{
  "qid": 66182,
  "query": "Việc xây dựng danh mục và trang cấp phương tiện bảo vệ cá nhân cho người lao động được thực hiện trong những trường hợp nào?",
  "metrics": {
    "mrr": 0.3333333333333333,
    "map": 0.3333333333333333,
    "p@1": 0.0,
    "r@1": 0.0,
    "ndcg@1": 0.0,
    "p@5": 0.2,
    "r@5": 1.0,
    "ndcg@5": 0.5,
    "p@10": 0.1,
    "r@10": 1.0,
    "ndcg@10": 0.5,
    "p@15": 0.06666666666666667,
    "r@15": 1.0,
    "ndcg@15": 0.5
  },
  "retrieved": [
    4040,
    4037,
    4039,
    4041,
    4035,
    1833,
    4042,
    9011,
    4044,
    9006,
    4148,
    890,
    4184,
    13384,
    6884
  ],
  "ground_truth": [
    4039
  ]
}