{
  "qid": 66396,
  "query": "Xét xử kín vụ án hiếp dâm trẻ em dưới 16 tuổi thì quyết định của bản án có phải công khai không?",
  "metrics": {
    "mrr": 0.1111111111111111,
    "map": 0.1111111111111111,
    "p@1": 0.0,
    "r@1": 0.0,
    "ndcg@1": 0.0,
    "p@5": 0.0,
    "r@5": 0.0,
    "ndcg@5": 0.0,
    "p@10": 0.1,
    "r@10": 1.0,
    "ndcg@10": 0.3010299956639812,
    "p@15": 0.06666666666666667,
    "r@15": 1.0,
    "ndcg@15": 0.3010299956639812
  },
  "retrieved": [
    10930,
    10873,
    10932,
    10807,
    10523,
    10832,
    10879,
    10737,
    10804,
    10751,
    10837,
    10754,
    10763,
    10773,
    8905
  ],
  "ground_truth": [
    10804
  ]
}