{
  "qid": 66391,
  "query": "Lao động nữ làm công việc khai thác than trong hầm lò có yêu cầu thì được hưởng bảo hiểm xã hội một lần nếu thuộc trường hợp nào?",
  "metrics": {
    "mrr": 0.25,
    "map": 0.25,
    "p@1": 0.0,
    "r@1": 0.0,
    "ndcg@1": 0.0,
    "p@5": 0.2,
    "r@5": 1.0,
    "ndcg@5": 0.43067655807339306,
    "p@10": 0.1,
    "r@10": 1.0,
    "ndcg@10": 0.43067655807339306,
    "p@15": 0.06666666666666667,
    "r@15": 1.0,
    "ndcg@15": 0.43067655807339306
  },
  "retrieved": [
    14092,
    11844,
    11859,
    14094,
    797,
    11871,
    795,
    11858,
    14110,
    14091,
    14089,
    11865,
    11851,
    14111,
    793
  ],
  "ground_truth": [
    14094
  ]
}