{
  "qid": 66409,
  "query": "Hướng dẫn viên du lịch có được nhận tiền lương và khoản thù lao khác theo hợp đồng không?",
  "metrics": {
    "mrr": 0.5,
    "map": 0.5,
    "p@1": 0.0,
    "r@1": 0.0,
    "ndcg@1": 0.0,
    "p@5": 0.2,
    "r@5": 1.0,
    "ndcg@5": 0.6309297535714575,
    "p@10": 0.1,
    "r@10": 1.0,
    "ndcg@10": 0.6309297535714575,
    "p@15": 0.06666666666666667,
    "r@15": 1.0,
    "ndcg@15": 0.6309297535714575
  },
  "retrieved": [
    9801,
    9808,
    9805,
    9807,
    9803,
    9804,
    6623,
    9806,
    7427,
    9802,
    9809,
    6607,
    6626,
    9780,
    9816
  ],
  "ground_truth": [
    9808
  ]
}