{
  "qid": 66618,
  "query": "Đơn vị quản lý vận hành nhà ở công vụ là gì?",
  "metrics": {
    "mrr": 0.5,
    "map": 0.5,
    "p@1": 0.0,
    "r@1": 0.0,
    "ndcg@1": 0.0,
    "p@5": 0.2,
    "r@5": 1.0,
    "ndcg@5": 0.6309297535714575,
    "p@10": 0.1,
    "r@10": 1.0,
    "ndcg@10": 0.6309297535714575,
    "p@15": 0.06666666666666667,
    "r@15": 1.0,
    "ndcg@15": 0.6309297535714575
  },
  "retrieved": [
    9503,
    9499,
    9512,
    9502,
    9513,
    9511,
    9500,
    9497,
    9515,
    9516,
    9517,
    9504,
    9505,
    9507,
    9508
  ],
  "ground_truth": [
    9499
  ]
}