{
  "qid": 66979,
  "query": "Lập hóa đơn điện tử có mã của cơ quan thuế được thực hiện như thế nào?",
  "metrics": {
    "mrr": 0.09090909090909091,
    "map": 0.09090909090909091,
    "p@1": 0.0,
    "r@1": 0.0,
    "ndcg@1": 0.0,
    "p@5": 0.0,
    "r@5": 0.0,
    "ndcg@5": 0.0,
    "p@10": 0.0,
    "r@10": 0.0,
    "ndcg@10": 0.0,
    "p@15": 0.06666666666666667,
    "r@15": 1.0,
    "ndcg@15": 0.27894294565112987
  },
  "retrieved": [
    14865,
    14872,
    14874,
    14871,
    14856,
    14867,
    14870,
    14876,
    14887,
    14854,
    14869,
    14857,
    14875,
    14886,
    14859
  ],
  "ground_truth": [
    14869
  ]
}