{
  "qid": 67301,
  "query": "Tàu biển thế chấp gồm những loại nào? Hồ sơ đăng ký thế chấp tàu biển gồm những giấy tờ nào?",
  "metrics": {
    "mrr": 1.0,
    "map": 0.5,
    "p@1": 1.0,
    "r@1": 0.5,
    "ndcg@1": 1.0,
    "p@5": 0.2,
    "r@5": 0.5,
    "ndcg@5": 0.6131471927654584,
    "p@10": 0.1,
    "r@10": 0.5,
    "ndcg@10": 0.6131471927654584,
    "p@15": 0.06666666666666667,
    "r@15": 0.5,
    "ndcg@15": 0.6131471927654584
  },
  "retrieved": [
    11201,
    1283,
    11208,
    7825,
    12665,
    7822,
    12658,
    7823,
    12661,
    7824,
    7838,
    12660,
    7834,
    12667,
    1280
  ],
  "ground_truth": [
    11201,
    11194
  ]
}