{
  "qid": 67605,
  "query": "Để thi thăng hạng lên chức danh Tìm kiếm cứu nạn hàng hải từ hạng 3 lên hạng 2 thì viên chức cần đáp ứng những điều kiện gì?",
  "metrics": {
    "mrr": 0.2,
    "map": 0.2,
    "p@1": 0.0,
    "r@1": 0.0,
    "ndcg@1": 0.0,
    "p@5": 0.2,
    "r@5": 1.0,
    "ndcg@5": 0.38685280723454163,
    "p@10": 0.1,
    "r@10": 1.0,
    "ndcg@10": 0.38685280723454163,
    "p@15": 0.06666666666666667,
    "r@15": 1.0,
    "ndcg@15": 0.38685280723454163
  },
  "retrieved": [
    6924,
    14247,
    8732,
    14240,
    14239,
    13119,
    14244,
    3875,
    6926,
    14241,
    14242,
    3872,
    13122,
    3873,
    3876
  ],
  "ground_truth": [
    14239,
    14239
  ]
}