{
  "qid": 67782,
  "query": "Đơn vị kinh doanh vận tải hàng hóa bằng xe ô tô phải đảm bảo hợp đồng vận chuyển hàng hóa có đầy đủ những nội dung nào?",
  "metrics": {
    "mrr": 0.09090909090909091,
    "map": 0.09090909090909091,
    "p@1": 0.0,
    "r@1": 0.0,
    "ndcg@1": 0.0,
    "p@5": 0.0,
    "r@5": 0.0,
    "ndcg@5": 0.0,
    "p@10": 0.0,
    "r@10": 0.0,
    "ndcg@10": 0.0,
    "p@15": 0.06666666666666667,
    "r@15": 1.0,
    "ndcg@15": 0.27894294565112987
  },
  "retrieved": [
    13135,
    10326,
    13128,
    13133,
    13129,
    13149,
    13156,
    13127,
    13162,
    13150,
    13141,
    13137,
    13139,
    4449,
    13143
  ],
  "ground_truth": [
    13141
  ]
}