{
  "qid": 67944,
  "query": "Ban Chỉ đạo thống kê hình sự liên ngành Trung ương gồm những ai?",
  "metrics": {
    "mrr": 0.16666666666666666,
    "map": 0.16666666666666666,
    "p@1": 0.0,
    "r@1": 0.0,
    "ndcg@1": 0.0,
    "p@5": 0.0,
    "r@5": 0.0,
    "ndcg@5": 0.0,
    "p@10": 0.1,
    "r@10": 1.0,
    "ndcg@10": 0.3562071871080222
  },
  "retrieved": [
    5663,
    5664,
    5652,
    5654,
    5659,
    5662,
    5651,
    5658,
    5653,
    5665
  ]
}