{
  "qid": 68141,
  "query": "Việc tổ chức thi tuyển Chấp hành viên sơ cấp phải dựa trên nguyên tắc nào? Đối tượng nào được phép đăng ký dự tuyển?",
  "metrics": {
    "mrr": 1.0,
    "map": 0.5,
    "p@1": 1.0,
    "r@1": 0.5,
    "ndcg@1": 1.0,
    "p@5": 0.2,
    "r@5": 0.5,
    "ndcg@5": 0.6131471927654584,
    "p@10": 0.1,
    "r@10": 0.5,
    "ndcg@10": 0.6131471927654584
  },
  "retrieved": [
    2362,
    2364,
    2368,
    2375,
    14221,
    2366,
    2372,
    2374,
    2365,
    2373
  ]
}