{
  "qid": 68268,
  "query": "Thời gian chốt số liệu báo cáo về tình hình quản lý cây xanh đô thị của UBND cấp huyện và Sở Xây dựng là khi nào?",
  "metrics": {
    "mrr": 0.25,
    "map": 0.25,
    "p@1": 0.0,
    "r@1": 0.0,
    "ndcg@1": 0.0,
    "p@5": 0.2,
    "r@5": 1.0,
    "ndcg@5": 0.43067655807339306,
    "p@10": 0.1,
    "r@10": 1.0,
    "ndcg@10": 0.43067655807339306
  },
  "retrieved": [
    2675,
    1088,
    7299,
    10116,
    3613,
    1090,
    7295,
    1307,
    10112,
    7296
  ]
}