{
  "qid": 68266,
  "query": "Đơn vị bao thanh toán thực hiện yêu cầu gì khi bao thanh toán bên bán hàng?",
  "metrics": {
    "mrr": 0.3333333333333333,
    "map": 0.3333333333333333,
    "p@1": 0.0,
    "r@1": 0.0,
    "ndcg@1": 0.0,
    "p@5": 0.2,
    "r@5": 1.0,
    "ndcg@5": 0.5,
    "p@10": 0.1,
    "r@10": 1.0,
    "ndcg@10": 0.5,
    "p@15": 0.06666666666666667,
    "r@15": 1.0,
    "ndcg@15": 0.5
  },
  "retrieved": [
    2433,
    2436,
    2440,
    2437,
    2442,
    2450,
    2443,
    2444,
    2434,
    2438,
    2446,
    2445,
    2448,
    2439,
    2447
  ],
  "ground_truth": [
    2440
  ]
}