{
  "qid": 68370,
  "query": "Cơ quan nào có thẩm quyền xét xử phúc thẩm?",
  "metrics": {
    "mrr": 0.3333333333333333,
    "map": 0.3333333333333333,
    "p@1": 0.0,
    "r@1": 0.0,
    "ndcg@1": 0.0,
    "p@5": 0.2,
    "r@5": 1.0,
    "ndcg@5": 0.5,
    "p@10": 0.1,
    "r@10": 1.0,
    "ndcg@10": 0.5
  },
  "retrieved": [
    10825,
    10837,
    10821,
    10932,
    10832,
    10823,
    10933,
    9242,
    10835,
    10737
  ]
}