{
  "qid": 68440,
  "query": "Sở Tài nguyên và Môi trường có trách nhiệm gì trong quản lý cơ sở dữ liệu đất đai quốc gia?",
  "metrics": {
    "mrr": 0.5,
    "map": 0.5,
    "p@1": 0.0,
    "r@1": 0.0,
    "ndcg@1": 0.0,
    "p@5": 0.2,
    "r@5": 1.0,
    "ndcg@5": 0.6309297535714575,
    "p@10": 0.1,
    "r@10": 1.0,
    "ndcg@10": 0.6309297535714575,
    "p@15": 0.06666666666666667,
    "r@15": 1.0,
    "ndcg@15": 0.6309297535714575
  },
  "retrieved": [
    5397,
    5399,
    5400,
    5396,
    5479,
    7093,
    4301,
    7589,
    5401,
    5480,
    9902,
    5475,
    4756,
    8685,
    12791
  ],
  "ground_truth": [
    5399
  ]
}