{
  "qid": 68636,
  "query": "Hồ sơ yêu cầu nước ngoài tiếp tục truy cứu trách nhiệm hình sự đối với người phạm tội gồm những thành phần nào?",
  "metrics": {
    "mrr": 0.1,
    "map": 0.1,
    "p@1": 0.0,
    "r@1": 0.0,
    "ndcg@1": 0.0,
    "p@5": 0.0,
    "r@5": 0.0,
    "ndcg@5": 0.0,
    "p@10": 0.1,
    "r@10": 1.0,
    "ndcg@10": 0.2890648263178879,
    "p@15": 0.06666666666666667,
    "r@15": 1.0,
    "ndcg@15": 0.2890648263178879
  },
  "retrieved": [
    1921,
    1922,
    1925,
    7987,
    1909,
    1913,
    1910,
    10966,
    10562,
    1912,
    10967,
    7968,
    1915,
    1923,
    7976
  ],
  "ground_truth": [
    1912
  ]
}