{
  "qid": 68948,
  "query": "Tiêu chuẩn để bổ nhiệm cán bộ hiện nay là gì?",
  "metrics": {
    "mrr": 0.16666666666666666,
    "map": 0.16666666666666666,
    "p@1": 0.0,
    "r@1": 0.0,
    "ndcg@1": 0.0,
    "p@5": 0.0,
    "r@5": 0.0,
    "ndcg@5": 0.0,
    "p@10": 0.1,
    "r@10": 1.0,
    "ndcg@10": 0.3562071871080222
  },
  "retrieved": [
    2030,
    9402,
    4748,
    2334,
    2345,
    14251,
    14258,
    13059,
    2341,
    12432
  ]
}