{
  "qid": 6898,
  "query": "Sau khi nhận được quyết định khởi tố vụ án hình sự, Cơ quan điều tra có trách nhiệm gửi quyết định đó đến Viện kiểm sát không?",
  "metrics": {
    "mrr": 0.5,
    "map": 0.5,
    "p@1": 0.0,
    "r@1": 0.0,
    "ndcg@1": 0.0,
    "p@5": 0.2,
    "r@5": 1.0,
    "ndcg@5": 0.6309297535714575,
    "p@10": 0.1,
    "r@10": 1.0,
    "ndcg@10": 0.6309297535714575,
    "p@15": 0.06666666666666667,
    "r@15": 1.0,
    "ndcg@15": 0.6309297535714575
  },
  "retrieved": [
    10633,
    10631,
    10630,
    10638,
    10635,
    3569,
    10646,
    10642,
    3570,
    10641,
    10757,
    10518,
    10513,
    10713,
    10656
  ],
  "ground_truth": [
    10631
  ]
}