{
  "qid": 69049,
  "query": "Thời gian hỗ trợ chi phí sinh hoạt cho sinh viên học chuyên ngành Sư phạm Toán học được xác định ra sao?",
  "metrics": {
    "mrr": 0.3333333333333333,
    "map": 0.3333333333333333,
    "p@1": 0.0,
    "r@1": 0.0,
    "ndcg@1": 0.0,
    "p@5": 0.2,
    "r@5": 1.0,
    "ndcg@5": 0.5,
    "p@10": 0.1,
    "r@10": 1.0,
    "ndcg@10": 0.5,
    "p@15": 0.06666666666666667,
    "r@15": 1.0,
    "ndcg@15": 0.5
  },
  "retrieved": [
    14385,
    6015,
    14383,
    2296,
    4596,
    14387,
    14384,
    6426,
    13234,
    9862,
    13104,
    9841,
    6014,
    14386,
    6949
  ],
  "ground_truth": [
    14383
  ]
}