{
  "qid": 69050,
  "query": "Thủ tục đăng ký hỗ trợ chi phí sinh hoạt đối với sinh viên học chuyên ngành Sư phạm Toán học như thế nào?",
  "metrics": {
    "mrr": 0.125,
    "map": 0.125,
    "p@1": 0.0,
    "r@1": 0.0,
    "ndcg@1": 0.0,
    "p@5": 0.0,
    "r@5": 0.0,
    "ndcg@5": 0.0,
    "p@10": 0.1,
    "r@10": 1.0,
    "ndcg@10": 0.31546487678572877,
    "p@15": 0.06666666666666667,
    "r@15": 1.0,
    "ndcg@15": 0.31546487678572877
  },
  "retrieved": [
    14385,
    9841,
    9855,
    14383,
    14387,
    14384,
    2147,
    14386,
    9862,
    4630,
    9728,
    6425,
    9844,
    12347,
    1839
  ],
  "ground_truth": [
    14386
  ]
}