{
  "qid": 69119,
  "query": "Khoản tiền viện phí thu của quân nhân phục viên khám bệnh, chữa bệnh được quản lý, sử dụng như thế nào?",
  "metrics": {
    "mrr": 0.5,
    "map": 0.5,
    "p@1": 0.0,
    "r@1": 0.0,
    "ndcg@1": 0.0,
    "p@5": 0.2,
    "r@5": 1.0,
    "ndcg@5": 0.6309297535714575,
    "p@10": 0.1,
    "r@10": 1.0,
    "ndcg@10": 0.6309297535714575,
    "p@15": 0.06666666666666667,
    "r@15": 1.0,
    "ndcg@15": 0.6309297535714575
  },
  "retrieved": [
    12075,
    12073,
    12071,
    12076,
    12069,
    12067,
    14580,
    11087,
    11078,
    12074,
    11089,
    2965,
    12390,
    12077,
    7282
  ],
  "ground_truth": [
    12073
  ]
}