{
  "qid": 69317,
  "query": "Quyết định đặc xá cho người đang chấp hành án phạt tù đã được chuyển giao được thông báo khi nào?",
  "metrics": {
    "mrr": 0.5,
    "map": 0.5,
    "p@1": 0.0,
    "r@1": 0.0,
    "ndcg@1": 0.0,
    "p@5": 0.2,
    "r@5": 1.0,
    "ndcg@5": 0.6309297535714575,
    "p@10": 0.1,
    "r@10": 1.0,
    "ndcg@10": 0.6309297535714575,
    "p@15": 0.06666666666666667,
    "r@15": 1.0,
    "ndcg@15": 0.6309297535714575
  },
  "retrieved": [
    296,
    292,
    294,
    295,
    291,
    288,
    275,
    278,
    280,
    1901,
    277,
    6992,
    286,
    12712,
    3986
  ],
  "ground_truth": [
    292
  ]
}