{
  "qid": 69360,
  "query": "Doanh nghiệp FDI có trách nhiệm như thế nào khi thực hiện hoạt động đầu tư trực tiếp nước ngoài vào Việt Nam?",
  "metrics": {
    "mrr": 0.3333333333333333,
    "map": 0.3333333333333333,
    "p@1": 0.0,
    "r@1": 0.0,
    "ndcg@1": 0.0,
    "p@5": 0.2,
    "r@5": 1.0,
    "ndcg@5": 0.5,
    "p@10": 0.1,
    "r@10": 1.0,
    "ndcg@10": 0.5
  },
  "retrieved": [
    9594,
    14757,
    6823,
    6814,
    11469,
    6822,
    6819,
    6813,
    6812,
    6820
  ]
}