{
  "qid": 69413,
  "query": "Đối với giảng viên giáo dục nghề nghiệp cao cấp phải đáp ứng tiêu chuẩn gì về trình độ nghiệp vụ sư phạm?",
  "metrics": {
    "mrr": 0.25,
    "map": 0.25,
    "p@1": 0.0,
    "r@1": 0.0,
    "ndcg@1": 0.0,
    "p@5": 0.2,
    "r@5": 1.0,
    "ndcg@5": 0.43067655807339306,
    "p@10": 0.1,
    "r@10": 1.0,
    "ndcg@10": 0.43067655807339306,
    "p@15": 0.06666666666666667,
    "r@15": 1.0,
    "ndcg@15": 0.43067655807339306
  },
  "retrieved": [
    12977,
    3455,
    534,
    1045,
    11011,
    13387,
    3457,
    8732,
    531,
    6944,
    8734,
    14381,
    13124,
    3427,
    3710
  ],
  "ground_truth": [
    1045
  ]
}