{
  "qid": 69943,
  "query": "Trưởng Ban Ban Chỉ đạo phòng chống khủng bố quốc gia là ai?",
  "metrics": {
    "mrr": 0.25,
    "map": 0.25,
    "p@1": 0.0,
    "r@1": 0.0,
    "ndcg@1": 0.0,
    "p@5": 0.2,
    "r@5": 1.0,
    "ndcg@5": 0.43067655807339306,
    "p@10": 0.1,
    "r@10": 1.0,
    "ndcg@10": 0.43067655807339306,
    "p@15": 0.06666666666666667,
    "r@15": 1.0,
    "ndcg@15": 0.43067655807339306
  },
  "retrieved": [
    7160,
    7162,
    7161,
    7152,
    7156,
    7153,
    7159,
    7155,
    7158,
    7150,
    10140,
    5340,
    7154,
    10139,
    5342
  ],
  "ground_truth": [
    7152
  ]
}