{
  "qid": 70167,
  "query": "Thẩm phán được phân công xét xử vụ án hình sự có bị cáo là người dưới 18 tuổi phải đáp ứng điều kiện gì?",
  "metrics": {
    "mrr": 0.25,
    "map": 0.25,
    "p@1": 0.0,
    "r@1": 0.0,
    "ndcg@1": 0.0,
    "p@5": 0.2,
    "r@5": 1.0,
    "ndcg@5": 0.43067655807339306,
    "p@10": 0.1,
    "r@10": 1.0,
    "ndcg@10": 0.43067655807339306
  },
  "retrieved": [
    2516,
    10930,
    2519,
    2521,
    2518,
    2520,
    2522,
    10932,
    10801,
    10523
  ]
}