{
  "qid": 70162,
  "query": "Trong trường hợp quyết định không khởi tố vụ án hình sự thì biện pháp ngăn chặn đang áp dụng có bị hủy bỏ không?",
  "metrics": {
    "mrr": 0.3333333333333333,
    "map": 0.3333333333333333,
    "p@1": 0.0,
    "r@1": 0.0,
    "ndcg@1": 0.0,
    "p@5": 0.2,
    "r@5": 1.0,
    "ndcg@5": 0.5,
    "p@10": 0.1,
    "r@10": 1.0,
    "ndcg@10": 0.5
  },
  "retrieved": [
    10635,
    10638,
    10602,
    10631,
    10633,
    10630,
    10718,
    10713,
    10642,
    3569
  ]
}