{
  "qid": 70182,
  "query": "Bị can trong vụ án tham nhũng có hành vi bỏ trốn thì có phải tạm giam khi bắt được hay không?",
  "metrics": {
    "mrr": 0.5,
    "map": 0.5,
    "p@1": 0.0,
    "r@1": 0.0,
    "ndcg@1": 0.0,
    "p@5": 0.2,
    "r@5": 1.0,
    "ndcg@5": 0.6309297535714575,
    "p@10": 0.1,
    "r@10": 1.0,
    "ndcg@10": 0.6309297535714575,
    "p@15": 0.06666666666666667,
    "r@15": 1.0,
    "ndcg@15": 0.6309297535714575
  },
  "retrieved": [
    1188,
    10596,
    10724,
    10557,
    10719,
    10721,
    6703,
    1179,
    10586,
    10806,
    10758,
    10591,
    1177,
    1180,
    6686
  ],
  "ground_truth": [
    10596
  ]
}