{
  "qid": 70251,
  "query": "Thời gian áp dụng biện pháp cách ly y tế được pháp luật quy định như thế nào?",
  "metrics": {
    "mrr": 0.25,
    "map": 0.25,
    "p@1": 0.0,
    "r@1": 0.0,
    "ndcg@1": 0.0,
    "p@5": 0.2,
    "r@5": 1.0,
    "ndcg@5": 0.43067655807339306,
    "p@10": 0.1,
    "r@10": 1.0,
    "ndcg@10": 0.43067655807339306,
    "p@15": 0.06666666666666667,
    "r@15": 1.0,
    "ndcg@15": 0.43067655807339306
  },
  "retrieved": [
    10420,
    10426,
    10424,
    10414,
    14552,
    10425,
    10417,
    10422,
    10415,
    10416,
    10423,
    10419,
    10413,
    10418,
    7958
  ],
  "ground_truth": [
    10414
  ]
}