{
  "qid": 70328,
  "query": "Tạm đình chỉ Giấy chứng nhận đăng ký hoạt động của Cơ sở tư vấn về phòng chống bạo lực gia đình trong trường hợp nào?",
  "metrics": {
    "mrr": 1.0,
    "map": 0.5,
    "p@1": 1.0,
    "r@1": 0.5,
    "ndcg@1": 1.0,
    "p@5": 0.2,
    "r@5": 0.5,
    "ndcg@5": 0.6131471927654584,
    "p@10": 0.1,
    "r@10": 0.5,
    "ndcg@10": 0.6131471927654584
  },
  "retrieved": [
    8044,
    8042,
    1694,
    8043,
    1689,
    1691,
    8046,
    1687,
    1692,
    1693
  ]
}