{
  "qid": 70373,
  "query": "Người nước ngoài muốn được cấp Chứng chỉ hành nghề dược tại Việt Nam thì cần đáp ứng yêu cầu về ngôn ngữ như thế nào?",
  "metrics": {
    "mrr": 0.3333333333333333,
    "map": 0.3333333333333333,
    "p@1": 0.0,
    "r@1": 0.0,
    "ndcg@1": 0.0,
    "p@5": 0.2,
    "r@5": 1.0,
    "ndcg@5": 0.5,
    "p@10": 0.1,
    "r@10": 1.0,
    "ndcg@10": 0.5
  },
  "retrieved": [
    7754,
    7758,
    7753,
    14593,
    7752,
    7751,
    7761,
    7779,
    7762,
    7756
  ]
}