{
  "qid": 70398,
  "query": "Nếu cần triệu tập người giám định trong vụ án hình sự đang ở nước ngoài thì xử lý như thế nào?",
  "metrics": {
    "mrr": 0.1,
    "map": 0.1,
    "p@1": 0.0,
    "r@1": 0.0,
    "ndcg@1": 0.0,
    "p@5": 0.0,
    "r@5": 0.0,
    "ndcg@5": 0.0,
    "p@10": 0.1,
    "r@10": 1.0,
    "ndcg@10": 0.2890648263178879,
    "p@15": 0.06666666666666667,
    "r@15": 1.0,
    "ndcg@15": 0.2890648263178879
  },
  "retrieved": [
    7968,
    10545,
    10507,
    10686,
    10687,
    1011,
    12730,
    10689,
    7983,
    10964,
    3139,
    10793,
    1006,
    10688,
    1913
  ],
  "ground_truth": [
    10964
  ]
}