{
  "qid": 70608,
  "query": "Sau khi hoàn thành biên bản đối chất, bị can trong vụ án hình sự có quyền không ký vào biên bản không?",
  "metrics": {
    "mrr": 0.07692307692307693,
    "map": 0.038461538461538464,
    "p@1": 0.0,
    "r@1": 0.0,
    "ndcg@1": 0.0,
    "p@5": 0.0,
    "r@5": 0.0,
    "ndcg@5": 0.0,
    "p@10": 0.0,
    "r@10": 0.0,
    "ndcg@10": 0.0,
    "p@15": 0.06666666666666667,
    "r@15": 0.5,
    "ndcg@15": 0.16104282508920814
  },
  "retrieved": [
    10666,
    10661,
    10719,
    10726,
    10753,
    10724,
    10717,
    10507,
    10725,
    10647,
    12730,
    10759,
    10655,
    10715,
    10758
  ],
  "ground_truth": [
    10655,
    10610
  ]
}