{
  "qid": 70740,
  "query": "Làm Căn cước công dân gắn chip nhưng không có ngày tháng sinh rõ ràng thì xác định ngày tháng năm sinh như thế nào?",
  "metrics": {
    "mrr": 0.07142857142857142,
    "map": 0.07142857142857142,
    "p@1": 0.0,
    "r@1": 0.0,
    "ndcg@1": 0.0,
    "p@5": 0.0,
    "r@5": 0.0,
    "ndcg@5": 0.0,
    "p@10": 0.0,
    "r@10": 0.0,
    "ndcg@10": 0.0,
    "p@15": 0.06666666666666667,
    "r@15": 1.0,
    "ndcg@15": 0.2559580248098155
  },
  "retrieved": [
    12637,
    12633,
    12630,
    12642,
    12644,
    12638,
    12636,
    12639,
    12632,
    12645,
    12635,
    12640,
    12643,
    4571,
    12641
  ],
  "ground_truth": [
    4571
  ]
}