{
  "qid": 70984,
  "query": "Giáo viên làm tổ trưởng công đoàn được giảm bao nhiêu tiết dạy?",
  "metrics": {
    "mrr": 0.5,
    "map": 0.5,
    "p@1": 0.0,
    "r@1": 0.0,
    "ndcg@1": 0.0,
    "p@5": 0.2,
    "r@5": 1.0,
    "ndcg@5": 0.6309297535714575,
    "p@10": 0.1,
    "r@10": 1.0,
    "ndcg@10": 0.6309297535714575
  },
  "retrieved": [
    8500,
    8501,
    8502,
    7148,
    8499,
    7147,
    8503,
    14382,
    2817,
    1533
  ]
}