{
  "qid": 71211,
  "query": "Vi bằng sau khi lập có cần phải lưu trữ tại Văn phòng Thừa phát lại hay không?",
  "metrics": {
    "mrr": 0.16666666666666666,
    "map": 0.16666666666666666,
    "p@1": 0.0,
    "r@1": 0.0,
    "ndcg@1": 0.0,
    "p@5": 0.0,
    "r@5": 0.0,
    "ndcg@5": 0.0,
    "p@10": 0.1,
    "r@10": 1.0,
    "ndcg@10": 0.3562071871080222,
    "p@15": 0.06666666666666667,
    "r@15": 1.0,
    "ndcg@15": 0.3562071871080222
  },
  "retrieved": [
    8943,
    8966,
    5860,
    8956,
    8955,
    8965,
    5830,
    8944,
    8987,
    9416,
    9426,
    8931,
    8947,
    9428,
    8951
  ],
  "ground_truth": [
    8965
  ]
}