{
  "qid": 71212,
  "query": "Vi bằng có thể thay thế văn bản công chứng, chứng thực hay không?",
  "metrics": {
    "mrr": 0.07692307692307693,
    "map": 0.07692307692307693,
    "p@1": 0.0,
    "r@1": 0.0,
    "ndcg@1": 0.0,
    "p@5": 0.0,
    "r@5": 0.0,
    "ndcg@5": 0.0,
    "p@10": 0.0,
    "r@10": 0.0,
    "ndcg@10": 0.0,
    "p@15": 0.06666666666666667,
    "r@15": 1.0,
    "ndcg@15": 0.26264953503719357
  },
  "retrieved": [
    1607,
    1633,
    1616,
    1432,
    1627,
    4206,
    1439,
    1631,
    1626,
    1431,
    1618,
    1434,
    8962,
    1428,
    1429
  ],
  "ground_truth": [
    8962
  ]
}