{
  "qid": 71669,
  "query": "Giáo viên trung học cơ sở hạng II hiện nay đang có hệ số lương là bao nhiêu?",
  "metrics": {
    "mrr": 0.14285714285714285,
    "map": 0.14285714285714285,
    "p@1": 0.0,
    "r@1": 0.0,
    "ndcg@1": 0.0,
    "p@5": 0.0,
    "r@5": 0.0,
    "ndcg@5": 0.0,
    "p@10": 0.1,
    "r@10": 1.0,
    "ndcg@10": 0.3333333333333333,
    "p@15": 0.06666666666666667,
    "r@15": 1.0,
    "ndcg@15": 0.3333333333333333
  },
  "retrieved": [
    3847,
    3852,
    1533,
    7726,
    1534,
    1537,
    1536,
    6460,
    1538,
    8612,
    1530,
    7562,
    2820,
    1535,
    2815
  ],
  "ground_truth": [
    1536
  ]
}