{
  "qid": 71722,
  "query": "Chứng từ kế toán được lập mấy lần cho mỗi nghiệp vụ kinh tế, tài chính?",
  "metrics": {
    "mrr": 0.5,
    "map": 0.5,
    "p@1": 0.0,
    "r@1": 0.0,
    "ndcg@1": 0.0,
    "p@5": 0.2,
    "r@5": 1.0,
    "ndcg@5": 0.6309297535714575,
    "p@10": 0.1,
    "r@10": 1.0,
    "ndcg@10": 0.6309297535714575
  },
  "retrieved": [
    2860,
    2862,
    2847,
    2865,
    9146,
    9145,
    9144,
    2848,
    9143,
    12081
  ]
}