{
  "qid": 71809,
  "query": "Mối quan hệ giữa Hội đồng quản lý với người đứng đầu đơn vị sự nghiệp công lập được quy định ra sao?",
  "metrics": {
    "mrr": 0.5,
    "map": 0.5,
    "p@1": 0.0,
    "r@1": 0.0,
    "ndcg@1": 0.0,
    "p@5": 0.2,
    "r@5": 1.0,
    "ndcg@5": 0.6309297535714575,
    "p@10": 0.1,
    "r@10": 1.0,
    "ndcg@10": 0.6309297535714575,
    "p@15": 0.06666666666666667,
    "r@15": 1.0,
    "ndcg@15": 0.6309297535714575
  },
  "retrieved": [
    12015,
    3155,
    3153,
    3149,
    3146,
    3156,
    10995,
    5545,
    5536,
    14254,
    3151,
    5537,
    14214,
    13775,
    12004
  ],
  "ground_truth": [
    3155
  ]
}