{
  "qid": 72027,
  "query": "Giấy ủy nhiệm tham dự hội nghị quốc tế liên quan đến điều ước quốc tế do cơ quan nào lưu trữ?",
  "metrics": {
    "mrr": 0.3333333333333333,
    "map": 0.3333333333333333,
    "p@1": 0.0,
    "r@1": 0.0,
    "ndcg@1": 0.0,
    "p@5": 0.2,
    "r@5": 1.0,
    "ndcg@5": 0.5,
    "p@10": 0.1,
    "r@10": 1.0,
    "ndcg@10": 0.5,
    "p@15": 0.06666666666666667,
    "r@15": 1.0,
    "ndcg@15": 0.5
  },
  "retrieved": [
    12220,
    12179,
    12215,
    12233,
    12238,
    12163,
    12175,
    12183,
    12176,
    12161,
    12229,
    12172,
    93,
    12209,
    12178
  ],
  "ground_truth": [
    12215
  ]
}