{
  "qid": 72140,
  "query": "Trường hợp nào người định giá phải từ chối tham gia tố tụng hoặc bị thay đổi?",
  "metrics": {
    "mrr": 0.07142857142857142,
    "map": 0.07142857142857142,
    "p@1": 0.0,
    "r@1": 0.0,
    "ndcg@1": 0.0,
    "p@5": 0.0,
    "r@5": 0.0,
    "ndcg@5": 0.0,
    "p@10": 0.0,
    "r@10": 0.0,
    "ndcg@10": 0.0,
    "p@15": 0.06666666666666667,
    "r@15": 1.0,
    "ndcg@15": 0.2559580248098155
  },
  "retrieved": [
    10695,
    10697,
    2041,
    10691,
    10692,
    10498,
    10693,
    2050,
    5214,
    2040,
    2043,
    2044,
    2048,
    10526,
    2047
  ],
  "ground_truth": [
    10526
  ]
}