{
  "qid": 725,
  "query": "Áp dụng hình thức kỷ luật khiển trách đối với viên chức trong trường hợp nào?",
  "metrics": {
    "mrr": 0.2,
    "map": 0.2,
    "p@1": 0.0,
    "r@1": 0.0,
    "ndcg@1": 0.0,
    "p@5": 0.2,
    "r@5": 1.0,
    "ndcg@5": 0.38685280723454163,
    "p@10": 0.1,
    "r@10": 1.0,
    "ndcg@10": 0.38685280723454163,
    "p@15": 0.06666666666666667,
    "r@15": 1.0,
    "ndcg@15": 0.38685280723454163
  },
  "retrieved": [
    13755,
    8224,
    13747,
    13771,
    13748,
    13742,
    13749,
    13778,
    13746,
    13761,
    13760,
    13779,
    3868,
    7816,
    13782
  ],
  "ground_truth": [
    13748
  ]
}