{
  "qid": 72679,
  "query": "Biện pháp kê biên tài sản bị hủy bỏ trong những trường hợp nào?",
  "metrics": {
    "mrr": 0.5,
    "map": 0.5,
    "p@1": 0.0,
    "r@1": 0.0,
    "ndcg@1": 0.0,
    "p@5": 0.2,
    "r@5": 1.0,
    "ndcg@5": 0.6309297535714575,
    "p@10": 0.1,
    "r@10": 1.0,
    "ndcg@10": 0.6309297535714575,
    "p@15": 0.06666666666666667,
    "r@15": 1.0,
    "ndcg@15": 0.6309297535714575
  },
  "retrieved": [
    10605,
    10607,
    10905,
    11233,
    7827,
    11191,
    12722,
    10603,
    10975,
    691,
    10718,
    10602,
    5210,
    11227,
    1281
  ],
  "ground_truth": [
    10607
  ]
}