{
  "qid": 72849,
  "query": "Việc tổ chức đặt cược đua ngựa, đua chó có bị giới hạn thời gian tổ chức không?",
  "metrics": {
    "mrr": 0.25,
    "map": 0.25,
    "p@1": 0.0,
    "r@1": 0.0,
    "ndcg@1": 0.0,
    "p@5": 0.2,
    "r@5": 1.0,
    "ndcg@5": 0.43067655807339306,
    "p@10": 0.1,
    "r@10": 1.0,
    "ndcg@10": 0.43067655807339306,
    "p@15": 0.06666666666666667,
    "r@15": 1.0,
    "ndcg@15": 0.43067655807339306
  },
  "retrieved": [
    11029,
    6493,
    6494,
    6478,
    6489,
    6488,
    6487,
    11026,
    11030,
    6491,
    6498,
    6496,
    6537,
    6492,
    6484
  ],
  "ground_truth": [
    6478
  ]
}