{
  "qid": 72849,
  "query": "Việc tổ chức đặt cược đua ngựa, đua chó có bị giới hạn thời gian tổ chức không?",
  "metrics": {
    "mrr": 0.25,
    "map": 0.25,
    "p@1": 0.0,
    "r@1": 0.0,
    "ndcg@1": 0.0,
    "p@5": 0.2,
    "r@5": 1.0,
    "ndcg@5": 0.43067655807339306,
    "p@10": 0.1,
    "r@10": 1.0,
    "ndcg@10": 0.43067655807339306
  },
  "retrieved": [
    11029,
    6493,
    6494,
    6478,
    6489,
    6488,
    6487,
    11026,
    11030,
    6491
  ]
}