{
  "qid": 72983,
  "query": "Thẩm quyền giải quyết khiếu nại về thi hành án được quy định như thế nào?",
  "metrics": {
    "mrr": 0.5,
    "map": 0.5,
    "p@1": 0.0,
    "r@1": 0.0,
    "ndcg@1": 0.0,
    "p@5": 0.2,
    "r@5": 1.0,
    "ndcg@5": 0.6309297535714575,
    "p@10": 0.1,
    "r@10": 1.0,
    "ndcg@10": 0.6309297535714575,
    "p@15": 0.06666666666666667,
    "r@15": 1.0,
    "ndcg@15": 0.6309297535714575
  },
  "retrieved": [
    827,
    2204,
    2211,
    8996,
    1501,
    2205,
    1490,
    1733,
    3175,
    2206,
    2210,
    1714,
    1741,
    1499,
    1732
  ],
  "ground_truth": [
    2204
  ]
}