{
  "qid": 73195,
  "query": "Người được bảo hiểm được quyền yêu cầu rút trước bảo hiểm hưu trí trong các trường hợp nào?",
  "metrics": {
    "mrr": 1.0,
    "map": 0.6428571428571428,
    "p@1": 1.0,
    "r@1": 0.5,
    "ndcg@1": 1.0,
    "p@5": 0.2,
    "r@5": 0.5,
    "ndcg@5": 0.6131471927654584,
    "p@10": 0.2,
    "r@10": 1.0,
    "ndcg@10": 0.8175295903539445,
    "p@15": 0.13333333333333333,
    "r@15": 1.0,
    "ndcg@15": 0.8175295903539445
  },
  "retrieved": [
    14046,
    14034,
    14050,
    14047,
    14049,
    14041,
    14045,
    14051,
    14048,
    14061,
    14033,
    14035,
    14037,
    14039,
    14036
  ],
  "ground_truth": [
    14045,
    14046
  ]
}