{
  "qid": 73213,
  "query": "Các lĩnh vực, đối tượng nào phải tiến hành báo cáo thống kê ngành tư pháp 6 tháng đầu năm 2023 là gì?",
  "metrics": {
    "mrr": 0.07142857142857142,
    "map": 0.03571428571428571,
    "p@1": 0.0,
    "r@1": 0.0,
    "ndcg@1": 0.0,
    "p@5": 0.0,
    "r@5": 0.0,
    "ndcg@5": 0.0,
    "p@10": 0.0,
    "r@10": 0.0,
    "ndcg@10": 0.0,
    "p@15": 0.06666666666666667,
    "r@15": 0.5,
    "ndcg@15": 0.15693994437792994
  },
  "retrieved": [
    12825,
    3629,
    1231,
    3634,
    2635,
    2528,
    6797,
    2637,
    3635,
    2638,
    3509,
    3506,
    3643,
    3627,
    3630
  ],
  "ground_truth": [
    3627,
    3628
  ]
}