{
  "qid": 73335,
  "query": "Lập hóa đơn điện tử không có mã của cơ quan thuế như thế nào?",
  "metrics": {
    "mrr": 0.3333333333333333,
    "map": 0.3333333333333333,
    "p@1": 0.0,
    "r@1": 0.0,
    "ndcg@1": 0.0,
    "p@5": 0.2,
    "r@5": 1.0,
    "ndcg@5": 0.5,
    "p@10": 0.1,
    "r@10": 1.0,
    "ndcg@10": 0.5,
    "p@15": 0.06666666666666667,
    "r@15": 1.0,
    "ndcg@15": 0.5
  },
  "retrieved": [
    14865,
    14872,
    14874,
    14871,
    14856,
    14867,
    14870,
    14876,
    14887,
    14854,
    14869,
    14857,
    14875,
    14886,
    14859
  ],
  "ground_truth": [
    14874
  ]
}