{
  "qid": 73341,
  "query": "Quy chế cuộc đấu giá biển số xe ô tô được quy định như thế nào?",
  "metrics": {
    "mrr": 0.1,
    "map": 0.1,
    "p@1": 0.0,
    "r@1": 0.0,
    "ndcg@1": 0.0,
    "p@5": 0.0,
    "r@5": 0.0,
    "ndcg@5": 0.0,
    "p@10": 0.1,
    "r@10": 1.0,
    "ndcg@10": 0.2890648263178879,
    "p@15": 0.06666666666666667,
    "r@15": 1.0,
    "ndcg@15": 0.2890648263178879
  },
  "retrieved": [
    4449,
    4451,
    4471,
    4465,
    4458,
    4464,
    4457,
    4472,
    4462,
    721,
    4456,
    727,
    4461,
    4459,
    749
  ],
  "ground_truth": [
    721
  ]
}