{
  "qid": 73565,
  "query": "Kinh phí cho hoạt động thanh tra chuyên ngành tôn giáo tại Ban Tôn giáo Chính phủ từ đâu?",
  "metrics": {
    "mrr": 0.5,
    "map": 0.5,
    "p@1": 0.0,
    "r@1": 0.0,
    "ndcg@1": 0.0,
    "p@5": 0.2,
    "r@5": 1.0,
    "ndcg@5": 0.6309297535714575,
    "p@10": 0.1,
    "r@10": 1.0,
    "ndcg@10": 0.6309297535714575
  },
  "retrieved": [
    4259,
    4268,
    4266,
    4262,
    4267,
    4261,
    4271,
    4272,
    2192,
    4265
  ]
}