{
  "qid": 73687,
  "query": "Thời hạn mở phiên tòa sơ thẩm xét xử vụ án hình sự là bao lâu?",
  "metrics": {
    "mrr": 0.2,
    "map": 0.2,
    "p@1": 0.0,
    "r@1": 0.0,
    "ndcg@1": 0.0,
    "p@5": 0.2,
    "r@5": 1.0,
    "ndcg@5": 0.38685280723454163,
    "p@10": 0.1,
    "r@10": 1.0,
    "ndcg@10": 0.38685280723454163,
    "p@15": 0.06666666666666667,
    "r@15": 1.0,
    "ndcg@15": 0.38685280723454163
  },
  "retrieved": [
    10930,
    10523,
    10931,
    10774,
    10754,
    10773,
    10764,
    10823,
    10803,
    10837,
    10932,
    10791,
    10765,
    10778,
    10829
  ],
  "ground_truth": [
    10754
  ]
}