{
  "qid": 73735,
  "query": "Quầy thuốc kinh doanh thuốc hiện không còn thuộc danh mục thuốc không kê đơn thì phải xử lý như thế nào?",
  "metrics": {
    "mrr": 0.25,
    "map": 0.25,
    "p@1": 0.0,
    "r@1": 0.0,
    "ndcg@1": 0.0,
    "p@5": 0.2,
    "r@5": 1.0,
    "ndcg@5": 0.43067655807339306,
    "p@10": 0.1,
    "r@10": 1.0,
    "ndcg@10": 0.43067655807339306
  },
  "retrieved": [
    7616,
    7615,
    7613,
    7618,
    860,
    855,
    861,
    7770,
    7768,
    14582
  ]
}