{
  "qid": 73842,
  "query": "Giáo viên tiểu học khi vi phạm kỷ luật sẽ bị áp dụng những hình thức kỹ luật nào?",
  "metrics": {
    "mrr": 0.125,
    "map": 0.125,
    "p@1": 0.0,
    "r@1": 0.0,
    "ndcg@1": 0.0,
    "p@5": 0.0,
    "r@5": 0.0,
    "ndcg@5": 0.0,
    "p@10": 0.1,
    "r@10": 1.0,
    "ndcg@10": 0.31546487678572877,
    "p@15": 0.06666666666666667,
    "r@15": 1.0,
    "ndcg@15": 0.31546487678572877
  },
  "retrieved": [
    2815,
    13742,
    2814,
    2820,
    1538,
    2817,
    1537,
    13755,
    13778,
    8224,
    13748,
    13749,
    914,
    13761,
    13779
  ],
  "ground_truth": [
    13755
  ]
}