{
  "qid": 74405,
  "query": "Thẩm quyền quyết định thuê tàu bay thuộc về ai?",
  "metrics": {
    "mrr": 0.06666666666666667,
    "map": 0.06666666666666667,
    "p@1": 0.0,
    "r@1": 0.0,
    "ndcg@1": 0.0,
    "p@5": 0.0,
    "r@5": 0.0,
    "ndcg@5": 0.0,
    "p@10": 0.0,
    "r@10": 0.0,
    "ndcg@10": 0.0,
    "p@15": 0.06666666666666667,
    "r@15": 1.0,
    "ndcg@15": 0.25
  },
  "retrieved": [
    13293,
    13291,
    13288,
    1793,
    13290,
    13292,
    1799,
    1798,
    1797,
    1790,
    8371,
    13297,
    13289,
    13294,
    13287
  ],
  "ground_truth": [
    13287
  ]
}