{
  "qid": 74499,
  "query": "Hồ sơ đề nghị cấp Giấy phép kinh doanh dịch vụ lữ hành nội địa cho doanh nghiệp được quy định như thế nào?",
  "metrics": {
    "mrr": 0.2,
    "map": 0.2,
    "p@1": 0.0,
    "r@1": 0.0,
    "ndcg@1": 0.0,
    "p@5": 0.2,
    "r@5": 1.0,
    "ndcg@5": 0.38685280723454163,
    "p@10": 0.1,
    "r@10": 1.0,
    "ndcg@10": 0.38685280723454163,
    "p@15": 0.06666666666666667,
    "r@15": 1.0,
    "ndcg@15": 0.38685280723454163
  },
  "retrieved": [
    9777,
    9779,
    9774,
    9778,
    9775,
    6612,
    9773,
    9781,
    9787,
    9783,
    6613,
    13144,
    13145,
    9780,
    9782
  ],
  "ground_truth": [
    9775
  ]
}