{
  "qid": 74521,
  "query": "Thẩm quyền đề xuất ký điều ước quốc tế thuộc về cơ quan nào?",
  "metrics": {
    "mrr": 0.16666666666666666,
    "map": 0.08333333333333333,
    "p@1": 0.0,
    "r@1": 0.0,
    "ndcg@1": 0.0,
    "p@5": 0.0,
    "r@5": 0.0,
    "ndcg@5": 0.0,
    "p@10": 0.1,
    "r@10": 0.5,
    "ndcg@10": 0.21840743681816419,
    "p@15": 0.06666666666666667,
    "r@15": 0.5,
    "ndcg@15": 0.21840743681816419
  },
  "retrieved": [
    12183,
    12181,
    12172,
    12228,
    12173,
    12170,
    12176,
    12233,
    12175,
    12229,
    12174,
    12161,
    12178,
    12217,
    12236
  ],
  "ground_truth": [
    12170,
    12165
  ]
}