{
  "qid": 74656,
  "query": "Người đề nghị cấp lại chứng chỉ hành nghề hoạt động đấu thầu do hết hạn sử dụng phải đáp ứng những điều kiện nào?",
  "metrics": {
    "mrr": 0.2,
    "map": 0.2,
    "p@1": 0.0,
    "r@1": 0.0,
    "ndcg@1": 0.0,
    "p@5": 0.2,
    "r@5": 1.0,
    "ndcg@5": 0.38685280723454163,
    "p@10": 0.1,
    "r@10": 1.0,
    "ndcg@10": 0.38685280723454163,
    "p@15": 0.06666666666666667,
    "r@15": 1.0,
    "ndcg@15": 0.38685280723454163
  },
  "retrieved": [
    4521,
    4517,
    4512,
    12352,
    4518,
    6410,
    4506,
    239,
    3812,
    6409,
    4504,
    704,
    241,
    703,
    4510
  ],
  "ground_truth": [
    4518
  ]
}