{
  "qid": 74683,
  "query": "Chứng minh nhân dân còn hạn sử dụng đến năm 2030 thì có cần thiết đổi sang căn cước công dân gắn chíp hay không?",
  "metrics": {
    "mrr": 0.2,
    "map": 0.2,
    "p@1": 0.0,
    "r@1": 0.0,
    "ndcg@1": 0.0,
    "p@5": 0.2,
    "r@5": 1.0,
    "ndcg@5": 0.38685280723454163,
    "p@10": 0.1,
    "r@10": 1.0,
    "ndcg@10": 0.38685280723454163,
    "p@15": 0.06666666666666667,
    "r@15": 1.0,
    "ndcg@15": 0.38685280723454163
  },
  "retrieved": [
    12637,
    12633,
    12634,
    12639,
    4673,
    4674,
    12630,
    4671,
    12635,
    12638,
    12643,
    12642,
    4679,
    12644,
    12641
  ],
  "ground_truth": [
    4673
  ]
}