{
  "qid": 74898,
  "query": "Khi thực hiện lưu trữ hồ sơ lý lịch tư pháp bằng giấy phải tuân thủ theo các nguyên tắc gì?",
  "metrics": {
    "mrr": 0.5,
    "map": 0.5,
    "p@1": 0.0,
    "r@1": 0.0,
    "ndcg@1": 0.0,
    "p@5": 0.2,
    "r@5": 1.0,
    "ndcg@5": 0.6309297535714575,
    "p@10": 0.1,
    "r@10": 1.0,
    "ndcg@10": 0.6309297535714575,
    "p@15": 0.06666666666666667,
    "r@15": 1.0,
    "ndcg@15": 0.6309297535714575
  },
  "retrieved": [
    6100,
    13482,
    6101,
    6102,
    13483,
    6096,
    6114,
    6103,
    13481,
    6112,
    6097,
    6110,
    6104,
    6111,
    13463
  ],
  "ground_truth": [
    13482
  ]
}