{
  "qid": 75000,
  "query": "Hướng dẫn viên du lịch quốc tế có các nghĩa vụ gì theo quy định?",
  "metrics": {
    "mrr": 0.16666666666666666,
    "map": 0.16666666666666666,
    "p@1": 0.0,
    "r@1": 0.0,
    "ndcg@1": 0.0,
    "p@5": 0.0,
    "r@5": 0.0,
    "ndcg@5": 0.0,
    "p@10": 0.1,
    "r@10": 1.0,
    "ndcg@10": 0.3562071871080222,
    "p@15": 0.06666666666666667,
    "r@15": 1.0,
    "ndcg@15": 0.3562071871080222
  },
  "retrieved": [
    9801,
    9805,
    9803,
    9807,
    9804,
    9808,
    6623,
    9806,
    9802,
    6607,
    9780,
    6626,
    9768,
    9744,
    9809
  ],
  "ground_truth": [
    9808
  ]
}