{
  "qid": 75542,
  "query": "Nhà giáo có thể tham gia ý kiến trước hiệu trưởng về những nội dung gì?",
  "metrics": {
    "mrr": 0.25,
    "map": 0.25,
    "p@1": 0.0,
    "r@1": 0.0,
    "ndcg@1": 0.0,
    "p@5": 0.2,
    "r@5": 1.0,
    "ndcg@5": 0.43067655807339306,
    "p@10": 0.1,
    "r@10": 1.0,
    "ndcg@10": 0.43067655807339306
  },
  "retrieved": [
    499,
    4133,
    513,
    4132,
    498,
    13838,
    512,
    13835,
    13843,
    5952
  ]
}