{
  "qid": 75672,
  "query": "Thủ tục đối ngoại về việc chấm dứt hiệu lực điều ước quốc tế được thực hiện thế nào?",
  "metrics": {
    "mrr": 0.3333333333333333,
    "map": 0.3333333333333333,
    "p@1": 0.0,
    "r@1": 0.0,
    "ndcg@1": 0.0,
    "p@5": 0.2,
    "r@5": 1.0,
    "ndcg@5": 0.5,
    "p@10": 0.1,
    "r@10": 1.0,
    "ndcg@10": 0.5,
    "p@15": 0.06666666666666667,
    "r@15": 1.0,
    "ndcg@15": 0.5
  },
  "retrieved": [
    12213,
    12209,
    12225,
    12223,
    12175,
    12210,
    12238,
    12161,
    12173,
    12233,
    12212,
    12163,
    12216,
    12176,
    12229
  ],
  "ground_truth": [
    12225
  ]
}