{
  "qid": 75821,
  "query": "Cơ quan nào kiểm tra sức khỏe của vận động viên?",
  "metrics": {
    "mrr": 0.3333333333333333,
    "map": 0.3333333333333333,
    "p@1": 0.0,
    "r@1": 0.0,
    "ndcg@1": 0.0,
    "p@5": 0.2,
    "r@5": 1.0,
    "ndcg@5": 0.5,
    "p@10": 0.1,
    "r@10": 1.0,
    "ndcg@10": 0.5,
    "p@15": 0.06666666666666667,
    "r@15": 1.0,
    "ndcg@15": 0.5
  },
  "retrieved": [
    3136,
    3143,
    3142,
    3133,
    3141,
    3134,
    3144,
    9129,
    11579,
    3135,
    9612,
    588,
    9613,
    9615,
    585
  ],
  "ground_truth": [
    3142
  ]
}