{
  "qid": 75928,
  "query": "Điều kiện bao thanh toán đối với khách hàng là người cư trú là gì?",
  "metrics": {
    "mrr": 0.25,
    "map": 0.25,
    "p@1": 0.0,
    "r@1": 0.0,
    "ndcg@1": 0.0,
    "p@5": 0.2,
    "r@5": 1.0,
    "ndcg@5": 0.43067655807339306,
    "p@10": 0.1,
    "r@10": 1.0,
    "ndcg@10": 0.43067655807339306
  },
  "retrieved": [
    2438,
    2433,
    2442,
    2441,
    2436,
    2437,
    2450,
    2446,
    2443,
    2444
  ]
}