{
  "qid": 75929,
  "query": "Khách hàng là người không cư trú khi muốn đề nghị bao thanh toán thì phải đáp ứng những điều kiện nào?",
  "metrics": {
    "mrr": 0.25,
    "map": 0.25,
    "p@1": 0.0,
    "r@1": 0.0,
    "ndcg@1": 0.0,
    "p@5": 0.2,
    "r@5": 1.0,
    "ndcg@5": 0.43067655807339306,
    "p@10": 0.1,
    "r@10": 1.0,
    "ndcg@10": 0.43067655807339306,
    "p@15": 0.06666666666666667,
    "r@15": 1.0,
    "ndcg@15": 0.43067655807339306
  },
  "retrieved": [
    2438,
    2442,
    2433,
    2441,
    2436,
    2450,
    2437,
    2443,
    2446,
    2440,
    2444,
    2447,
    2439,
    2434,
    2445
  ],
  "ground_truth": [
    2441
  ]
}