{
  "qid": 76059,
  "query": "Quá cảnh hàng hóa bằng đường hàng không được thực hiện theo quy định nào?",
  "metrics": {
    "mrr": 0.25,
    "map": 0.25,
    "p@1": 0.0,
    "r@1": 0.0,
    "ndcg@1": 0.0,
    "p@5": 0.2,
    "r@5": 1.0,
    "ndcg@5": 0.43067655807339306,
    "p@10": 0.1,
    "r@10": 1.0,
    "ndcg@10": 0.43067655807339306,
    "p@15": 0.06666666666666667,
    "r@15": 1.0,
    "ndcg@15": 0.43067655807339306
  },
  "retrieved": [
    8323,
    12918,
    5288,
    5268,
    13358,
    5517,
    2864,
    5271,
    8326,
    8324,
    5267,
    9938,
    4168,
    8392,
    8351
  ],
  "ground_truth": [
    5268
  ]
}