{
  "qid": 76087,
  "query": "Chánh Tòa xử lý hành chính của Tòa án nhân dân cấp tỉnh do ai có thẩm quyền quyết định bổ nhiệm?",
  "metrics": {
    "mrr": 0.5,
    "map": 0.5,
    "p@1": 0.0,
    "r@1": 0.0,
    "ndcg@1": 0.0,
    "p@5": 0.2,
    "r@5": 1.0,
    "ndcg@5": 0.6309297535714575,
    "p@10": 0.1,
    "r@10": 1.0,
    "ndcg@10": 0.6309297535714575,
    "p@15": 0.06666666666666667,
    "r@15": 1.0,
    "ndcg@15": 0.6309297535714575
  },
  "retrieved": [
    868,
    870,
    869,
    1485,
    3100,
    1131,
    867,
    208,
    10823,
    8977,
    10752,
    1488,
    10821,
    1526,
    10524
  ],
  "ground_truth": [
    870
  ]
}