{
  "qid": 76089,
  "query": "Giải thể Tòa xử lý hành chính của Tòa án nhân dân cấp tỉnh trong trường hợp nào?",
  "metrics": {
    "mrr": 0.16666666666666666,
    "map": 0.16666666666666666,
    "p@1": 0.0,
    "r@1": 0.0,
    "ndcg@1": 0.0,
    "p@5": 0.0,
    "r@5": 0.0,
    "ndcg@5": 0.0,
    "p@10": 0.1,
    "r@10": 1.0,
    "ndcg@10": 0.3562071871080222,
    "p@15": 0.06666666666666667,
    "r@15": 1.0,
    "ndcg@15": 0.3562071871080222
  },
  "retrieved": [
    868,
    869,
    871,
    870,
    1131,
    867,
    1485,
    208,
    10823,
    1526,
    866,
    10524,
    10935,
    1488,
    10774
  ],
  "ground_truth": [
    867
  ]
}