{
  "qid": 76380,
  "query": "Có thể xét xử phúc thẩm vụ án hình sự theo thủ tục rút gọn khi nào?",
  "metrics": {
    "mrr": 0.5,
    "map": 0.5,
    "p@1": 0.0,
    "r@1": 0.0,
    "ndcg@1": 0.0,
    "p@5": 0.2,
    "r@5": 1.0,
    "ndcg@5": 0.6309297535714575,
    "p@10": 0.1,
    "r@10": 1.0,
    "ndcg@10": 0.6309297535714575,
    "p@15": 0.06666666666666667,
    "r@15": 1.0,
    "ndcg@15": 0.6309297535714575
  },
  "retrieved": [
    10923,
    10924,
    10932,
    10933,
    10926,
    10501,
    10925,
    10499,
    10825,
    10930,
    10837,
    10823,
    10523,
    10873,
    10507
  ],
  "ground_truth": [
    10924
  ]
}