{
  "qid": 76387,
  "query": "Chức danh nghề nghiệp bảo vệ thực vật hạng 2 được áp dụng hệ số lương viên chức loại nào?",
  "metrics": {
    "mrr": 0.08333333333333333,
    "map": 0.08333333333333333,
    "p@1": 0.0,
    "r@1": 0.0,
    "ndcg@1": 0.0,
    "p@5": 0.0,
    "r@5": 0.0,
    "ndcg@5": 0.0,
    "p@10": 0.0,
    "r@10": 0.0,
    "ndcg@10": 0.0,
    "p@15": 0.06666666666666667,
    "r@15": 1.0,
    "ndcg@15": 0.27023815442731974
  },
  "retrieved": [
    14235,
    14236,
    1536,
    14239,
    6460,
    8457,
    6924,
    14209,
    13119,
    6463,
    14237,
    8612,
    7785,
    3875,
    1534
  ],
  "ground_truth": [
    8612
  ]
}