{
  "qid": 76472,
  "query": "Có được phép kinh doanh đặt cược bóng đá quốc tế tại Việt Nam hay không?",
  "metrics": {
    "mrr": 0.1,
    "map": 0.12142857142857143,
    "p@1": 0.0,
    "r@1": 0.0,
    "ndcg@1": 0.0,
    "p@5": 0.0,
    "r@5": 0.0,
    "ndcg@5": 0.0,
    "p@10": 0.1,
    "r@10": 0.5,
    "ndcg@10": 0.17723928678404774,
    "p@15": 0.13333333333333333,
    "r@15": 1.0,
    "ndcg@15": 0.3341792311619776
  },
  "retrieved": [
    6505,
    6504,
    6501,
    6502,
    3247,
    6467,
    6533,
    6476,
    6469,
    6468,
    6465,
    6486,
    6507,
    6466,
    6534
  ],
  "ground_truth": [
    6468,
    6466
  ]
}