{
  "qid": 7647,
  "query": "Tổ chức không thực hiện lưu chiểu báo chí theo quy định thì bị xử phạt vi phạm hành chính như thế nào?",
  "metrics": {
    "mrr": 0.5,
    "map": 0.5,
    "p@1": 0.0,
    "r@1": 0.0,
    "ndcg@1": 0.0,
    "p@5": 0.2,
    "r@5": 1.0,
    "ndcg@5": 0.6309297535714575,
    "p@10": 0.1,
    "r@10": 1.0,
    "ndcg@10": 0.6309297535714575,
    "p@15": 0.06666666666666667,
    "r@15": 1.0,
    "ndcg@15": 0.6309297535714575
  },
  "retrieved": [
    8630,
    14915,
    8635,
    14903,
    11129,
    11467,
    12063,
    10936,
    11132,
    6512,
    11131,
    14850,
    8632,
    11807,
    10376
  ],
  "ground_truth": [
    14915
  ]
}