{
  "qid": 7669,
  "query": "Ai có thẩm quyền quyết định hủy bỏ kê biên tài sản trong giai đoạn truy tố trong tố tụng hình sự?",
  "metrics": {
    "mrr": 0.07142857142857142,
    "map": 0.03571428571428571,
    "p@1": 0.0,
    "r@1": 0.0,
    "ndcg@1": 0.0,
    "p@5": 0.0,
    "r@5": 0.0,
    "ndcg@5": 0.0,
    "p@10": 0.0,
    "r@10": 0.0,
    "ndcg@10": 0.0,
    "p@15": 0.06666666666666667,
    "r@15": 0.5,
    "ndcg@15": 0.15693994437792994
  },
  "retrieved": [
    10605,
    10607,
    10905,
    11233,
    10714,
    10975,
    10603,
    7827,
    10929,
    10928,
    12722,
    10785,
    10927,
    10713,
    10484
  ],
  "ground_truth": [
    10713,
    10718
  ]
}