{
  "qid": 76849,
  "query": "Thủ tục cấp Giấy chứng nhận đủ điều kiện kinh doanh đặt cược đua ngựa là gì?",
  "metrics": {
    "mrr": 0.1,
    "map": 0.1,
    "p@1": 0.0,
    "r@1": 0.0,
    "ndcg@1": 0.0,
    "p@5": 0.0,
    "r@5": 0.0,
    "ndcg@5": 0.0,
    "p@10": 0.1,
    "r@10": 1.0,
    "ndcg@10": 0.2890648263178879,
    "p@15": 0.06666666666666667,
    "r@15": 1.0,
    "ndcg@15": 0.2890648263178879
  },
  "retrieved": [
    6498,
    6494,
    6499,
    6542,
    6500,
    6496,
    6493,
    6478,
    11029,
    3272,
    6488,
    3247,
    6490,
    11026,
    6487
  ],
  "ground_truth": [
    3272
  ]
}