{
  "qid": 76882,
  "query": "Các biện pháp nghiệp vụ của Cảnh sát môi trường trong tổ chức phòng ngừa, đấu tranh phòng chống tội phạm là gì?",
  "metrics": {
    "mrr": 0.3333333333333333,
    "map": 0.3333333333333333,
    "p@1": 0.0,
    "r@1": 0.0,
    "ndcg@1": 0.0,
    "p@5": 0.2,
    "r@5": 1.0,
    "ndcg@5": 0.5,
    "p@10": 0.1,
    "r@10": 1.0,
    "ndcg@10": 0.5,
    "p@15": 0.06666666666666667,
    "r@15": 1.0,
    "ndcg@15": 0.5
  },
  "retrieved": [
    11824,
    11827,
    11828,
    11825,
    11830,
    11836,
    11841,
    11842,
    11839,
    11829,
    11837,
    10479,
    11832,
    10482,
    4099
  ],
  "ground_truth": [
    11828
  ]
}