{
  "qid": 76977,
  "query": "Hồ sơ thiết kế nội thất có thuộc thành phần hồ sơ thiết kế kiến trúc không?",
  "metrics": {
    "mrr": 0.5,
    "map": 0.5,
    "p@1": 0.0,
    "r@1": 0.0,
    "ndcg@1": 0.0,
    "p@5": 0.2,
    "r@5": 1.0,
    "ndcg@5": 0.6309297535714575,
    "p@10": 0.1,
    "r@10": 1.0,
    "ndcg@10": 0.6309297535714575,
    "p@15": 0.06666666666666667,
    "r@15": 1.0,
    "ndcg@15": 0.6309297535714575
  },
  "retrieved": [
    3810,
    3804,
    3805,
    3803,
    3813,
    3806,
    3807,
    1774,
    456,
    3809,
    457,
    7065,
    3811,
    6950,
    6948
  ],
  "ground_truth": [
    3804
  ]
}