{
  "qid": 77024,
  "query": "Hoạt động xúc tiến du lịch có thuộc những hoạt động được Nhà nước ưu tiên bố trí kinh phí không?",
  "metrics": {
    "mrr": 0.125,
    "map": 0.125,
    "p@1": 0.0,
    "r@1": 0.0,
    "ndcg@1": 0.0,
    "p@5": 0.0,
    "r@5": 0.0,
    "ndcg@5": 0.0,
    "p@10": 0.1,
    "r@10": 1.0,
    "ndcg@10": 0.31546487678572877,
    "p@15": 0.06666666666666667,
    "r@15": 1.0,
    "ndcg@15": 0.31546487678572877
  },
  "retrieved": [
    9811,
    14748,
    9800,
    9816,
    14746,
    14747,
    9814,
    9748,
    9817,
    9744,
    9746,
    6608,
    9818,
    5328,
    1867
  ],
  "ground_truth": [
    9748
  ]
}