{
  "qid": 77096,
  "query": "Thời hạn giải quyết tố giác tội phạm là bao lâu?",
  "metrics": {
    "mrr": 0.1,
    "map": 0.1,
    "p@1": 0.0,
    "r@1": 0.0,
    "ndcg@1": 0.0,
    "p@5": 0.0,
    "r@5": 0.0,
    "ndcg@5": 0.0,
    "p@10": 0.1,
    "r@10": 1.0,
    "ndcg@10": 0.2890648263178879,
    "p@15": 0.06666666666666667,
    "r@15": 1.0,
    "ndcg@15": 0.2890648263178879
  },
  "retrieved": [
    10573,
    1000,
    995,
    10622,
    994,
    990,
    991,
    10626,
    10533,
    997,
    989,
    10623,
    10621,
    10624,
    998
  ],
  "ground_truth": [
    997
  ]
}