{
  "qid": 77113,
  "query": "Cấp Giấy chứng nhận đăng ký thuế và thông báo mã số thuế cho doanh nghiệp được pháp luật quy định như thế nào?",
  "metrics": {
    "mrr": 0.3333333333333333,
    "map": 0.3333333333333333,
    "p@1": 0.0,
    "r@1": 0.0,
    "ndcg@1": 0.0,
    "p@5": 0.2,
    "r@5": 1.0,
    "ndcg@5": 0.5,
    "p@10": 0.1,
    "r@10": 1.0,
    "ndcg@10": 0.5
  },
  "retrieved": [
    11941,
    897,
    11948,
    11958,
    11964,
    13340,
    11959,
    13339,
    895,
    11956
  ]
}