{
  "qid": 77157,
  "query": "Ai có quyền quyết định việc xét tặng danh hiệu Chiến sỹ thi đua cơ sở ngành Kiểm sát nhân dân?",
  "metrics": {
    "mrr": 0.07692307692307693,
    "map": 0.07692307692307693,
    "p@1": 0.0,
    "r@1": 0.0,
    "ndcg@1": 0.0,
    "p@5": 0.0,
    "r@5": 0.0,
    "ndcg@5": 0.0,
    "p@10": 0.0,
    "r@10": 0.0,
    "ndcg@10": 0.0,
    "p@15": 0.06666666666666667,
    "r@15": 1.0,
    "ndcg@15": 0.26264953503719357
  },
  "retrieved": [
    1360,
    1331,
    1333,
    1370,
    3476,
    6295,
    1332,
    1320,
    5584,
    1369,
    1159,
    3477,
    1354,
    1336,
    1342
  ],
  "ground_truth": [
    1354
  ]
}