{
  "qid": 77314,
  "query": "Việc hỗ trợ người có công với cách mạng xây dựng mới nhà ở hoặc sửa chữa nhà ở phải bảo đảm yêu cầu gì?",
  "metrics": {
    "mrr": 0.5,
    "map": 0.5,
    "p@1": 0.0,
    "r@1": 0.0,
    "ndcg@1": 0.0,
    "p@5": 0.2,
    "r@5": 1.0,
    "ndcg@5": 0.6309297535714575,
    "p@10": 0.1,
    "r@10": 1.0,
    "ndcg@10": 0.6309297535714575,
    "p@15": 0.06666666666666667,
    "r@15": 1.0,
    "ndcg@15": 0.6309297535714575
  },
  "retrieved": [
    13388,
    9349,
    9353,
    9351,
    9348,
    11040,
    14394,
    9352,
    3787,
    11047,
    7584,
    11048,
    11057,
    2574,
    5739
  ],
  "ground_truth": [
    9349
  ]
}