{
  "qid": 77589,
  "query": "Thương nhân có được quyền kinh doanh mặt hàng cấm nhập khẩu không?",
  "metrics": {
    "mrr": 0.5,
    "map": 0.5,
    "p@1": 0.0,
    "r@1": 0.0,
    "ndcg@1": 0.0,
    "p@5": 0.2,
    "r@5": 1.0,
    "ndcg@5": 0.6309297535714575,
    "p@10": 0.1,
    "r@10": 1.0,
    "ndcg@10": 0.6309297535714575
  },
  "retrieved": [
    5249,
    5228,
    5274,
    5272,
    5251,
    482,
    5250,
    12094,
    5233,
    5271
  ]
}