{
  "qid": 77615,
  "query": "Hồ sơ đề nghị chứng nhận lãnh sự tại Bộ Ngoại giao gồm những gì?",
  "metrics": {
    "mrr": 0.16666666666666666,
    "map": 0.16666666666666666,
    "p@1": 0.0,
    "r@1": 0.0,
    "ndcg@1": 0.0,
    "p@5": 0.0,
    "r@5": 0.0,
    "ndcg@5": 0.0,
    "p@10": 0.1,
    "r@10": 1.0,
    "ndcg@10": 0.3562071871080222
  },
  "retrieved": [
    13504,
    13496,
    154,
    13508,
    13497,
    13502,
    13507,
    145,
    13511,
    1417
  ]
}