{
  "qid": 77616,
  "query": "Cơ quan nào có thẩm quyền chứng nhận lãnh sự ở trong nước?",
  "metrics": {
    "mrr": 0.125,
    "map": 0.125,
    "p@1": 0.0,
    "r@1": 0.0,
    "ndcg@1": 0.0,
    "p@5": 0.0,
    "r@5": 0.0,
    "ndcg@5": 0.0,
    "p@10": 0.1,
    "r@10": 1.0,
    "ndcg@10": 0.31546487678572877,
    "p@15": 0.06666666666666667,
    "r@15": 1.0,
    "ndcg@15": 0.31546487678572877
  },
  "retrieved": [
    13496,
    13492,
    13497,
    13508,
    13507,
    13509,
    154,
    145,
    13500,
    13495,
    155,
    146,
    13498,
    13499,
    13512
  ],
  "ground_truth": [
    145
  ]
}