{
  "qid": 77639,
  "query": "Thủ tục công nhận biết tiếng Việt thành thạo trong khám bệnh, chữa bệnh theo quy định pháp luật",
  "metrics": {
    "mrr": 0.5,
    "map": 0.5,
    "p@1": 0.0,
    "r@1": 0.0,
    "ndcg@1": 0.0,
    "p@5": 0.2,
    "r@5": 1.0,
    "ndcg@5": 0.6309297535714575,
    "p@10": 0.1,
    "r@10": 1.0,
    "ndcg@10": 0.6309297535714575,
    "p@15": 0.06666666666666667,
    "r@15": 1.0,
    "ndcg@15": 0.6309297535714575
  },
  "retrieved": [
    12367,
    12369,
    14579,
    11078,
    7285,
    12351,
    11089,
    2965,
    11090,
    14580,
    7756,
    12354,
    12390,
    12067,
    2423
  ],
  "ground_truth": [
    12369
  ]
}