{
  "qid": 77751,
  "query": "Quảng cáo rượu bia từ 5,5 độ trong trường hợp không được quảng cáo sẽ bị xử phạt như thế nào?",
  "metrics": {
    "mrr": 0.07142857142857142,
    "map": 0.07142857142857142,
    "p@1": 0.0,
    "r@1": 0.0,
    "ndcg@1": 0.0,
    "p@5": 0.0,
    "r@5": 0.0,
    "ndcg@5": 0.0,
    "p@10": 0.0,
    "r@10": 0.0,
    "ndcg@10": 0.0,
    "p@15": 0.06666666666666667,
    "r@15": 1.0,
    "ndcg@15": 0.2559580248098155
  },
  "retrieved": [
    12516,
    9521,
    12524,
    9538,
    5942,
    9539,
    12514,
    12522,
    9531,
    9544,
    9522,
    12521,
    12277,
    14574,
    12517
  ],
  "ground_truth": [
    14574
  ]
}