{
  "qid": 77840,
  "query": "Công dân tổ chức họp báo nhưng không thông báo trước bằng văn bản sẽ bị xử phạt hành chính như thế nào?",
  "metrics": {
    "mrr": 0.3333333333333333,
    "map": 0.16666666666666666,
    "p@1": 0.0,
    "r@1": 0.0,
    "ndcg@1": 0.0,
    "p@5": 0.2,
    "r@5": 0.5,
    "ndcg@5": 0.3065735963827292,
    "p@10": 0.1,
    "r@10": 0.5,
    "ndcg@10": 0.3065735963827292
  },
  "retrieved": [
    4054,
    11467,
    14912,
    11129,
    11131,
    6512,
    12063,
    10936,
    14850,
    635
  ]
}