{
  "qid": 77851,
  "query": "Cơ quan điều tra tiến hành rà soát áp dụng biện pháp chống trợ cấp những nội dung nào theo quy định?",
  "metrics": {
    "mrr": 0.07142857142857142,
    "map": 0.07142857142857142,
    "p@1": 0.0,
    "r@1": 0.0,
    "ndcg@1": 0.0,
    "p@5": 0.0,
    "r@5": 0.0,
    "ndcg@5": 0.0,
    "p@10": 0.0,
    "r@10": 0.0,
    "ndcg@10": 0.0,
    "p@15": 0.06666666666666667,
    "r@15": 1.0,
    "ndcg@15": 0.2559580248098155
  },
  "retrieved": [
    5305,
    12908,
    12905,
    12909,
    5304,
    12911,
    5306,
    12906,
    12914,
    12883,
    12910,
    12912,
    12891,
    12907,
    12877
  ],
  "ground_truth": [
    12907
  ]
}