{
  "qid": 78076,
  "query": "Vay tiền của công ty cá cược để tham gia đặt cược bóng đá quốc tế được không?",
  "metrics": {
    "mrr": 0.125,
    "map": 0.125,
    "p@1": 0.0,
    "r@1": 0.0,
    "ndcg@1": 0.0,
    "p@5": 0.0,
    "r@5": 0.0,
    "ndcg@5": 0.0,
    "p@10": 0.1,
    "r@10": 1.0,
    "ndcg@10": 0.31546487678572877,
    "p@15": 0.06666666666666667,
    "r@15": 1.0,
    "ndcg@15": 0.31546487678572877
  },
  "retrieved": [
    6505,
    6504,
    6501,
    6502,
    3247,
    6469,
    6465,
    6467,
    6533,
    6476,
    6482,
    14689,
    6468,
    6472,
    6480
  ],
  "ground_truth": [
    6467
  ]
}