{
  "qid": 78074,
  "query": "Kết thúc nhận đặt cược bóng đá quốc tế trước 2 phút có vi phạm pháp luật không?",
  "metrics": {
    "mrr": 0.1,
    "map": 0.1,
    "p@1": 0.0,
    "r@1": 0.0,
    "ndcg@1": 0.0,
    "p@5": 0.0,
    "r@5": 0.0,
    "ndcg@5": 0.0,
    "p@10": 0.1,
    "r@10": 1.0,
    "ndcg@10": 0.2890648263178879,
    "p@15": 0.06666666666666667,
    "r@15": 1.0,
    "ndcg@15": 0.2890648263178879
  },
  "retrieved": [
    6505,
    6504,
    6501,
    6502,
    3247,
    6469,
    6533,
    6476,
    6465,
    6478,
    6482,
    6468,
    6472,
    6467,
    6515
  ],
  "ground_truth": [
    6478
  ]
}