{
  "qid": 78111,
  "query": "Thành phần đoàn đánh giá hoạt động thí nghiệm chuyên ngành xây dựng bao gồm những ai?",
  "metrics": {
    "mrr": 0.5,
    "map": 0.5,
    "p@1": 0.0,
    "r@1": 0.0,
    "ndcg@1": 0.0,
    "p@5": 0.2,
    "r@5": 1.0,
    "ndcg@5": 0.6309297535714575,
    "p@10": 0.1,
    "r@10": 1.0,
    "ndcg@10": 0.6309297535714575
  },
  "retrieved": [
    6632,
    6630,
    6633,
    6629,
    6628,
    6631,
    6627,
    6873,
    7003,
    4494
  ]
}