{
  "qid": 78337,
  "query": "Hiếp dâm làm nạn nhân có thai có thuộc trường hợp khởi tố theo yêu cầu của bị hại không?",
  "metrics": {
    "mrr": 0.25,
    "map": 0.25,
    "p@1": 0.0,
    "r@1": 0.0,
    "ndcg@1": 0.0,
    "p@5": 0.2,
    "r@5": 1.0,
    "ndcg@5": 0.43067655807339306,
    "p@10": 0.1,
    "r@10": 1.0,
    "ndcg@10": 0.43067655807339306
  },
  "retrieved": [
    449,
    448,
    444,
    10632,
    9344,
    446,
    9340,
    9338,
    9346,
    445
  ]
}