{
  "qid": 78878,
  "query": "Các trường hợp nào sẽ phải điều chỉnh đồ án quy hoạch xây nông thôn?",
  "metrics": {
    "mrr": 0.5,
    "map": 0.5,
    "p@1": 0.0,
    "r@1": 0.0,
    "ndcg@1": 0.0,
    "p@5": 0.2,
    "r@5": 1.0,
    "ndcg@5": 0.6309297535714575,
    "p@10": 0.1,
    "r@10": 1.0,
    "ndcg@10": 0.6309297535714575,
    "p@15": 0.06666666666666667,
    "r@15": 1.0,
    "ndcg@15": 0.6309297535714575
  },
  "retrieved": [
    2416,
    2417,
    5487,
    5489,
    2418,
    2399,
    2412,
    5488,
    2402,
    5493,
    2419,
    5888,
    5907,
    2405,
    2422
  ],
  "ground_truth": [
    2417
  ]
}