{
  "qid": 78993,
  "query": "Hoạt động bảo đảm cấp nước an toàn cần tuân thủ những yêu cầu gì?",
  "metrics": {
    "mrr": 0.14285714285714285,
    "map": 0.14285714285714285,
    "p@1": 0.0,
    "r@1": 0.0,
    "ndcg@1": 0.0,
    "p@5": 0.0,
    "r@5": 0.0,
    "ndcg@5": 0.0,
    "p@10": 0.1,
    "r@10": 1.0,
    "ndcg@10": 0.3333333333333333,
    "p@15": 0.06666666666666667,
    "r@15": 1.0,
    "ndcg@15": 0.3333333333333333
  },
  "retrieved": [
    8141,
    8146,
    8144,
    8143,
    8145,
    8140,
    8142,
    8147,
    4143,
    7885,
    11519,
    1990,
    3390,
    10243,
    4145
  ],
  "ground_truth": [
    8142
  ]
}