{
  "qid": 79018,
  "query": "Thành viên cơ quan Việt Nam ở nước ngoài có phải làm việc vào ban đêm không?",
  "metrics": {
    "mrr": 0.06666666666666667,
    "map": 0.06666666666666667,
    "p@1": 0.0,
    "r@1": 0.0,
    "ndcg@1": 0.0,
    "p@5": 0.0,
    "r@5": 0.0,
    "ndcg@5": 0.0,
    "p@10": 0.0,
    "r@10": 0.0,
    "ndcg@10": 0.0,
    "p@15": 0.06666666666666667,
    "r@15": 1.0,
    "ndcg@15": 0.25
  },
  "retrieved": [
    8790,
    8791,
    7899,
    7898,
    8800,
    7900,
    14509,
    3574,
    10963,
    14505,
    8789,
    14502,
    11624,
    14504,
    8797
  ],
  "ground_truth": [
    8797
  ]
}