{
  "qid": 7908,
  "query": "Lực lượng bảo vệ cơ quan cần phải đáp ứng những yêu cầu gì về trang phục?",
  "metrics": {
    "mrr": 0.07692307692307693,
    "map": 0.07692307692307693,
    "p@1": 0.0,
    "r@1": 0.0,
    "ndcg@1": 0.0,
    "p@5": 0.0,
    "r@5": 0.0,
    "ndcg@5": 0.0,
    "p@10": 0.0,
    "r@10": 0.0,
    "ndcg@10": 0.0,
    "p@15": 0.06666666666666667,
    "r@15": 1.0,
    "ndcg@15": 0.26264953503719357
  },
  "retrieved": [
    8497,
    6070,
    8496,
    8498,
    6069,
    6077,
    8729,
    2078,
    5854,
    8484,
    3224,
    6045,
    8486,
    1220,
    6065
  ],
  "ground_truth": [
    8486
  ]
}