{
  "qid": 79094,
  "query": "Hành vi bán thuốc lá không ghi nhãn, không in cảnh báo sức khỏe trên bao bì thuốc lá bị phạt bao nhiêu tiền?",
  "metrics": {
    "mrr": 0.5,
    "map": 0.5,
    "p@1": 0.0,
    "r@1": 0.0,
    "ndcg@1": 0.0,
    "p@5": 0.2,
    "r@5": 1.0,
    "ndcg@5": 0.6309297535714575,
    "p@10": 0.1,
    "r@10": 1.0,
    "ndcg@10": 0.6309297535714575
  },
  "retrieved": [
    4941,
    14567,
    4938,
    14568,
    4943,
    4940,
    4942,
    4939,
    14570,
    14566
  ]
}