{
  "qid": 79131,
  "query": "Nhà giáo dạy thực hành dạy tại các cơ sở giáo dục nào được hưởng chế độ phụ cấp nặng nhọc, độc hại, nguy hiểm?",
  "metrics": {
    "mrr": 0.25,
    "map": 0.25,
    "p@1": 0.0,
    "r@1": 0.0,
    "ndcg@1": 0.0,
    "p@5": 0.2,
    "r@5": 1.0,
    "ndcg@5": 0.43067655807339306,
    "p@10": 0.1,
    "r@10": 1.0,
    "ndcg@10": 0.43067655807339306,
    "p@15": 0.06666666666666667,
    "r@15": 1.0,
    "ndcg@15": 0.43067655807339306
  },
  "retrieved": [
    13846,
    13845,
    13835,
    13844,
    13847,
    13838,
    13840,
    8059,
    7147,
    7145,
    7148,
    11840,
    8066,
    13634,
    13633
  ],
  "ground_truth": [
    13844
  ]
}