{
  "qid": 79255,
  "query": "Hồ sơ đăng ký thu tín hiệu truyền hình nước ngoài trực tiếp từ vệ tinh bao gồm những gì?",
  "metrics": {
    "mrr": 0.25,
    "map": 0.25,
    "p@1": 0.0,
    "r@1": 0.0,
    "ndcg@1": 0.0,
    "p@5": 0.2,
    "r@5": 1.0,
    "ndcg@5": 0.43067655807339306,
    "p@10": 0.1,
    "r@10": 1.0,
    "ndcg@10": 0.43067655807339306,
    "p@15": 0.06666666666666667,
    "r@15": 1.0,
    "ndcg@15": 0.43067655807339306
  },
  "retrieved": [
    14917,
    6394,
    6393,
    6395,
    6367,
    6366,
    2713,
    6369,
    6389,
    6383,
    6386,
    6368,
    3529,
    8061,
    8573
  ],
  "ground_truth": [
    6395
  ]
}