{
  "qid": 79734,
  "query": "Phụ cấp trách nhiệm đối với lái xe phục vụ chức danh Bộ trưởng Bộ Tư pháp có dùng để tính đóng BHXH bắt buộc?",
  "metrics": {
    "mrr": 0.14285714285714285,
    "map": 0.14285714285714285,
    "p@1": 0.0,
    "r@1": 0.0,
    "ndcg@1": 0.0,
    "p@5": 0.0,
    "r@5": 0.0,
    "ndcg@5": 0.0,
    "p@10": 0.1,
    "r@10": 1.0,
    "ndcg@10": 0.3333333333333333
  },
  "retrieved": [
    13959,
    11338,
    11340,
    11437,
    1683,
    10335,
    1685,
    13958,
    7122,
    7560
  ]
}