{
  "qid": 7974,
  "query": "Cơ quan tiến hành tố tụng quyết định áp dụng biện pháp đặt tiền để đảm bảo đối với bị can trong những trường hợp nào?",
  "metrics": {
    "mrr": 0.125,
    "map": 0.125,
    "p@1": 0.0,
    "r@1": 0.0,
    "ndcg@1": 0.0,
    "p@5": 0.0,
    "r@5": 0.0,
    "ndcg@5": 0.0,
    "p@10": 0.1,
    "r@10": 1.0,
    "ndcg@10": 0.31546487678572877,
    "p@15": 0.06666666666666667,
    "r@15": 1.0,
    "ndcg@15": 0.31546487678572877
  },
  "retrieved": [
    6678,
    10537,
    6685,
    14134,
    6682,
    6703,
    6686,
    6683,
    10705,
    6688,
    6677,
    2534,
    6695,
    10660,
    6706
  ],
  "ground_truth": [
    6683
  ]
}