{
  "qid": 79983,
  "query": "Doanh nghiệp chế xuất nước ngoài có được tạm nhập khẩu, tái xuất hàng hóa vào Việt Nam hay không?",
  "metrics": {
    "mrr": 0.5,
    "map": 0.5,
    "p@1": 0.0,
    "r@1": 0.0,
    "ndcg@1": 0.0,
    "p@5": 0.2,
    "r@5": 1.0,
    "ndcg@5": 0.6309297535714575,
    "p@10": 0.1,
    "r@10": 1.0,
    "ndcg@10": 0.6309297535714575,
    "p@15": 0.06666666666666667,
    "r@15": 1.0,
    "ndcg@15": 0.6309297535714575
  },
  "retrieved": [
    5262,
    5264,
    8342,
    9938,
    13358,
    11469,
    8392,
    8355,
    8325,
    8326,
    5274,
    5228,
    5271,
    8324,
    5263
  ],
  "ground_truth": [
    5264
  ]
}