{
  "qid": 80316,
  "query": "Hệ số lương của hướng dẫn viên văn hóa hạng 4 chuyên ngành văn hóa cơ sở hiện nay là bao nhiêu?",
  "metrics": {
    "mrr": 0.5,
    "map": 0.5,
    "p@1": 0.0,
    "r@1": 0.0,
    "ndcg@1": 0.0,
    "p@5": 0.2,
    "r@5": 1.0,
    "ndcg@5": 0.6309297535714575,
    "p@10": 0.1,
    "r@10": 1.0,
    "ndcg@10": 0.6309297535714575,
    "p@15": 0.06666666666666667,
    "r@15": 1.0,
    "ndcg@15": 0.6309297535714575
  },
  "retrieved": [
    6460,
    1536,
    6455,
    6450,
    6456,
    8457,
    7562,
    8612,
    7564,
    13116,
    7726,
    9805,
    587,
    7563,
    9807
  ],
  "ground_truth": [
    1536
  ]
}