{
  "qid": 80451,
  "query": "Thay đổi nội dung đăng ký Văn phòng Thừa phát lại thực hiện như thế nào?",
  "metrics": {
    "mrr": 0.5,
    "map": 0.5,
    "p@1": 0.0,
    "r@1": 0.0,
    "ndcg@1": 0.0,
    "p@5": 0.2,
    "r@5": 1.0,
    "ndcg@5": 0.6309297535714575,
    "p@10": 0.1,
    "r@10": 1.0,
    "ndcg@10": 0.6309297535714575
  },
  "retrieved": [
    8943,
    8950,
    8948,
    8956,
    5830,
    8955,
    8954,
    8953,
    8987,
    8975
  ]
}