{
  "qid": 80540,
  "query": "Trường hợp nào Kiểm tra viên phải từ chối tiến hành tố tụng? Là người đại diện theo pháp luật của bị hại thì có bắt buộc phải thay đổi không?",
  "metrics": {
    "mrr": 1.0,
    "map": 0.5,
    "p@1": 1.0,
    "r@1": 0.5,
    "ndcg@1": 1.0,
    "p@5": 0.2,
    "r@5": 0.5,
    "ndcg@5": 0.6131471927654584,
    "p@10": 0.1,
    "r@10": 0.5,
    "ndcg@10": 0.6131471927654584,
    "p@15": 0.06666666666666667,
    "r@15": 0.5,
    "ndcg@15": 0.6131471927654584
  },
  "retrieved": [
    10526,
    10539,
    6695,
    10902,
    6698,
    10520,
    6700,
    6693,
    6701,
    10511,
    10691,
    10556,
    10494,
    10560,
    10615
  ],
  "ground_truth": [
    10528,
    10526
  ]
}