{
  "qid": 80669,
  "query": "Hợp đồng sử dụng dịch vụ công nghệ thông tin với bên thứ ba trong hoạt động ngân hàng phải có những nội dung nào?",
  "metrics": {
    "mrr": 0.1,
    "map": 0.1,
    "p@1": 0.0,
    "r@1": 0.0,
    "ndcg@1": 0.0,
    "p@5": 0.0,
    "r@5": 0.0,
    "ndcg@5": 0.0,
    "p@10": 0.1,
    "r@10": 1.0,
    "ndcg@10": 0.2890648263178879,
    "p@15": 0.06666666666666667,
    "r@15": 1.0,
    "ndcg@15": 0.2890648263178879
  },
  "retrieved": [
    7880,
    7216,
    14884,
    2974,
    10062,
    12480,
    10222,
    7885,
    10073,
    10225,
    7888,
    8580,
    8423,
    9377,
    9797
  ],
  "ground_truth": [
    10225
  ]
}