{
  "qid": 81265,
  "query": "Doanh nghiệp kinh doanh bất động sản phải gửi hóa đơn điện tử có mã của cơ quan thuế đến người mua trong vòng bao lâu sau khi nhận được hóa đơn?",
  "metrics": {
    "mrr": 0.25,
    "map": 0.25,
    "p@1": 0.0,
    "r@1": 0.0,
    "ndcg@1": 0.0,
    "p@5": 0.2,
    "r@5": 1.0,
    "ndcg@5": 0.43067655807339306,
    "p@10": 0.1,
    "r@10": 1.0,
    "ndcg@10": 0.43067655807339306,
    "p@15": 0.06666666666666667,
    "r@15": 1.0,
    "ndcg@15": 0.43067655807339306
  },
  "retrieved": [
    14874,
    14865,
    14867,
    14871,
    14856,
    14872,
    14870,
    14876,
    14857,
    14875,
    14887,
    14869,
    14868,
    14866,
    14854
  ],
  "ground_truth": [
    14871
  ]
}