{
  "qid": 81463,
  "query": "Bổ nhiệm và xếp lương theo chức danh nghề nghiệp đối với nhân viên thiết bị tại trường trung học công lập theo nguyên tắc gì?",
  "metrics": {
    "mrr": 0.5,
    "map": 0.5,
    "p@1": 0.0,
    "r@1": 0.0,
    "ndcg@1": 0.0,
    "p@5": 0.2,
    "r@5": 1.0,
    "ndcg@5": 0.6309297535714575,
    "p@10": 0.1,
    "r@10": 1.0,
    "ndcg@10": 0.6309297535714575
  },
  "retrieved": [
    8813,
    7785,
    8809,
    8457,
    7782,
    7561,
    7562,
    6458,
    3467,
    14237
  ]
}