{
  "qid": 81506,
  "query": "Có thể khiếu nại trực tiếp lần đầu đối với quyết định kỷ luật cán bộ hay không?",
  "metrics": {
    "mrr": 0.5,
    "map": 0.35,
    "p@1": 0.0,
    "r@1": 0.0,
    "ndcg@1": 0.0,
    "p@5": 0.2,
    "r@5": 0.5,
    "ndcg@5": 0.38685280723454163,
    "p@10": 0.2,
    "r@10": 1.0,
    "ndcg@10": 0.5640920940185894
  },
  "retrieved": [
    13782,
    1747,
    1754,
    1751,
    1757,
    1709,
    1718,
    1756,
    13761,
    1749
  ]
}