{
  "qid": 81573,
  "query": "Mức đền bù chi phí đào tạo của viên chức khi không tiếp tục làm việc được quy định ra sao?",
  "metrics": {
    "mrr": 0.14285714285714285,
    "map": 0.14285714285714285,
    "p@1": 0.0,
    "r@1": 0.0,
    "ndcg@1": 0.0,
    "p@5": 0.0,
    "r@5": 0.0,
    "ndcg@5": 0.0,
    "p@10": 0.1,
    "r@10": 1.0,
    "ndcg@10": 0.3333333333333333,
    "p@15": 0.06666666666666667,
    "r@15": 1.0,
    "ndcg@15": 0.3333333333333333
  },
  "retrieved": [
    10984,
    10991,
    10990,
    10986,
    10987,
    10989,
    10985,
    11015,
    14264,
    11379,
    14268,
    10988,
    10981,
    1056,
    14210
  ],
  "ground_truth": [
    10985
  ]
}