{
  "qid": 81826,
  "query": "Trong quá trình bị tước quyền sử dụng Giấy phép lái xe mà vẫn lưu thông trên đường thì có bị xử lý như thế nào?",
  "metrics": {
    "mrr": 0.07142857142857142,
    "map": 0.03571428571428571,
    "p@1": 0.0,
    "r@1": 0.0,
    "ndcg@1": 0.0,
    "p@5": 0.0,
    "r@5": 0.0,
    "ndcg@5": 0.0,
    "p@10": 0.0,
    "r@10": 0.0,
    "ndcg@10": 0.0,
    "p@15": 0.06666666666666667,
    "r@15": 0.5,
    "ndcg@15": 0.15693994437792994
  },
  "retrieved": [
    10379,
    7122,
    7126,
    7121,
    3531,
    11437,
    7113,
    7118,
    7125,
    7114,
    7116,
    7115,
    7124,
    10319,
    7111
  ],
  "ground_truth": [
    10380,
    10319
  ]
}