{
  "qid": 82021,
  "query": "Kiểm tra ban đầu đối với tàu biển nước ngoài hoạt động trong vùng nước cảng biển Việt Nam sẽ kiểm tra những nội dung gì?",
  "metrics": {
    "mrr": 0.5,
    "map": 0.5,
    "p@1": 0.0,
    "r@1": 0.0,
    "ndcg@1": 0.0,
    "p@5": 0.2,
    "r@5": 1.0,
    "ndcg@5": 0.6309297535714575,
    "p@10": 0.1,
    "r@10": 1.0,
    "ndcg@10": 0.6309297535714575,
    "p@15": 0.06666666666666667,
    "r@15": 1.0,
    "ndcg@15": 0.6309297535714575
  },
  "retrieved": [
    7661,
    7666,
    7663,
    7667,
    7662,
    7670,
    7672,
    7669,
    7677,
    7673,
    11646,
    7671,
    7678,
    7660,
    11626
  ],
  "ground_truth": [
    7666
  ]
}