{
  "qid": 82030,
  "query": "Nguyên tắc xác định Đồn biên phòng thuộc vùng sâu vùng xa được quy định ra sao?",
  "metrics": {
    "mrr": 0.3333333333333333,
    "map": 0.3333333333333333,
    "p@1": 0.0,
    "r@1": 0.0,
    "ndcg@1": 0.0,
    "p@5": 0.2,
    "r@5": 1.0,
    "ndcg@5": 0.5,
    "p@10": 0.1,
    "r@10": 1.0,
    "ndcg@10": 0.5,
    "p@15": 0.06666666666666667,
    "r@15": 1.0,
    "ndcg@15": 0.5
  },
  "retrieved": [
    13973,
    13976,
    13977,
    13974,
    13673,
    13975,
    9679,
    9680,
    445,
    9685,
    5039,
    13706,
    9683,
    9682,
    3194
  ],
  "ground_truth": [
    13977
  ]
}