{
  "qid": 82033,
  "query": "Đơn vị nào có trách nhiệm tham gia tuyên truyền, vận động chức sắc thực hiện pháp luật về tín ngưỡng, tôn giáo?",
  "metrics": {
    "mrr": 1.0,
    "map": 0.7,
    "p@1": 1.0,
    "r@1": 0.5,
    "ndcg@1": 1.0,
    "p@5": 0.4,
    "r@5": 1.0,
    "ndcg@5": 0.8503449055347546,
    "p@10": 0.2,
    "r@10": 1.0,
    "ndcg@10": 0.8503449055347546,
    "p@15": 0.13333333333333333,
    "r@15": 1.0,
    "ndcg@15": 0.8503449055347546
  },
  "retrieved": [
    2134,
    2139,
    2190,
    2192,
    2135,
    2131,
    2180,
    2193,
    2133,
    2138,
    2136,
    2132,
    2195,
    2184,
    2191
  ],
  "ground_truth": [
    2134,
    2135
  ]
}