{
  "qid": 82163,
  "query": "Ai được quyền lựa chọn người bào chữa cho bị can theo quy định mới nhất hiện nay?",
  "metrics": {
    "mrr": 0.07142857142857142,
    "map": 0.07142857142857142,
    "p@1": 0.0,
    "r@1": 0.0,
    "ndcg@1": 0.0,
    "p@5": 0.0,
    "r@5": 0.0,
    "ndcg@5": 0.0,
    "p@10": 0.0,
    "r@10": 0.0,
    "ndcg@10": 0.0,
    "p@15": 0.06666666666666667,
    "r@15": 1.0,
    "ndcg@15": 0.2559580248098155
  },
  "retrieved": [
    10661,
    10493,
    10537,
    10557,
    10660,
    10553,
    10768,
    10550,
    10554,
    10549,
    10659,
    10719,
    10708,
    10552,
    10893
  ],
  "ground_truth": [
    10552
  ]
}