{
  "qid": 82241,
  "query": "Viên chức được bổ nhiệm chức danh giáo viên giáo dục nghề nghiệp hạng 4 có hệ số lương viên chức loại mấy?",
  "metrics": {
    "mrr": 0.125,
    "map": 0.125,
    "p@1": 0.0,
    "r@1": 0.0,
    "ndcg@1": 0.0,
    "p@5": 0.0,
    "r@5": 0.0,
    "ndcg@5": 0.0,
    "p@10": 0.1,
    "r@10": 1.0,
    "ndcg@10": 0.31546487678572877,
    "p@15": 0.06666666666666667,
    "r@15": 1.0,
    "ndcg@15": 0.31546487678572877
  },
  "retrieved": [
    1534,
    12978,
    3467,
    3852,
    14209,
    1535,
    2820,
    1536,
    14235,
    8457,
    6460,
    14236,
    14239,
    7726,
    7785
  ],
  "ground_truth": [
    1536
  ]
}