{
  "qid": 8236,
  "query": "Hồ sơ kéo dài thời gian giữ chức vụ lãnh đạo đến tuổi nghỉ hưu đối với công chức ngành Kiểm sát nhân dân bao gồm những nội dung gì?",
  "metrics": {
    "mrr": 0.3333333333333333,
    "map": 0.3333333333333333,
    "p@1": 0.0,
    "r@1": 0.0,
    "ndcg@1": 0.0,
    "p@5": 0.2,
    "r@5": 1.0,
    "ndcg@5": 0.5,
    "p@10": 0.1,
    "r@10": 1.0,
    "ndcg@10": 0.5,
    "p@15": 0.06666666666666667,
    "r@15": 1.0,
    "ndcg@15": 0.5
  },
  "retrieved": [
    14259,
    14256,
    14260,
    9464,
    1346,
    670,
    2357,
    1318,
    1345,
    1344,
    930,
    9465,
    2334,
    2356,
    2360
  ],
  "ground_truth": [
    14260
  ]
}