{
  "qid": 82520,
  "query": "Hoạt động kiểm soát nội bộ Ngân hàng nhà nước sẽ gồm những nội dung nào?",
  "metrics": {
    "mrr": 0.06666666666666667,
    "map": 0.06666666666666667,
    "p@1": 0.0,
    "r@1": 0.0,
    "ndcg@1": 0.0,
    "p@5": 0.0,
    "r@5": 0.0,
    "ndcg@5": 0.0,
    "p@10": 0.0,
    "r@10": 0.0,
    "ndcg@10": 0.0,
    "p@15": 0.06666666666666667,
    "r@15": 1.0,
    "ndcg@15": 0.25
  },
  "retrieved": [
    6844,
    6843,
    6835,
    6836,
    6837,
    6840,
    6839,
    6845,
    6869,
    6846,
    6852,
    6865,
    6860,
    6847,
    6842
  ],
  "ground_truth": [
    6842
  ]
}