{
  "qid": 82555,
  "query": "Trong trường hợp nào viên chức được miễn trách nhiệm kỷ luật?",
  "metrics": {
    "mrr": 0.16666666666666666,
    "map": 0.16666666666666666,
    "p@1": 0.0,
    "r@1": 0.0,
    "ndcg@1": 0.0,
    "p@5": 0.0,
    "r@5": 0.0,
    "ndcg@5": 0.0,
    "p@10": 0.1,
    "r@10": 1.0,
    "ndcg@10": 0.3562071871080222
  },
  "retrieved": [
    13771,
    13755,
    13778,
    7816,
    13761,
    13744,
    13742,
    13743,
    13782,
    7815
  ]
}