{
  "qid": 82582,
  "query": "Xe quân sự đi làm nhiệm vụ khẩn cấp được lắp đặt thiết bị phát tín hiệu ưu tiên hay không?",
  "metrics": {
    "mrr": 1.0,
    "map": 0.5769230769230769,
    "p@1": 1.0,
    "r@1": 0.5,
    "ndcg@1": 1.0,
    "p@5": 0.2,
    "r@5": 0.5,
    "ndcg@5": 0.6131471927654584,
    "p@10": 0.1,
    "r@10": 0.5,
    "ndcg@10": 0.6131471927654584,
    "p@15": 0.13333333333333333,
    "r@15": 1.0,
    "ndcg@15": 0.7741900178546666
  },
  "retrieved": [
    12317,
    3969,
    3966,
    3972,
    3967,
    12305,
    3968,
    12320,
    3970,
    12322,
    12306,
    12321,
    12318,
    12309,
    12319
  ],
  "ground_truth": [
    12317,
    12318
  ]
}