{
  "qid": 82614,
  "query": "Hồ sơ cấp giấy chứng nhận đủ điều kiện kinh doanh casino gồm những gì?",
  "metrics": {
    "mrr": 0.125,
    "map": 0.125,
    "p@1": 0.0,
    "r@1": 0.0,
    "ndcg@1": 0.0,
    "p@5": 0.0,
    "r@5": 0.0,
    "ndcg@5": 0.0,
    "p@10": 0.1,
    "r@10": 1.0,
    "ndcg@10": 0.31546487678572877,
    "p@15": 0.06666666666666667,
    "r@15": 1.0,
    "ndcg@15": 0.31546487678572877
  },
  "retrieved": [
    3276,
    3274,
    3308,
    3277,
    3273,
    3270,
    3250,
    3271,
    12842,
    3267,
    3307,
    3305,
    3258,
    3283,
    3260
  ],
  "ground_truth": [
    3271
  ]
}