{
  "qid": 82617,
  "query": "Để được xét tặng danh hiệu Tập thể lao động tiên tiến, tập thể ngành Xây dựng phải đáp ứng những điều kiện gì?",
  "metrics": {
    "mrr": 0.2,
    "map": 0.2,
    "p@1": 0.0,
    "r@1": 0.0,
    "ndcg@1": 0.0,
    "p@5": 0.2,
    "r@5": 1.0,
    "ndcg@5": 0.38685280723454163,
    "p@10": 0.1,
    "r@10": 1.0,
    "ndcg@10": 0.38685280723454163,
    "p@15": 0.06666666666666667,
    "r@15": 1.0,
    "ndcg@15": 0.38685280723454163
  },
  "retrieved": [
    1359,
    1335,
    8749,
    6298,
    6299,
    5588,
    6286,
    5604,
    1330,
    7704,
    8862,
    8846,
    8847,
    1147,
    1142
  ],
  "ground_truth": [
    6299
  ]
}