{
  "qid": 82613,
  "query": "Điểm kinh doanh casino phải đáp ứng những điều kiện nào?",
  "metrics": {
    "mrr": 0.07692307692307693,
    "map": 0.07692307692307693,
    "p@1": 0.0,
    "r@1": 0.0,
    "ndcg@1": 0.0,
    "p@5": 0.0,
    "r@5": 0.0,
    "ndcg@5": 0.0,
    "p@10": 0.0,
    "r@10": 0.0,
    "ndcg@10": 0.0,
    "p@15": 0.06666666666666667,
    "r@15": 1.0,
    "ndcg@15": 0.26264953503719357
  },
  "retrieved": [
    3258,
    3250,
    3267,
    3260,
    3276,
    3307,
    3283,
    11313,
    3270,
    3305,
    11318,
    3277,
    3251,
    3271,
    3273
  ],
  "ground_truth": [
    3251
  ]
}