{
  "qid": 82703,
  "query": "Hội đồng nghĩa vụ quân sự xã có thẩm quyền lập hồ sơ đề nghị khởi tố vụ án hình sự đối với tội trốn tránh nghĩa vụ quân sự không?",
  "metrics": {
    "mrr": 0.3333333333333333,
    "map": 0.3333333333333333,
    "p@1": 0.0,
    "r@1": 0.0,
    "ndcg@1": 0.0,
    "p@5": 0.2,
    "r@5": 1.0,
    "ndcg@5": 0.5,
    "p@10": 0.1,
    "r@10": 1.0,
    "ndcg@10": 0.5,
    "p@15": 0.06666666666666667,
    "r@15": 1.0,
    "ndcg@15": 0.5
  },
  "retrieved": [
    10635,
    10638,
    10630,
    10631,
    10633,
    3571,
    3569,
    10900,
    10608,
    1002,
    3567,
    10507,
    10632,
    10641,
    12730
  ],
  "ground_truth": [
    10630
  ]
}