{
  "qid": 82788,
  "query": "Việc thu thập chứng cứ trong tố tụng hình sự được thực hiện như thế nào?",
  "metrics": {
    "mrr": 0.125,
    "map": 0.125,
    "p@1": 0.0,
    "r@1": 0.0,
    "ndcg@1": 0.0,
    "p@5": 0.0,
    "r@5": 0.0,
    "ndcg@5": 0.0,
    "p@10": 0.1,
    "r@10": 1.0,
    "ndcg@10": 0.31546487678572877,
    "p@15": 0.06666666666666667,
    "r@15": 1.0,
    "ndcg@15": 0.31546487678572877
  },
  "retrieved": [
    10585,
    3112,
    10558,
    10563,
    10830,
    10564,
    10729,
    10565,
    12701,
    200,
    10704,
    10962,
    10761,
    3114,
    2017
  ],
  "ground_truth": [
    10565
  ]
}