{
  "qid": 82852,
  "query": "Quy trình xét tặng Kỷ niệm chương Vì sự nghiệp ngành Kế hoạch và Đầu tư Việt Nam được thực hiện như thế nào?",
  "metrics": {
    "mrr": 0.07692307692307693,
    "map": 0.07692307692307693,
    "p@1": 0.0,
    "r@1": 0.0,
    "ndcg@1": 0.0,
    "p@5": 0.0,
    "r@5": 0.0,
    "ndcg@5": 0.0,
    "p@10": 0.0,
    "r@10": 0.0,
    "ndcg@10": 0.0,
    "p@15": 0.06666666666666667,
    "r@15": 1.0,
    "ndcg@15": 0.26264953503719357
  },
  "retrieved": [
    7699,
    7702,
    5600,
    977,
    986,
    3483,
    6662,
    983,
    6663,
    976,
    6660,
    1345,
    7701,
    6661,
    6668
  ],
  "ground_truth": [
    7701
  ]
}