{
  "qid": 82903,
  "query": "Việc bổ sung kháng nghị của Kiểm sát viên được thực hiện như thế nào?",
  "metrics": {
    "mrr": 0.16666666666666666,
    "map": 0.16666666666666666,
    "p@1": 0.0,
    "r@1": 0.0,
    "ndcg@1": 0.0,
    "p@5": 0.0,
    "r@5": 0.0,
    "ndcg@5": 0.0,
    "p@10": 0.1,
    "r@10": 1.0,
    "ndcg@10": 0.3562071871080222
  },
  "retrieved": [
    10813,
    10856,
    10855,
    10815,
    10831,
    10819,
    10858,
    10857,
    13867,
    10866
  ]
}