{
  "qid": 83362,
  "query": "Trong thời hạn 10 ngày thì Tòa án phải giao bản án sơ thẩm vụ án hình sự cho những ai?",
  "metrics": {
    "mrr": 0.09090909090909091,
    "map": 0.09090909090909091,
    "p@1": 0.0,
    "r@1": 0.0,
    "ndcg@1": 0.0,
    "p@5": 0.0,
    "r@5": 0.0,
    "ndcg@5": 0.0,
    "p@10": 0.0,
    "r@10": 0.0,
    "ndcg@10": 0.0,
    "p@15": 0.06666666666666667,
    "r@15": 1.0,
    "ndcg@15": 0.27894294565112987
  },
  "retrieved": [
    10838,
    3978,
    10832,
    10504,
    10835,
    10930,
    10837,
    10807,
    8905,
    10836,
    10739,
    8977,
    10833,
    10745,
    10873
  ],
  "ground_truth": [
    10739
  ]
}