{
  "qid": 83441,
  "query": "Trong trường hợp việc mua bán vàng miếng giữa tổ chức tín dụng và Ngân hàng Nhà nước thực hiện thông qua hình thức đấu thầu thì có các tài liệu giao dịch gì?",
  "metrics": {
    "mrr": 0.2,
    "map": 0.2,
    "p@1": 0.0,
    "r@1": 0.0,
    "ndcg@1": 0.0,
    "p@5": 0.2,
    "r@5": 1.0,
    "ndcg@5": 0.38685280723454163,
    "p@10": 0.1,
    "r@10": 1.0,
    "ndcg@10": 0.38685280723454163,
    "p@15": 0.06666666666666667,
    "r@15": 1.0,
    "ndcg@15": 0.38685280723454163
  },
  "retrieved": [
    6130,
    6129,
    6122,
    6133,
    6125,
    6120,
    6137,
    6134,
    6142,
    6121,
    6136,
    6119,
    161,
    6118,
    6138
  ],
  "ground_truth": [
    6125
  ]
}