{
  "qid": 83701,
  "query": "Sinh viên sư phạm đạt học lực hoặc điểm rèn luyện yếu sẽ không được hỗ trợ chi trả chi phí sinh hoạt?",
  "metrics": {
    "mrr": 0.2,
    "map": 0.2,
    "p@1": 0.0,
    "r@1": 0.0,
    "ndcg@1": 0.0,
    "p@5": 0.2,
    "r@5": 1.0,
    "ndcg@5": 0.38685280723454163,
    "p@10": 0.1,
    "r@10": 1.0,
    "ndcg@10": 0.38685280723454163,
    "p@15": 0.06666666666666667,
    "r@15": 1.0,
    "ndcg@15": 0.38685280723454163
  },
  "retrieved": [
    14384,
    14385,
    14386,
    14388,
    14383,
    14387,
    10233,
    14391,
    11053,
    14380,
    6425,
    14390,
    12347,
    2456,
    13227
  ],
  "ground_truth": [
    14383
  ]
}