{
  "qid": 83804,
  "query": "Cơ quan có thẩm quyền có tiến hành khởi tố vụ án ngay khi nhận được tố giác tội phạm hay không?",
  "metrics": {
    "mrr": 0.25,
    "map": 0.25,
    "p@1": 0.0,
    "r@1": 0.0,
    "ndcg@1": 0.0,
    "p@5": 0.2,
    "r@5": 1.0,
    "ndcg@5": 0.43067655807339306,
    "p@10": 0.1,
    "r@10": 1.0,
    "ndcg@10": 0.43067655807339306,
    "p@15": 0.06666666666666667,
    "r@15": 1.0,
    "ndcg@15": 0.43067655807339306
  },
  "retrieved": [
    989,
    10621,
    10622,
    10620,
    10628,
    10533,
    995,
    10635,
    1000,
    10630,
    990,
    10624,
    10626,
    998,
    10623
  ],
  "ground_truth": [
    10620
  ]
}