{
  "qid": 83827,
  "query": "Người khuyết tật khi tham gia học giáo dục hòa nhập thì có những quyền gì?",
  "metrics": {
    "mrr": 0.2,
    "map": 0.2,
    "p@1": 0.0,
    "r@1": 0.0,
    "ndcg@1": 0.0,
    "p@5": 0.2,
    "r@5": 1.0,
    "ndcg@5": 0.38685280723454163,
    "p@10": 0.1,
    "r@10": 1.0,
    "ndcg@10": 0.38685280723454163
  },
  "retrieved": [
    3432,
    3431,
    3437,
    3427,
    3441,
    3433,
    3444,
    3428,
    3443,
    3438
  ]
}