{
  "qid": 83858,
  "query": "Ai có thẩm quyền áp dụng biện pháp chỉ định cửa khẩu xuất khẩu, nhập khẩu?",
  "metrics": {
    "mrr": 0.3333333333333333,
    "map": 0.3333333333333333,
    "p@1": 0.0,
    "r@1": 0.0,
    "ndcg@1": 0.0,
    "p@5": 0.2,
    "r@5": 1.0,
    "ndcg@5": 0.5,
    "p@10": 0.1,
    "r@10": 1.0,
    "ndcg@10": 0.5,
    "p@15": 0.06666666666666667,
    "r@15": 1.0,
    "ndcg@15": 0.5
  },
  "retrieved": [
    5246,
    5247,
    5248,
    5249,
    5252,
    5250,
    5251,
    5238,
    13702,
    13705,
    5239,
    5230,
    5254,
    5277,
    9678
  ],
  "ground_truth": [
    5248
  ]
}