{
  "qid": 84048,
  "query": "Viên chức có hành vi vi phạm lần đầu đã bị xử lý kỷ luật mà tái phạm tiếp tục cùng một hành vi thì xử lý ra sao?",
  "metrics": {
    "mrr": 0.3333333333333333,
    "map": 0.3333333333333333,
    "p@1": 0.0,
    "r@1": 0.0,
    "ndcg@1": 0.0,
    "p@5": 0.2,
    "r@5": 1.0,
    "ndcg@5": 0.5,
    "p@10": 0.1,
    "r@10": 1.0,
    "ndcg@10": 0.5,
    "p@15": 0.06666666666666667,
    "r@15": 1.0,
    "ndcg@15": 0.5
  },
  "retrieved": [
    13749,
    13748,
    13742,
    13771,
    13746,
    13755,
    13778,
    13744,
    13753,
    2926,
    13209,
    13775,
    7815,
    3177,
    13764
  ],
  "ground_truth": [
    13742
  ]
}