{
  "qid": 84102,
  "query": "Các đối tượng nào thực hiện báo cáo tháng trong công tác dân tộc?",
  "metrics": {
    "mrr": 0.1111111111111111,
    "map": 0.1111111111111111,
    "p@1": 0.0,
    "r@1": 0.0,
    "ndcg@1": 0.0,
    "p@5": 0.0,
    "r@5": 0.0,
    "ndcg@5": 0.0,
    "p@10": 0.1,
    "r@10": 1.0,
    "ndcg@10": 0.3010299956639812,
    "p@15": 0.06666666666666667,
    "r@15": 1.0,
    "ndcg@15": 0.3010299956639812
  },
  "retrieved": [
    1303,
    1314,
    1316,
    4759,
    4758,
    4760,
    4761,
    1304,
    1312,
    4762,
    2527,
    1311,
    2081,
    2526,
    1309
  ],
  "ground_truth": [
    1312
  ]
}