{
  "qid": 84409,
  "query": "Cơ sở giáo dục hòa nhập phải xây dựng môi trường như thế nào?",
  "metrics": {
    "mrr": 0.125,
    "map": 0.125,
    "p@1": 0.0,
    "r@1": 0.0,
    "ndcg@1": 0.0,
    "p@5": 0.0,
    "r@5": 0.0,
    "ndcg@5": 0.0,
    "p@10": 0.1,
    "r@10": 1.0,
    "ndcg@10": 0.31546487678572877,
    "p@15": 0.06666666666666667,
    "r@15": 1.0,
    "ndcg@15": 0.31546487678572877
  },
  "retrieved": [
    3443,
    3430,
    3432,
    3446,
    3444,
    3442,
    3427,
    3431,
    3433,
    3438,
    3437,
    3435,
    6753,
    4545,
    2494
  ],
  "ground_truth": [
    3431
  ]
}