{
  "qid": 84428,
  "query": "Có được áp dụng biện pháp dẫn giải đối với người làm chứng hay không?",
  "metrics": {
    "mrr": 0.2,
    "map": 0.2,
    "p@1": 0.0,
    "r@1": 0.0,
    "ndcg@1": 0.0,
    "p@5": 0.2,
    "r@5": 1.0,
    "ndcg@5": 0.38685280723454163,
    "p@10": 0.1,
    "r@10": 1.0,
    "ndcg@10": 0.38685280723454163,
    "p@15": 0.06666666666666667,
    "r@15": 1.0,
    "ndcg@15": 0.38685280723454163
  },
  "retrieved": [
    10604,
    10788,
    10781,
    10662,
    10543,
    10770,
    10663,
    7980,
    10568,
    10603,
    10664,
    7963,
    10718,
    12916,
    12915
  ],
  "ground_truth": [
    10543
  ]
}