{
  "qid": 84765,
  "query": "Luật sư chuyển sang làm thừa phát lại sẽ có những quyền và nghĩa vụ gì?",
  "metrics": {
    "mrr": 0.25,
    "map": 0.25,
    "p@1": 0.0,
    "r@1": 0.0,
    "ndcg@1": 0.0,
    "p@5": 0.2,
    "r@5": 1.0,
    "ndcg@5": 0.43067655807339306,
    "p@10": 0.1,
    "r@10": 1.0,
    "ndcg@10": 0.43067655807339306,
    "p@15": 0.06666666666666667,
    "r@15": 1.0,
    "ndcg@15": 0.43067655807339306
  },
  "retrieved": [
    2642,
    2647,
    2651,
    8942,
    2657,
    2645,
    2658,
    5830,
    8927,
    8931,
    8992,
    2652,
    5829,
    2644,
    2650
  ],
  "ground_truth": [
    8942
  ]
}