{
  "qid": 84772,
  "query": "Quy định về biên bản đối chất trong tố tụng hình sự?",
  "metrics": {
    "mrr": 0.5,
    "map": 0.5,
    "p@1": 0.0,
    "r@1": 0.0,
    "ndcg@1": 0.0,
    "p@5": 0.2,
    "r@5": 1.0,
    "ndcg@5": 0.6309297535714575,
    "p@10": 0.1,
    "r@10": 1.0,
    "ndcg@10": 0.6309297535714575
  },
  "retrieved": [
    10666,
    10655,
    12701,
    10610,
    10959,
    7203,
    10484,
    10592,
    7393,
    10520
  ]
}