{
  "qid": 851,
  "query": "Bảo tàng Lịch sử quốc gia được giữ lại bao nhiêu số tiền phí thăm quan thu được để trang trải chi phí?",
  "metrics": {
    "mrr": 0.3333333333333333,
    "map": 0.3333333333333333,
    "p@1": 0.0,
    "r@1": 0.0,
    "ndcg@1": 0.0,
    "p@5": 0.2,
    "r@5": 1.0,
    "ndcg@5": 0.5,
    "p@10": 0.1,
    "r@10": 1.0,
    "ndcg@10": 0.5,
    "p@15": 0.06666666666666667,
    "r@15": 1.0,
    "ndcg@15": 0.5
  },
  "retrieved": [
    11066,
    14540,
    8776,
    8775,
    11065,
    11922,
    5771,
    6041,
    2296,
    8774,
    4945,
    832,
    8991,
    5764,
    11970
  ],
  "ground_truth": [
    8776
  ]
}