{
  "qid": 85101,
  "query": "Việc xe ô tô tải trên 1,25 tấn đi ngoài khung giờ quy định được phép hoạt động không có chấp thuận của Công an thành phố có thể bị xử phạt như thế nào?",
  "metrics": {
    "mrr": 0.07142857142857142,
    "map": 0.07142857142857142,
    "p@1": 0.0,
    "r@1": 0.0,
    "ndcg@1": 0.0,
    "p@5": 0.0,
    "r@5": 0.0,
    "ndcg@5": 0.0,
    "p@10": 0.0,
    "r@10": 0.0,
    "ndcg@10": 0.0,
    "p@15": 0.06666666666666667,
    "r@15": 1.0,
    "ndcg@15": 0.2559580248098155
  },
  "retrieved": [
    12306,
    12307,
    10304,
    10303,
    12313,
    4465,
    10306,
    4462,
    11467,
    10321,
    10314,
    4458,
    10326,
    10325,
    4457
  ],
  "ground_truth": [
    10325
  ]
}