{
  "qid": 85414,
  "query": "Hồ sơ mua bán phần vốn góp của chủ sở hữu của tổ chức tài chính vi mô là công ty trách nhiệm hữu hạn một thành viên cần những gì?",
  "metrics": {
    "mrr": 0.5,
    "map": 0.5,
    "p@1": 0.0,
    "r@1": 0.0,
    "ndcg@1": 0.0,
    "p@5": 0.2,
    "r@5": 1.0,
    "ndcg@5": 0.6309297535714575,
    "p@10": 0.1,
    "r@10": 1.0,
    "ndcg@10": 0.6309297535714575,
    "p@15": 0.06666666666666667,
    "r@15": 1.0,
    "ndcg@15": 0.6309297535714575
  },
  "retrieved": [
    13008,
    13009,
    13014,
    13013,
    11605,
    13001,
    2054,
    7357,
    7360,
    5785,
    9471,
    13056,
    2053,
    7401,
    13054
  ],
  "ground_truth": [
    13009
  ]
}