{
  "qid": 85535,
  "query": "Hồ sơ đăng ký dự thi hoặc xét thăng hạng chức danh nghề nghiệp giáo viên",
  "metrics": {
    "mrr": 0.25,
    "map": 0.25,
    "p@1": 0.0,
    "r@1": 0.0,
    "ndcg@1": 0.0,
    "p@5": 0.2,
    "r@5": 1.0,
    "ndcg@5": 0.43067655807339306,
    "p@10": 0.1,
    "r@10": 1.0,
    "ndcg@10": 0.43067655807339306,
    "p@15": 0.06666666666666667,
    "r@15": 1.0,
    "ndcg@15": 0.43067655807339306
  },
  "retrieved": [
    13118,
    14242,
    14241,
    14243,
    14244,
    14245,
    3872,
    8733,
    3876,
    6924,
    14238,
    13122,
    6926,
    14240,
    6925
  ],
  "ground_truth": [
    14243
  ]
}