{
  "qid": 85658,
  "query": "Có bắt buộc phải xây dựng kế hoạch giáo dục cá nhân cho trẻ khuyết tật trong lớp hòa nhập không?",
  "metrics": {
    "mrr": 0.25,
    "map": 0.125,
    "p@1": 0.0,
    "r@1": 0.0,
    "ndcg@1": 0.0,
    "p@5": 0.2,
    "r@5": 0.5,
    "ndcg@5": 0.2640681225725909,
    "p@10": 0.1,
    "r@10": 0.5,
    "ndcg@10": 0.2640681225725909,
    "p@15": 0.06666666666666667,
    "r@15": 0.5,
    "ndcg@15": 0.2640681225725909
  },
  "retrieved": [
    6358,
    13841,
    3428,
    3435,
    3433,
    3445,
    3437,
    3429,
    3431,
    3446,
    3434,
    6360,
    3439,
    1246,
    3427
  ],
  "ground_truth": [
    3435,
    3440
  ]
}