{
  "qid": 857,
  "query": "Thời hạn kháng nghị quyết định hình sự sơ thẩm chưa có hiệu lực theo thủ tục phúc thẩm là bao lâu?",
  "metrics": {
    "mrr": 0.09090909090909091,
    "map": 0.09090909090909091,
    "p@1": 0.0,
    "r@1": 0.0,
    "ndcg@1": 0.0,
    "p@5": 0.0,
    "r@5": 0.0,
    "ndcg@5": 0.0,
    "p@10": 0.0,
    "r@10": 0.0,
    "ndcg@10": 0.0,
    "p@15": 0.06666666666666667,
    "r@15": 1.0,
    "ndcg@15": 0.27894294565112987
  },
  "retrieved": [
    10504,
    10838,
    10813,
    10820,
    10833,
    10832,
    10807,
    10815,
    10856,
    10835,
    10814,
    10839,
    10825,
    9318,
    10855
  ],
  "ground_truth": [
    10814
  ]
}