{
  "qid": 86055,
  "query": "Tiêu chuẩn tuyển chọn cán bộ Viện kiểm sát quân sự được quy định như thế nào?",
  "metrics": {
    "mrr": 0.3333333333333333,
    "map": 0.3333333333333333,
    "p@1": 0.0,
    "r@1": 0.0,
    "ndcg@1": 0.0,
    "p@5": 0.2,
    "r@5": 1.0,
    "ndcg@5": 0.5,
    "p@10": 0.1,
    "r@10": 1.0,
    "ndcg@10": 0.5
  },
  "retrieved": [
    13855,
    13848,
    13854,
    13849,
    13856,
    13850,
    13861,
    13863,
    13860,
    10818
  ]
}