{
  "qid": 86589,
  "query": "Chủ xe đã tham gia hợp tác xã thì có cần phải đăng ký kinh doanh vận tải không?",
  "metrics": {
    "mrr": 0.09090909090909091,
    "map": 0.09090909090909091,
    "p@1": 0.0,
    "r@1": 0.0,
    "ndcg@1": 0.0,
    "p@5": 0.0,
    "r@5": 0.0,
    "ndcg@5": 0.0,
    "p@10": 0.0,
    "r@10": 0.0,
    "ndcg@10": 0.0,
    "p@15": 0.06666666666666667,
    "r@15": 1.0,
    "ndcg@15": 0.27894294565112987
  },
  "retrieved": [
    7790,
    10326,
    7794,
    3067,
    13128,
    3076,
    3058,
    13162,
    3075,
    13143,
    13139,
    3079,
    7793,
    13135,
    3068
  ],
  "ground_truth": [
    13139
  ]
}