{
  "qid": 86590,
  "query": "Hồ sơ xin giấy phép kinh doanh vận tải cần chuẩn bị những giấy tờ nào?",
  "metrics": {
    "mrr": 0.5,
    "map": 0.5,
    "p@1": 0.0,
    "r@1": 0.0,
    "ndcg@1": 0.0,
    "p@5": 0.2,
    "r@5": 1.0,
    "ndcg@5": 0.6309297535714575,
    "p@10": 0.1,
    "r@10": 1.0,
    "ndcg@10": 0.6309297535714575
  },
  "retrieved": [
    13145,
    13144,
    13143,
    5928,
    9950,
    13906,
    13161,
    11898,
    13127,
    9944
  ]
}