{
  "qid": 86764,
  "query": "Hành vi vi phạm của cán bộ công chức được phân thành những mức độ nào?",
  "metrics": {
    "mrr": 0.5,
    "map": 0.5,
    "p@1": 0.0,
    "r@1": 0.0,
    "ndcg@1": 0.0,
    "p@5": 0.2,
    "r@5": 1.0,
    "ndcg@5": 0.6309297535714575,
    "p@10": 0.1,
    "r@10": 1.0,
    "ndcg@10": 0.6309297535714575,
    "p@15": 0.06666666666666667,
    "r@15": 1.0,
    "ndcg@15": 0.6309297535714575
  },
  "retrieved": [
    2926,
    13746,
    2925,
    2911,
    2024,
    13741,
    13209,
    2924,
    2922,
    1039,
    757,
    9972,
    4681,
    2923,
    2909
  ],
  "ground_truth": [
    13746
  ]
}