{
  "qid": 86783,
  "query": "Hệ số lương đối với công chức chuyên ngành Ngân hàng được quy định như thế nào?",
  "metrics": {
    "mrr": 0.1111111111111111,
    "map": 0.1111111111111111,
    "p@1": 0.0,
    "r@1": 0.0,
    "ndcg@1": 0.0,
    "p@5": 0.0,
    "r@5": 0.0,
    "ndcg@5": 0.0,
    "p@10": 0.1,
    "r@10": 1.0,
    "ndcg@10": 0.3010299956639812,
    "p@15": 0.06666666666666667,
    "r@15": 1.0,
    "ndcg@15": 0.3010299956639812
  },
  "retrieved": [
    7562,
    7561,
    7563,
    8457,
    7564,
    6460,
    4526,
    7726,
    1536,
    664,
    7559,
    7013,
    13396,
    8169,
    10150
  ],
  "ground_truth": [
    1536
  ]
}