{
  "qid": 86845,
  "query": "Người phụ trách an toàn trong công việc bức xạ được bảo đảm điều kiện làm việc như thế nào?",
  "metrics": {
    "mrr": 0.5,
    "map": 0.5,
    "p@1": 0.0,
    "r@1": 0.0,
    "ndcg@1": 0.0,
    "p@5": 0.2,
    "r@5": 1.0,
    "ndcg@5": 0.6309297535714575,
    "p@10": 0.1,
    "r@10": 1.0,
    "ndcg@10": 0.6309297535714575,
    "p@15": 0.06666666666666667,
    "r@15": 1.0,
    "ndcg@15": 0.6309297535714575
  },
  "retrieved": [
    11157,
    6932,
    12045,
    6399,
    12034,
    12020,
    6941,
    4398,
    12032,
    12025,
    12033,
    1226,
    12059,
    12026,
    12651
  ],
  "ground_truth": [
    6932
  ]
}