{
  "qid": 86897,
  "query": "Chế độ thai sản của người mang thai hộ như thế nào?",
  "metrics": {
    "mrr": 0.25,
    "map": 0.25,
    "p@1": 0.0,
    "r@1": 0.0,
    "ndcg@1": 0.0,
    "p@5": 0.2,
    "r@5": 1.0,
    "ndcg@5": 0.43067655807339306,
    "p@10": 0.1,
    "r@10": 1.0,
    "ndcg@10": 0.43067655807339306,
    "p@15": 0.06666666666666667,
    "r@15": 1.0,
    "ndcg@15": 0.43067655807339306
  },
  "retrieved": [
    11850,
    11852,
    11851,
    14089,
    14090,
    10108,
    14091,
    11326,
    11335,
    10105,
    4854,
    11853,
    13880,
    3607,
    11334
  ],
  "ground_truth": [
    14089
  ]
}