{
  "qid": 87007,
  "query": "Hợp đồng bán nợ cho công ty con của tổ chức tín dụng được quy định như thế nào?",
  "metrics": {
    "mrr": 0.16666666666666666,
    "map": 0.16666666666666666,
    "p@1": 0.0,
    "r@1": 0.0,
    "ndcg@1": 0.0,
    "p@5": 0.0,
    "r@5": 0.0,
    "ndcg@5": 0.0,
    "p@10": 0.1,
    "r@10": 1.0,
    "ndcg@10": 0.3562071871080222
  },
  "retrieved": [
    9549,
    9564,
    9930,
    9547,
    9559,
    9557,
    9566,
    9561,
    9545,
    9546
  ]
}