{
  "qid": 87012,
  "query": "Điều khiển xe ô tô hết niên hạn sử dụng bị xử phạt hành chính như thế nào?",
  "metrics": {
    "mrr": 0.09090909090909091,
    "map": 0.09090909090909091,
    "p@1": 0.0,
    "r@1": 0.0,
    "ndcg@1": 0.0,
    "p@5": 0.0,
    "r@5": 0.0,
    "ndcg@5": 0.0,
    "p@10": 0.0,
    "r@10": 0.0,
    "ndcg@10": 0.0,
    "p@15": 0.06666666666666667,
    "r@15": 1.0,
    "ndcg@15": 0.27894294565112987
  },
  "retrieved": [
    4449,
    4471,
    4465,
    4451,
    4458,
    4457,
    10325,
    13139,
    4464,
    10333,
    10314,
    10304,
    4462,
    4472,
    10331
  ],
  "ground_truth": [
    10314
  ]
}