{
  "qid": 87038,
  "query": "Sau khi ban hành bao lâu trường cao đẳng phải cập nhật và đánh giá lại chương trình đào tạo?",
  "metrics": {
    "mrr": 0.3333333333333333,
    "map": 0.3333333333333333,
    "p@1": 0.0,
    "r@1": 0.0,
    "ndcg@1": 0.0,
    "p@5": 0.2,
    "r@5": 1.0,
    "ndcg@5": 0.5,
    "p@10": 0.1,
    "r@10": 1.0,
    "ndcg@10": 0.5,
    "p@15": 0.06666666666666667,
    "r@15": 1.0,
    "ndcg@15": 0.5
  },
  "retrieved": [
    3341,
    544,
    3342,
    495,
    488,
    492,
    490,
    9836,
    3351,
    3335,
    525,
    523,
    493,
    515,
    535
  ],
  "ground_truth": [
    3342
  ]
}