{
  "qid": 87183,
  "query": "Khi có trưng cầu giám định về tâm thần đối với bị cáo thì việc giám định được thực hiện trong thời hạn bao lâu?",
  "metrics": {
    "mrr": 0.07692307692307693,
    "map": 0.07692307692307693,
    "p@1": 0.0,
    "r@1": 0.0,
    "ndcg@1": 0.0,
    "p@5": 0.0,
    "r@5": 0.0,
    "ndcg@5": 0.0,
    "p@10": 0.0,
    "r@10": 0.0,
    "ndcg@10": 0.0,
    "p@15": 0.06666666666666667,
    "r@15": 1.0,
    "ndcg@15": 0.26264953503719357
  },
  "retrieved": [
    10682,
    1010,
    1008,
    7928,
    1009,
    7931,
    10688,
    7927,
    4009,
    6160,
    10690,
    1006,
    10685,
    7930,
    10686
  ],
  "ground_truth": [
    10685
  ]
}