{
  "qid": 8725,
  "query": "Thay đổi tiêu chuẩn về năng lực chuyên môn của trợ giúp viên pháp lý hạng III?",
  "metrics": {
    "mrr": 0.2,
    "map": 0.2,
    "p@1": 0.0,
    "r@1": 0.0,
    "ndcg@1": 0.0,
    "p@5": 0.2,
    "r@5": 1.0,
    "ndcg@5": 0.38685280723454163,
    "p@10": 0.1,
    "r@10": 1.0,
    "ndcg@10": 0.38685280723454163,
    "p@15": 0.06666666666666667,
    "r@15": 1.0,
    "ndcg@15": 0.38685280723454163
  },
  "retrieved": [
    8608,
    8606,
    8611,
    8605,
    8609,
    6220,
    3875,
    8607,
    13124,
    1538,
    1716,
    13029,
    6455,
    8613,
    10033
  ],
  "ground_truth": [
    8609
  ]
}