{
  "qid": 8745,
  "query": "Thành phần Bộ Tiêu chí đánh giá hiệu quả công tác phổ biến giáo dục pháp luật gồm những gì?",
  "metrics": {
    "mrr": 0.5,
    "map": 0.5,
    "p@1": 0.0,
    "r@1": 0.0,
    "ndcg@1": 0.0,
    "p@5": 0.2,
    "r@5": 1.0,
    "ndcg@5": 0.6309297535714575,
    "p@10": 0.1,
    "r@10": 1.0,
    "ndcg@10": 0.6309297535714575
  },
  "retrieved": [
    3511,
    3514,
    3524,
    3517,
    3515,
    3520,
    4910,
    3519,
    3525,
    563
  ]
}