{
  "qid": 8763,
  "query": "Hội đồng kiểm tra kết quả tập sự hành nghề công chứng có được sử dụng con dấu của Bộ Tư pháp để thực hiện nhiệm vụ không?",
  "metrics": {
    "mrr": 0.16666666666666666,
    "map": 0.16666666666666666,
    "p@1": 0.0,
    "r@1": 0.0,
    "ndcg@1": 0.0,
    "p@5": 0.0,
    "r@5": 0.0,
    "ndcg@5": 0.0,
    "p@10": 0.1,
    "r@10": 1.0,
    "ndcg@10": 0.3562071871080222,
    "p@15": 0.06666666666666667,
    "r@15": 1.0,
    "ndcg@15": 0.3562071871080222
  },
  "retrieved": [
    4200,
    4227,
    4215,
    4202,
    4228,
    5847,
    6579,
    4201,
    4209,
    4204,
    4208,
    5848,
    4211,
    4203,
    4233
  ],
  "ground_truth": [
    5847
  ]
}