{
  "qid": 87633,
  "query": "Có bao nhiêu hình thức phát ngôn và cung cấp thông tin cho báo chí của Tổng Liên đoàn Lao động Việt Nam?",
  "metrics": {
    "mrr": 0.5,
    "map": 0.5,
    "p@1": 0.0,
    "r@1": 0.0,
    "ndcg@1": 0.0,
    "p@5": 0.2,
    "r@5": 1.0,
    "ndcg@5": 0.6309297535714575,
    "p@10": 0.1,
    "r@10": 1.0,
    "ndcg@10": 0.6309297535714575
  },
  "retrieved": [
    9735,
    9736,
    9740,
    9738,
    9739,
    11709,
    9737,
    3647,
    11071,
    11708
  ]
}