{
  "qid": 87813,
  "query": "Cơ quan nào có trách nhiệm quản lý chất lượng sản phẩm viễn thám?",
  "metrics": {
    "mrr": 0.25,
    "map": 0.25,
    "p@1": 0.0,
    "r@1": 0.0,
    "ndcg@1": 0.0,
    "p@5": 0.2,
    "r@5": 1.0,
    "ndcg@5": 0.43067655807339306,
    "p@10": 0.1,
    "r@10": 1.0,
    "ndcg@10": 0.43067655807339306
  },
  "retrieved": [
    3598,
    12583,
    3592,
    3599,
    3591,
    12559,
    3600,
    3597,
    3589,
    9902
  ]
}