{
  "qid": 87941,
  "query": "Việc xem xét miễn nhiệm đối với công chức lãnh đạo của Bộ Giáo dục và Đào tạo được thực hiện trong những trường hợp nào?",
  "metrics": {
    "mrr": 0.14285714285714285,
    "map": 0.14285714285714285,
    "p@1": 0.0,
    "r@1": 0.0,
    "ndcg@1": 0.0,
    "p@5": 0.0,
    "r@5": 0.0,
    "ndcg@5": 0.0,
    "p@10": 0.1,
    "r@10": 1.0,
    "ndcg@10": 0.3333333333333333
  },
  "retrieved": [
    2360,
    14263,
    10981,
    13060,
    2361,
    2359,
    14262,
    4603,
    2356,
    14381
  ]
}