{
  "qid": 88265,
  "query": "Đấu giá viên lợi dụng danh nghĩa của mình để trục lợi thì có bị thu hồi Chứng chỉ hành nghề đấu giá không?",
  "metrics": {
    "mrr": 0.5,
    "map": 0.5,
    "p@1": 0.0,
    "r@1": 0.0,
    "ndcg@1": 0.0,
    "p@5": 0.2,
    "r@5": 1.0,
    "ndcg@5": 0.6309297535714575,
    "p@10": 0.1,
    "r@10": 1.0,
    "ndcg@10": 0.6309297535714575,
    "p@15": 0.06666666666666667,
    "r@15": 1.0,
    "ndcg@15": 0.6309297535714575
  },
  "retrieved": [
    704,
    703,
    701,
    705,
    700,
    706,
    696,
    693,
    6589,
    6565,
    764,
    12352,
    711,
    6568,
    752
  ],
  "ground_truth": [
    703
  ]
}