{
  "qid": 88306,
  "query": "Ban Chỉ đạo thống kê hình sự liên ngành cấp huyện gồm những ai? Trưởng ban Chỉ đạo là ai?",
  "metrics": {
    "mrr": 0.25,
    "map": 0.25,
    "p@1": 0.0,
    "r@1": 0.0,
    "ndcg@1": 0.0,
    "p@5": 0.2,
    "r@5": 1.0,
    "ndcg@5": 0.43067655807339306,
    "p@10": 0.1,
    "r@10": 1.0,
    "ndcg@10": 0.43067655807339306
  },
  "retrieved": [
    5664,
    5663,
    5652,
    5662,
    5654,
    5659,
    5651,
    5658,
    5653,
    5665
  ]
}