{
  "qid": 88366,
  "query": "Chủ tịch Ủy ban nhân dân cấp tỉnh có quyền xử phạt tổ chức sản xuất sản phẩm xử lý chất thải chăn nuôi trong thời gian bị đình chỉ sản xuất không?",
  "metrics": {
    "mrr": 0.09090909090909091,
    "map": 0.09090909090909091,
    "p@1": 0.0,
    "r@1": 0.0,
    "ndcg@1": 0.0,
    "p@5": 0.0,
    "r@5": 0.0,
    "ndcg@5": 0.0,
    "p@10": 0.0,
    "r@10": 0.0,
    "ndcg@10": 0.0,
    "p@15": 0.06666666666666667,
    "r@15": 1.0,
    "ndcg@15": 0.27894294565112987
  },
  "retrieved": [
    679,
    8481,
    8472,
    678,
    8471,
    685,
    14690,
    4898,
    8473,
    3512,
    4637,
    8468,
    9734,
    1212,
    13110
  ],
  "ground_truth": [
    4637
  ]
}