{
  "qid": 88473,
  "query": "Thuyết minh về hồ sơ thiết kế kiến trúc kỹ thuật là thuyết minh những nội dung gì?",
  "metrics": {
    "mrr": 0.2,
    "map": 0.2,
    "p@1": 0.0,
    "r@1": 0.0,
    "ndcg@1": 0.0,
    "p@5": 0.2,
    "r@5": 1.0,
    "ndcg@5": 0.38685280723454163,
    "p@10": 0.1,
    "r@10": 1.0,
    "ndcg@10": 0.38685280723454163
  },
  "retrieved": [
    3804,
    3805,
    3806,
    3803,
    3807,
    3813,
    456,
    3809,
    1774,
    457
  ]
}