{
  "qid": 88605,
  "query": "Trang phục đối với người được giao thực hiện nhiệm vụ thanh tra chuyên ngành được quy định thế nào?",
  "metrics": {
    "mrr": 0.3333333333333333,
    "map": 0.3333333333333333,
    "p@1": 0.0,
    "r@1": 0.0,
    "ndcg@1": 0.0,
    "p@5": 0.2,
    "r@5": 1.0,
    "ndcg@5": 0.5,
    "p@10": 0.1,
    "r@10": 1.0,
    "ndcg@10": 0.5
  },
  "retrieved": [
    7012,
    7001,
    7013,
    7003,
    13396,
    7002,
    7005,
    2078,
    7017,
    4268
  ]
}