{
  "qid": 88910,
  "query": "Mục đích của kế hoạch cấp nước an toàn là gì?",
  "metrics": {
    "mrr": 0.3333333333333333,
    "map": 0.3333333333333333,
    "p@1": 0.0,
    "r@1": 0.0,
    "ndcg@1": 0.0,
    "p@5": 0.2,
    "r@5": 1.0,
    "ndcg@5": 0.5,
    "p@10": 0.1,
    "r@10": 1.0,
    "ndcg@10": 0.5,
    "p@15": 0.06666666666666667,
    "r@15": 1.0,
    "ndcg@15": 0.5
  },
  "retrieved": [
    8146,
    8144,
    8141,
    8143,
    8145,
    8140,
    8147,
    8130,
    1990,
    8142,
    6353,
    4145,
    14556,
    9696,
    13050
  ],
  "ground_truth": [
    8141
  ]
}