{
  "qid": 88976,
  "query": "Có mấy phương thức trả thưởng trong đặt cược? Thời gian trả thưởng cho khách hàng trúng thưởng là bao lâu?",
  "metrics": {
    "mrr": 0.5,
    "map": 0.5,
    "p@1": 0.0,
    "r@1": 0.0,
    "ndcg@1": 0.0,
    "p@5": 0.2,
    "r@5": 1.0,
    "ndcg@5": 0.6309297535714575,
    "p@10": 0.1,
    "r@10": 1.0,
    "ndcg@10": 0.6309297535714575,
    "p@15": 0.06666666666666667,
    "r@15": 1.0,
    "ndcg@15": 0.6309297535714575
  },
  "retrieved": [
    6525,
    6483,
    3301,
    6465,
    6486,
    6474,
    6472,
    6470,
    6473,
    12841,
    6506,
    6518,
    3259,
    11033,
    6475
  ],
  "ground_truth": [
    6483
  ]
}