{
  "qid": 89014,
  "query": "Khi muốn đăng ký địa điểm kinh doanh của liên hiệp hợp tác xã thì thực hiện ở cơ quan nào?",
  "metrics": {
    "mrr": 0.5,
    "map": 0.5,
    "p@1": 0.0,
    "r@1": 0.0,
    "ndcg@1": 0.0,
    "p@5": 0.2,
    "r@5": 1.0,
    "ndcg@5": 0.6309297535714575,
    "p@10": 0.1,
    "r@10": 1.0,
    "ndcg@10": 0.6309297535714575
  },
  "retrieved": [
    3064,
    3059,
    3058,
    3066,
    3068,
    12078,
    3057,
    7794,
    7790,
    3067
  ]
}