{
  "qid": 89036,
  "query": "Tổ chức vận chuyển tiền mặt, tài sản quý, giấy tờ có giá trong ngành Ngân hàng có trách nhiệm gì?",
  "metrics": {
    "mrr": 0.08333333333333333,
    "map": 0.08333333333333333,
    "p@1": 0.0,
    "r@1": 0.0,
    "ndcg@1": 0.0,
    "p@5": 0.0,
    "r@5": 0.0,
    "ndcg@5": 0.0,
    "p@10": 0.0,
    "r@10": 0.0,
    "ndcg@10": 0.0,
    "p@15": 0.06666666666666667,
    "r@15": 1.0,
    "ndcg@15": 0.27023815442731974
  },
  "retrieved": [
    418,
    419,
    424,
    423,
    369,
    383,
    426,
    433,
    390,
    415,
    440,
    416,
    427,
    421,
    370
  ],
  "ground_truth": [
    416
  ]
}