{
  "qid": 89034,
  "query": "Quy trình vận chuyển tiền mặt, tài sản quý, giấy tờ có giá trong ngành Ngân hàng được pháp luật quy định như thế nào?",
  "metrics": {
    "mrr": 0.25,
    "map": 0.25,
    "p@1": 0.0,
    "r@1": 0.0,
    "ndcg@1": 0.0,
    "p@5": 0.2,
    "r@5": 1.0,
    "ndcg@5": 0.43067655807339306,
    "p@10": 0.1,
    "r@10": 1.0,
    "ndcg@10": 0.43067655807339306
  },
  "retrieved": [
    418,
    419,
    424,
    415,
    369,
    423,
    383,
    426,
    433,
    390
  ]
}