{
  "qid": 8912,
  "query": "Có những danh hiệu thi đua nào đối với tập thể trong ngành Ngoại giao?",
  "metrics": {
    "mrr": 0.5,
    "map": 0.5,
    "p@1": 0.0,
    "r@1": 0.0,
    "ndcg@1": 0.0,
    "p@5": 0.2,
    "r@5": 1.0,
    "ndcg@5": 0.6309297535714575,
    "p@10": 0.1,
    "r@10": 1.0,
    "ndcg@10": 0.6309297535714575
  },
  "retrieved": [
    5588,
    3476,
    5584,
    3478,
    5594,
    6295,
    3490,
    7851,
    7687,
    1335
  ]
}