{
  "qid": 89341,
  "query": "Thời hạn lưu trữ đối với chứng từ kế toán sử dụng và không sử dụng trực tiếp ghi sổ kế toán là bao nhiêu năm?",
  "metrics": {
    "mrr": 0.5,
    "map": 0.5,
    "p@1": 0.0,
    "r@1": 0.0,
    "ndcg@1": 0.0,
    "p@5": 0.2,
    "r@5": 1.0,
    "ndcg@5": 0.6309297535714575,
    "p@10": 0.1,
    "r@10": 1.0,
    "ndcg@10": 0.6309297535714575
  },
  "retrieved": [
    2870,
    2883,
    12083,
    5827,
    2860,
    2869,
    9147,
    2865,
    2862,
    2868
  ]
}