{
  "qid": 89691,
  "query": "Bộ Lao động Thương binh và Xã hội có trách nhiệm gì trong việc lựa chọn giáo trình đào tạo của trường cao đẳng nghề?",
  "metrics": {
    "mrr": 0.3333333333333333,
    "map": 0.3333333333333333,
    "p@1": 0.0,
    "r@1": 0.0,
    "ndcg@1": 0.0,
    "p@5": 0.2,
    "r@5": 1.0,
    "ndcg@5": 0.5,
    "p@10": 0.1,
    "r@10": 1.0,
    "ndcg@10": 0.5,
    "p@15": 0.06666666666666667,
    "r@15": 1.0,
    "ndcg@15": 0.5
  },
  "retrieved": [
    3348,
    3351,
    3350,
    1394,
    544,
    3931,
    495,
    9871,
    488,
    3347,
    3349,
    490,
    3919,
    8163,
    11532
  ],
  "ground_truth": [
    3350
  ]
}