{
  "qid": 89946,
  "query": "Bản án sơ thẩm vụ án hình sự của Tòa án không có kháng nghị thì có hiệu lực ngay không?",
  "metrics": {
    "mrr": 0.5,
    "map": 0.5,
    "p@1": 0.0,
    "r@1": 0.0,
    "ndcg@1": 0.0,
    "p@5": 0.2,
    "r@5": 1.0,
    "ndcg@5": 0.6309297535714575,
    "p@10": 0.1,
    "r@10": 1.0,
    "ndcg@10": 0.6309297535714575
  },
  "retrieved": [
    10504,
    10820,
    10838,
    10833,
    10879,
    10807,
    10832,
    10857,
    10814,
    10865
  ]
}