{
  "qid": 90390,
  "query": "Việc quản lý phí, lệ phí xác minh giấy tờ đi làm việc nước ngoài có thời hạn của các cơ quan, tổ chức được quy định ra sao?",
  "metrics": {
    "mrr": 0.09090909090909091,
    "map": 0.09090909090909091,
    "p@1": 0.0,
    "r@1": 0.0,
    "ndcg@1": 0.0,
    "p@5": 0.0,
    "r@5": 0.0,
    "ndcg@5": 0.0,
    "p@10": 0.0,
    "r@10": 0.0,
    "ndcg@10": 0.0,
    "p@15": 0.06666666666666667,
    "r@15": 1.0,
    "ndcg@15": 0.27894294565112987
  },
  "retrieved": [
    11062,
    8209,
    13969,
    8212,
    2313,
    13386,
    8207,
    8218,
    8219,
    11970,
    11066,
    8211,
    1494,
    2216,
    8213
  ],
  "ground_truth": [
    11066
  ]
}