{
  "qid": 90476,
  "query": "Kinh phí phục vụ công tác chuyển giao vật chứng để yêu cầu nước ngoài tiếp tục truy cứu trách nhiệm hình sự do ai chi trả?",
  "metrics": {
    "mrr": 0.5,
    "map": 0.5,
    "p@1": 0.0,
    "r@1": 0.0,
    "ndcg@1": 0.0,
    "p@5": 0.2,
    "r@5": 1.0,
    "ndcg@5": 0.6309297535714575,
    "p@10": 0.1,
    "r@10": 1.0,
    "ndcg@10": 0.6309297535714575
  },
  "retrieved": [
    1910,
    1920,
    1915,
    1925,
    1909,
    1918,
    1921,
    1919,
    1908,
    1923
  ]
}