{
  "qid": 90475,
  "query": "Chuyển giao vật chứng để yêu cầu nước ngoài tiếp tục truy cứu trách nhiệm hình sự theo hình thức nào?",
  "metrics": {
    "mrr": 0.14285714285714285,
    "map": 0.14285714285714285,
    "p@1": 0.0,
    "r@1": 0.0,
    "ndcg@1": 0.0,
    "p@5": 0.0,
    "r@5": 0.0,
    "ndcg@5": 0.0,
    "p@10": 0.1,
    "r@10": 1.0,
    "ndcg@10": 0.3333333333333333,
    "p@15": 0.06666666666666667,
    "r@15": 1.0,
    "ndcg@15": 0.3333333333333333
  },
  "retrieved": [
    1910,
    1915,
    1925,
    1909,
    1918,
    1921,
    1919,
    1920,
    1908,
    1923,
    1916,
    7987,
    10966,
    1922,
    10567
  ],
  "ground_truth": [
    1919
  ]
}