{
  "qid": 90507,
  "query": "Khi tổ chức kỷ niệm ngày Truyền thống lực lượng Thanh niên xung phong cần đảm bảo những nguyên tắc gì?",
  "metrics": {
    "mrr": 0.5,
    "map": 0.5,
    "p@1": 0.0,
    "r@1": 0.0,
    "ndcg@1": 0.0,
    "p@5": 0.2,
    "r@5": 1.0,
    "ndcg@5": 0.6309297535714575,
    "p@10": 0.1,
    "r@10": 1.0,
    "ndcg@10": 0.6309297535714575,
    "p@15": 0.06666666666666667,
    "r@15": 1.0,
    "ndcg@15": 0.6309297535714575
  },
  "retrieved": [
    13729,
    13643,
    13648,
    13736,
    13725,
    13640,
    13655,
    13724,
    13722,
    13726,
    13730,
    13732,
    6662,
    13735,
    985
  ],
  "ground_truth": [
    13643
  ]
}