{
  "qid": 90611,
  "query": "Hồ sơ đăng ký thế chấp tàu bay bao gồm những gì?",
  "metrics": {
    "mrr": 0.16666666666666666,
    "map": 0.16666666666666666,
    "p@1": 0.0,
    "r@1": 0.0,
    "ndcg@1": 0.0,
    "p@5": 0.0,
    "r@5": 0.0,
    "ndcg@5": 0.0,
    "p@10": 0.1,
    "r@10": 1.0,
    "ndcg@10": 0.3562071871080222,
    "p@15": 0.06666666666666667,
    "r@15": 1.0,
    "ndcg@15": 0.3562071871080222
  },
  "retrieved": [
    11200,
    1280,
    1282,
    1285,
    13297,
    11194,
    1798,
    1799,
    13291,
    13293,
    13288,
    1790,
    8371,
    1793,
    7780
  ],
  "ground_truth": [
    11194
  ]
}