{
  "qid": 90698,
  "query": "Hướng dẫn viên khi hành nghề có phải mang theo giấy tờ phân công nhiệm vụ không?",
  "metrics": {
    "mrr": 0.07692307692307693,
    "map": 0.07692307692307693,
    "p@1": 0.0,
    "r@1": 0.0,
    "ndcg@1": 0.0,
    "p@5": 0.0,
    "r@5": 0.0,
    "ndcg@5": 0.0,
    "p@10": 0.0,
    "r@10": 0.0,
    "ndcg@10": 0.0,
    "p@15": 0.06666666666666667,
    "r@15": 1.0,
    "ndcg@15": 0.26264953503719357
  },
  "retrieved": [
    9807,
    9801,
    9805,
    9806,
    9803,
    9804,
    12361,
    12352,
    6626,
    1609,
    239,
    4521,
    9808,
    241,
    3812
  ],
  "ground_truth": [
    9808
  ]
}