{
  "qid": 90709,
  "query": "Viên chức được bổ nhiệm chức danh nghề nghiệp kỹ sư hạng 3 có hệ số lương viên chức loại mấy hiện nay?",
  "metrics": {
    "mrr": 0.06666666666666667,
    "map": 0.06666666666666667,
    "p@1": 0.0,
    "r@1": 0.0,
    "ndcg@1": 0.0,
    "p@5": 0.0,
    "r@5": 0.0,
    "ndcg@5": 0.0,
    "p@10": 0.0,
    "r@10": 0.0,
    "ndcg@10": 0.0,
    "p@15": 0.06666666666666667,
    "r@15": 1.0,
    "ndcg@15": 0.25
  },
  "retrieved": [
    14209,
    1536,
    14235,
    8457,
    6460,
    14236,
    14239,
    7785,
    3467,
    14270,
    6924,
    14269,
    13119,
    8458,
    8612
  ],
  "ground_truth": [
    8612
  ]
}