{
  "qid": 90715,
  "query": "Cơ sở khám chữa bệnh có những quyền hạn gì đối với bảo hiểm trách nhiệm trong khám chữa bệnh?",
  "metrics": {
    "mrr": 0.3333333333333333,
    "map": 0.3333333333333333,
    "p@1": 0.0,
    "r@1": 0.0,
    "ndcg@1": 0.0,
    "p@5": 0.2,
    "r@5": 1.0,
    "ndcg@5": 0.5,
    "p@10": 0.1,
    "r@10": 1.0,
    "ndcg@10": 0.5,
    "p@15": 0.06666666666666667,
    "r@15": 1.0,
    "ndcg@15": 0.5
  },
  "retrieved": [
    11082,
    11086,
    11085,
    11083,
    11088,
    11078,
    11089,
    11079,
    11081,
    11090,
    11087,
    11093,
    12360,
    12351,
    11091
  ],
  "ground_truth": [
    11085
  ]
}