{
  "qid": 90717,
  "query": "Kinh phí mua bảo hiểm trách nhiệm trong khám chữa bệnh được lấy từ đâu?",
  "metrics": {
    "mrr": 0.25,
    "map": 0.25,
    "p@1": 0.0,
    "r@1": 0.0,
    "ndcg@1": 0.0,
    "p@5": 0.2,
    "r@5": 1.0,
    "ndcg@5": 0.43067655807339306,
    "p@10": 0.1,
    "r@10": 1.0,
    "ndcg@10": 0.43067655807339306,
    "p@15": 0.06666666666666667,
    "r@15": 1.0,
    "ndcg@15": 0.43067655807339306
  },
  "retrieved": [
    11082,
    11085,
    11086,
    11087,
    11088,
    11083,
    8598,
    14794,
    11089,
    11079,
    11078,
    14048,
    11433,
    10465,
    11081
  ],
  "ground_truth": [
    11087
  ]
}