{
  "qid": 90868,
  "query": "Bộ Tài chính có các hình thức phát ngôn nào?",
  "metrics": {
    "mrr": 0.3333333333333333,
    "map": 0.3333333333333333,
    "p@1": 0.0,
    "r@1": 0.0,
    "ndcg@1": 0.0,
    "p@5": 0.2,
    "r@5": 1.0,
    "ndcg@5": 0.5,
    "p@10": 0.1,
    "r@10": 1.0,
    "ndcg@10": 0.5,
    "p@15": 0.06666666666666667,
    "r@15": 1.0,
    "ndcg@15": 0.5
  },
  "retrieved": [
    9735,
    9739,
    9736,
    9740,
    9738,
    1672,
    2636,
    6509,
    12085,
    13296,
    7409,
    2063,
    2873,
    366,
    3288
  ],
  "ground_truth": [
    9736
  ]
}