{
  "qid": 91044,
  "query": "Nhiệm vụ khoa học và công nghệ cấp quốc gia được giao trực tiếp cho cá nhân thực hiện cần đảm bảo những nguyên tắc gì?",
  "metrics": {
    "mrr": 0.16666666666666666,
    "map": 0.08333333333333333,
    "p@1": 0.0,
    "r@1": 0.0,
    "ndcg@1": 0.0,
    "p@5": 0.0,
    "r@5": 0.0,
    "ndcg@5": 0.0,
    "p@10": 0.1,
    "r@10": 0.5,
    "ndcg@10": 0.21840743681816419,
    "p@15": 0.06666666666666667,
    "r@15": 0.5,
    "ndcg@15": 0.21840743681816419
  },
  "retrieved": [
    8253,
    8670,
    8259,
    8657,
    8258,
    8656,
    8654,
    12802,
    13097,
    8231,
    8229,
    12805,
    12800,
    12796,
    12803
  ],
  "ground_truth": [
    8655,
    8656
  ]
}