{
  "qid": 91176,
  "query": "Phó hiệu trưởng kiêm chủ tịch công đoàn có được giảm định mức tiết dạy không?",
  "metrics": {
    "mrr": 0.25,
    "map": 0.125,
    "p@1": 0.0,
    "r@1": 0.0,
    "ndcg@1": 0.0,
    "p@5": 0.2,
    "r@5": 0.5,
    "ndcg@5": 0.2640681225725909,
    "p@10": 0.1,
    "r@10": 0.5,
    "ndcg@10": 0.2640681225725909,
    "p@15": 0.06666666666666667,
    "r@15": 0.5,
    "ndcg@15": 0.2640681225725909
  },
  "retrieved": [
    8502,
    8500,
    7148,
    8501,
    499,
    8499,
    513,
    7147,
    13061,
    4312,
    8473,
    8472,
    8471,
    8468,
    496
  ],
  "ground_truth": [
    8501,
    8503
  ]
}