{
  "qid": 91180,
  "query": "Việc phối hợp bảo vệ cưỡng chế trong thi hành án dân sự theo quy định phải bảo đảm các nguyên tắc nào?",
  "metrics": {
    "mrr": 0.07692307692307693,
    "map": 0.07692307692307693,
    "p@1": 0.0,
    "r@1": 0.0,
    "ndcg@1": 0.0,
    "p@5": 0.0,
    "r@5": 0.0,
    "ndcg@5": 0.0,
    "p@10": 0.0,
    "r@10": 0.0,
    "ndcg@10": 0.0,
    "p@15": 0.06666666666666667,
    "r@15": 1.0,
    "ndcg@15": 0.26264953503719357
  },
  "retrieved": [
    3029,
    3019,
    3027,
    3020,
    3024,
    3022,
    3025,
    853,
    3023,
    6795,
    819,
    2315,
    3021,
    946,
    6805
  ],
  "ground_truth": [
    3021
  ]
}