{
  "qid": 91181,
  "query": "Kế hoạch bảo vệ cưỡng chế thi hành án dân sự bao gồm những nội dung gì?",
  "metrics": {
    "mrr": 0.14285714285714285,
    "map": 0.14285714285714285,
    "p@1": 0.0,
    "r@1": 0.0,
    "ndcg@1": 0.0,
    "p@5": 0.0,
    "r@5": 0.0,
    "ndcg@5": 0.0,
    "p@10": 0.1,
    "r@10": 1.0,
    "ndcg@10": 0.3333333333333333
  },
  "retrieved": [
    3027,
    3022,
    3019,
    3020,
    3029,
    3024,
    3023,
    3025,
    2315,
    6795
  ]
}