{
  "qid": 91192,
  "query": "Bao lâu sẽ nhận được Giấy chứng nhận khai thác cảng hàng không, sân bay?",
  "metrics": {
    "mrr": 0.14285714285714285,
    "map": 0.14285714285714285,
    "p@1": 0.0,
    "r@1": 0.0,
    "ndcg@1": 0.0,
    "p@5": 0.0,
    "r@5": 0.0,
    "ndcg@5": 0.0,
    "p@10": 0.1,
    "r@10": 1.0,
    "ndcg@10": 0.3333333333333333,
    "p@15": 0.06666666666666667,
    "r@15": 1.0,
    "ndcg@15": 0.3333333333333333
  },
  "retrieved": [
    5924,
    5872,
    5923,
    5910,
    5879,
    5877,
    5926,
    5925,
    5915,
    5876,
    5912,
    5933,
    5911,
    5875,
    5927
  ],
  "ground_truth": [
    5926
  ]
}