{
  "qid": 91299,
  "query": "Có bắt buộc phải ghi chú thông tin về độ tuổi trên các loại sách dành cho trẻ em hay không?",
  "metrics": {
    "mrr": 0.5,
    "map": 0.5,
    "p@1": 0.0,
    "r@1": 0.0,
    "ndcg@1": 0.0,
    "p@5": 0.2,
    "r@5": 1.0,
    "ndcg@5": 0.6309297535714575,
    "p@10": 0.1,
    "r@10": 1.0,
    "ndcg@10": 0.6309297535714575,
    "p@15": 0.06666666666666667,
    "r@15": 1.0,
    "ndcg@15": 0.6309297535714575
  },
  "retrieved": [
    9907,
    9916,
    5175,
    9915,
    9919,
    3228,
    9908,
    9905,
    5170,
    9912,
    3233,
    3239,
    9914,
    3236,
    9923
  ],
  "ground_truth": [
    9916
  ]
}