{
  "qid": 91327,
  "query": "Ương dưỡng giống thủy sản bố mẹ không có Giấy chứng nhận cơ sở đủ điều kiện theo quy định thì tổ chức bị phạt bao nhiêu tiền?",
  "metrics": {
    "mrr": 0.07692307692307693,
    "map": 0.07692307692307693,
    "p@1": 0.0,
    "r@1": 0.0,
    "ndcg@1": 0.0,
    "p@5": 0.0,
    "r@5": 0.0,
    "ndcg@5": 0.0,
    "p@10": 0.0,
    "r@10": 0.0,
    "ndcg@10": 0.0,
    "p@15": 0.06666666666666667,
    "r@15": 1.0,
    "ndcg@15": 0.26264953503719357
  },
  "retrieved": [
    14180,
    14545,
    14905,
    2995,
    4604,
    12267,
    12265,
    11978,
    11100,
    14478,
    13900,
    14187,
    12022,
    11980,
    11981
  ],
  "ground_truth": [
    12022
  ]
}