{
  "qid": 91460,
  "query": "Đối với công ty trách nhiệm hữu hạn một thành viên mới thành lập thì sổ kế toán phải mở vào thời điểm nào?",
  "metrics": {
    "mrr": 0.25,
    "map": 0.25,
    "p@1": 0.0,
    "r@1": 0.0,
    "ndcg@1": 0.0,
    "p@5": 0.2,
    "r@5": 1.0,
    "ndcg@5": 0.43067655807339306,
    "p@10": 0.1,
    "r@10": 1.0,
    "ndcg@10": 0.43067655807339306,
    "p@15": 0.06666666666666667,
    "r@15": 1.0,
    "ndcg@15": 0.43067655807339306
  },
  "retrieved": [
    12083,
    2869,
    5827,
    2870,
    7410,
    901,
    2054,
    7353,
    5826,
    9147,
    5825,
    940,
    2868,
    2847,
    7343
  ],
  "ground_truth": [
    2870
  ]
}