{
  "qid": 91461,
  "query": "Sổ kế toán của công ty trách nhiệm hữu hạn một thành viên phải có các nội dung chủ yếu nào?",
  "metrics": {
    "mrr": 0.16666666666666666,
    "map": 0.16666666666666666,
    "p@1": 0.0,
    "r@1": 0.0,
    "ndcg@1": 0.0,
    "p@5": 0.0,
    "r@5": 0.0,
    "ndcg@5": 0.0,
    "p@10": 0.1,
    "r@10": 1.0,
    "ndcg@10": 0.3562071871080222,
    "p@15": 0.06666666666666667,
    "r@15": 1.0,
    "ndcg@15": 0.3562071871080222
  },
  "retrieved": [
    12083,
    2869,
    5827,
    2870,
    7353,
    2868,
    7410,
    901,
    2054,
    9147,
    5826,
    5825,
    2847,
    940,
    2053
  ],
  "ground_truth": [
    2868
  ]
}