{
  "qid": 91571,
  "query": "Những trường hợp nào theo quy định chưa được thực hiện quy trình bổ nhiệm lại công chức lãnh đạo?",
  "metrics": {
    "mrr": 0.5,
    "map": 0.5,
    "p@1": 0.0,
    "r@1": 0.0,
    "ndcg@1": 0.0,
    "p@5": 0.2,
    "r@5": 1.0,
    "ndcg@5": 0.6309297535714575,
    "p@10": 0.1,
    "r@10": 1.0,
    "ndcg@10": 0.6309297535714575
  },
  "retrieved": [
    2316,
    14256,
    2335,
    2357,
    2334,
    2030,
    2342,
    2358,
    2333,
    2360
  ]
}