{
  "qid": 91799,
  "query": "Điều kiện kinh doanh dịch vụ lữ hành quốc tế và dịch vụ lữ hành nội địa có giống nhau không?",
  "metrics": {
    "mrr": 0.5,
    "map": 0.5,
    "p@1": 0.0,
    "r@1": 0.0,
    "ndcg@1": 0.0,
    "p@5": 0.2,
    "r@5": 1.0,
    "ndcg@5": 0.6309297535714575,
    "p@10": 0.1,
    "r@10": 1.0,
    "ndcg@10": 0.6309297535714575
  },
  "retrieved": [
    9773,
    9774,
    9775,
    9779,
    9783,
    9778,
    6612,
    9777,
    9781,
    9782
  ]
}