{
  "qid": 91933,
  "query": "16 mức chi phí quản lý trong thực hiện chính sách, chế độ ưu đãi người có công với cách mạng?",
  "metrics": {
    "mrr": 0.08333333333333333,
    "map": 0.08333333333333333,
    "p@1": 0.0,
    "r@1": 0.0,
    "ndcg@1": 0.0,
    "p@5": 0.0,
    "r@5": 0.0,
    "ndcg@5": 0.0,
    "p@10": 0.0,
    "r@10": 0.0,
    "ndcg@10": 0.0,
    "p@15": 0.06666666666666667,
    "r@15": 1.0,
    "ndcg@15": 0.27023815442731974
  },
  "retrieved": [
    13388,
    11040,
    1216,
    13529,
    9348,
    6075,
    3787,
    2574,
    13541,
    9351,
    11326,
    11052,
    11057,
    9353,
    14394
  ],
  "ground_truth": [
    11052
  ]
}