{
  "qid": 92035,
  "query": "Giáo viên trung học cơ sở hạng II có cần phải được công nhận danh hiệu chiến sĩ thi đua hay không?",
  "metrics": {
    "mrr": 0.3333333333333333,
    "map": 0.3333333333333333,
    "p@1": 0.0,
    "r@1": 0.0,
    "ndcg@1": 0.0,
    "p@5": 0.2,
    "r@5": 1.0,
    "ndcg@5": 0.5,
    "p@10": 0.1,
    "r@10": 1.0,
    "ndcg@10": 0.5,
    "p@15": 0.06666666666666667,
    "r@15": 1.0,
    "ndcg@15": 0.5
  },
  "retrieved": [
    3847,
    3852,
    1533,
    8748,
    1534,
    7688,
    1145,
    1144,
    10027,
    1538,
    3875,
    8862,
    1530,
    8845,
    2820
  ],
  "ground_truth": [
    1533
  ]
}