{
  "qid": 92262,
  "query": "Sau khi kết thúc kiểm tra thì Sỹ quan kiểm tra nhà nước cảng biển cập nhật biên bản kiểm tra ở đâu?",
  "metrics": {
    "mrr": 0.1111111111111111,
    "map": 0.1111111111111111,
    "p@1": 0.0,
    "r@1": 0.0,
    "ndcg@1": 0.0,
    "p@5": 0.0,
    "r@5": 0.0,
    "ndcg@5": 0.0,
    "p@10": 0.1,
    "r@10": 1.0,
    "ndcg@10": 0.3010299956639812,
    "p@15": 0.06666666666666667,
    "r@15": 1.0,
    "ndcg@15": 0.3010299956639812
  },
  "retrieved": [
    7666,
    7663,
    7669,
    7672,
    7667,
    7673,
    7677,
    7674,
    7675,
    7670,
    8375,
    5865,
    469,
    8900,
    7662
  ],
  "ground_truth": [
    7675
  ]
}