{
  "qid": 92521,
  "query": "Trường hợp nào trả tự do cho người bị tạm giữ, tạm giam?",
  "metrics": {
    "mrr": 0.08333333333333333,
    "map": 0.08333333333333333,
    "p@1": 0.0,
    "r@1": 0.0,
    "ndcg@1": 0.0,
    "p@5": 0.0,
    "r@5": 0.0,
    "ndcg@5": 0.0,
    "p@10": 0.0,
    "r@10": 0.0,
    "ndcg@10": 0.0,
    "p@15": 0.06666666666666667,
    "r@15": 1.0,
    "ndcg@15": 0.27023815442731974
  },
  "retrieved": [
    10597,
    10824,
    1189,
    1177,
    1192,
    10595,
    1190,
    10946,
    1188,
    1185,
    1179,
    10649,
    10806,
    10594,
    1174
  ],
  "ground_truth": [
    10649
  ]
}