{
  "qid": 93017,
  "query": "Giáo viên THPT hạng 2 cũ khi chuyển sang hạng 2 mới muốn được chuyển xếp lương hệ số 4,0 thì cần đáp ứng điều kiện gì?",
  "metrics": {
    "mrr": 0.3333333333333333,
    "map": 0.26666666666666666,
    "p@1": 0.0,
    "r@1": 0.0,
    "ndcg@1": 0.0,
    "p@5": 0.2,
    "r@5": 0.5,
    "ndcg@5": 0.3065735963827292,
    "p@10": 0.2,
    "r@10": 1.0,
    "ndcg@10": 0.48381288316677695,
    "p@15": 0.13333333333333333,
    "r@15": 1.0,
    "ndcg@15": 0.48381288316677695
  },
  "retrieved": [
    7726,
    6460,
    1536,
    8457,
    7562,
    8612,
    7563,
    7561,
    7564,
    3852,
    1538,
    5970,
    1537,
    1530,
    3847
  ],
  "ground_truth": [
    3852,
    1536
  ]
}