{
  "qid": 93016,
  "query": "Bổ nhiệm vào chức danh nghề nghiệp giáo viên THPT hạng 2 như thế nào?",
  "metrics": {
    "mrr": 0.5,
    "map": 0.5,
    "p@1": 0.0,
    "r@1": 0.0,
    "ndcg@1": 0.0,
    "p@5": 0.2,
    "r@5": 1.0,
    "ndcg@5": 0.6309297535714575,
    "p@10": 0.1,
    "r@10": 1.0,
    "ndcg@10": 0.6309297535714575
  },
  "retrieved": [
    1534,
    3852,
    1535,
    2820,
    14235,
    14236,
    14209,
    12978,
    1538,
    14239
  ]
}