{
  "qid": 93046,
  "query": "Bộ hồ sơ bổ nhiệm phụ trách kế toán cần có những giấy tờ nào?",
  "metrics": {
    "mrr": 0.3333333333333333,
    "map": 0.3333333333333333,
    "p@1": 0.0,
    "r@1": 0.0,
    "ndcg@1": 0.0,
    "p@5": 0.2,
    "r@5": 1.0,
    "ndcg@5": 0.5,
    "p@10": 0.1,
    "r@10": 1.0,
    "ndcg@10": 0.5,
    "p@15": 0.06666666666666667,
    "r@15": 1.0,
    "ndcg@15": 0.5
  },
  "retrieved": [
    4393,
    4394,
    4395,
    4388,
    4398,
    4399,
    4391,
    9147,
    2891,
    4396,
    9146,
    2853,
    9145,
    4392,
    2847
  ],
  "ground_truth": [
    4395
  ]
}