{
  "qid": 93073,
  "query": "Thời gian chốt số liệu báo cáo tình hình lập và quản lý cơ sở dữ liệu công trình ngầm của đô thị của Sở Xây dựng và UBND cấp huyện là khi nào?",
  "metrics": {
    "mrr": 0.1111111111111111,
    "map": 0.1111111111111111,
    "p@1": 0.0,
    "r@1": 0.0,
    "ndcg@1": 0.0,
    "p@5": 0.0,
    "r@5": 0.0,
    "ndcg@5": 0.0,
    "p@10": 0.1,
    "r@10": 1.0,
    "ndcg@10": 0.3010299956639812,
    "p@15": 0.06666666666666667,
    "r@15": 1.0,
    "ndcg@15": 0.3010299956639812
  },
  "retrieved": [
    14994,
    2676,
    14993,
    2675,
    14992,
    1088,
    6921,
    7299,
    10116,
    1090,
    3613,
    7296,
    7300,
    1307,
    7295
  ],
  "ground_truth": [
    10116
  ]
}