{
  "qid": 93195,
  "query": "Chia tổ chức tôn giáo trực thuộc phải đáp ứng những điều kiện nào?",
  "metrics": {
    "mrr": 0.5,
    "map": 0.25,
    "p@1": 0.0,
    "r@1": 0.0,
    "ndcg@1": 0.0,
    "p@5": 0.2,
    "r@5": 0.5,
    "ndcg@5": 0.38685280723454163,
    "p@10": 0.1,
    "r@10": 0.5,
    "ndcg@10": 0.38685280723454163,
    "p@15": 0.06666666666666667,
    "r@15": 0.5,
    "ndcg@15": 0.38685280723454163
  },
  "retrieved": [
    2157,
    2158,
    2159,
    2161,
    2153,
    2160,
    2155,
    2137,
    4261,
    2132,
    2180,
    2173,
    2183,
    2174,
    2182
  ],
  "ground_truth": [
    2158,
    2135
  ]
}