{
  "qid": 93441,
  "query": "Tên bến thủy nội địa được đặt theo những nguyên tắc nào?",
  "metrics": {
    "mrr": 0.1111111111111111,
    "map": 0.1111111111111111,
    "p@1": 0.0,
    "r@1": 0.0,
    "ndcg@1": 0.0,
    "p@5": 0.0,
    "r@5": 0.0,
    "ndcg@5": 0.0,
    "p@10": 0.1,
    "r@10": 1.0,
    "ndcg@10": 0.3010299956639812,
    "p@15": 0.06666666666666667,
    "r@15": 1.0,
    "ndcg@15": 0.3010299956639812
  },
  "retrieved": [
    9067,
    9064,
    9068,
    9047,
    9109,
    9045,
    9062,
    9106,
    9061,
    9058,
    9108,
    9059,
    9063,
    9094,
    9048
  ],
  "ground_truth": [
    9061
  ]
}