{
  "qid": 93616,
  "query": "Mức lương chuyên gia tư vấn nước ngoài được xác định như thế nào theo quy định pháp luật?",
  "metrics": {
    "mrr": 0.3333333333333333,
    "map": 0.3333333333333333,
    "p@1": 0.0,
    "r@1": 0.0,
    "ndcg@1": 0.0,
    "p@5": 0.2,
    "r@5": 1.0,
    "ndcg@5": 0.5,
    "p@10": 0.1,
    "r@10": 1.0,
    "ndcg@10": 0.5,
    "p@15": 0.06666666666666667,
    "r@15": 1.0,
    "ndcg@15": 0.5
  },
  "retrieved": [
    7104,
    7103,
    13254,
    7097,
    8263,
    7098,
    7099,
    7101,
    8262,
    8671,
    6051,
    7096,
    7427,
    6784,
    7095
  ],
  "ground_truth": [
    13254
  ]
}