{
  "qid": 93832,
  "query": "Kể từ ngày tiếp nhận tố giác thì cơ quan có thẩm quyền tiếp nhận phải thông báo kết quả tiếp nhận đến cơ quan nào?",
  "metrics": {
    "mrr": 0.2,
    "map": 0.2,
    "p@1": 0.0,
    "r@1": 0.0,
    "ndcg@1": 0.0,
    "p@5": 0.2,
    "r@5": 1.0,
    "ndcg@5": 0.38685280723454163,
    "p@10": 0.1,
    "r@10": 1.0,
    "ndcg@10": 0.38685280723454163,
    "p@15": 0.06666666666666667,
    "r@15": 1.0,
    "ndcg@15": 0.38685280723454163
  },
  "retrieved": [
    994,
    10623,
    993,
    10622,
    1000,
    991,
    10534,
    987,
    990,
    998,
    10533,
    10573,
    995,
    8011,
    283
  ],
  "ground_truth": [
    1000
  ]
}