{
  "qid": 93890,
  "query": "Các loại hợp đồng làm việc của viên chức có những mẫu theo quy định như thế nào?",
  "metrics": {
    "mrr": 0.3333333333333333,
    "map": 0.3333333333333333,
    "p@1": 0.0,
    "r@1": 0.0,
    "ndcg@1": 0.0,
    "p@5": 0.2,
    "r@5": 1.0,
    "ndcg@5": 0.5,
    "p@10": 0.1,
    "r@10": 1.0,
    "ndcg@10": 0.5
  },
  "retrieved": [
    14264,
    14227,
    14226,
    14268,
    14267,
    7805,
    4238,
    7799,
    7816,
    14269
  ]
}