{
  "qid": 94166,
  "query": "Chủ tịch Ủy ban nhân dân cấp tỉnh có quyền xử phạt người chăn nuôi nông hộ tại khu vực không được phép chăn nuôi không?",
  "metrics": {
    "mrr": 0.16666666666666666,
    "map": 0.16666666666666666,
    "p@1": 0.0,
    "r@1": 0.0,
    "ndcg@1": 0.0,
    "p@5": 0.0,
    "r@5": 0.0,
    "ndcg@5": 0.0,
    "p@10": 0.1,
    "r@10": 1.0,
    "ndcg@10": 0.3562071871080222,
    "p@15": 0.06666666666666667,
    "r@15": 1.0,
    "ndcg@15": 0.3562071871080222
  },
  "retrieved": [
    8481,
    679,
    8472,
    8471,
    678,
    4637,
    14690,
    685,
    8473,
    4541,
    3512,
    8468,
    4898,
    13110,
    9734
  ],
  "ground_truth": [
    4637
  ]
}