{
  "qid": 94322,
  "query": "Hành vi che, dán biển số xe ô tô để trốn tránh phạt nguội sẽ bị xử lý như thế nào?",
  "metrics": {
    "mrr": 0.07142857142857142,
    "map": 0.07142857142857142,
    "p@1": 0.0,
    "r@1": 0.0,
    "ndcg@1": 0.0,
    "p@5": 0.0,
    "r@5": 0.0,
    "ndcg@5": 0.0,
    "p@10": 0.0,
    "r@10": 0.0,
    "ndcg@10": 0.0,
    "p@15": 0.06666666666666667,
    "r@15": 1.0,
    "ndcg@15": 0.2559580248098155
  },
  "retrieved": [
    4449,
    4471,
    4465,
    4451,
    4458,
    4457,
    4464,
    4462,
    4472,
    4461,
    4456,
    4459,
    10333,
    10314,
    13139
  ],
  "ground_truth": [
    10314
  ]
}