{
  "qid": 94379,
  "query": "Mở sổ, ghi sổ, khóa sổ và lưu trữ sổ kế toán của doanh nghiệp siêu nhỏ phải tuân thủ những nguyên tắc nào?",
  "metrics": {
    "mrr": 0.3333333333333333,
    "map": 0.3333333333333333,
    "p@1": 0.0,
    "r@1": 0.0,
    "ndcg@1": 0.0,
    "p@5": 0.2,
    "r@5": 1.0,
    "ndcg@5": 0.5,
    "p@10": 0.1,
    "r@10": 1.0,
    "ndcg@10": 0.5,
    "p@15": 0.06666666666666667,
    "r@15": 1.0,
    "ndcg@15": 0.5
  },
  "retrieved": [
    5827,
    12083,
    2870,
    9147,
    5826,
    2868,
    1632,
    2869,
    5869,
    2883,
    5825,
    2847,
    2871,
    2885,
    2890
  ],
  "ground_truth": [
    2870
  ]
}