{
  "qid": 94412,
  "query": "Nguyên tắc mở sổ, ghi sổ, khóa sổ và lưu trữ sổ kế toán là gì?",
  "metrics": {
    "mrr": 0.5,
    "map": 0.5,
    "p@1": 0.0,
    "r@1": 0.0,
    "ndcg@1": 0.0,
    "p@5": 0.2,
    "r@5": 1.0,
    "ndcg@5": 0.6309297535714575,
    "p@10": 0.1,
    "r@10": 1.0,
    "ndcg@10": 0.6309297535714575,
    "p@15": 0.06666666666666667,
    "r@15": 1.0,
    "ndcg@15": 0.6309297535714575
  },
  "retrieved": [
    5827,
    2870,
    12083,
    9147,
    2868,
    5826,
    2869,
    2883,
    1632,
    5869,
    2847,
    5825,
    2885,
    2890,
    2851
  ],
  "ground_truth": [
    2870
  ]
}