{
  "qid": 945,
  "query": "Căn cứ để ghi sổ kế toán có phải sử dụng số liệu của chứng từ kế toán không?",
  "metrics": {
    "mrr": 0.25,
    "map": 0.25,
    "p@1": 0.0,
    "r@1": 0.0,
    "ndcg@1": 0.0,
    "p@5": 0.2,
    "r@5": 1.0,
    "ndcg@5": 0.43067655807339306,
    "p@10": 0.1,
    "r@10": 1.0,
    "ndcg@10": 0.43067655807339306,
    "p@15": 0.06666666666666667,
    "r@15": 1.0,
    "ndcg@15": 0.43067655807339306
  },
  "retrieved": [
    2870,
    12083,
    5827,
    2865,
    2869,
    2860,
    9147,
    2862,
    2848,
    2847,
    2868,
    2849,
    2871,
    2863,
    5825
  ],
  "ground_truth": [
    2865
  ]
}