{
  "qid": 94784,
  "query": "Trong công tác bảo trì công trình xây dựng thì trường hợp nào phải thực hiện kiểm định chất lượng công trình?",
  "metrics": {
    "mrr": 0.16666666666666666,
    "map": 0.16666666666666666,
    "p@1": 0.0,
    "r@1": 0.0,
    "ndcg@1": 0.0,
    "p@5": 0.0,
    "r@5": 0.0,
    "ndcg@5": 0.0,
    "p@10": 0.1,
    "r@10": 1.0,
    "ndcg@10": 0.3562071871080222,
    "p@15": 0.06666666666666667,
    "r@15": 1.0,
    "ndcg@15": 0.3562071871080222
  },
  "retrieved": [
    6899,
    6874,
    6870,
    6903,
    6900,
    6902,
    5736,
    6901,
    3418,
    3414,
    6871,
    6904,
    3419,
    6775,
    6774
  ],
  "ground_truth": [
    6902
  ]
}