{
  "qid": 94923,
  "query": "Cơ sở giáo dục thực hiện giáo dục hòa nhập đối với người khuyết tật có những nhiệm vụ gì?",
  "metrics": {
    "mrr": 0.3333333333333333,
    "map": 0.3333333333333333,
    "p@1": 0.0,
    "r@1": 0.0,
    "ndcg@1": 0.0,
    "p@5": 0.2,
    "r@5": 1.0,
    "ndcg@5": 0.5,
    "p@10": 0.1,
    "r@10": 1.0,
    "ndcg@10": 0.5,
    "p@15": 0.06666666666666667,
    "r@15": 1.0,
    "ndcg@15": 0.5
  },
  "retrieved": [
    3432,
    3427,
    3431,
    3437,
    3433,
    3444,
    3443,
    3446,
    3430,
    3428,
    3442,
    3445,
    3435,
    3440,
    3439
  ],
  "ground_truth": [
    3431
  ]
}