{
  "qid": 95023,
  "query": "Người chưa đủ tuổi quy định nhưng uống rượu bia bị xử phạt như thế nào?",
  "metrics": {
    "mrr": 1.0,
    "map": 0.5,
    "p@1": 1.0,
    "r@1": 0.5,
    "ndcg@1": 1.0,
    "p@5": 0.2,
    "r@5": 0.5,
    "ndcg@5": 0.6131471927654584,
    "p@10": 0.1,
    "r@10": 0.5,
    "ndcg@10": 0.6131471927654584,
    "p@15": 0.06666666666666667,
    "r@15": 0.5,
    "ndcg@15": 0.6131471927654584
  },
  "retrieved": [
    14571,
    11467,
    8089,
    5098,
    11129,
    10936,
    14575,
    10376,
    3289,
    6512,
    1832,
    3290,
    14809,
    11132,
    11822
  ],
  "ground_truth": [
    14571,
    14572
  ]
}