{
  "qid": 95320,
  "query": "Thủ tục thu hồi Chứng chỉ hành nghề đấu giá được thực hiện như thế nào?",
  "metrics": {
    "mrr": 0.5,
    "map": 0.5,
    "p@1": 0.0,
    "r@1": 0.0,
    "ndcg@1": 0.0,
    "p@5": 0.2,
    "r@5": 1.0,
    "ndcg@5": 0.6309297535714575,
    "p@10": 0.1,
    "r@10": 1.0,
    "ndcg@10": 0.6309297535714575,
    "p@15": 0.06666666666666667,
    "r@15": 1.0,
    "ndcg@15": 0.6309297535714575
  },
  "retrieved": [
    704,
    703,
    701,
    6589,
    12352,
    700,
    706,
    765,
    3812,
    235,
    239,
    727,
    240,
    6565,
    242
  ],
  "ground_truth": [
    703
  ]
}