{
  "qid": 95412,
  "query": "Hiệu lực của giấy chứng nhận xuất xứ hàng hóa là bao lâu?",
  "metrics": {
    "mrr": 0.1,
    "map": 0.1,
    "p@1": 0.0,
    "r@1": 0.0,
    "ndcg@1": 0.0,
    "p@5": 0.0,
    "r@5": 0.0,
    "ndcg@5": 0.0,
    "p@10": 0.1,
    "r@10": 1.0,
    "ndcg@10": 0.2890648263178879,
    "p@15": 0.06666666666666667,
    "r@15": 1.0,
    "ndcg@15": 0.2890648263178879
  },
  "retrieved": [
    5255,
    5518,
    2776,
    5520,
    5257,
    5517,
    2787,
    5258,
    2779,
    2800,
    2798,
    2806,
    2801,
    2793,
    5256
  ],
  "ground_truth": [
    2800
  ]
}