{
  "qid": 95658,
  "query": "Mục đích của việc ghi sổ kế toán là gì?",
  "metrics": {
    "mrr": 0.16666666666666666,
    "map": 0.16666666666666666,
    "p@1": 0.0,
    "r@1": 0.0,
    "ndcg@1": 0.0,
    "p@5": 0.0,
    "r@5": 0.0,
    "ndcg@5": 0.0,
    "p@10": 0.1,
    "r@10": 1.0,
    "ndcg@10": 0.3562071871080222,
    "p@15": 0.06666666666666667,
    "r@15": 1.0,
    "ndcg@15": 0.3562071871080222
  },
  "retrieved": [
    2870,
    12083,
    5827,
    2869,
    2871,
    2868,
    5826,
    5825,
    9147,
    2847,
    2885,
    2851,
    2883,
    2901,
    2853
  ],
  "ground_truth": [
    2868
  ]
}