{
  "qid": 95783,
  "query": "Phụ cấp độc hại nguy hiểm đối với các đối tượng làm việc trong lĩnh vực phát thanh, truyền hình được tính như thế nào?",
  "metrics": {
    "mrr": 0.5,
    "map": 0.5,
    "p@1": 0.0,
    "r@1": 0.0,
    "ndcg@1": 0.0,
    "p@5": 0.2,
    "r@5": 1.0,
    "ndcg@5": 0.6309297535714575,
    "p@10": 0.1,
    "r@10": 1.0,
    "ndcg@10": 0.6309297535714575,
    "p@15": 0.06666666666666667,
    "r@15": 1.0,
    "ndcg@15": 0.6309297535714575
  },
  "retrieved": [
    8059,
    8066,
    6371,
    13846,
    6368,
    6376,
    6370,
    6369,
    6386,
    6391,
    6373,
    6390,
    4038,
    6393,
    6374
  ],
  "ground_truth": [
    8066
  ]
}