{
  "qid": 95879,
  "query": "Thủ tục bổ nhiệm thừa phát lại được thực hiện như thế nào?",
  "metrics": {
    "mrr": 0.2,
    "map": 0.2,
    "p@1": 0.0,
    "r@1": 0.0,
    "ndcg@1": 0.0,
    "p@5": 0.2,
    "r@5": 1.0,
    "ndcg@5": 0.38685280723454163,
    "p@10": 0.1,
    "r@10": 1.0,
    "ndcg@10": 0.38685280723454163,
    "p@15": 0.06666666666666667,
    "r@15": 1.0,
    "ndcg@15": 0.38685280723454163
  },
  "retrieved": [
    8940,
    8992,
    8927,
    5830,
    8936,
    8931,
    8943,
    5829,
    8942,
    8987,
    8941,
    8951,
    9409,
    9426,
    5845
  ],
  "ground_truth": [
    8936
  ]
}