{
  "qid": 95967,
  "query": "Tiêu chuẩn để trở thành Chánh Thanh tra tỉnh là gì?",
  "metrics": {
    "mrr": 0.2,
    "map": 0.2,
    "p@1": 0.0,
    "r@1": 0.0,
    "ndcg@1": 0.0,
    "p@5": 0.2,
    "r@5": 1.0,
    "ndcg@5": 0.38685280723454163,
    "p@10": 0.1,
    "r@10": 1.0,
    "ndcg@10": 0.38685280723454163,
    "p@15": 0.06666666666666667,
    "r@15": 1.0,
    "ndcg@15": 0.38685280723454163
  },
  "retrieved": [
    3100,
    9401,
    9400,
    3105,
    9232,
    9402,
    3101,
    7015,
    185,
    184,
    4956,
    3034,
    7035,
    7031,
    7030
  ],
  "ground_truth": [
    9232
  ]
}