{
  "qid": 96239,
  "query": "Đối tượng phục vụ của cơ sở trợ giúp xã hội bao gồm những đối tượng nào?",
  "metrics": {
    "mrr": 0.3333333333333333,
    "map": 0.3333333333333333,
    "p@1": 0.0,
    "r@1": 0.0,
    "ndcg@1": 0.0,
    "p@5": 0.2,
    "r@5": 1.0,
    "ndcg@5": 0.5,
    "p@10": 0.1,
    "r@10": 1.0,
    "ndcg@10": 0.5,
    "p@15": 0.06666666666666667,
    "r@15": 1.0,
    "ndcg@15": 0.5
  },
  "retrieved": [
    2692,
    2686,
    2687,
    2693,
    2698,
    2688,
    7131,
    2691,
    2697,
    2696,
    2694,
    2689,
    2690,
    7471,
    2695
  ],
  "ground_truth": [
    2687
  ]
}