{
  "qid": 96491,
  "query": "Có thay đổi người quản lý địa điểm kinh doanh dịch vụ trò chơi điện tử có thưởng mà không thông báo bị xử phạt thế nào?",
  "metrics": {
    "mrr": 0.07692307692307693,
    "map": 0.07692307692307693,
    "p@1": 0.0,
    "r@1": 0.0,
    "ndcg@1": 0.0,
    "p@5": 0.0,
    "r@5": 0.0,
    "ndcg@5": 0.0,
    "p@10": 0.0,
    "r@10": 0.0,
    "ndcg@10": 0.0,
    "p@15": 0.06666666666666667,
    "r@15": 1.0,
    "ndcg@15": 0.26264953503719357
  },
  "retrieved": [
    7945,
    3256,
    3248,
    7949,
    3255,
    7944,
    7953,
    3262,
    7950,
    3263,
    11319,
    7952,
    3292,
    3301,
    7947
  ],
  "ground_truth": [
    3292
  ]
}