{
  "qid": 96497,
  "query": "Người trúng đấu giá từ chối ký biên bản đấu giá tài sản thì xử lý như thế nào?",
  "metrics": {
    "mrr": 0.5,
    "map": 0.5,
    "p@1": 0.0,
    "r@1": 0.0,
    "ndcg@1": 0.0,
    "p@5": 0.4,
    "r@5": 1.0,
    "ndcg@5": 0.6509209298071326,
    "p@10": 0.2,
    "r@10": 1.0,
    "ndcg@10": 0.6509209298071326,
    "p@15": 0.13333333333333333,
    "r@15": 1.0,
    "ndcg@15": 0.6509209298071326
  },
  "retrieved": [
    733,
    731,
    738,
    735,
    759,
    732,
    689,
    739,
    693,
    720,
    726,
    694,
    734,
    740,
    743
  ],
  "ground_truth": [
    735,
    731
  ]
}