{
  "qid": 96502,
  "query": "Hồ sơ đề nghị cấp Giấy phép đưa thi hài của công dân Việt Nam chết ở nước ngoài về nước gồm những gì?",
  "metrics": {
    "mrr": 0.5,
    "map": 0.5,
    "p@1": 0.0,
    "r@1": 0.0,
    "ndcg@1": 0.0,
    "p@5": 0.2,
    "r@5": 1.0,
    "ndcg@5": 0.6309297535714575,
    "p@10": 0.1,
    "r@10": 1.0,
    "ndcg@10": 0.6309297535714575,
    "p@15": 0.06666666666666667,
    "r@15": 1.0,
    "ndcg@15": 0.6309297535714575
  },
  "retrieved": [
    114,
    118,
    117,
    12638,
    119,
    4859,
    1784,
    11898,
    113,
    4053,
    10968,
    6030,
    115,
    2259,
    12643
  ],
  "ground_truth": [
    118
  ]
}