{
  "qid": 96500,
  "query": "Đăng ký khai sinh, đăng ký thường trú và cấp thẻ bảo hiểm y tế cho trẻ sơ sinh bao lâu thì hoàn tất?",
  "metrics": {
    "mrr": 0.3333333333333333,
    "map": 0.3333333333333333,
    "p@1": 0.0,
    "r@1": 0.0,
    "ndcg@1": 0.0,
    "p@5": 0.2,
    "r@5": 1.0,
    "ndcg@5": 0.5,
    "p@10": 0.1,
    "r@10": 1.0,
    "ndcg@10": 0.5,
    "p@15": 0.06666666666666667,
    "r@15": 1.0,
    "ndcg@15": 0.5
  },
  "retrieved": [
    5137,
    5131,
    5140,
    2262,
    5136,
    3130,
    4563,
    9578,
    9575,
    5133,
    5132,
    9577,
    4562,
    14622,
    4572
  ],
  "ground_truth": [
    5140
  ]
}