{
  "qid": 96635,
  "query": "Quá trình tiếp nhận phương tiện bị tạm giữ được quy định như thế nào?",
  "metrics": {
    "mrr": 0.2,
    "map": 0.2,
    "p@1": 0.0,
    "r@1": 0.0,
    "ndcg@1": 0.0,
    "p@5": 0.2,
    "r@5": 1.0,
    "ndcg@5": 0.38685280723454163,
    "p@10": 0.1,
    "r@10": 1.0,
    "ndcg@10": 0.38685280723454163,
    "p@15": 0.06666666666666667,
    "r@15": 1.0,
    "ndcg@15": 0.38685280723454163
  },
  "retrieved": [
    14020,
    14027,
    14022,
    10594,
    14026,
    14021,
    14017,
    14019,
    14028,
    14030,
    778,
    10595,
    1177,
    14024,
    14025
  ],
  "ground_truth": [
    14026
  ]
}