{
  "qid": 96709,
  "query": "Tố giác, tin báo về tội phạm, kiến nghị khởi tố được quy định như thế nào?",
  "metrics": {
    "mrr": 0.1,
    "map": 0.1,
    "p@1": 0.0,
    "r@1": 0.0,
    "ndcg@1": 0.0,
    "p@5": 0.0,
    "r@5": 0.0,
    "ndcg@5": 0.0,
    "p@10": 0.1,
    "r@10": 1.0,
    "ndcg@10": 0.2890648263178879,
    "p@15": 0.06666666666666667,
    "r@15": 1.0,
    "ndcg@15": 0.2890648263178879
  },
  "retrieved": [
    990,
    10622,
    1000,
    10533,
    989,
    10626,
    995,
    10623,
    10624,
    10621,
    10573,
    987,
    993,
    994,
    996
  ],
  "ground_truth": [
    10621
  ]
}