{
  "qid": 96998,
  "query": "Giáo trình đại học được quy định thế nào?",
  "metrics": {
    "mrr": 0.3333333333333333,
    "map": 0.3333333333333333,
    "p@1": 0.0,
    "r@1": 0.0,
    "ndcg@1": 0.0,
    "p@5": 0.2,
    "r@5": 1.0,
    "ndcg@5": 0.5,
    "p@10": 0.1,
    "r@10": 1.0,
    "ndcg@10": 0.5
  },
  "retrieved": [
    3919,
    3927,
    3922,
    3920,
    3931,
    3930,
    3923,
    3349,
    3924,
    3925
  ]
}