{
  "qid": 97246,
  "query": "Sản phẩm an toàn thông tin mạng gồm những sản phẩm gì?",
  "metrics": {
    "mrr": 0.1111111111111111,
    "map": 0.1111111111111111,
    "p@1": 0.0,
    "r@1": 0.0,
    "ndcg@1": 0.0,
    "p@5": 0.0,
    "r@5": 0.0,
    "ndcg@5": 0.0,
    "p@10": 0.1,
    "r@10": 1.0,
    "ndcg@10": 0.3010299956639812,
    "p@15": 0.06666666666666667,
    "r@15": 1.0,
    "ndcg@15": 0.3010299956639812
  },
  "retrieved": [
    12148,
    12146,
    12149,
    12145,
    12156,
    12155,
    12150,
    12151,
    12147,
    10219,
    10213,
    14195,
    6599,
    3400,
    5347
  ],
  "ground_truth": [
    12147
  ]
}