{
  "qid": 97401,
  "query": "Thừa phát lại được pháp luật quy định như thế nào?",
  "metrics": {
    "mrr": 0.09090909090909091,
    "map": 0.09090909090909091,
    "p@1": 0.0,
    "r@1": 0.0,
    "ndcg@1": 0.0,
    "p@5": 0.0,
    "r@5": 0.0,
    "ndcg@5": 0.0,
    "p@10": 0.0,
    "r@10": 0.0,
    "ndcg@10": 0.0,
    "p@15": 0.06666666666666667,
    "r@15": 1.0,
    "ndcg@15": 0.27894294565112987
  },
  "retrieved": [
    9410,
    5863,
    8948,
    8994,
    8944,
    3652,
    8947,
    14909,
    3832,
    8973,
    8928,
    3968,
    3698,
    12305,
    3651
  ],
  "ground_truth": [
    8928
  ]
}