{
  "qid": 97575,
  "query": "Trẻ em được người nước ngoài nhận làm con nuôi muốn được hỗ trợ tìm hiểu thông tin về nguồn gốc của mình thì liên hệ với cơ quan nào?",
  "metrics": {
    "mrr": 0.3333333333333333,
    "map": 0.3333333333333333,
    "p@1": 0.0,
    "r@1": 0.0,
    "ndcg@1": 0.0,
    "p@5": 0.2,
    "r@5": 1.0,
    "ndcg@5": 0.5,
    "p@10": 0.1,
    "r@10": 1.0,
    "ndcg@10": 0.5
  },
  "retrieved": [
    3237,
    3232,
    3234,
    13970,
    3233,
    3227,
    3230,
    3226,
    3239,
    3245
  ]
}