{
  "qid": 97604,
  "query": "Kiến nghị khởi tố vụ án hình sự được phục hồi giải quyết khi nào?",
  "metrics": {
    "mrr": 0.08333333333333333,
    "map": 0.08333333333333333,
    "p@1": 0.0,
    "r@1": 0.0,
    "ndcg@1": 0.0,
    "p@5": 0.0,
    "r@5": 0.0,
    "ndcg@5": 0.0,
    "p@10": 0.0,
    "r@10": 0.0,
    "ndcg@10": 0.0,
    "p@15": 0.06666666666666667,
    "r@15": 1.0,
    "ndcg@15": 0.27023815442731974
  },
  "retrieved": [
    3569,
    10635,
    10638,
    10726,
    10630,
    10507,
    10631,
    10633,
    3571,
    989,
    992,
    10626,
    10760,
    10636,
    3567
  ],
  "ground_truth": [
    10626
  ]
}