{
  "qid": 97658,
  "query": "Không được khởi tố vụ án hình sự trong những trường hợp nào?",
  "metrics": {
    "mrr": 0.1,
    "map": 0.1,
    "p@1": 0.0,
    "r@1": 0.0,
    "ndcg@1": 0.0,
    "p@5": 0.0,
    "r@5": 0.0,
    "ndcg@5": 0.0,
    "p@10": 0.1,
    "r@10": 1.0,
    "ndcg@10": 0.2890648263178879,
    "p@15": 0.06666666666666667,
    "r@15": 1.0,
    "ndcg@15": 0.2890648263178879
  },
  "retrieved": [
    10638,
    10635,
    10631,
    10633,
    10630,
    3569,
    10900,
    10507,
    10632,
    10634,
    3571,
    12730,
    10641,
    10636,
    3567
  ],
  "ground_truth": [
    10634
  ]
}