{
  "qid": 9793,
  "query": "Bị can có quyền được nhận quyết định khởi tố bị can không?",
  "metrics": {
    "mrr": 0.3333333333333333,
    "map": 0.3333333333333333,
    "p@1": 0.0,
    "r@1": 0.0,
    "ndcg@1": 0.0,
    "p@5": 0.2,
    "r@5": 1.0,
    "ndcg@5": 0.5,
    "p@10": 0.1,
    "r@10": 1.0,
    "ndcg@10": 0.5,
    "p@15": 0.06666666666666667,
    "r@15": 1.0,
    "ndcg@15": 0.5
  },
  "retrieved": [
    10656,
    10901,
    10537,
    10708,
    10719,
    10660,
    10661,
    10659,
    10635,
    10518,
    10633,
    10638,
    10642,
    6679,
    6686
  ],
  "ground_truth": [
    10537
  ]
}