{
  "qid": 98010,
  "query": "Thành viên bù trừ có thể giao tài khoản ký quỹ bù trừ cho nhà đầu tư mở tài khoản tự quản lý tài sản ký quỹ bù trừ không?",
  "metrics": {
    "mrr": 0.14285714285714285,
    "map": 0.14285714285714285,
    "p@1": 0.0,
    "r@1": 0.0,
    "ndcg@1": 0.0,
    "p@5": 0.0,
    "r@5": 0.0,
    "ndcg@5": 0.0,
    "p@10": 0.1,
    "r@10": 1.0,
    "ndcg@10": 0.3333333333333333
  },
  "retrieved": [
    14974,
    14969,
    14970,
    14971,
    14972,
    14973,
    14975,
    14982,
    14368,
    14979
  ]
}