{
  "qid": 98013,
  "query": "Giấy chứng nhận đăng ký hoạt động tại cơ sở hỗ trợ nạn nhân bạo lực gia đình được cấp trong bao lâu?",
  "metrics": {
    "mrr": 0.5,
    "map": 0.5,
    "p@1": 0.0,
    "r@1": 0.0,
    "ndcg@1": 0.0,
    "p@5": 0.2,
    "r@5": 1.0,
    "ndcg@5": 0.6309297535714575,
    "p@10": 0.1,
    "r@10": 1.0,
    "ndcg@10": 0.6309297535714575
  },
  "retrieved": [
    8044,
    8042,
    1694,
    8043,
    1689,
    8046,
    1691,
    8035,
    8039,
    1692
  ]
}