{
  "qid": 98011,
  "query": "Người làm việc tại cơ sở hỗ trợ nạn nhân bạo lực gia đình phải được tập huấn như thế nào?",
  "metrics": {
    "mrr": 0.09090909090909091,
    "map": 0.09090909090909091,
    "p@1": 0.0,
    "r@1": 0.0,
    "ndcg@1": 0.0,
    "p@5": 0.0,
    "r@5": 0.0,
    "ndcg@5": 0.0,
    "p@10": 0.0,
    "r@10": 0.0,
    "ndcg@10": 0.0,
    "p@15": 0.06666666666666667,
    "r@15": 1.0,
    "ndcg@15": 0.27894294565112987
  },
  "retrieved": [
    1689,
    8035,
    1692,
    8042,
    8039,
    1693,
    1699,
    1688,
    8040,
    1698,
    8041,
    8045,
    8030,
    8034,
    8043
  ],
  "ground_truth": [
    8041
  ]
}