{
  "qid": 98083,
  "query": "Hồ sơ cấp chứng chỉ hành nghề đấu giá viên gồm có những gì?",
  "metrics": {
    "mrr": 0.16666666666666666,
    "map": 0.16666666666666666,
    "p@1": 0.0,
    "r@1": 0.0,
    "ndcg@1": 0.0,
    "p@5": 0.0,
    "r@5": 0.0,
    "ndcg@5": 0.0,
    "p@10": 0.1,
    "r@10": 1.0,
    "ndcg@10": 0.3562071871080222,
    "p@15": 0.06666666666666667,
    "r@15": 1.0,
    "ndcg@15": 0.3562071871080222
  },
  "retrieved": [
    6410,
    12352,
    12358,
    239,
    3812,
    701,
    238,
    705,
    708,
    6409,
    241,
    704,
    240,
    703,
    242
  ],
  "ground_truth": [
    701
  ]
}