{
  "qid": 98089,
  "query": "Mức xử phạt đối với cửa hàng bán đồ ăn nhanh vi phạm quy định về bảo quản thực phẩm là bao nhiêu?",
  "metrics": {
    "mrr": 0.3333333333333333,
    "map": 0.3333333333333333,
    "p@1": 0.0,
    "r@1": 0.0,
    "ndcg@1": 0.0,
    "p@5": 0.2,
    "r@5": 1.0,
    "ndcg@5": 0.5,
    "p@10": 0.1,
    "r@10": 1.0,
    "ndcg@10": 0.5,
    "p@15": 0.06666666666666667,
    "r@15": 1.0,
    "ndcg@15": 0.5
  },
  "retrieved": [
    14170,
    14171,
    14183,
    11467,
    14178,
    14188,
    14182,
    5098,
    14173,
    14179,
    14028,
    11129,
    14181,
    10936,
    14177
  ],
  "ground_truth": [
    14183
  ]
}