{
  "qid": 98110,
  "query": "Kích thước tiêu chuẩn của mã số sách tiêu chuẩn quốc tế được quy định như thế nào?",
  "metrics": {
    "mrr": 0.08333333333333333,
    "map": 0.08333333333333333,
    "p@1": 0.0,
    "r@1": 0.0,
    "ndcg@1": 0.0,
    "p@5": 0.0,
    "r@5": 0.0,
    "ndcg@5": 0.0,
    "p@10": 0.0,
    "r@10": 0.0,
    "ndcg@10": 0.0,
    "p@15": 0.06666666666666667,
    "r@15": 1.0,
    "ndcg@15": 0.27023815442731974
  },
  "retrieved": [
    5175,
    12432,
    5167,
    5173,
    5170,
    5176,
    1462,
    9657,
    1477,
    8735,
    5172,
    5174,
    396,
    5821,
    5177
  ],
  "ground_truth": [
    5174
  ]
}