{
  "qid": 98327,
  "query": "Giấy tờ, tài liệu nào liên quan đến lưu trữ trong tàng thư Căn cước công dân chín số?",
  "metrics": {
    "mrr": 0.06666666666666667,
    "map": 0.06666666666666667,
    "p@1": 0.0,
    "r@1": 0.0,
    "ndcg@1": 0.0,
    "p@5": 0.0,
    "r@5": 0.0,
    "ndcg@5": 0.0,
    "p@10": 0.0,
    "r@10": 0.0,
    "ndcg@10": 0.0,
    "p@15": 0.06666666666666667,
    "r@15": 1.0,
    "ndcg@15": 0.25
  },
  "retrieved": [
    12644,
    12630,
    12632,
    12642,
    12645,
    12637,
    12640,
    12639,
    12635,
    12631,
    12633,
    12643,
    12629,
    12646,
    12634
  ],
  "ground_truth": [
    12634
  ]
}