{
  "qid": 98328,
  "query": "Cơ quan nào có thẩm quyền quản lý tàng thư Căn cước công dân chín số?",
  "metrics": {
    "mrr": 0.1,
    "map": 0.1,
    "p@1": 0.0,
    "r@1": 0.0,
    "ndcg@1": 0.0,
    "p@5": 0.0,
    "r@5": 0.0,
    "ndcg@5": 0.0,
    "p@10": 0.1,
    "r@10": 1.0,
    "ndcg@10": 0.2890648263178879,
    "p@15": 0.06666666666666667,
    "r@15": 1.0,
    "ndcg@15": 0.2890648263178879
  },
  "retrieved": [
    12644,
    12645,
    12630,
    12632,
    12637,
    12640,
    12642,
    12639,
    12631,
    12633,
    12635,
    12629,
    12641,
    12643,
    12638
  ],
  "ground_truth": [
    12633
  ]
}