{
  "qid": 98592,
  "query": "Báo cáo kết quả thanh tra lại thanh tra chuyên ngành được quy định thế nào?",
  "metrics": {
    "mrr": 0.5,
    "map": 0.5,
    "p@1": 0.0,
    "r@1": 0.0,
    "ndcg@1": 0.0,
    "p@5": 0.2,
    "r@5": 1.0,
    "ndcg@5": 0.6309297535714575,
    "p@10": 0.1,
    "r@10": 1.0,
    "ndcg@10": 0.6309297535714575,
    "p@15": 0.06666666666666667,
    "r@15": 1.0,
    "ndcg@15": 0.6309297535714575
  },
  "retrieved": [
    7032,
    7025,
    4981,
    13391,
    4982,
    7016,
    7001,
    7043,
    7002,
    7017,
    7012,
    7003,
    7304,
    7307,
    7027
  ],
  "ground_truth": [
    7025
  ]
}