{
  "qid": 98642,
  "query": "Doanh nghiệp nhà nước có thuộc trong tổ chức Lực lượng chuyên trách bảo vệ rừng không?",
  "metrics": {
    "mrr": 0.5,
    "map": 0.5,
    "p@1": 0.0,
    "r@1": 0.0,
    "ndcg@1": 0.0,
    "p@5": 0.2,
    "r@5": 1.0,
    "ndcg@5": 0.6309297535714575,
    "p@10": 0.1,
    "r@10": 1.0,
    "ndcg@10": 0.6309297535714575,
    "p@15": 0.06666666666666667,
    "r@15": 1.0,
    "ndcg@15": 0.6309297535714575
  },
  "retrieved": [
    1220,
    1218,
    1205,
    1219,
    7049,
    1221,
    1217,
    1207,
    1222,
    1204,
    7047,
    6069,
    1208,
    7051,
    1206
  ],
  "ground_truth": [
    1218
  ]
}