{
  "qid": 98765,
  "query": "Xúi giục người học các cấp học phổ cập bỏ học thì có thể bị xử phạt vi phạm hành chính hay không?",
  "metrics": {
    "mrr": 1.0,
    "map": 0.5,
    "p@1": 1.0,
    "r@1": 0.5,
    "ndcg@1": 1.0,
    "p@5": 0.2,
    "r@5": 0.5,
    "ndcg@5": 0.6131471927654584,
    "p@10": 0.1,
    "r@10": 0.5,
    "ndcg@10": 0.6131471927654584,
    "p@15": 0.06666666666666667,
    "r@15": 0.5,
    "ndcg@15": 0.6131471927654584
  },
  "retrieved": [
    4630,
    11129,
    11467,
    12063,
    10936,
    11132,
    11131,
    4629,
    14850,
    788,
    6512,
    1002,
    10376,
    9844,
    9862
  ],
  "ground_truth": [
    4630,
    4604
  ]
}