{
  "qid": 98790,
  "query": "Điều kiện đăng ký dự tuyển viên chức hiện nay là gì? Đơn vị tuyển dụng có thể bổ sung thêm điều kiện khác không?",
  "metrics": {
    "mrr": 0.5,
    "map": 0.5,
    "p@1": 0.0,
    "r@1": 0.0,
    "ndcg@1": 0.0,
    "p@5": 0.2,
    "r@5": 1.0,
    "ndcg@5": 0.6309297535714575,
    "p@10": 0.1,
    "r@10": 1.0,
    "ndcg@10": 0.6309297535714575,
    "p@15": 0.06666666666666667,
    "r@15": 1.0,
    "ndcg@15": 0.6309297535714575
  },
  "retrieved": [
    14221,
    14212,
    14224,
    14223,
    14225,
    14211,
    14215,
    14218,
    4188,
    7799,
    7805,
    14274,
    14268,
    14222,
    2028
  ],
  "ground_truth": [
    14212
  ]
}