{
  "qid": 99388,
  "query": "Nguyên tắc điều trị cho trại viên nhiễm HIV/AIDS tại cơ sở giáo dục bắt buộc được quy định như thế nào?",
  "metrics": {
    "mrr": 0.1111111111111111,
    "map": 0.1111111111111111,
    "p@1": 0.0,
    "r@1": 0.0,
    "ndcg@1": 0.0,
    "p@5": 0.0,
    "r@5": 0.0,
    "ndcg@5": 0.0,
    "p@10": 0.1,
    "r@10": 1.0,
    "ndcg@10": 0.3010299956639812,
    "p@15": 0.06666666666666667,
    "r@15": 1.0,
    "ndcg@15": 0.3010299956639812
  },
  "retrieved": [
    1947,
    14562,
    1954,
    2765,
    2115,
    9217,
    9229,
    9228,
    2113,
    1964,
    9271,
    2112,
    9216,
    9221,
    2758
  ],
  "ground_truth": [
    2113
  ]
}