{
  "qid": 99555,
  "query": "Tốt nghiệp những chuyên ngành nào thì có thể trở đấu giá viên?",
  "metrics": {
    "mrr": 0.5,
    "map": 0.5,
    "p@1": 0.0,
    "r@1": 0.0,
    "ndcg@1": 0.0,
    "p@5": 0.2,
    "r@5": 1.0,
    "ndcg@5": 0.6309297535714575,
    "p@10": 0.1,
    "r@10": 1.0,
    "ndcg@10": 0.6309297535714575,
    "p@15": 0.06666666666666667,
    "r@15": 1.0,
    "ndcg@15": 0.6309297535714575
  },
  "retrieved": [
    708,
    697,
    9869,
    9868,
    6575,
    237,
    9852,
    9237,
    8932,
    3756,
    3739,
    3755,
    6619,
    705,
    9860
  ],
  "ground_truth": [
    697
  ]
}