{
  "qid": 99697,
  "query": "Việc bổ nhiệm viên chức vào chức danh nghề nghiệp viên chức sau kết thúc thời gian tập sự được quy định ra sao?",
  "metrics": {
    "mrr": 0.2,
    "map": 0.2,
    "p@1": 0.0,
    "r@1": 0.0,
    "ndcg@1": 0.0,
    "p@5": 0.2,
    "r@5": 1.0,
    "ndcg@5": 0.38685280723454163,
    "p@10": 0.1,
    "r@10": 1.0,
    "ndcg@10": 0.38685280723454163,
    "p@15": 0.06666666666666667,
    "r@15": 1.0,
    "ndcg@15": 0.38685280723454163
  },
  "retrieved": [
    14209,
    3467,
    14269,
    14271,
    14231,
    14210,
    14228,
    14268,
    14235,
    7785,
    8458,
    14270,
    14237,
    3466,
    14249
  ],
  "ground_truth": [
    14231
  ]
}