{
  "qid": 99863,
  "query": "Việc kiểm đếm số phiếu bầu cử cho từng người ứng cử ra sao?",
  "metrics": {
    "mrr": 0.5,
    "map": 0.5,
    "p@1": 0.0,
    "r@1": 0.0,
    "ndcg@1": 0.0,
    "p@5": 0.2,
    "r@5": 1.0,
    "ndcg@5": 0.6309297535714575,
    "p@10": 0.1,
    "r@10": 1.0,
    "ndcg@10": 0.6309297535714575,
    "p@15": 0.06666666666666667,
    "r@15": 1.0,
    "ndcg@15": 0.6309297535714575
  },
  "retrieved": [
    1550,
    1551,
    1543,
    1554,
    1549,
    1544,
    1547,
    1548,
    7630,
    1542,
    1552,
    1553,
    1555,
    380,
    1546
  ],
  "ground_truth": [
    1551
  ]
}