{
  "qid": 100149,
  "query": "Hồ sơ đề nghị bổ nhiệm lại Phó Tổng biên tập Báo Giáo dục và Thời đại thuộc Bộ GDĐT có cần bản tự kiểm điểm 3 năm công tác gần nhất không?",
  "metrics": {
    "mrr": 0.5,
    "map": 0.5,
    "p@1": 0.0,
    "r@1": 0.0,
    "ndcg@1": 0.0,
    "p@5": 0.2,
    "r@5": 1.0,
    "ndcg@5": 0.6309297535714575,
    "p@10": 0.1,
    "r@10": 1.0,
    "ndcg@10": 0.6309297535714575
  },
  "retrieved": [
    2339,
    14255,
    14253,
    2346,
    2352,
    2342,
    2345,
    14252,
    5641,
    2341
  ]
}