{
  "qid": 100174,
  "query": "Công chức thanh tra chuyên ngành tôn giáo tại Sở Nội vụ được bồi dưỡng kiến thức về tín ngưỡng, tôn giáo theo quy định nào?",
  "metrics": {
    "mrr": 0.25,
    "map": 0.25,
    "p@1": 0.0,
    "r@1": 0.0,
    "ndcg@1": 0.0,
    "p@5": 0.2,
    "r@5": 1.0,
    "ndcg@5": 0.43067655807339306,
    "p@10": 0.1,
    "r@10": 1.0,
    "ndcg@10": 0.43067655807339306
  },
  "retrieved": [
    4268,
    4262,
    4267,
    4272,
    4260,
    4261,
    4266,
    4263,
    4271,
    2190
  ]
}