{
  "qid": 100715,
  "query": "Trường hợp bị can trong vụ án hình sự phạm nhiều tội thì Viện kiểm sát có tiến hành nhập vụ án trong giai đoạn truy tố không?",
  "metrics": {
    "mrr": 0.25,
    "map": 0.25,
    "p@1": 0.0,
    "r@1": 0.0,
    "ndcg@1": 0.0,
    "p@5": 0.2,
    "r@5": 1.0,
    "ndcg@5": 0.43067655807339306,
    "p@10": 0.1,
    "r@10": 1.0,
    "ndcg@10": 0.43067655807339306
  },
  "retrieved": [
    6686,
    10647,
    10607,
    10719,
    10713,
    10602,
    10642,
    10918,
    7984,
    10726
  ]
}