{
  "qid": 100866,
  "query": "Học viện Hành chính Quốc gia là đơn vị sự nghiệp hạng mấy?",
  "metrics": {
    "mrr": 0.5,
    "map": 0.5,
    "p@1": 0.0,
    "r@1": 0.0,
    "ndcg@1": 0.0,
    "p@5": 0.2,
    "r@5": 1.0,
    "ndcg@5": 0.6309297535714575,
    "p@10": 0.1,
    "r@10": 1.0,
    "ndcg@10": 0.6309297535714575
  },
  "retrieved": [
    5503,
    5501,
    11010,
    5502,
    12810,
    11003,
    14282,
    14278,
    10995,
    10998
  ]
}