{
  "qid": 101013,
  "query": "Việc cấp kinh phí chi ngân sách nhà nước đối với Cơ quan Việt Nam ở nước ngoài được thực hiện bằng đơn vị tiền tệ nào?",
  "metrics": {
    "mrr": 0.5,
    "map": 0.5,
    "p@1": 0.0,
    "r@1": 0.0,
    "ndcg@1": 0.0,
    "p@5": 0.2,
    "r@5": 1.0,
    "ndcg@5": 0.6309297535714575,
    "p@10": 0.1,
    "r@10": 1.0,
    "ndcg@10": 0.6309297535714575
  },
  "retrieved": [
    7903,
    14504,
    14898,
    14502,
    14501,
    14509,
    7893,
    11167,
    14896,
    2575
  ]
}