{
  "qid": 10100,
  "query": "Tiêu chuẩn để trở thành đấu giá viên được quy định như thế nào?",
  "metrics": {
    "mrr": 0.1111111111111111,
    "map": 0.1111111111111111,
    "p@1": 0.0,
    "r@1": 0.0,
    "ndcg@1": 0.0,
    "p@5": 0.0,
    "r@5": 0.0,
    "ndcg@5": 0.0,
    "p@10": 0.1,
    "r@10": 1.0,
    "ndcg@10": 0.3010299956639812
  },
  "retrieved": [
    6575,
    6573,
    6576,
    700,
    6568,
    706,
    6572,
    6565,
    697,
    6585
  ]
}