{
  "qid": 101196,
  "query": "Kinh doanh dịch vụ lưu trú du lịch cần đáp ứng những điều kiện gì?",
  "metrics": {
    "mrr": 0.16666666666666666,
    "map": 0.16666666666666666,
    "p@1": 0.0,
    "r@1": 0.0,
    "ndcg@1": 0.0,
    "p@5": 0.0,
    "r@5": 0.0,
    "ndcg@5": 0.0,
    "p@10": 0.1,
    "r@10": 1.0,
    "ndcg@10": 0.3562071871080222
  },
  "retrieved": [
    9796,
    9793,
    9795,
    9752,
    6624,
    9792,
    9799,
    9769,
    9746,
    9789
  ]
}