{
  "qid": 101121,
  "query": "Cơ sở sản xuất thuốc muốn đăng ký bảo mật dữ liệu thử nghiệm thì hồ sơ đăng ký bảo mật thuốc gồm những gì?",
  "metrics": {
    "mrr": 0.2,
    "map": 0.2,
    "p@1": 0.0,
    "r@1": 0.0,
    "ndcg@1": 0.0,
    "p@5": 0.2,
    "r@5": 1.0,
    "ndcg@5": 0.38685280723454163,
    "p@10": 0.1,
    "r@10": 1.0,
    "ndcg@10": 0.38685280723454163
  },
  "retrieved": [
    4724,
    4726,
    4722,
    4733,
    4728,
    4729,
    4731,
    4730,
    4735,
    4737
  ]
}