{
  "qid": 101437,
  "query": "Sau khi giữ người trong trường hợp khẩn cấp thì Cơ quan điều tra phải thông báo ngay cho những ai?",
  "metrics": {
    "mrr": 0.5,
    "map": 0.5,
    "p@1": 0.0,
    "r@1": 0.0,
    "ndcg@1": 0.0,
    "p@5": 0.2,
    "r@5": 1.0,
    "ndcg@5": 0.6309297535714575,
    "p@10": 0.1,
    "r@10": 1.0,
    "ndcg@10": 0.6309297535714575
  },
  "retrieved": [
    10591,
    10593,
    10587,
    10535,
    10514,
    10942,
    10592,
    12726,
    10590,
    10892
  ]
}