{
  "qid": 101411,
  "query": "Công an xã có tiếp nhận tố giác, tin báo về tội phạm về việc mất tài sản?",
  "metrics": {
    "mrr": 0.5,
    "map": 0.5,
    "p@1": 0.0,
    "r@1": 0.0,
    "ndcg@1": 0.0,
    "p@5": 0.2,
    "r@5": 1.0,
    "ndcg@5": 0.6309297535714575,
    "p@10": 0.1,
    "r@10": 1.0,
    "ndcg@10": 0.6309297535714575
  },
  "retrieved": [
    994,
    10623,
    991,
    993,
    10622,
    998,
    995,
    10625,
    990,
    988
  ]
}