{
  "qid": 101435,
  "query": "Hồ sơ đề nghị phê duyệt định mức sử dụng máy móc thiết bị chuyên dùng thuộc lĩnh vực y tế gồm các giấy tờ nào?",
  "metrics": {
    "mrr": 0.3333333333333333,
    "map": 0.3333333333333333,
    "p@1": 0.0,
    "r@1": 0.0,
    "ndcg@1": 0.0,
    "p@5": 0.2,
    "r@5": 1.0,
    "ndcg@5": 0.5,
    "p@10": 0.1,
    "r@10": 1.0,
    "ndcg@10": 0.5
  },
  "retrieved": [
    8923,
    8922,
    8924,
    8919,
    8920,
    8926,
    4466,
    8921,
    4302,
    4314
  ]
}