{
  "qid": 101896,
  "query": "Người bào chữa theo quy định mới nhất hiện nay",
  "metrics": {
    "mrr": 0.16666666666666666,
    "map": 0.16666666666666666,
    "p@1": 0.0,
    "r@1": 0.0,
    "ndcg@1": 0.0,
    "p@5": 0.0,
    "r@5": 0.0,
    "ndcg@5": 0.0,
    "p@10": 0.1,
    "r@10": 1.0,
    "ndcg@10": 0.3562071871080222
  },
  "retrieved": [
    10554,
    10555,
    6701,
    13018,
    10550,
    10549,
    10553,
    10552,
    10493,
    10893
  ]
}