{
  "qid": 101956,
  "query": "Cá nhân để được đăng ký sinh hoạt tôn giáo tập trung thì cần đáp ứng những điều kiện nào?",
  "metrics": {
    "mrr": 0.14285714285714285,
    "map": 0.14285714285714285,
    "p@1": 0.0,
    "r@1": 0.0,
    "ndcg@1": 0.0,
    "p@5": 0.0,
    "r@5": 0.0,
    "ndcg@5": 0.0,
    "p@10": 0.1,
    "r@10": 1.0,
    "ndcg@10": 0.3333333333333333
  },
  "retrieved": [
    2147,
    2132,
    2150,
    2197,
    4261,
    2138,
    2146,
    2178,
    2137,
    2160
  ]
}