{
  "qid": 102005,
  "query": "Phạm vi bảo hiểm trách nhiệm trong khám bệnh, chữa bệnh được quy định thế nào?",
  "metrics": {
    "mrr": 0.2,
    "map": 0.2,
    "p@1": 0.0,
    "r@1": 0.0,
    "ndcg@1": 0.0,
    "p@5": 0.2,
    "r@5": 1.0,
    "ndcg@5": 0.38685280723454163,
    "p@10": 0.1,
    "r@10": 1.0,
    "ndcg@10": 0.38685280723454163
  },
  "retrieved": [
    11083,
    11082,
    11086,
    11085,
    11081,
    11089,
    11079,
    11087,
    11088,
    12360
  ]
}