{
  "qid": 102374,
  "query": "Mức đền bù chi phí đào tạo của viên chức khi không tiếp tục làm việc được quy định ra sao?",
  "metrics": {
    "mrr": 0.16666666666666666,
    "map": 0.16666666666666666,
    "p@1": 0.0,
    "r@1": 0.0,
    "ndcg@1": 0.0,
    "p@5": 0.0,
    "r@5": 0.0,
    "ndcg@5": 0.0,
    "p@10": 0.1,
    "r@10": 1.0,
    "ndcg@10": 0.3562071871080222
  },
  "retrieved": [
    10989,
    10987,
    10984,
    10990,
    10988,
    10985,
    11015,
    10986,
    1056,
    4239
  ]
}