{
  "qid": 102335,
  "query": "Rút toàn bộ kháng nghị giám đốc thẩm đối với quyết định của Tòa án trong vụ án hình sự trước khi mở phiên tòa thì ai có thẩm quyền ra quyết định đình chỉ xét xử?",
  "metrics": {
    "mrr": 0.5,
    "map": 0.5,
    "p@1": 0.0,
    "r@1": 0.0,
    "ndcg@1": 0.0,
    "p@5": 0.2,
    "r@5": 1.0,
    "ndcg@5": 0.6309297535714575,
    "p@10": 0.1,
    "r@10": 1.0,
    "ndcg@10": 0.6309297535714575
  },
  "retrieved": [
    10825,
    10858,
    10859,
    10819,
    10823,
    10521,
    10732,
    10743,
    10522,
    12728
  ]
}