{
  "qid": 102442,
  "query": "Khi bắt người phạm tội quả tang thì có được phép khám xét người của người đó không?",
  "metrics": {
    "mrr": 1.0,
    "map": 0.5,
    "p@1": 1.0,
    "r@1": 0.5,
    "ndcg@1": 1.0,
    "p@5": 0.2,
    "r@5": 0.5,
    "ndcg@5": 0.6131471927654584,
    "p@10": 0.1,
    "r@10": 0.5,
    "ndcg@10": 0.6131471927654584
  },
  "retrieved": [
    10588,
    10586,
    10536,
    10594,
    10487,
    10535,
    10590,
    10514,
    10516,
    10924
  ]
}