{
  "qid": 102574,
  "query": "Sau khi có kết quả rà soát nhà sản xuất mới, thì cơ quan có thẩm quyền có thể ban hành quyết định gì?",
  "metrics": {
    "mrr": 0.14285714285714285,
    "map": 0.14285714285714285,
    "p@1": 0.0,
    "r@1": 0.0,
    "ndcg@1": 0.0,
    "p@5": 0.0,
    "r@5": 0.0,
    "ndcg@5": 0.0,
    "p@10": 0.1,
    "r@10": 1.0,
    "ndcg@10": 0.3333333333333333
  },
  "retrieved": [
    12911,
    12908,
    12907,
    12912,
    12906,
    12909,
    12914,
    12905,
    12891,
    12882
  ]
}