{
  "qid": 102605,
  "query": "Kiểm sát viên đủ điều kiện để được bổ nhiệm Chấp hành viên thì cần chuẩn bị những gì cho hồ sơ đề nghị bổ nhiệm?",
  "metrics": {
    "mrr": 0.3333333333333333,
    "map": 0.3333333333333333,
    "p@1": 0.0,
    "r@1": 0.0,
    "ndcg@1": 0.0,
    "p@5": 0.2,
    "r@5": 1.0,
    "ndcg@5": 0.5,
    "p@10": 0.1,
    "r@10": 1.0,
    "ndcg@10": 0.5
  },
  "retrieved": [
    2374,
    2375,
    2376,
    13870,
    13864,
    13861,
    5833,
    13875,
    2314,
    13873
  ]
}