{
  "qid": 103166,
  "query": "Thương nhân thực hiện đăng ký giá sữa dành cho trẻ em dưới 06 tuổi có nghĩa vụ gì?",
  "metrics": {
    "mrr": 0.3333333333333333,
    "map": 0.3333333333333333,
    "p@1": 0.0,
    "r@1": 0.0,
    "ndcg@1": 0.0,
    "p@5": 0.2,
    "r@5": 1.0,
    "ndcg@5": 0.5,
    "p@10": 0.1,
    "r@10": 1.0,
    "ndcg@10": 0.5
  },
  "retrieved": [
    8638,
    8653,
    8652,
    8639,
    8651,
    8649,
    8641,
    8640,
    8650,
    8647
  ]
}