{
  "qid": 10332,
  "query": "Việc giám sát hoạt động của Đoàn thanh tra, kiểm tra thuế nhằm mục đích gì?",
  "metrics": {
    "mrr": 0.3333333333333333,
    "map": 0.3333333333333333,
    "p@1": 0.0,
    "r@1": 0.0,
    "ndcg@1": 0.0,
    "p@5": 0.2,
    "r@5": 1.0,
    "ndcg@5": 0.5,
    "p@10": 0.1,
    "r@10": 1.0,
    "ndcg@10": 0.5
  },
  "retrieved": [
    5121,
    5119,
    5111,
    5122,
    5124,
    5126,
    5123,
    5118,
    5114,
    5115
  ]
}