{
  "qid": 103363,
  "query": "Điều kiện để dùng biệt thự làm cơ sở lưu trú du lịch được quy định như thế nào?",
  "metrics": {
    "mrr": 0.25,
    "map": 0.25,
    "p@1": 0.0,
    "r@1": 0.0,
    "ndcg@1": 0.0,
    "p@5": 0.2,
    "r@5": 1.0,
    "ndcg@5": 0.43067655807339306,
    "p@10": 0.1,
    "r@10": 1.0,
    "ndcg@10": 0.43067655807339306
  },
  "retrieved": [
    9793,
    9796,
    9795,
    9792,
    9752,
    9791,
    6624,
    9799,
    9794,
    9769
  ]
}