{
  "qid": 103370,
  "query": "Trưởng đoàn thanh tra của Cục Báo chí có quyền xử phạt tổ chức họp báo có nội dung xúc phạm danh dự của cá nhân không?",
  "metrics": {
    "mrr": 0.5,
    "map": 0.5,
    "p@1": 0.0,
    "r@1": 0.0,
    "ndcg@1": 0.0,
    "p@5": 0.2,
    "r@5": 1.0,
    "ndcg@5": 0.6309297535714575,
    "p@10": 0.1,
    "r@10": 1.0,
    "ndcg@10": 0.6309297535714575
  },
  "retrieved": [
    14912,
    4637,
    14198,
    4054,
    4052,
    14911,
    9736,
    14921,
    14916,
    14909
  ]
}