{
  "qid": 103410,
  "query": "Trung tâm phát triển công nghiệp hỗ trợ được hình thành trên cơ sở nào?",
  "metrics": {
    "mrr": 0.5,
    "map": 0.5,
    "p@1": 0.0,
    "r@1": 0.0,
    "ndcg@1": 0.0,
    "p@5": 0.2,
    "r@5": 1.0,
    "ndcg@5": 0.6309297535714575,
    "p@10": 0.1,
    "r@10": 1.0,
    "ndcg@10": 0.6309297535714575
  },
  "retrieved": [
    13542,
    13537,
    11417,
    3446,
    14997,
    4747,
    13534,
    13532,
    3443,
    7534
  ]
}