{
  "qid": 103499,
  "query": "Có nhất thiết phải kiện toàn tổ chức bộ máy các cơ quan làm công tác dân tộc hay không?",
  "metrics": {
    "mrr": 0.5,
    "map": 0.5,
    "p@1": 0.0,
    "r@1": 0.0,
    "ndcg@1": 0.0,
    "p@5": 0.2,
    "r@5": 1.0,
    "ndcg@5": 0.6309297535714575,
    "p@10": 0.1,
    "r@10": 1.0,
    "ndcg@10": 0.6309297535714575
  },
  "retrieved": [
    3517,
    4758,
    3519,
    2190,
    563,
    3515,
    3443,
    3524,
    566,
    3514
  ]
}