{
  "qid": 103651,
  "query": "Có thể làm lại giấy khai sinh trong trường hợp thất lạc hết giấy tờ tùy thân không?",
  "metrics": {
    "mrr": 0.2,
    "map": 0.2,
    "p@1": 0.0,
    "r@1": 0.0,
    "ndcg@1": 0.0,
    "p@5": 0.2,
    "r@5": 1.0,
    "ndcg@5": 0.38685280723454163,
    "p@10": 0.1,
    "r@10": 1.0,
    "ndcg@10": 0.38685280723454163
  },
  "retrieved": [
    4569,
    4584,
    4561,
    4563,
    4562,
    7807,
    6218,
    2262,
    1787,
    14443
  ]
}