{
  "qid": 103833,
  "query": "Quy định về việc rà soát chức năng nhiệm vụ của công ty lâm nghiệp Nhà nước nắm giữ 100% vốn điều lệ như thế nào?",
  "metrics": {
    "mrr": 0.1111111111111111,
    "map": 0.1111111111111111,
    "p@1": 0.0,
    "r@1": 0.0,
    "ndcg@1": 0.0,
    "p@5": 0.0,
    "r@5": 0.0,
    "ndcg@5": 0.0,
    "p@10": 0.1,
    "r@10": 1.0,
    "ndcg@10": 0.3010299956639812
  },
  "retrieved": [
    14676,
    14662,
    14665,
    13043,
    14063,
    933,
    13046,
    14661,
    14669,
    13048
  ]
}