{
  "qid": 103897,
  "query": "Hệ số lương Quản lý dự án đường thủy là bao nhiêu?",
  "metrics": {
    "mrr": 0.2,
    "map": 0.1,
    "p@1": 0.0,
    "r@1": 0.0,
    "ndcg@1": 0.0,
    "p@5": 0.2,
    "r@5": 0.5,
    "ndcg@5": 0.23719771276929622,
    "p@10": 0.1,
    "r@10": 0.5,
    "ndcg@10": 0.23719771276929622
  },
  "retrieved": [
    7562,
    7561,
    8457,
    7563,
    1536,
    6460,
    7726,
    3874,
    7564,
    7557
  ]
}