{
  "qid": 103994,
  "query": "Bộ Công thương có trách nhiệm gì tại cơ quan đại diện hoạt động trong lĩnh vực thương mại?",
  "metrics": {
    "mrr": 0.25,
    "map": 0.25,
    "p@1": 0.0,
    "r@1": 0.0,
    "ndcg@1": 0.0,
    "p@5": 0.2,
    "r@5": 1.0,
    "ndcg@5": 0.43067655807339306,
    "p@10": 0.1,
    "r@10": 1.0,
    "ndcg@10": 0.43067655807339306
  },
  "retrieved": [
    11729,
    11742,
    11728,
    11730,
    6036,
    11726,
    12940,
    14502,
    14509,
    487
  ]
}