{
  "qid": 103980,
  "query": "Xuất xứ hàng hóa từ Việt Nam nhập khẩu vào Liên minh châu Âu sẽ được hưởng ưu đãi khi nào?",
  "metrics": {
    "mrr": 0.5,
    "map": 0.5,
    "p@1": 0.0,
    "r@1": 0.0,
    "ndcg@1": 0.0,
    "p@5": 0.2,
    "r@5": 1.0,
    "ndcg@5": 0.6309297535714575,
    "p@10": 0.1,
    "r@10": 1.0,
    "ndcg@10": 0.6309297535714575
  },
  "retrieved": [
    2798,
    2793,
    2792,
    2803,
    2777,
    2808,
    5521,
    2810,
    2809,
    2801
  ]
}