{
  "qid": 104258,
  "query": "Hồ sơ đề nghị công nhận điểm du lịch gồm thành phần gì?",
  "metrics": {
    "mrr": 0.3333333333333333,
    "map": 0.3333333333333333,
    "p@1": 0.0,
    "r@1": 0.0,
    "ndcg@1": 0.0,
    "p@5": 0.2,
    "r@5": 1.0,
    "ndcg@5": 0.5,
    "p@10": 0.1,
    "r@10": 1.0,
    "ndcg@10": 0.5
  },
  "retrieved": [
    9770,
    9771,
    9767,
    9799,
    13647,
    13821,
    6624,
    9769,
    9793,
    9795
  ]
}