{
  "qid": 104308,
  "query": "Tòa án cấp sơ thẩm phải giao bản án trong vụ án hình sự cho bị hại sau bao lâu kể từ ngày tuyên án?",
  "metrics": {
    "mrr": 0.5,
    "map": 0.5,
    "p@1": 0.0,
    "r@1": 0.0,
    "ndcg@1": 0.0,
    "p@5": 0.2,
    "r@5": 1.0,
    "ndcg@5": 0.6309297535714575,
    "p@10": 0.1,
    "r@10": 1.0,
    "ndcg@10": 0.6309297535714575
  },
  "retrieved": [
    10737,
    10739,
    10835,
    6090,
    10930,
    3978,
    12728,
    10745,
    10807,
    10763
  ]
}