{
  "qid": 104413,
  "query": "Viên chức được bổ nhiệm vị trí quản lý có thời hạn giữ chức vụ quản lý trong bao lâu?",
  "metrics": {
    "mrr": 0.1111111111111111,
    "map": 0.1111111111111111,
    "p@1": 0.0,
    "r@1": 0.0,
    "ndcg@1": 0.0,
    "p@5": 0.0,
    "r@5": 0.0,
    "ndcg@5": 0.0,
    "p@10": 0.1,
    "r@10": 1.0,
    "ndcg@10": 0.3010299956639812
  },
  "retrieved": [
    2334,
    2357,
    14256,
    670,
    14254,
    14260,
    14258,
    2360,
    14250,
    14257
  ]
}