{
  "qid": 104405,
  "query": "Nội dung dành cho trẻ em trên báo in được quy định như thế nào?",
  "metrics": {
    "mrr": 0.5,
    "map": 0.5,
    "p@1": 0.0,
    "r@1": 0.0,
    "ndcg@1": 0.0,
    "p@5": 0.2,
    "r@5": 1.0,
    "ndcg@5": 0.6309297535714575,
    "p@10": 0.1,
    "r@10": 1.0,
    "ndcg@10": 0.6309297535714575
  },
  "retrieved": [
    9920,
    9912,
    9923,
    9905,
    14916,
    14909,
    3648,
    4273,
    14915,
    14913
  ]
}