{
  "qid": 104454,
  "query": "Lực lượng chuyên trách bảo vệ rừng gồm có những thành viên nào?",
  "metrics": {
    "mrr": 0.25,
    "map": 0.25,
    "p@1": 0.0,
    "r@1": 0.0,
    "ndcg@1": 0.0,
    "p@5": 0.2,
    "r@5": 1.0,
    "ndcg@5": 0.43067655807339306,
    "p@10": 0.1,
    "r@10": 1.0,
    "ndcg@10": 0.43067655807339306
  },
  "retrieved": [
    1219,
    1220,
    1221,
    1218,
    1205,
    1222,
    7049,
    1204,
    1223,
    1217
  ]
}