{
  "qid": 104706,
  "query": "Chế độ hoạt động của Ban Chỉ đạo phòng, chống khủng bố được quy định như thế nào?",
  "metrics": {
    "mrr": 0.3333333333333333,
    "map": 0.3333333333333333,
    "p@1": 0.0,
    "r@1": 0.0,
    "ndcg@1": 0.0,
    "p@5": 0.2,
    "r@5": 1.0,
    "ndcg@5": 0.5,
    "p@10": 0.1,
    "r@10": 1.0,
    "ndcg@10": 0.5
  },
  "retrieved": [
    7162,
    7156,
    7160,
    7159,
    7152,
    7161,
    7158,
    7155,
    7154,
    7153
  ]
}