{
  "qid": 104893,
  "query": "Chứng chỉ hành nghề lưu trữ có giá trị bao lâu? Khi nào sẽ nhận được Chứng chỉ?",
  "metrics": {
    "mrr": 0.3333333333333333,
    "map": 0.3666666666666667,
    "p@1": 0.0,
    "r@1": 0.0,
    "ndcg@1": 0.0,
    "p@5": 0.4,
    "r@5": 1.0,
    "ndcg@5": 0.5437713091520254,
    "p@10": 0.2,
    "r@10": 1.0,
    "ndcg@10": 0.5437713091520254
  },
  "retrieved": [
    240,
    239,
    238,
    242,
    235,
    9378,
    236,
    9374,
    9370,
    90
  ]
}