{
  "qid": 10509,
  "query": "Học viên để được cấp chứng chỉ quản lý nhà nước thì cần đáp ứng được những điều kiện nào?",
  "metrics": {
    "mrr": 0.1111111111111111,
    "map": 0.1111111111111111,
    "p@1": 0.0,
    "r@1": 0.0,
    "ndcg@1": 0.0,
    "p@5": 0.0,
    "r@5": 0.0,
    "ndcg@5": 0.0,
    "p@10": 0.1,
    "r@10": 1.0,
    "ndcg@10": 0.3010299956639812
  },
  "retrieved": [
    4509,
    4505,
    4504,
    4510,
    4519,
    4511,
    4507,
    1036,
    1037,
    4518
  ]
}