{
  "qid": 105384,
  "query": "Giáo viên giáo dục nghề nghiệp hạng 2 có hệ số lương viên chức như thế nào?",
  "metrics": {
    "mrr": 0.14285714285714285,
    "map": 0.14285714285714285,
    "p@1": 0.0,
    "r@1": 0.0,
    "ndcg@1": 0.0,
    "p@5": 0.0,
    "r@5": 0.0,
    "ndcg@5": 0.0,
    "p@10": 0.1,
    "r@10": 1.0,
    "ndcg@10": 0.3333333333333333
  },
  "retrieved": [
    7726,
    1537,
    6460,
    8457,
    8612,
    12978,
    1536,
    3846,
    2814,
    1529
  ]
}