{
  "qid": 105373,
  "query": "Hồ sơ sửa sai ngày sinh trong giấy khai sinh",
  "metrics": {
    "mrr": 0.3333333333333333,
    "map": 0.3333333333333333,
    "p@1": 0.0,
    "r@1": 0.0,
    "ndcg@1": 0.0,
    "p@5": 0.2,
    "r@5": 1.0,
    "ndcg@5": 0.5,
    "p@10": 0.1,
    "r@10": 1.0,
    "ndcg@10": 0.5
  },
  "retrieved": [
    5079,
    14977,
    4571,
    3130,
    8967,
    2262,
    5084,
    5136,
    4568,
    14368
  ]
}