{
  "qid": 105662,
  "query": "Nhiệm vụ và quyền hạn của lực lượng chuyên trách bảo vệ rừng theo quy định hiện nay là gì?",
  "metrics": {
    "mrr": 0.14285714285714285,
    "map": 0.14285714285714285,
    "p@1": 0.0,
    "r@1": 0.0,
    "ndcg@1": 0.0,
    "p@5": 0.0,
    "r@5": 0.0,
    "ndcg@5": 0.0,
    "p@10": 0.1,
    "r@10": 1.0,
    "ndcg@10": 0.3333333333333333
  },
  "retrieved": [
    1221,
    1204,
    1220,
    1223,
    1205,
    1218,
    1217,
    1222,
    1207,
    7051
  ]
}