{
  "qid": 105605,
  "query": "Nghĩa vụ của người làm chứng",
  "metrics": {
    "mrr": 0.5,
    "map": 0.5,
    "p@1": 0.0,
    "r@1": 0.0,
    "ndcg@1": 0.0,
    "p@5": 0.2,
    "r@5": 1.0,
    "ndcg@5": 0.6309297535714575,
    "p@10": 0.1,
    "r@10": 1.0,
    "ndcg@10": 0.6309297535714575
  },
  "retrieved": [
    10662,
    10543,
    7979,
    7963,
    10770,
    10546,
    10598,
    10545,
    10599,
    10659
  ]
}