{
  "qid": 105749,
  "query": "Thời hiệu, thời hạn thanh tra lại là bao lâu?",
  "metrics": {
    "mrr": 0.14285714285714285,
    "map": 0.07142857142857142,
    "p@1": 0.0,
    "r@1": 0.0,
    "ndcg@1": 0.0,
    "p@5": 0.0,
    "r@5": 0.0,
    "ndcg@5": 0.0,
    "p@10": 0.1,
    "r@10": 0.5,
    "ndcg@10": 0.20438239758848611
  },
  "retrieved": [
    13745,
    1709,
    6668,
    7702,
    10939,
    11401,
    7036,
    7208,
    4816,
    658
  ]
}