{
  "qid": 106018,
  "query": "Hình thức, nội dung và thời gian thi thăng hạng chức danh nghề nghiệp từ Lưu trữ viên lên Lưu trữ viên chính đối với môn ngoại ngữ như thế nào?",
  "metrics": {
    "mrr": 0.5,
    "map": 0.5,
    "p@1": 0.0,
    "r@1": 0.0,
    "ndcg@1": 0.0,
    "p@5": 0.2,
    "r@5": 1.0,
    "ndcg@5": 0.6309297535714575,
    "p@10": 0.1,
    "r@10": 1.0,
    "ndcg@10": 0.6309297535714575
  },
  "retrieved": [
    13121,
    14246,
    14243,
    14247,
    3877,
    8456,
    8457,
    6924,
    14244,
    13122
  ]
}