{
  "qid": 106940,
  "query": "Điều kiện để trúng tuyển trong kỳ xét tuyển công chức vào làm việc trong các đơn vị thuộc Thanh tra Chính phủ là gì?",
  "metrics": {
    "mrr": 0.3333333333333333,
    "map": 0.3333333333333333,
    "p@1": 0.0,
    "r@1": 0.0,
    "ndcg@1": 0.0,
    "p@5": 0.2,
    "r@5": 1.0,
    "ndcg@5": 0.5,
    "p@10": 0.1,
    "r@10": 1.0,
    "ndcg@10": 0.5
  },
  "retrieved": [
    8737,
    14219,
    14217,
    3879,
    6926,
    13125,
    6923,
    14249,
    14244,
    14247
  ]
}