{
  "qid": 10694,
  "query": "Biện pháp ngăn chặn trong tố tụng hình sự bị hủy bỏ trong trường hợp nào?",
  "metrics": {
    "mrr": 0.5,
    "map": 0.5,
    "p@1": 0.0,
    "r@1": 0.0,
    "ndcg@1": 0.0,
    "p@5": 0.2,
    "r@5": 1.0,
    "ndcg@5": 0.6309297535714575,
    "p@10": 0.1,
    "r@10": 1.0,
    "ndcg@10": 0.6309297535714575
  },
  "retrieved": [
    1933,
    10602,
    1934,
    10760,
    10518,
    10713,
    10974,
    10711,
    10607,
    10763
  ]
}