{
  "qid": 107042,
  "query": "Người làm thủ tục cấp giấy phép vào cảng, bến thủy nội địa đối với phương tiện, thủy phi cơ cần phải nộp những giấy tờ gì?",
  "metrics": {
    "mrr": 0.2,
    "map": 0.2,
    "p@1": 0.0,
    "r@1": 0.0,
    "ndcg@1": 0.0,
    "p@5": 0.2,
    "r@5": 1.0,
    "ndcg@5": 0.38685280723454163,
    "p@10": 0.1,
    "r@10": 1.0,
    "ndcg@10": 0.38685280723454163
  },
  "retrieved": [
    9098,
    9094,
    9104,
    9095,
    9096,
    9111,
    9099,
    9103,
    9047,
    9110
  ]
}