{
  "qid": 107213,
  "query": "Có thể ủy quyền cho người khác đi đăng ký khai sinh cho con mình không?",
  "metrics": {
    "mrr": 0.5,
    "map": 0.5,
    "p@1": 0.0,
    "r@1": 0.0,
    "ndcg@1": 0.0,
    "p@5": 0.2,
    "r@5": 1.0,
    "ndcg@5": 0.6309297535714575,
    "p@10": 0.1,
    "r@10": 1.0,
    "ndcg@10": 0.6309297535714575
  },
  "retrieved": [
    4577,
    4555,
    3130,
    4568,
    5131,
    5136,
    5140,
    4561,
    4584,
    5144
  ]
}