{
  "qid": 107543,
  "query": "Cơ sở đăng ký thuốc có dữ liệu bảo mật thử nghiệm thì có những quyền như thế nào?",
  "metrics": {
    "mrr": 0.5,
    "map": 0.5,
    "p@1": 0.0,
    "r@1": 0.0,
    "ndcg@1": 0.0,
    "p@5": 0.2,
    "r@5": 1.0,
    "ndcg@5": 0.6309297535714575,
    "p@10": 0.1,
    "r@10": 1.0,
    "ndcg@10": 0.6309297535714575
  },
  "retrieved": [
    4733,
    4736,
    4726,
    4737,
    4724,
    4734,
    4729,
    4735,
    4731,
    4730
  ]
}