{
  "qid": 107958,
  "query": "Trước khi hỏi cung bị can thì Điều tra viên phải thông báo cho những ai?",
  "metrics": {
    "mrr": 0.5,
    "map": 0.5,
    "p@1": 0.0,
    "r@1": 0.0,
    "ndcg@1": 0.0,
    "p@5": 0.2,
    "r@5": 1.0,
    "ndcg@5": 0.6309297535714575,
    "p@10": 0.1,
    "r@10": 1.0,
    "ndcg@10": 0.6309297535714575
  },
  "retrieved": [
    10661,
    10660,
    3557,
    3559,
    6705,
    10515,
    10514,
    10681,
    3558,
    10667
  ]
}