{
  "qid": 107985,
  "query": "Công tác kiểm tra hoạt động Thừa phát lại sẽ do các cơ quan nhà nước nào thực hiện?",
  "metrics": {
    "mrr": 0.25,
    "map": 0.25,
    "p@1": 0.0,
    "r@1": 0.0,
    "ndcg@1": 0.0,
    "p@5": 0.2,
    "r@5": 1.0,
    "ndcg@5": 0.43067655807339306,
    "p@10": 0.1,
    "r@10": 1.0,
    "ndcg@10": 0.43067655807339306
  },
  "retrieved": [
    9431,
    8946,
    5867,
    5861,
    5866,
    8994,
    5829,
    8956,
    8935,
    5836
  ]
}