{
  "qid": 108087,
  "query": "Ai sẽ chịu trách nhiệm khi xảy ra tai nạn trong quá trình thi công công trình?",
  "metrics": {
    "mrr": 0.25,
    "map": 0.25,
    "p@1": 0.0,
    "r@1": 0.0,
    "ndcg@1": 0.0,
    "p@5": 0.2,
    "r@5": 1.0,
    "ndcg@5": 0.43067655807339306,
    "p@10": 0.1,
    "r@10": 1.0,
    "ndcg@10": 0.43067655807339306
  },
  "retrieved": [
    6882,
    6917,
    9714,
    6883,
    6888,
    6884,
    6879,
    2674,
    5104,
    1805
  ]
}