{
  "qid": 108031,
  "query": "Các hành vi nào bị nghiêm cấm trong hoạt động tín ngưỡng, tôn giáo?",
  "metrics": {
    "mrr": 0.3333333333333333,
    "map": 0.3333333333333333,
    "p@1": 0.0,
    "r@1": 0.0,
    "ndcg@1": 0.0,
    "p@5": 0.2,
    "r@5": 1.0,
    "ndcg@5": 0.5,
    "p@10": 0.1,
    "r@10": 1.0,
    "ndcg@10": 0.5
  },
  "retrieved": [
    2194,
    2195,
    2135,
    2193,
    2192,
    2190,
    2146,
    2162,
    2139,
    2134
  ]
}