{
  "qid": 108089,
  "query": "Người lao động có trách nhiệm gì trong việc đảm bảo an toàn lao động trên công trường?",
  "metrics": {
    "mrr": 0.5,
    "map": 0.5,
    "p@1": 0.0,
    "r@1": 0.0,
    "ndcg@1": 0.0,
    "p@5": 0.2,
    "r@5": 1.0,
    "ndcg@5": 0.6309297535714575,
    "p@10": 0.1,
    "r@10": 1.0,
    "ndcg@10": 0.6309297535714575
  },
  "retrieved": [
    9714,
    6884,
    6882,
    14796,
    6425,
    6885,
    6917,
    6883,
    8586,
    14797
  ]
}