{
  "qid": 10818,
  "query": "Việc báo cáo tình hình điều chỉnh Giấy chứng nhận đầu tư được thực hiện như thế nào?",
  "metrics": {
    "mrr": 0.3333333333333333,
    "map": 0.3333333333333333,
    "p@1": 0.0,
    "r@1": 0.0,
    "ndcg@1": 0.0,
    "p@5": 0.2,
    "r@5": 1.0,
    "ndcg@5": 0.5,
    "p@10": 0.1,
    "r@10": 1.0,
    "ndcg@10": 0.5
  },
  "retrieved": [
    3448,
    3454,
    14749,
    14720,
    9604,
    14730,
    14753,
    3452,
    9973,
    14734
  ]
}