{
  "qid": 108361,
  "query": "Ai sẽ có thẩm quyền giải quyết khiếu nại về thi hành án dân sự?",
  "metrics": {
    "mrr": 0.3333333333333333,
    "map": 0.3333333333333333,
    "p@1": 0.0,
    "r@1": 0.0,
    "ndcg@1": 0.0,
    "p@5": 0.2,
    "r@5": 1.0,
    "ndcg@5": 0.5,
    "p@10": 0.1,
    "r@10": 1.0,
    "ndcg@10": 0.5
  },
  "retrieved": [
    8996,
    2324,
    2204,
    2200,
    2206,
    2205,
    9481,
    2211,
    2380,
    9475
  ]
}