{
  "qid": 108339,
  "query": "Người dân tự ý xây dựng nhà ở trên đất nông nghiệp của Ủy ban chưa thực hiện giao đất thì bị xử phạt hành chính như thế nào?",
  "metrics": {
    "mrr": 0.5,
    "map": 0.5,
    "p@1": 0.0,
    "r@1": 0.0,
    "ndcg@1": 0.0,
    "p@5": 0.2,
    "r@5": 1.0,
    "ndcg@5": 0.6309297535714575,
    "p@10": 0.1,
    "r@10": 1.0,
    "ndcg@10": 0.6309297535714575
  },
  "retrieved": [
    11106,
    11102,
    11105,
    11101,
    4746,
    11121,
    11126,
    11120,
    11127,
    11117
  ]
}