{
  "qid": 108418,
  "query": "Tổ chức thu phí thẩm định đánh giá trữ lượng khoáng sản được để lại bao nhiêu số tiền phí thu được để trang trải chi phí?",
  "metrics": {
    "mrr": 0.5,
    "map": 0.5,
    "p@1": 0.0,
    "r@1": 0.0,
    "ndcg@1": 0.0,
    "p@5": 0.2,
    "r@5": 1.0,
    "ndcg@5": 0.6309297535714575,
    "p@10": 0.1,
    "r@10": 1.0,
    "ndcg@10": 0.6309297535714575
  },
  "retrieved": [
    8776,
    11066,
    8775,
    14540,
    11065,
    14503,
    13738,
    10161,
    14895,
    11922
  ]
}