{
  "qid": 108735,
  "query": "Thuốc lá điện tử có thuộc Danh mục hàng hoá cấm nhập khẩu, tạm dừng nhập khẩu hay không?",
  "metrics": {
    "mrr": 0.2,
    "map": 0.1,
    "p@1": 0.0,
    "r@1": 0.0,
    "ndcg@1": 0.0,
    "p@5": 0.2,
    "r@5": 0.5,
    "ndcg@5": 0.23719771276929622,
    "p@10": 0.1,
    "r@10": 0.5,
    "ndcg@10": 0.23719771276929622
  },
  "retrieved": [
    5273,
    5272,
    5274,
    8325,
    5235,
    5233,
    8326,
    5271,
    5266,
    9938
  ]
}