{
  "qid": 108820,
  "query": "Đối với xe xi téc vận chuyển nhiên liệu hàng không được thực hiện kiểm tra khi nào?",
  "metrics": {
    "mrr": 0.5,
    "map": 0.5,
    "p@1": 0.0,
    "r@1": 0.0,
    "ndcg@1": 0.0,
    "p@5": 0.2,
    "r@5": 1.0,
    "ndcg@5": 0.6309297535714575,
    "p@10": 0.1,
    "r@10": 1.0,
    "ndcg@10": 0.6309297535714575
  },
  "retrieved": [
    4353,
    4344,
    4342,
    4357,
    4358,
    4348,
    4352,
    4350,
    4333,
    4343
  ]
}