{
  "qid": 109015,
  "query": "Quyết định khởi tố vụ án khủng bố nhằm chống chính quyền nhân dân phải có những nội dung nào?",
  "metrics": {
    "mrr": 0.2,
    "map": 0.1,
    "p@1": 0.0,
    "r@1": 0.0,
    "ndcg@1": 0.0,
    "p@5": 0.2,
    "r@5": 0.5,
    "ndcg@5": 0.23719771276929622,
    "p@10": 0.1,
    "r@10": 0.5,
    "ndcg@10": 0.23719771276929622
  },
  "retrieved": [
    10641,
    10636,
    10517,
    10638,
    10631,
    10633,
    10630,
    10642,
    10513,
    7156
  ]
}