{
  "qid": 109042,
  "query": "Không nộp xuất bản phẩm cho Thư viện quốc gia Việt Nam thì nhà xuất bản bị xử phạt vi phạm hành chính thế nào?",
  "metrics": {
    "mrr": 0.3333333333333333,
    "map": 0.3333333333333333,
    "p@1": 0.0,
    "r@1": 0.0,
    "ndcg@1": 0.0,
    "p@5": 0.2,
    "r@5": 1.0,
    "ndcg@5": 0.5,
    "p@10": 0.1,
    "r@10": 1.0,
    "ndcg@10": 0.5
  },
  "retrieved": [
    1463,
    14904,
    14927,
    14923,
    14929,
    14903,
    14931,
    14925,
    14928,
    7737
  ]
}