{
  "qid": 10923,
  "query": "Trong quá trình thực hiện cuộc thanh tra tiến thành thu thập thông tin, tài liệu liên quan như thế nào?",
  "metrics": {
    "mrr": 0.25,
    "map": 0.25,
    "p@1": 0.0,
    "r@1": 0.0,
    "ndcg@1": 0.0,
    "p@5": 0.2,
    "r@5": 1.0,
    "ndcg@5": 0.43067655807339306,
    "p@10": 0.1,
    "r@10": 1.0,
    "ndcg@10": 0.43067655807339306
  },
  "retrieved": [
    4972,
    2017,
    6157,
    4971,
    1512,
    1496,
    6159,
    4842,
    6158,
    2215
  ]
}