{
  "qid": 109577,
  "query": "Tiêu chuẩn của viên chức trợ giúp viên pháp lý hạng II hiện nay là gì?",
  "metrics": {
    "mrr": 0.5,
    "map": 0.5,
    "p@1": 0.0,
    "r@1": 0.0,
    "ndcg@1": 0.0,
    "p@5": 0.2,
    "r@5": 1.0,
    "ndcg@5": 0.6309297535714575,
    "p@10": 0.1,
    "r@10": 1.0,
    "ndcg@10": 0.6309297535714575
  },
  "retrieved": [
    8611,
    8608,
    8606,
    8609,
    8605,
    13119,
    8613,
    3852,
    2820,
    1535
  ]
}