{
  "qid": 109578,
  "query": "Trợ giúp viên pháp lý hạng III phải đáp ứng các tiêu chuẩn nào theo quy định hiện nay?",
  "metrics": {
    "mrr": 0.5,
    "map": 0.5,
    "p@1": 0.0,
    "r@1": 0.0,
    "ndcg@1": 0.0,
    "p@5": 0.2,
    "r@5": 1.0,
    "ndcg@5": 0.6309297535714575,
    "p@10": 0.1,
    "r@10": 1.0,
    "ndcg@10": 0.6309297535714575
  },
  "retrieved": [
    8608,
    8609,
    8611,
    8606,
    8605,
    8613,
    1537,
    1538,
    8607,
    13119
  ]
}