{
  "qid": 109681,
  "query": "Muốn kinh doanh vận tải bằng xe ô tô đối với ô tô chở hàng nông sản tải trọng 850kg thì xin giấy phép ở cơ quan nào?",
  "metrics": {
    "mrr": 0.16666666666666666,
    "map": 0.16666666666666666,
    "p@1": 0.0,
    "r@1": 0.0,
    "ndcg@1": 0.0,
    "p@5": 0.0,
    "r@5": 0.0,
    "ndcg@5": 0.0,
    "p@10": 0.1,
    "r@10": 1.0,
    "ndcg@10": 0.3562071871080222
  },
  "retrieved": [
    10326,
    10321,
    13129,
    10331,
    10333,
    13143,
    13139,
    13137,
    10363,
    13135
  ]
}