{
  "qid": 109680,
  "query": "Kinh doanh vận tải bằng xe ô tô đối với ô tô chở hàng nông sản tải trọng 850kg thì gắn phù hiệu gì?",
  "metrics": {
    "mrr": 0.1111111111111111,
    "map": 0.1111111111111111,
    "p@1": 0.0,
    "r@1": 0.0,
    "ndcg@1": 0.0,
    "p@5": 0.0,
    "r@5": 0.0,
    "ndcg@5": 0.0,
    "p@10": 0.1,
    "r@10": 1.0,
    "ndcg@10": 0.3010299956639812
  },
  "retrieved": [
    10321,
    10326,
    10333,
    13129,
    13162,
    13148,
    13137,
    10331,
    13135,
    13132
  ]
}