{
  "qid": 109736,
  "query": "Ai có trách nhiệm cấp tài khoản đăng ký trực tuyến? Hệ thống đăng ký trực tuyến hoạt động ra sao?",
  "metrics": {
    "mrr": 0.14285714285714285,
    "map": 0.14285714285714285,
    "p@1": 0.0,
    "r@1": 0.0,
    "ndcg@1": 0.0,
    "p@5": 0.0,
    "r@5": 0.0,
    "ndcg@5": 0.0,
    "p@10": 0.1,
    "r@10": 1.0,
    "ndcg@10": 0.3333333333333333
  },
  "retrieved": [
    7573,
    11224,
    7578,
    11226,
    7584,
    7582,
    11225,
    7574,
    7579,
    3319
  ]
}