{
  "qid": 109774,
  "query": "Kế toán quản trị tại các bộ phận liên quan có thuộc thẩm quyền giám sát của kế toán trưởng hay không?",
  "metrics": {
    "mrr": 1.0,
    "map": 0.5,
    "p@1": 1.0,
    "r@1": 0.5,
    "ndcg@1": 1.0,
    "p@5": 0.2,
    "r@5": 0.5,
    "ndcg@5": 0.6131471927654584,
    "p@10": 0.1,
    "r@10": 0.5,
    "ndcg@10": 0.6131471927654584
  },
  "retrieved": [
    2897,
    2895,
    9147,
    2884,
    4392,
    5687,
    4399,
    9144,
    2891,
    4396
  ]
}