{
  "qid": 109984,
  "query": "Hồ sơ ghi chú kết hôn bao gồm những gì?",
  "metrics": {
    "mrr": 0.3333333333333333,
    "map": 0.3333333333333333,
    "p@1": 0.0,
    "r@1": 0.0,
    "ndcg@1": 0.0,
    "p@5": 0.2,
    "r@5": 1.0,
    "ndcg@5": 0.5,
    "p@10": 0.1,
    "r@10": 1.0,
    "ndcg@10": 0.5
  },
  "retrieved": [
    2272,
    4582,
    2271,
    4576,
    4578,
    4575,
    2273,
    4556,
    4574,
    4565
  ]
}