{
  "qid": 110048,
  "query": "Điều lệ đua trong kinh doanh đặt cược đua ngựa, đua chó do doanh nghiệp hay nhà nước ban hành?",
  "metrics": {
    "mrr": 0.5,
    "map": 0.5,
    "p@1": 0.0,
    "r@1": 0.0,
    "ndcg@1": 0.0,
    "p@5": 0.2,
    "r@5": 1.0,
    "ndcg@5": 0.6309297535714575,
    "p@10": 0.1,
    "r@10": 1.0,
    "ndcg@10": 0.6309297535714575
  },
  "retrieved": [
    6488,
    6487,
    11029,
    6490,
    6537,
    6489,
    6491,
    6494,
    6493,
    11030
  ]
}