{
  "qid": 110141,
  "query": "Doanh nghiệp xây dựng tỷ lệ trả thưởng thấp hơn mức 65% trên doanh thu bán vé đặt cược có được không?",
  "metrics": {
    "mrr": 0.3333333333333333,
    "map": 0.3333333333333333,
    "p@1": 0.0,
    "r@1": 0.0,
    "ndcg@1": 0.0,
    "p@5": 0.2,
    "r@5": 1.0,
    "ndcg@5": 0.5,
    "p@10": 0.1,
    "r@10": 1.0,
    "ndcg@10": 0.5
  },
  "retrieved": [
    6474,
    6465,
    6525,
    6483,
    11033,
    357,
    6472,
    6518,
    350,
    6470
  ]
}