{
  "qid": 11042,
  "query": "Trường mầm non tư thục có thể bố trí kế toán và thủ quỹ do cùng một người kiêm nhiệm không?",
  "metrics": {
    "mrr": 0.5,
    "map": 0.5,
    "p@1": 0.0,
    "r@1": 0.0,
    "ndcg@1": 0.0,
    "p@5": 0.2,
    "r@5": 1.0,
    "ndcg@5": 0.6309297535714575,
    "p@10": 0.1,
    "r@10": 1.0,
    "ndcg@10": 0.6309297535714575
  },
  "retrieved": [
    6360,
    6359,
    1529,
    11926,
    6356,
    6361,
    6751,
    7318,
    6357,
    6358
  ]
}