{
  "qid": 110570,
  "query": "Giáo viên sửa điểm thi sẽ bị xử phạt vi phạm hành chính bao nhiêu tiền theo quy định của pháp luật?",
  "metrics": {
    "mrr": 0.25,
    "map": 0.25,
    "p@1": 0.0,
    "r@1": 0.0,
    "ndcg@1": 0.0,
    "p@5": 0.2,
    "r@5": 1.0,
    "ndcg@5": 0.43067655807339306,
    "p@10": 0.1,
    "r@10": 1.0,
    "ndcg@10": 0.43067655807339306
  },
  "retrieved": [
    4615,
    12022,
    4621,
    4604,
    3304,
    11611,
    4625,
    10366,
    14198,
    3299
  ]
}