{
  "qid": 110684,
  "query": "Công chức Kiểm lâm thuộc tổ chức Kiểm lâm cấp tỉnh được hưởng các chế độ chính sách gì?",
  "metrics": {
    "mrr": 0.16666666666666666,
    "map": 0.16666666666666666,
    "p@1": 0.0,
    "r@1": 0.0,
    "ndcg@1": 0.0,
    "p@5": 0.0,
    "r@5": 0.0,
    "ndcg@5": 0.0,
    "p@10": 0.1,
    "r@10": 1.0,
    "ndcg@10": 0.3562071871080222
  },
  "retrieved": [
    1223,
    1221,
    7050,
    1213,
    1204,
    1216,
    7051,
    1205,
    1214,
    1207
  ]
}