{
  "qid": 110726,
  "query": "Trường hợp nào quân nhân chuyên nghiệp có thể nghỉ phép nhưng lại không bị trừ ngày phép năm?",
  "metrics": {
    "mrr": 0.2,
    "map": 0.2,
    "p@1": 0.0,
    "r@1": 0.0,
    "ndcg@1": 0.0,
    "p@5": 0.2,
    "r@5": 1.0,
    "ndcg@5": 0.38685280723454163,
    "p@10": 0.1,
    "r@10": 1.0,
    "ndcg@10": 0.38685280723454163
  },
  "retrieved": [
    13889,
    13882,
    13887,
    13880,
    13883,
    6943,
    13888,
    13881,
    13884,
    13886
  ]
}