{
  "qid": 110782,
  "query": "Hội đồng xét xử phúc thẩm có được sửa bán án sơ thẩm hay không?",
  "metrics": {
    "mrr": 0.3333333333333333,
    "map": 0.3333333333333333,
    "p@1": 0.0,
    "r@1": 0.0,
    "ndcg@1": 0.0,
    "p@5": 0.2,
    "r@5": 1.0,
    "ndcg@5": 0.5,
    "p@10": 0.1,
    "r@10": 1.0,
    "ndcg@10": 0.5
  },
  "retrieved": [
    10834,
    10835,
    10832,
    10737,
    10836,
    12728,
    10865,
    9242,
    10739,
    10868
  ]
}