{
  "qid": 111167,
  "query": "Việc rà soát, đối chiếu văn bản điều ước quốc tế được thực hiện như thế nào?",
  "metrics": {
    "mrr": 0.5,
    "map": 0.5,
    "p@1": 0.0,
    "r@1": 0.0,
    "ndcg@1": 0.0,
    "p@5": 0.2,
    "r@5": 1.0,
    "ndcg@5": 0.6309297535714575,
    "p@10": 0.1,
    "r@10": 1.0,
    "ndcg@10": 0.6309297535714575
  },
  "retrieved": [
    12182,
    12180,
    12162,
    12205,
    12238,
    12221,
    12234,
    12159,
    12206,
    12210
  ]
}