{
  "qid": 111100,
  "query": "Lãnh sự danh dự nước Việt Nam được thực hiện các hoạt động nghề nghiệp hoặc thương mại của cá nhân không?",
  "metrics": {
    "mrr": 0.5,
    "map": 0.5,
    "p@1": 0.0,
    "r@1": 0.0,
    "ndcg@1": 0.0,
    "p@5": 0.2,
    "r@5": 1.0,
    "ndcg@5": 0.6309297535714575,
    "p@10": 0.1,
    "r@10": 1.0,
    "ndcg@10": 0.6309297535714575
  },
  "retrieved": [
    1417,
    1400,
    1410,
    1414,
    1413,
    1405,
    1418,
    1406,
    1412,
    1415
  ]
}