{
  "qid": 111168,
  "query": "Việc tổ chức ký điều ước quốc tế được quy định như thế nào?",
  "metrics": {
    "mrr": 0.5,
    "map": 0.5,
    "p@1": 0.0,
    "r@1": 0.0,
    "ndcg@1": 0.0,
    "p@5": 0.2,
    "r@5": 1.0,
    "ndcg@5": 0.6309297535714575,
    "p@10": 0.1,
    "r@10": 1.0,
    "ndcg@10": 0.6309297535714575
  },
  "retrieved": [
    12183,
    12181,
    12182,
    12172,
    12205,
    12229,
    12175,
    12161,
    12173,
    12159
  ]
}