{
  "qid": 111659,
  "query": "Tài xế chở quá trọng lượng hàng hóa so với giấy phép lưu hành bị phạt bao nhiêu tiền?",
  "metrics": {
    "mrr": 0.5,
    "map": 0.5,
    "p@1": 0.0,
    "r@1": 0.0,
    "ndcg@1": 0.0,
    "p@5": 0.2,
    "r@5": 1.0,
    "ndcg@5": 0.6309297535714575,
    "p@10": 0.1,
    "r@10": 1.0,
    "ndcg@10": 0.6309297535714575
  },
  "retrieved": [
    10321,
    10323,
    10331,
    10333,
    10326,
    10322,
    10325,
    13135,
    13129,
    10363
  ]
}