{
  "qid": 111682,
  "query": "Doanh nghiệp cần phải tuân thủ những nguyên tắc kế toán nào?",
  "metrics": {
    "mrr": 0.3333333333333333,
    "map": 0.3333333333333333,
    "p@1": 0.0,
    "r@1": 0.0,
    "ndcg@1": 0.0,
    "p@5": 0.2,
    "r@5": 1.0,
    "ndcg@5": 0.5,
    "p@10": 0.1,
    "r@10": 1.0,
    "ndcg@10": 0.5
  },
  "retrieved": [
    5824,
    12085,
    2850,
    2873,
    9146,
    2847,
    9147,
    2897,
    12084,
    12079
  ]
}