{
  "qid": 112072,
  "query": "Quy định về điều lệ tổ chức và hoạt động đối với tổ chức khoa học và công nghệ công lập cần đáp ứng những điều kiện gì?",
  "metrics": {
    "mrr": 0.25,
    "map": 0.25,
    "p@1": 0.0,
    "r@1": 0.0,
    "ndcg@1": 0.0,
    "p@5": 0.2,
    "r@5": 1.0,
    "ndcg@5": 0.43067655807339306,
    "p@10": 0.1,
    "r@10": 1.0,
    "ndcg@10": 0.43067655807339306
  },
  "retrieved": [
    8235,
    8249,
    8234,
    8232,
    8242,
    8243,
    8231,
    8251,
    8237,
    8246
  ]
}