{
  "qid": 112063,
  "query": "Khi thực hiện sửa chữa sổ kế toán có bắt buộc phải có chữ ký của kế toán trưởng đơn vị kế toán hay không?",
  "metrics": {
    "mrr": 0.5,
    "map": 0.5,
    "p@1": 0.0,
    "r@1": 0.0,
    "ndcg@1": 0.0,
    "p@5": 0.2,
    "r@5": 1.0,
    "ndcg@5": 0.6309297535714575,
    "p@10": 0.1,
    "r@10": 1.0,
    "ndcg@10": 0.6309297535714575
  },
  "retrieved": [
    5827,
    2871,
    2862,
    5826,
    12083,
    2863,
    2868,
    2873,
    4395,
    2899
  ]
}