{
  "qid": 112645,
  "query": "Văn bản thông báo người được phong phẩm hoặc suy cử làm chức sắc trong các tổ chức tôn giáo bao gồm những nội dung gì?",
  "metrics": {
    "mrr": 0.3333333333333333,
    "map": 0.3333333333333333,
    "p@1": 0.0,
    "r@1": 0.0,
    "ndcg@1": 0.0,
    "p@5": 0.2,
    "r@5": 1.0,
    "ndcg@5": 0.5,
    "p@10": 0.1,
    "r@10": 1.0,
    "ndcg@10": 0.5
  },
  "retrieved": [
    2181,
    2162,
    2163,
    4261,
    2164,
    2153,
    2132,
    2150,
    2166,
    2165
  ]
}