{
  "qid": 112993,
  "query": "Có được ký bằng mực đỏ trong biên bản đánh giá lại tài sản cố định áp dụng đối với doanh nghiệp vừa và nhỏ không?",
  "metrics": {
    "mrr": 0.5,
    "map": 0.5,
    "p@1": 0.0,
    "r@1": 0.0,
    "ndcg@1": 0.0,
    "p@5": 0.2,
    "r@5": 1.0,
    "ndcg@5": 0.6309297535714575,
    "p@10": 0.1,
    "r@10": 1.0,
    "ndcg@10": 0.6309297535714575
  },
  "retrieved": [
    2863,
    2862,
    8697,
    2871,
    13202,
    5757,
    2295,
    2865,
    9653,
    5827
  ]
}