{
  "qid": 113087,
  "query": "Giải thưởng về chất lượng công trình xây dựng gồm những hình thức nào?",
  "metrics": {
    "mrr": 0.3333333333333333,
    "map": 0.3333333333333333,
    "p@1": 0.0,
    "r@1": 0.0,
    "ndcg@1": 0.0,
    "p@5": 0.2,
    "r@5": 1.0,
    "ndcg@5": 0.5,
    "p@10": 0.1,
    "r@10": 1.0,
    "ndcg@10": 0.5
  },
  "retrieved": [
    4280,
    4281,
    6877,
    4276,
    4279,
    4282,
    4286,
    6897,
    13239,
    13199
  ]
}