{
  "qid": 114161,
  "query": "Được dùng ngoại tệ để thanh toán số tiền mua, bán nợ hay không?",
  "metrics": {
    "mrr": 0.3333333333333333,
    "map": 0.3333333333333333,
    "p@1": 0.0,
    "r@1": 0.0,
    "ndcg@1": 0.0,
    "p@5": 0.2,
    "r@5": 1.0,
    "ndcg@5": 0.5,
    "p@10": 0.1,
    "r@10": 1.0,
    "ndcg@10": 0.5
  },
  "retrieved": [
    9553,
    2438,
    9552,
    6819,
    6817,
    13449,
    2434,
    937,
    13451,
    2771
  ]
}