{
  "qid": 114159,
  "query": "Thời hạn thanh toán số tiền mua, bán nợ có bắt buộc ghi trong hợp đồng mua, bán nợ hay không?",
  "metrics": {
    "mrr": 0.16666666666666666,
    "map": 0.16666666666666666,
    "p@1": 0.0,
    "r@1": 0.0,
    "ndcg@1": 0.0,
    "p@5": 0.0,
    "r@5": 0.0,
    "ndcg@5": 0.0,
    "p@10": 0.1,
    "r@10": 1.0,
    "ndcg@10": 0.3562071871080222
  },
  "retrieved": [
    2434,
    2445,
    2444,
    2437,
    9547,
    9557,
    2438,
    2436,
    13449,
    9553
  ]
}