{
  "qid": 11429,
  "query": "Việc xem xét dấu vết trên thân thể trong tố tụng hình sự được trưng cầu giám định trong trường hợp nào?",
  "metrics": {
    "mrr": 0.5,
    "map": 0.5,
    "p@1": 0.0,
    "r@1": 0.0,
    "ndcg@1": 0.0,
    "p@5": 0.2,
    "r@5": 1.0,
    "ndcg@5": 0.6309297535714575,
    "p@10": 0.1,
    "r@10": 1.0,
    "ndcg@10": 0.6309297535714575
  },
  "retrieved": [
    10679,
    10680,
    339,
    10514,
    10678,
    2829,
    344,
    10624,
    1006,
    10684
  ]
}