{
  "qid": 114215,
  "query": "Ký hợp đồng dịch vụ bảo vệ với công an xã phường để làm nhân viên bảo vệ được hay không?",
  "metrics": {
    "mrr": 0.14285714285714285,
    "map": 0.14285714285714285,
    "p@1": 0.0,
    "r@1": 0.0,
    "ndcg@1": 0.0,
    "p@5": 0.0,
    "r@5": 0.0,
    "ndcg@5": 0.0,
    "p@10": 0.1,
    "r@10": 1.0,
    "ndcg@10": 0.3333333333333333
  },
  "retrieved": [
    11641,
    13312,
    10338,
    6079,
    11470,
    13293,
    6069,
    13288,
    5874,
    6076
  ]
}