{
  "qid": 114418,
  "query": "Quy định về thực hiện chức năng quản lý Nhà nước Cảng vụ thuộc Cục Đường thủy nội địa Việt Nam hiện hành ra sao?",
  "metrics": {
    "mrr": 0.25,
    "map": 0.25,
    "p@1": 0.0,
    "r@1": 0.0,
    "ndcg@1": 0.0,
    "p@5": 0.2,
    "r@5": 1.0,
    "ndcg@5": 0.43067655807339306,
    "p@10": 0.1,
    "r@10": 1.0,
    "ndcg@10": 0.43067655807339306
  },
  "retrieved": [
    5196,
    5205,
    5200,
    9109,
    9105,
    5197,
    9113,
    9111,
    9088,
    5194
  ]
}