{
  "qid": 114425,
  "query": "Trường hợp nào người điều khiển xe máy có đội mũ bảo hiểm nhưng vẫn bị phạt?",
  "metrics": {
    "mrr": 0.5,
    "map": 0.5,
    "p@1": 0.0,
    "r@1": 0.0,
    "ndcg@1": 0.0,
    "p@5": 0.2,
    "r@5": 1.0,
    "ndcg@5": 0.6309297535714575,
    "p@10": 0.1,
    "r@10": 1.0,
    "ndcg@10": 0.6309297535714575
  },
  "retrieved": [
    10306,
    6177,
    6171,
    10309,
    6170,
    10345,
    10304,
    6172,
    10332,
    6180
  ]
}