{
  "qid": 114718,
  "query": "Sử dụng phương tiện vận chuyển vật liệu phóng xạ không đúng quy định về an toàn bức xạ thì tổ chức bị xử phạt thế nào?",
  "metrics": {
    "mrr": 0.25,
    "map": 0.125,
    "p@1": 0.0,
    "r@1": 0.0,
    "ndcg@1": 0.0,
    "p@5": 0.2,
    "r@5": 0.5,
    "ndcg@5": 0.2640681225725909,
    "p@10": 0.1,
    "r@10": 0.5,
    "ndcg@10": 0.2640681225725909
  },
  "retrieved": [
    12024,
    12023,
    12032,
    12035,
    6936,
    12019,
    12056,
    6937,
    12021,
    12037
  ]
}