{
  "qid": 114715,
  "query": "Công ty kinh doanh dịch vụ lữ hành nội địa có phải thông tin về chương trình du lịch cho khách du lịch không?",
  "metrics": {
    "mrr": 0.5,
    "map": 0.5,
    "p@1": 0.0,
    "r@1": 0.0,
    "ndcg@1": 0.0,
    "p@5": 0.2,
    "r@5": 1.0,
    "ndcg@5": 0.6309297535714575,
    "p@10": 0.1,
    "r@10": 1.0,
    "ndcg@10": 0.6309297535714575
  },
  "retrieved": [
    9773,
    9780,
    9774,
    9801,
    6610,
    9775,
    6607,
    9783,
    9808,
    6624
  ]
}