{
  "qid": 114831,
  "query": "Tổ chức tôn giáo có địa bàn hoạt động ở nhiều tỉnh muốn được công nhận phải đáp ứng những điều kiện gì?",
  "metrics": {
    "mrr": 0.3333333333333333,
    "map": 0.3333333333333333,
    "p@1": 0.0,
    "r@1": 0.0,
    "ndcg@1": 0.0,
    "p@5": 0.2,
    "r@5": 1.0,
    "ndcg@5": 0.5,
    "p@10": 0.1,
    "r@10": 1.0,
    "ndcg@10": 0.5
  },
  "retrieved": [
    2173,
    2152,
    2146,
    2197,
    2164,
    2175,
    2165,
    2155,
    2160,
    2176
  ]
}