{
  "qid": 114921,
  "query": "Vừa được bằng khen của Ủy ban nhân dân tỉnh vừa được danh hiệu thi đua thì được nhận tiền thưởng như thế nào?",
  "metrics": {
    "mrr": 0.5,
    "map": 0.5,
    "p@1": 0.0,
    "r@1": 0.0,
    "ndcg@1": 0.0,
    "p@5": 0.2,
    "r@5": 1.0,
    "ndcg@5": 0.6309297535714575,
    "p@10": 0.1,
    "r@10": 1.0,
    "ndcg@10": 0.6309297535714575
  },
  "retrieved": [
    2108,
    3497,
    10045,
    1369,
    8869,
    7846,
    6285,
    7717,
    7873,
    5622
  ]
}