{
  "qid": 115038,
  "query": "Khi được xét bổ nhiệm chức vụ thì hạ sĩ quan Quân đội nhân dân Việt Nam phải đáp ứng được các tiêu chuẩn gì?",
  "metrics": {
    "mrr": 0.14285714285714285,
    "map": 0.14285714285714285,
    "p@1": 0.0,
    "r@1": 0.0,
    "ndcg@1": 0.0,
    "p@5": 0.0,
    "r@5": 0.0,
    "ndcg@5": 0.0,
    "p@10": 0.1,
    "r@10": 1.0,
    "ndcg@10": 0.3333333333333333
  },
  "retrieved": [
    7332,
    7341,
    7328,
    7336,
    7334,
    7340,
    7337,
    7331,
    7335,
    7329
  ]
}