{
  "qid": 11500,
  "query": "Có những hình thức khen thưởng nào của Tòa án nhân dân?",
  "metrics": {
    "mrr": 0.14285714285714285,
    "map": 0.14285714285714285,
    "p@1": 0.0,
    "r@1": 0.0,
    "ndcg@1": 0.0,
    "p@5": 0.0,
    "r@5": 0.0,
    "ndcg@5": 0.0,
    "p@10": 0.1,
    "r@10": 1.0,
    "ndcg@10": 0.3333333333333333
  },
  "retrieved": [
    1156,
    1163,
    1130,
    1159,
    1162,
    1160,
    1151,
    1148,
    1157,
    1173
  ]
}