{
  "qid": 115133,
  "query": "Hội đồng xét xử phúc thẩm có quyền hủy bản án hình sự sơ thẩm và chuyển hồ sơ vụ án để xét xử lại không?",
  "metrics": {
    "mrr": 0.3333333333333333,
    "map": 0.3333333333333333,
    "p@1": 0.0,
    "r@1": 0.0,
    "ndcg@1": 0.0,
    "p@5": 0.2,
    "r@5": 1.0,
    "ndcg@5": 0.5,
    "p@10": 0.1,
    "r@10": 1.0,
    "ndcg@10": 0.5
  },
  "retrieved": [
    10835,
    10837,
    10832,
    10873,
    12728,
    10737,
    10865,
    10836,
    10868,
    10839
  ]
}