{
  "qid": 115251,
  "query": "Những phương tiện nào bắt buộc phải gắn camera hành trình?",
  "metrics": {
    "mrr": 0.3333333333333333,
    "map": 0.3333333333333333,
    "p@1": 0.0,
    "r@1": 0.0,
    "ndcg@1": 0.0,
    "p@5": 0.2,
    "r@5": 1.0,
    "ndcg@5": 0.5,
    "p@10": 0.1,
    "r@10": 1.0,
    "ndcg@10": 0.5
  },
  "retrieved": [
    13149,
    10326,
    13138,
    2825,
    13129,
    13132,
    10321,
    9790,
    10333,
    13148
  ]
}