{
  "qid": 115205,
  "query": "Người kháng cáo có được thay đổi kháng cáo bản án hình sự sơ thẩm ngay tại phiên tòa phúc thẩm hay không?",
  "metrics": {
    "mrr": 0.3333333333333333,
    "map": 0.3333333333333333,
    "p@1": 0.0,
    "r@1": 0.0,
    "ndcg@1": 0.0,
    "p@5": 0.2,
    "r@5": 1.0,
    "ndcg@5": 0.5,
    "p@10": 0.1,
    "r@10": 1.0,
    "ndcg@10": 0.5
  },
  "retrieved": [
    10825,
    10831,
    10819,
    10737,
    10839,
    10743,
    10830,
    10504,
    10732,
    10828
  ]
}