{
  "qid": 115422,
  "query": "Để xây dựng những kết cấu hạ tầng đường thủy nội địa cần dựa trên nguyên tắc gì?",
  "metrics": {
    "mrr": 0.5,
    "map": 0.5,
    "p@1": 0.0,
    "r@1": 0.0,
    "ndcg@1": 0.0,
    "p@5": 0.2,
    "r@5": 1.0,
    "ndcg@5": 0.6309297535714575,
    "p@10": 0.1,
    "r@10": 1.0,
    "ndcg@10": 0.6309297535714575
  },
  "retrieved": [
    9049,
    9048,
    9079,
    9050,
    9075,
    9105,
    9108,
    9080,
    9083,
    9045
  ]
}