{
  "qid": 115682,
  "query": "Trong tố tụng hình sự cơ quan nào có thẩm quyền ra quyết định hoãn phiên tòa?",
  "metrics": {
    "mrr": 0.3333333333333333,
    "map": 0.3333333333333333,
    "p@1": 0.0,
    "r@1": 0.0,
    "ndcg@1": 0.0,
    "p@5": 0.2,
    "r@5": 1.0,
    "ndcg@5": 0.5,
    "p@10": 0.1,
    "r@10": 1.0,
    "ndcg@10": 0.5
  },
  "retrieved": [
    10859,
    10530,
    10774,
    10765,
    10528,
    10522,
    10778,
    10770,
    10771,
    10768
  ]
}