{
  "qid": 11578,
  "query": "Có thể cải chính hộ tịch bằng việc thay đổi ngày, tháng, năm sinh trên giấy tờ tùy thân được hay không?",
  "metrics": {
    "mrr": 0.16666666666666666,
    "map": 0.16666666666666666,
    "p@1": 0.0,
    "r@1": 0.0,
    "ndcg@1": 0.0,
    "p@5": 0.0,
    "r@5": 0.0,
    "ndcg@5": 0.0,
    "p@10": 0.1,
    "r@10": 1.0,
    "ndcg@10": 0.3562071871080222
  },
  "retrieved": [
    4584,
    4569,
    4571,
    4573,
    4588,
    4570,
    4565,
    2266,
    4576,
    4582
  ]
}