{
  "qid": 115755,
  "query": "Xây nhà trên đất nông nghiệp sẽ bị xử phạt như thế nào?",
  "metrics": {
    "mrr": 0.5,
    "map": 0.5,
    "p@1": 0.0,
    "r@1": 0.0,
    "ndcg@1": 0.0,
    "p@5": 0.2,
    "r@5": 1.0,
    "ndcg@5": 0.6309297535714575,
    "p@10": 0.1,
    "r@10": 1.0,
    "ndcg@10": 0.6309297535714575
  },
  "retrieved": [
    11105,
    11102,
    11106,
    11120,
    11107,
    11101,
    11119,
    11110,
    11117,
    11126
  ]
}