{
  "qid": 115801,
  "query": "Người sử dụng đất chuyển đổi mục đích sử dụng đất đối với đất nông nghiệp trồng lúa mà không xin phép thì bị xử phạt như thế nào?",
  "metrics": {
    "mrr": 0.2,
    "map": 0.2,
    "p@1": 0.0,
    "r@1": 0.0,
    "ndcg@1": 0.0,
    "p@5": 0.2,
    "r@5": 1.0,
    "ndcg@5": 0.38685280723454163,
    "p@10": 0.1,
    "r@10": 1.0,
    "ndcg@10": 0.38685280723454163
  },
  "retrieved": [
    11119,
    11106,
    11117,
    1590,
    11102,
    1589,
    11105,
    1580,
    11110,
    10351
  ]
}