{
  "qid": 115808,
  "query": "Khi Thẻ nhân viên tiếp cận cộng đồng bị mất thì có phải báo cho người đứng đầu dự án để đề nghị cấp lại Thẻ không?",
  "metrics": {
    "mrr": 0.5,
    "map": 0.5,
    "p@1": 0.0,
    "r@1": 0.0,
    "ndcg@1": 0.0,
    "p@5": 0.2,
    "r@5": 1.0,
    "ndcg@5": 0.6309297535714575,
    "p@10": 0.1,
    "r@10": 1.0,
    "ndcg@10": 0.6309297535714575
  },
  "retrieved": [
    2949,
    2948,
    2950,
    2954,
    2952,
    2947,
    2953,
    14563,
    2946,
    1696
  ]
}