{
  "qid": 116188,
  "query": "Khi thụ lý vụ án có đơn kháng cáo thì tòa án cấp phúc thẩm cần phân công thẩm phán làm chủ tọa phiên tòa trong thời hạn bao nhiêu ngày?",
  "metrics": {
    "mrr": 0.3333333333333333,
    "map": 0.3333333333333333,
    "p@1": 0.0,
    "r@1": 0.0,
    "ndcg@1": 0.0,
    "p@5": 0.2,
    "r@5": 1.0,
    "ndcg@5": 0.5,
    "p@10": 0.1,
    "r@10": 1.0,
    "ndcg@10": 0.5
  },
  "retrieved": [
    10823,
    10825,
    10817,
    10754,
    10932,
    10522,
    10831,
    10732,
    10765,
    10930
  ]
}