{
  "qid": 116128,
  "query": "Các trường hợp nào sẽ được miễn trừ khai báo hóa chất?",
  "metrics": {
    "mrr": 0.5,
    "map": 0.5,
    "p@1": 0.0,
    "r@1": 0.0,
    "ndcg@1": 0.0,
    "p@5": 0.2,
    "r@5": 1.0,
    "ndcg@5": 0.6309297535714575,
    "p@10": 0.1,
    "r@10": 1.0,
    "ndcg@10": 0.6309297535714575
  },
  "retrieved": [
    13915,
    13918,
    13917,
    13926,
    13891,
    13903,
    13919,
    4498,
    13916,
    1224
  ]
}