{
  "qid": 116401,
  "query": "Cấp lại chứng chỉ hành nghề hoạt động đấu thầu trong trường hợp nào?",
  "metrics": {
    "mrr": 0.3333333333333333,
    "map": 0.3333333333333333,
    "p@1": 0.0,
    "r@1": 0.0,
    "ndcg@1": 0.0,
    "p@5": 0.2,
    "r@5": 1.0,
    "ndcg@5": 0.5,
    "p@10": 0.1,
    "r@10": 1.0,
    "ndcg@10": 0.5
  },
  "retrieved": [
    4512,
    4514,
    4518,
    4513,
    4521,
    6409,
    4506,
    4505,
    89,
    4517
  ]
}