{
  "qid": 116458,
  "query": "06 điều kiện để tổ chức được cấp chứng nhận đăng ký hoạt động tôn giáo hiện nay là gì?",
  "metrics": {
    "mrr": 0.5,
    "map": 0.5,
    "p@1": 0.0,
    "r@1": 0.0,
    "ndcg@1": 0.0,
    "p@5": 0.2,
    "r@5": 1.0,
    "ndcg@5": 0.6309297535714575,
    "p@10": 0.1,
    "r@10": 1.0,
    "ndcg@10": 0.6309297535714575
  },
  "retrieved": [
    2197,
    2146,
    2150,
    2173,
    2164,
    2147,
    2175,
    2178,
    8240,
    2155
  ]
}