{
  "qid": 116402,
  "query": "Hồ sơ đề nghị cấp lại chứng chỉ hành nghề hoạt động đấu thầu bao gồm những giấy tờ gì?",
  "metrics": {
    "mrr": 0.5,
    "map": 0.5,
    "p@1": 0.0,
    "r@1": 0.0,
    "ndcg@1": 0.0,
    "p@5": 0.2,
    "r@5": 1.0,
    "ndcg@5": 0.6309297535714575,
    "p@10": 0.1,
    "r@10": 1.0,
    "ndcg@10": 0.6309297535714575
  },
  "retrieved": [
    4512,
    4518,
    4514,
    4513,
    6409,
    12355,
    704,
    12356,
    4506,
    4505
  ]
}