{
  "qid": 116597,
  "query": "Chánh Thanh tra Sở Tài nguyên và Môi trường được quyền xử phạt tổ chức khai thác vàng nhưng không có Giám đốc điều hành mỏ không?",
  "metrics": {
    "mrr": 0.16666666666666666,
    "map": 0.16666666666666666,
    "p@1": 0.0,
    "r@1": 0.0,
    "ndcg@1": 0.0,
    "p@5": 0.0,
    "r@5": 0.0,
    "ndcg@5": 0.0,
    "p@10": 0.1,
    "r@10": 1.0,
    "ndcg@10": 0.3562071871080222
  },
  "retrieved": [
    11127,
    11615,
    1805,
    3304,
    14198,
    4637,
    14935,
    7031,
    13375,
    11837
  ]
}