{
  "qid": 116684,
  "query": "Viên chức hướng dẫn viên văn hóa hạng III là tiến sĩ được hưởng mức lương bao nhiêu?",
  "metrics": {
    "mrr": 0.5,
    "map": 0.5,
    "p@1": 0.0,
    "r@1": 0.0,
    "ndcg@1": 0.0,
    "p@5": 0.2,
    "r@5": 1.0,
    "ndcg@5": 0.6309297535714575,
    "p@10": 0.1,
    "r@10": 1.0,
    "ndcg@10": 0.6309297535714575
  },
  "retrieved": [
    6460,
    1536,
    8612,
    8457,
    6459,
    13119,
    7726,
    1537,
    6455,
    7561
  ]
}