{
  "qid": 116622,
  "query": "Bác sĩ từ chối xác định giới tính thai nhi là đúng hay sai?",
  "metrics": {
    "mrr": 0.3333333333333333,
    "map": 0.3333333333333333,
    "p@1": 0.0,
    "r@1": 0.0,
    "ndcg@1": 0.0,
    "p@5": 0.2,
    "r@5": 1.0,
    "ndcg@5": 0.5,
    "p@10": 0.1,
    "r@10": 1.0,
    "ndcg@10": 0.5
  },
  "retrieved": [
    14641,
    14638,
    11564,
    14639,
    14640,
    14586,
    14577,
    14576,
    14564,
    14568
  ]
}