{
  "qid": 116700,
  "query": "Thanh tra Bộ Văn hóa, Thể thao và Du lịch có các nhiệm vụ và quyền hạn gì?",
  "metrics": {
    "mrr": 0.3333333333333333,
    "map": 0.3333333333333333,
    "p@1": 0.0,
    "r@1": 0.0,
    "ndcg@1": 0.0,
    "p@5": 0.2,
    "r@5": 1.0,
    "ndcg@5": 0.5,
    "p@10": 0.1,
    "r@10": 1.0,
    "ndcg@10": 0.5
  },
  "retrieved": [
    7294,
    7288,
    13374,
    9399,
    13400,
    7290,
    4415,
    12521,
    2288,
    13422
  ]
}