{
  "qid": 11679,
  "query": "Để thành lập Hội đồng quản lý trong đơn vị sự nghiệp công lập thuộc lĩnh vực giao thông vận tải thì cần đáp ứng những điều kiện gì?",
  "metrics": {
    "mrr": 0.2,
    "map": 0.2,
    "p@1": 0.0,
    "r@1": 0.0,
    "ndcg@1": 0.0,
    "p@5": 0.2,
    "r@5": 1.0,
    "ndcg@5": 0.38685280723454163,
    "p@10": 0.1,
    "r@10": 1.0,
    "ndcg@10": 0.38685280723454163
  },
  "retrieved": [
    5545,
    5529,
    5528,
    3156,
    3147,
    3149,
    3150,
    5531,
    3148,
    5532
  ]
}