{
  "qid": 117045,
  "query": "Các loại thuế áp dụng cho nhà thầu nước ngoài, nhà thầu phụ nước ngoài?",
  "metrics": {
    "mrr": 0.3333333333333333,
    "map": 0.3333333333333333,
    "p@1": 0.0,
    "r@1": 0.0,
    "ndcg@1": 0.0,
    "p@5": 0.2,
    "r@5": 1.0,
    "ndcg@5": 0.5,
    "p@10": 0.1,
    "r@10": 1.0,
    "ndcg@10": 0.5
  },
  "retrieved": [
    11480,
    11474,
    11473,
    11481,
    11482,
    11475,
    11476,
    11472,
    11479,
    11945
  ]
}