{
  "qid": 117055,
  "query": "Lựa chọn cơ sở bảo dưỡng sửa chữa phụ tùng vật tư tàu bay sẽ thực hiện theo quy trình ra sao?",
  "metrics": {
    "mrr": 0.5,
    "map": 0.5,
    "p@1": 0.0,
    "r@1": 0.0,
    "ndcg@1": 0.0,
    "p@5": 0.2,
    "r@5": 1.0,
    "ndcg@5": 0.6309297535714575,
    "p@10": 0.1,
    "r@10": 1.0,
    "ndcg@10": 0.6309297535714575
  },
  "retrieved": [
    13285,
    13313,
    13282,
    13287,
    13283,
    13284,
    13286,
    13305,
    13311,
    13307
  ]
}