{
  "qid": 117047,
  "query": "Tham vấn trong quá trình thực hiện thủ tục điều tra vụ việc phòng vệ thương mại được thực hiện thế nào?",
  "metrics": {
    "mrr": 0.5,
    "map": 0.5,
    "p@1": 0.0,
    "r@1": 0.0,
    "ndcg@1": 0.0,
    "p@5": 0.2,
    "r@5": 1.0,
    "ndcg@5": 0.6309297535714575,
    "p@10": 0.1,
    "r@10": 1.0,
    "ndcg@10": 0.6309297535714575
  },
  "retrieved": [
    12856,
    5293,
    12860,
    12850,
    5290,
    12848,
    5298,
    5296,
    12940,
    12861
  ]
}