{
  "qid": 117169,
  "query": "Biện pháp ngăn chặn để bảo đảm cho việc xem xét yêu cầu dẫn độ bị hủy bỏ trong trường hợp nào?",
  "metrics": {
    "mrr": 0.3333333333333333,
    "map": 0.3333333333333333,
    "p@1": 0.0,
    "r@1": 0.0,
    "ndcg@1": 0.0,
    "p@5": 0.2,
    "r@5": 1.0,
    "ndcg@5": 0.5,
    "p@10": 0.1,
    "r@10": 1.0,
    "ndcg@10": 0.5
  },
  "retrieved": [
    10970,
    10972,
    10974,
    10973,
    7996,
    10586,
    6703,
    10602,
    10718,
    10824
  ]
}