{
  "qid": 117168,
  "query": "Nguyên tắc phối hợp áp dụng biện pháp điều tra tố tụng đặc biệt giữa Việt Nam và nước có yêu cầu dẫn độ được quy định thế nào?",
  "metrics": {
    "mrr": 0.5,
    "map": 0.5,
    "p@1": 0.0,
    "r@1": 0.0,
    "ndcg@1": 0.0,
    "p@5": 0.2,
    "r@5": 1.0,
    "ndcg@5": 0.6309297535714575,
    "p@10": 0.1,
    "r@10": 1.0,
    "ndcg@10": 0.6309297535714575
  },
  "retrieved": [
    10586,
    10976,
    10892,
    1188,
    10970,
    6703,
    7997,
    1909,
    7990,
    7992
  ]
}