{
  "qid": 117222,
  "query": "Ai có quyền đề nghị trưng cầu giám định trong tố tụng hình sự?",
  "metrics": {
    "mrr": 0.5,
    "map": 0.5,
    "p@1": 0.0,
    "r@1": 0.0,
    "ndcg@1": 0.0,
    "p@5": 0.2,
    "r@5": 1.0,
    "ndcg@5": 0.6309297535714575,
    "p@10": 0.1,
    "r@10": 1.0,
    "ndcg@10": 0.6309297535714575
  },
  "retrieved": [
    7931,
    10684,
    10682,
    2666,
    1010,
    10690,
    10688,
    1008,
    10685,
    7928
  ]
}