{
  "qid": 117280,
  "query": "Hồ sơ hải quan đối với hàng hóa tạm nhập tái xuất cần chuẩn bị những giấy tờ gì?",
  "metrics": {
    "mrr": 0.2,
    "map": 0.2,
    "p@1": 0.0,
    "r@1": 0.0,
    "ndcg@1": 0.0,
    "p@5": 0.2,
    "r@5": 1.0,
    "ndcg@5": 0.38685280723454163,
    "p@10": 0.1,
    "r@10": 1.0,
    "ndcg@10": 0.38685280723454163
  },
  "retrieved": [
    5262,
    5264,
    8356,
    8357,
    8360,
    11996,
    8361,
    8355,
    8363,
    13702
  ]
}