{
  "qid": 117344,
  "query": "Không đăng ký bản công bố chất hỗ trợ chế biến thực phẩm thuộc diện phải đăng ký có bị xử phạt?",
  "metrics": {
    "mrr": 0.25,
    "map": 0.25,
    "p@1": 0.0,
    "r@1": 0.0,
    "ndcg@1": 0.0,
    "p@5": 0.2,
    "r@5": 1.0,
    "ndcg@5": 0.43067655807339306,
    "p@10": 0.1,
    "r@10": 1.0,
    "ndcg@10": 0.43067655807339306
  },
  "retrieved": [
    14188,
    14173,
    14191,
    14190,
    14206,
    14171,
    14189,
    14195,
    14178,
    5284
  ]
}