{
  "qid": 117437,
  "query": "Hóa chất sản xuất, kinh doanh có điều kiện trong lĩnh vực công nghiệp gồm những loại nào?",
  "metrics": {
    "mrr": 0.2,
    "map": 0.2,
    "p@1": 0.0,
    "r@1": 0.0,
    "ndcg@1": 0.0,
    "p@5": 0.2,
    "r@5": 1.0,
    "ndcg@5": 0.38685280723454163,
    "p@10": 0.1,
    "r@10": 1.0,
    "ndcg@10": 0.38685280723454163
  },
  "retrieved": [
    13905,
    13904,
    13891,
    13918,
    13898,
    13907,
    13906,
    13893,
    13926,
    13899
  ]
}