{
  "qid": 117498,
  "query": "Trưởng đoàn thanh tra của Cục Báo chí có quyền xử phạt cơ quan báo chí không thực hiện chế độ báo cáo định kỳ theo quy định không?",
  "metrics": {
    "mrr": 0.5,
    "map": 0.5,
    "p@1": 0.0,
    "r@1": 0.0,
    "ndcg@1": 0.0,
    "p@5": 0.2,
    "r@5": 1.0,
    "ndcg@5": 0.6309297535714575,
    "p@10": 0.1,
    "r@10": 1.0,
    "ndcg@10": 0.6309297535714575
  },
  "retrieved": [
    14198,
    4637,
    14935,
    14906,
    3304,
    14915,
    14922,
    11127,
    14907,
    14912
  ]
}