{
  "qid": 117661,
  "query": "Có được chuyển nhượng Giấy chứng nhận đủ điều kiện kinh doanh đặt cược không?",
  "metrics": {
    "mrr": 0.16666666666666666,
    "map": 0.16666666666666666,
    "p@1": 0.0,
    "r@1": 0.0,
    "ndcg@1": 0.0,
    "p@5": 0.0,
    "r@5": 0.0,
    "ndcg@5": 0.0,
    "p@10": 0.1,
    "r@10": 1.0,
    "ndcg@10": 0.3562071871080222
  },
  "retrieved": [
    6542,
    6499,
    6498,
    6500,
    6494,
    6467,
    6496,
    3272,
    6493,
    6507
  ]
}