{
  "qid": 11767,
  "query": "Người lao động nhận nuôi con nuôi 02 tháng tuổi nhưng không nghỉ việc có được hưởng trợ cấp một lần không?",
  "metrics": {
    "mrr": 0.2,
    "map": 0.2,
    "p@1": 0.0,
    "r@1": 0.0,
    "ndcg@1": 0.0,
    "p@5": 0.2,
    "r@5": 1.0,
    "ndcg@5": 0.38685280723454163,
    "p@10": 0.1,
    "r@10": 1.0,
    "ndcg@10": 0.38685280723454163
  },
  "retrieved": [
    11849,
    11847,
    11857,
    11852,
    11851,
    11846,
    11848,
    11871,
    11862,
    11863
  ]
}