{
  "qid": 118019,
  "query": "Cục Đăng kiểm Việt Nam thực hiện việc kiểm kê tài sản trong những trường hợp nào?",
  "metrics": {
    "mrr": 0.2,
    "map": 0.2,
    "p@1": 0.0,
    "r@1": 0.0,
    "ndcg@1": 0.0,
    "p@5": 0.2,
    "r@5": 1.0,
    "ndcg@5": 0.38685280723454163,
    "p@10": 0.1,
    "r@10": 1.0,
    "ndcg@10": 0.38685280723454163
  },
  "retrieved": [
    13612,
    13611,
    13614,
    7674,
    2882,
    8115,
    431,
    12960,
    1777,
    13615
  ]
}