{
  "qid": 118397,
  "query": "Thủ tục bổ nhiệm kế toán trưởng trong đơn vị sự nghiệp công lập?",
  "metrics": {
    "mrr": 1.0,
    "map": 0.8333333333333333,
    "p@1": 1.0,
    "r@1": 0.5,
    "ndcg@1": 1.0,
    "p@5": 0.4,
    "r@5": 1.0,
    "ndcg@5": 0.9197207891481876,
    "p@10": 0.2,
    "r@10": 1.0,
    "ndcg@10": 0.9197207891481876
  },
  "retrieved": [
    4392,
    4389,
    4394,
    4399,
    4396,
    4395,
    2895,
    4388,
    2897,
    4393
  ]
}