{
  "qid": 118576,
  "query": "Việc chỉ định người bào chữa khác được quy định như thế nào?",
  "metrics": {
    "mrr": 0.2,
    "map": 0.2,
    "p@1": 0.0,
    "r@1": 0.0,
    "ndcg@1": 0.0,
    "p@5": 0.2,
    "r@5": 1.0,
    "ndcg@5": 0.38685280723454163,
    "p@10": 0.1,
    "r@10": 1.0,
    "ndcg@10": 0.38685280723454163
  },
  "retrieved": [
    10554,
    10555,
    6701,
    13018,
    10553,
    10549,
    10550,
    10893,
    10552,
    10493
  ]
}