{
  "qid": 118583,
  "query": "Căn cứ nào dùng để xác định quan hệ cha con theo quy định hiện nay?",
  "metrics": {
    "mrr": 0.2,
    "map": 0.2,
    "p@1": 0.0,
    "r@1": 0.0,
    "ndcg@1": 0.0,
    "p@5": 0.2,
    "r@5": 1.0,
    "ndcg@5": 0.38685280723454163,
    "p@10": 0.1,
    "r@10": 1.0,
    "ndcg@10": 0.38685280723454163
  },
  "retrieved": [
    907,
    909,
    908,
    4585,
    4567,
    4569,
    910,
    8032,
    911,
    2275
  ]
}