{
  "qid": 118607,
  "query": "Trong trường hợp công ty có nhân sự quan trọng mà mắc bệnh truyền nhiễm đi làm có bị xử phạt?",
  "metrics": {
    "mrr": 0.16666666666666666,
    "map": 0.16666666666666666,
    "p@1": 0.0,
    "r@1": 0.0,
    "ndcg@1": 0.0,
    "p@5": 0.0,
    "r@5": 0.0,
    "ndcg@5": 0.0,
    "p@10": 0.1,
    "r@10": 1.0,
    "ndcg@10": 0.3562071871080222
  },
  "retrieved": [
    14551,
    10413,
    14552,
    14548,
    14553,
    14555,
    2123,
    10415,
    14554,
    11507
  ]
}