{
  "qid": 118729,
  "query": "Báo cáo kết quả tập sự hành nghề công chứng được quy định như thế nào?",
  "metrics": {
    "mrr": 0.2,
    "map": 0.2,
    "p@1": 0.0,
    "r@1": 0.0,
    "ndcg@1": 0.0,
    "p@5": 0.2,
    "r@5": 1.0,
    "ndcg@5": 0.38685280723454163,
    "p@10": 0.1,
    "r@10": 1.0,
    "ndcg@10": 0.38685280723454163
  },
  "retrieved": [
    4200,
    4215,
    4208,
    4227,
    4207,
    4228,
    4209,
    4233,
    1637,
    4202
  ]
}