{
  "qid": 118920,
  "query": "Xác định viên chức trúng tuyển xét thăng hạng chức danh nghề nghiệp?",
  "metrics": {
    "mrr": 0.1111111111111111,
    "map": 0.1111111111111111,
    "p@1": 0.0,
    "r@1": 0.0,
    "ndcg@1": 0.0,
    "p@5": 0.0,
    "r@5": 0.0,
    "ndcg@5": 0.0,
    "p@10": 0.1,
    "r@10": 1.0,
    "ndcg@10": 0.3010299956639812
  },
  "retrieved": [
    8737,
    3879,
    6923,
    13125,
    6926,
    14244,
    14249,
    13122,
    14247,
    6925
  ]
}