{
  "qid": 119134,
  "query": "Trường hợp nào người nhận con nuôi được miễn lệ phí đăng ký nuôi con nuôi?",
  "metrics": {
    "mrr": 0.25,
    "map": 0.25,
    "p@1": 0.0,
    "r@1": 0.0,
    "ndcg@1": 0.0,
    "p@5": 0.2,
    "r@5": 1.0,
    "ndcg@5": 0.43067655807339306,
    "p@10": 0.1,
    "r@10": 1.0,
    "ndcg@10": 0.43067655807339306
  },
  "retrieved": [
    13963,
    13964,
    13968,
    13966,
    13965,
    13971,
    13969,
    13970,
    13972,
    3239
  ]
}