{
  "qid": 119446,
  "query": "Điều tra viên có thể triệu tập và hỏi cung bị can được hay không?",
  "metrics": {
    "mrr": 0.3333333333333333,
    "map": 0.3333333333333333,
    "p@1": 0.0,
    "r@1": 0.0,
    "ndcg@1": 0.0,
    "p@5": 0.2,
    "r@5": 1.0,
    "ndcg@5": 0.5,
    "p@10": 0.1,
    "r@10": 1.0,
    "ndcg@10": 0.5
  },
  "retrieved": [
    10661,
    10660,
    10514,
    3557,
    10659,
    3559,
    6705,
    10515,
    10550,
    3558
  ]
}