{
  "qid": 119586,
  "query": "Bến xe hàng sẽ được đưa vào khai thác khi nào?",
  "metrics": {
    "mrr": 0.5,
    "map": 0.5,
    "p@1": 0.0,
    "r@1": 0.0,
    "ndcg@1": 0.0,
    "p@5": 0.2,
    "r@5": 1.0,
    "ndcg@5": 0.6309297535714575,
    "p@10": 0.1,
    "r@10": 1.0,
    "ndcg@10": 0.6309297535714575
  },
  "retrieved": [
    13146,
    13147,
    13130,
    13137,
    13159,
    13131,
    13129,
    9789,
    5269,
    13149
  ]
}