{
  "qid": 119828,
  "query": "Hội đồng thẩm định sản phẩm quảng cáo phải đảm bảo có ít nhất từ bao nhiêu thành viên?",
  "metrics": {
    "mrr": 0.5,
    "map": 0.5,
    "p@1": 0.0,
    "r@1": 0.0,
    "ndcg@1": 0.0,
    "p@5": 0.2,
    "r@5": 1.0,
    "ndcg@5": 0.6309297535714575,
    "p@10": 0.1,
    "r@10": 1.0,
    "ndcg@10": 0.6309297535714575
  },
  "retrieved": [
    12520,
    12518,
    12517,
    12519,
    12521,
    12516,
    12996,
    12522,
    5899,
    8666
  ]
}