{
  "qid": 120161,
  "query": "Phòng chống mã độc để bảo đảm an toàn hệ thống thông tin trong hoạt động ngân hàng được quy định như thế nào?",
  "metrics": {
    "mrr": 0.3333333333333333,
    "map": 0.3333333333333333,
    "p@1": 0.0,
    "r@1": 0.0,
    "ndcg@1": 0.0,
    "p@5": 0.2,
    "r@5": 1.0,
    "ndcg@5": 0.5,
    "p@10": 0.1,
    "r@10": 1.0,
    "ndcg@10": 0.5
  },
  "retrieved": [
    3395,
    3392,
    10217,
    3398,
    10232,
    5351,
    6106,
    3400,
    3399,
    5348
  ]
}