{
  "qid": 120487,
  "query": "Khi xếp lương chức danh nghề nghiệp đối với viên chức chuyên ngành di sản văn hóa cần tuân theo những nguyên tắc gì?",
  "metrics": {
    "mrr": 0.14285714285714285,
    "map": 0.14285714285714285,
    "p@1": 0.0,
    "r@1": 0.0,
    "ndcg@1": 0.0,
    "p@5": 0.0,
    "r@5": 0.0,
    "ndcg@5": 0.0,
    "p@10": 0.1,
    "r@10": 1.0,
    "ndcg@10": 0.3333333333333333
  },
  "retrieved": [
    14249,
    3466,
    8453,
    1536,
    6460,
    9588,
    6458,
    8605,
    14270,
    6463
  ]
}