{
  "qid": 120586,
  "query": "Công ty kinh doanh du lịch quốc tế có được phép khai thác các tour du lịch nội địa không?",
  "metrics": {
    "mrr": 0.2,
    "map": 0.2,
    "p@1": 0.0,
    "r@1": 0.0,
    "ndcg@1": 0.0,
    "p@5": 0.2,
    "r@5": 1.0,
    "ndcg@5": 0.38685280723454163,
    "p@10": 0.1,
    "r@10": 1.0,
    "ndcg@10": 0.38685280723454163
  },
  "retrieved": [
    9801,
    6607,
    6624,
    9780,
    9773,
    6609,
    9774,
    9808,
    6610,
    9775
  ]
}