{
  "qid": 120686,
  "query": "Các cơ quan nào ra thông báo về Lễ Quốc tang của Chủ tịch nước đã thôi giữ chức vụ?",
  "metrics": {
    "mrr": 0.5,
    "map": 0.5,
    "p@1": 0.0,
    "r@1": 0.0,
    "ndcg@1": 0.0,
    "p@5": 0.2,
    "r@5": 1.0,
    "ndcg@5": 0.6309297535714575,
    "p@10": 0.1,
    "r@10": 1.0,
    "ndcg@10": 0.6309297535714575
  },
  "retrieved": [
    11754,
    11755,
    11770,
    11758,
    11771,
    2932,
    11752,
    12159,
    11806,
    12222
  ]
}