{
  "qid": 120768,
  "query": "Phó Chánh Văn phòng Cục thi hành án dân sự ngoài việc tham mưu cho Chánh Văn phòng thì còn những nhiệm nào khác?",
  "metrics": {
    "mrr": 0.25,
    "map": 0.25,
    "p@1": 0.0,
    "r@1": 0.0,
    "ndcg@1": 0.0,
    "p@5": 0.2,
    "r@5": 1.0,
    "ndcg@5": 0.43067655807339306,
    "p@10": 0.1,
    "r@10": 1.0,
    "ndcg@10": 0.43067655807339306
  },
  "retrieved": [
    2320,
    2396,
    2129,
    2321,
    3897,
    1348,
    683,
    13862,
    14531,
    680
  ]
}