{
  "qid": 120966,
  "query": "Cơ sở sản xuất ngành Xây dựng lập báo cáo công tác bảo vệ môi trường vào thời điểm nào trong năm?",
  "metrics": {
    "mrr": 0.5,
    "map": 0.5,
    "p@1": 0.0,
    "r@1": 0.0,
    "ndcg@1": 0.0,
    "p@5": 0.2,
    "r@5": 1.0,
    "ndcg@5": 0.6309297535714575,
    "p@10": 0.1,
    "r@10": 1.0,
    "ndcg@10": 0.6309297535714575
  },
  "retrieved": [
    2493,
    2496,
    2492,
    9090,
    2494,
    2498,
    2495,
    8586,
    9714,
    8713
  ]
}