{
  "qid": 121051,
  "query": "Phí tham quan điểm du lịch có được dùng để đóng góp vào Quỹ hỗ trợ phát triển du lịch không?",
  "metrics": {
    "mrr": 0.14285714285714285,
    "map": 0.14285714285714285,
    "p@1": 0.0,
    "r@1": 0.0,
    "ndcg@1": 0.0,
    "p@5": 0.0,
    "r@5": 0.0,
    "ndcg@5": 0.0,
    "p@10": 0.1,
    "r@10": 1.0,
    "ndcg@10": 0.3333333333333333
  },
  "retrieved": [
    9774,
    9775,
    6612,
    9778,
    9783,
    9780,
    9813,
    9773,
    9801,
    6609
  ]
}