{
  "qid": 121076,
  "query": "Cơ quan nào có thẩm quyền thành lập Hội đồng quản lý đơn vị sự nghiệp công lập thuộc Ngân hàng Nhà nước Việt Nam?",
  "metrics": {
    "mrr": 0.16666666666666666,
    "map": 0.16666666666666666,
    "p@1": 0.0,
    "r@1": 0.0,
    "ndcg@1": 0.0,
    "p@5": 0.0,
    "r@5": 0.0,
    "ndcg@5": 0.0,
    "p@10": 0.1,
    "r@10": 1.0,
    "ndcg@10": 0.3562071871080222
  },
  "retrieved": [
    3149,
    5531,
    3156,
    3147,
    5545,
    3151,
    5532,
    3150,
    5533,
    5529
  ]
}