{
  "qid": 121165,
  "query": "Các cán bộ thực hiện cưỡng chế thi hành quyết định xử phạt vi phạm hành chính được bồi dưỡng với số tiền là bao nhiêu?",
  "metrics": {
    "mrr": 0.14285714285714285,
    "map": 0.14285714285714285,
    "p@1": 0.0,
    "r@1": 0.0,
    "ndcg@1": 0.0,
    "p@5": 0.0,
    "r@5": 0.0,
    "ndcg@5": 0.0,
    "p@10": 0.1,
    "r@10": 1.0,
    "ndcg@10": 0.3333333333333333
  },
  "retrieved": [
    5394,
    11822,
    5389,
    5393,
    5391,
    11467,
    5392,
    4633,
    11823,
    14544
  ]
}