{
  "qid": 121332,
  "query": "Tiếp nhận vật chứng, tài sản tạm giữ trong một số trường hợp đặc thù",
  "metrics": {
    "mrr": 0.5,
    "map": 0.5,
    "p@1": 0.0,
    "r@1": 0.0,
    "ndcg@1": 0.0,
    "p@5": 0.2,
    "r@5": 1.0,
    "ndcg@5": 0.6309297535714575,
    "p@10": 0.1,
    "r@10": 1.0,
    "ndcg@10": 0.6309297535714575
  },
  "retrieved": [
    945,
    955,
    957,
    959,
    953,
    952,
    948,
    956,
    947,
    828
  ]
}