{
  "qid": 121390,
  "query": "Viên chức chuyển sang chuyên ngành quản lý dự án hàng hải có được kết hợp nâng bậc lương hoặc thăng hạng chức danh nghề nghiệp không?",
  "metrics": {
    "mrr": 0.16666666666666666,
    "map": 0.16666666666666666,
    "p@1": 0.0,
    "r@1": 0.0,
    "ndcg@1": 0.0,
    "p@5": 0.0,
    "r@5": 0.0,
    "ndcg@5": 0.0,
    "p@10": 0.1,
    "r@10": 1.0,
    "ndcg@10": 0.3562071871080222
  },
  "retrieved": [
    6460,
    8457,
    14270,
    8612,
    1536,
    6458,
    7562,
    7561,
    8458,
    3876
  ]
}