{
  "qid": 121575,
  "query": "Áp dụng pháp luật về khiếu nại và giải quyết khiếu nại được quy định như thế nào?",
  "metrics": {
    "mrr": 0.5,
    "map": 0.5,
    "p@1": 0.0,
    "r@1": 0.0,
    "ndcg@1": 0.0,
    "p@5": 0.2,
    "r@5": 1.0,
    "ndcg@5": 0.6309297535714575,
    "p@10": 0.1,
    "r@10": 1.0,
    "ndcg@10": 0.6309297535714575
  },
  "retrieved": [
    1714,
    1703,
    1702,
    1715,
    1483,
    1705,
    1746,
    7208,
    1758,
    1490
  ]
}