{
  "qid": 121737,
  "query": "Thương nhân kinh doanh khách sạn nổi cần đáp ứng các điều kiện nào?",
  "metrics": {
    "mrr": 0.25,
    "map": 0.25,
    "p@1": 0.0,
    "r@1": 0.0,
    "ndcg@1": 0.0,
    "p@5": 0.2,
    "r@5": 1.0,
    "ndcg@5": 0.43067655807339306,
    "p@10": 0.1,
    "r@10": 1.0,
    "ndcg@10": 0.43067655807339306
  },
  "retrieved": [
    13517,
    13518,
    13520,
    9792,
    13942,
    9039,
    12091,
    12090,
    12094,
    9791
  ]
}