{
  "qid": 121885,
  "query": "Doanh nghiệp kinh doanh casino được tiết lộ thông tin trúng thưởng của người chơi trong trường hợp nào?",
  "metrics": {
    "mrr": 0.3333333333333333,
    "map": 0.3333333333333333,
    "p@1": 0.0,
    "r@1": 0.0,
    "ndcg@1": 0.0,
    "p@5": 0.2,
    "r@5": 1.0,
    "ndcg@5": 0.5,
    "p@10": 0.1,
    "r@10": 1.0,
    "ndcg@10": 0.5
  },
  "retrieved": [
    3248,
    11319,
    3267,
    3256,
    3259,
    3250,
    3268,
    3266,
    3260,
    3262
  ]
}