{
  "qid": 122012,
  "query": "Tổ chức, cá nhân nước ngoài nào kinh doanh tại Việt Nam hoặc có thu nhập tại Việt Nam thì phải nộp thuế?",
  "metrics": {
    "mrr": 0.16666666666666666,
    "map": 0.16666666666666666,
    "p@1": 0.0,
    "r@1": 0.0,
    "ndcg@1": 0.0,
    "p@5": 0.0,
    "r@5": 0.0,
    "ndcg@5": 0.0,
    "p@10": 0.1,
    "r@10": 1.0,
    "ndcg@10": 0.3562071871080222
  },
  "retrieved": [
    11947,
    11944,
    11950,
    11945,
    11948,
    11472,
    11469,
    11476,
    11943,
    14012
  ]
}