{
  "qid": 122255,
  "query": "Nhà nghỉ du lịch có phải thực hiện niêm yết giá phòng không?",
  "metrics": {
    "mrr": 0.5,
    "map": 0.5833333333333333,
    "p@1": 0.0,
    "r@1": 0.0,
    "ndcg@1": 0.0,
    "p@5": 0.4,
    "r@5": 1.0,
    "ndcg@5": 0.6934264036172708,
    "p@10": 0.2,
    "r@10": 1.0,
    "ndcg@10": 0.6934264036172708
  },
  "retrieved": [
    9792,
    9791,
    9796,
    9793,
    9795,
    9752,
    6614,
    9794,
    6624,
    9746
  ]
}