{
  "qid": 122684,
  "query": "Chứng từ chứng nhận xuất xứ hàng hóa gồm có những giấy tờ gì?",
  "metrics": {
    "mrr": 0.2,
    "map": 0.2,
    "p@1": 0.0,
    "r@1": 0.0,
    "ndcg@1": 0.0,
    "p@5": 0.2,
    "r@5": 1.0,
    "ndcg@5": 0.38685280723454163,
    "p@10": 0.1,
    "r@10": 1.0,
    "ndcg@10": 0.38685280723454163
  },
  "retrieved": [
    2793,
    2783,
    2798,
    2804,
    5255,
    2800,
    2777,
    2811,
    2806,
    2801
  ]
}