{
  "qid": 122991,
  "query": "Người đại diện cơ sở tín ngưỡng phải gửi văn bản đăng ký hoạt động tín ngưỡng đến cơ quan nào trước khi hoạt động?",
  "metrics": {
    "mrr": 0.14285714285714285,
    "map": 0.07142857142857142,
    "p@1": 0.0,
    "r@1": 0.0,
    "ndcg@1": 0.0,
    "p@5": 0.0,
    "r@5": 0.0,
    "ndcg@5": 0.0,
    "p@10": 0.1,
    "r@10": 0.5,
    "ndcg@10": 0.20438239758848611
  },
  "retrieved": [
    2169,
    2168,
    2173,
    2180,
    2179,
    2146,
    2142,
    2139,
    2132,
    2164
  ]
}