{
  "qid": 123041,
  "query": "Tổ chức tín dụng được thiết lập quan hệ giao dịch mua, bán vàng miếng với Ngân hàng Nhà nước có trách nhiệm thế nào?",
  "metrics": {
    "mrr": 0.3333333333333333,
    "map": 0.3333333333333333,
    "p@1": 0.0,
    "r@1": 0.0,
    "ndcg@1": 0.0,
    "p@5": 0.2,
    "r@5": 1.0,
    "ndcg@5": 0.5,
    "p@10": 0.1,
    "r@10": 1.0,
    "ndcg@10": 0.5
  },
  "retrieved": [
    6122,
    6120,
    6136,
    6137,
    6119,
    6132,
    6127,
    6129,
    6126,
    6125
  ]
}