{
  "qid": 123199,
  "query": "Hồ sơ đăng ký tham gia khóa bồi dưỡng nghề công chứng bao gồm những gì?",
  "metrics": {
    "mrr": 0.5,
    "map": 0.5,
    "p@1": 0.0,
    "r@1": 0.0,
    "ndcg@1": 0.0,
    "p@5": 0.2,
    "r@5": 1.0,
    "ndcg@5": 0.6309297535714575,
    "p@10": 0.1,
    "r@10": 1.0,
    "ndcg@10": 0.6309297535714575
  },
  "retrieved": [
    8933,
    1615,
    1607,
    8934,
    4201,
    1617,
    5831,
    8932,
    5829,
    1614
  ]
}