{
  "qid": 123124,
  "query": "Chi phí về chuyển giao người đang chấp hành hình phạt tù ở nước ngoài về Việt Nam do bên nào chi trả?",
  "metrics": {
    "mrr": 0.16666666666666666,
    "map": 0.16666666666666666,
    "p@1": 0.0,
    "r@1": 0.0,
    "ndcg@1": 0.0,
    "p@5": 0.0,
    "r@5": 0.0,
    "ndcg@5": 0.0,
    "p@10": 0.1,
    "r@10": 1.0,
    "ndcg@10": 0.3562071871080222
  },
  "retrieved": [
    8005,
    8013,
    291,
    293,
    280,
    8015,
    8006,
    8004,
    283,
    8020
  ]
}