{
  "qid": 123294,
  "query": "Nghị định 62/2023/NĐ-CP sửa đổi nhiệm vụ, quyền hạn của Ban chỉ đạo phòng chống khủng bố tỉnh, thành phố trực thuộc trung ương?",
  "metrics": {
    "mrr": 0.5,
    "map": 0.5,
    "p@1": 0.0,
    "r@1": 0.0,
    "ndcg@1": 0.0,
    "p@5": 0.2,
    "r@5": 1.0,
    "ndcg@5": 0.6309297535714575,
    "p@10": 0.1,
    "r@10": 1.0,
    "ndcg@10": 0.6309297535714575
  },
  "retrieved": [
    7156,
    7159,
    7158,
    7154,
    7160,
    7161,
    7155,
    7162,
    7150,
    7152
  ]
}