{
  "qid": 123666,
  "query": "Sử dụng kết quả ghi âm cắt ghép thì có bị vi phạm điều cấm không?",
  "metrics": {
    "mrr": 0.3333333333333333,
    "map": 0.3333333333333333,
    "p@1": 0.0,
    "r@1": 0.0,
    "ndcg@1": 0.0,
    "p@5": 0.2,
    "r@5": 1.0,
    "ndcg@5": 0.5,
    "p@10": 0.1,
    "r@10": 1.0,
    "ndcg@10": 0.5
  },
  "retrieved": [
    12580,
    12582,
    3556,
    12557,
    12581,
    8073,
    3559,
    12584,
    3013,
    3553
  ]
}