{
  "qid": 123722,
  "query": "Các cá nhân, tổ chức được thực hiện kinh doanh dịch vụ phát thanh, truyền hình dưới các hình thức nào?",
  "metrics": {
    "mrr": 0.16666666666666666,
    "map": 0.16666666666666666,
    "p@1": 0.0,
    "r@1": 0.0,
    "ndcg@1": 0.0,
    "p@5": 0.0,
    "r@5": 0.0,
    "ndcg@5": 0.0,
    "p@10": 0.1,
    "r@10": 1.0,
    "ndcg@10": 0.3562071871080222
  },
  "retrieved": [
    6376,
    6375,
    14918,
    6392,
    6386,
    6369,
    6368,
    14919,
    6370,
    6388
  ]
}