{
  "qid": 124686,
  "query": "Trường hợp đấu giá đã được công nhận, nếu người mua hàng từ chối mua hàng thì có phải chịu trách nhiệm và chi phí gì không?",
  "metrics": {
    "mrr": 0.25,
    "map": 0.26785714285714285,
    "p@1": 0.0,
    "r@1": 0.0,
    "ndcg@1": 0.0,
    "p@5": 0.2,
    "r@5": 0.5,
    "ndcg@5": 0.2640681225725909,
    "p@10": 0.2,
    "r@10": 1.0,
    "ndcg@10": 0.46845052016107697
  },
  "retrieved": [
    752,
    711,
    738,
    726,
    694,
    731,
    721,
    938,
    693,
    937
  ]
}