{
  "qid": 124745,
  "query": "Hình thức khen thưởng của Tòa án nhân dân gồm các hình thức nào hiện nay?",
  "metrics": {
    "mrr": 0.14285714285714285,
    "map": 0.14285714285714285,
    "p@1": 0.0,
    "r@1": 0.0,
    "ndcg@1": 0.0,
    "p@5": 0.0,
    "r@5": 0.0,
    "ndcg@5": 0.0,
    "p@10": 0.1,
    "r@10": 1.0,
    "ndcg@10": 0.3333333333333333
  },
  "retrieved": [
    1156,
    1163,
    1130,
    1159,
    1162,
    1160,
    1151,
    1157,
    1173,
    1317
  ]
}