{
  "qid": 125055,
  "query": "Cơ quan nào có thẩm quyền phê duyệt dự toán chi phí quy hoạch chi Tiết đô thị?",
  "metrics": {
    "mrr": 0.25,
    "map": 0.25,
    "p@1": 0.0,
    "r@1": 0.0,
    "ndcg@1": 0.0,
    "p@5": 0.2,
    "r@5": 1.0,
    "ndcg@5": 0.43067655807339306,
    "p@10": 0.1,
    "r@10": 1.0,
    "ndcg@10": 0.43067655807339306
  },
  "retrieved": [
    5487,
    5490,
    5488,
    5493,
    5494,
    12671,
    6952,
    7100,
    5492,
    5489
  ]
}