{
  "qid": 125155,
  "query": "Trách nhiệm cung cấp thông tin của doanh nghiệp kinh doanh casino được quy định thế nào?",
  "metrics": {
    "mrr": 0.3333333333333333,
    "map": 0.3333333333333333,
    "p@1": 0.0,
    "r@1": 0.0,
    "ndcg@1": 0.0,
    "p@5": 0.2,
    "r@5": 1.0,
    "ndcg@5": 0.5,
    "p@10": 0.1,
    "r@10": 1.0,
    "ndcg@10": 0.5
  },
  "retrieved": [
    11311,
    3267,
    3282,
    3250,
    3305,
    3307,
    3260,
    3283,
    3264,
    3248
  ]
}