{
  "qid": 125307,
  "query": "Trường hợp nào tổ chức thu phí thẩm định trong lĩnh vực y tế được trích 80% số tiền thu phí để trang trải chi phí?",
  "metrics": {
    "mrr": 0.3333333333333333,
    "map": 0.3333333333333333,
    "p@1": 0.0,
    "r@1": 0.0,
    "ndcg@1": 0.0,
    "p@5": 0.2,
    "r@5": 1.0,
    "ndcg@5": 0.5,
    "p@10": 0.1,
    "r@10": 1.0,
    "ndcg@10": 0.5
  },
  "retrieved": [
    8776,
    8775,
    11066,
    14540,
    11065,
    13738,
    7894,
    2979,
    14503,
    10161
  ]
}