{
  "qid": 125419,
  "query": "Người giúp việc nhà có phải tham gia bảo hiểm xã hội bắt buộc không?",
  "metrics": {
    "mrr": 0.2,
    "map": 0.2,
    "p@1": 0.0,
    "r@1": 0.0,
    "ndcg@1": 0.0,
    "p@5": 0.2,
    "r@5": 1.0,
    "ndcg@5": 0.38685280723454163,
    "p@10": 0.1,
    "r@10": 1.0,
    "ndcg@10": 0.38685280723454163
  },
  "retrieved": [
    795,
    14101,
    798,
    11862,
    793,
    14097,
    13279,
    14095,
    14098,
    796
  ]
}