{
  "qid": 125545,
  "query": "Thành viên tổ lái máy bay sẽ phải đảm bảo những tiêu chuẩn như thế nào?",
  "metrics": {
    "mrr": 0.2,
    "map": 0.2,
    "p@1": 0.0,
    "r@1": 0.0,
    "ndcg@1": 0.0,
    "p@5": 0.2,
    "r@5": 1.0,
    "ndcg@5": 0.38685280723454163,
    "p@10": 0.1,
    "r@10": 1.0,
    "ndcg@10": 0.38685280723454163
  },
  "retrieved": [
    12957,
    12955,
    8797,
    2931,
    12959,
    12965,
    12967,
    12961,
    4370,
    12968
  ]
}