{
  "qid": 125940,
  "query": "Báo cáo kết quả giám sát hoạt động của Đoàn thanh tra ra sao?",
  "metrics": {
    "mrr": 0.16666666666666666,
    "map": 0.16666666666666666,
    "p@1": 0.0,
    "r@1": 0.0,
    "ndcg@1": 0.0,
    "p@5": 0.0,
    "r@5": 0.0,
    "ndcg@5": 0.0,
    "p@10": 0.1,
    "r@10": 1.0,
    "ndcg@10": 0.3562071871080222
  },
  "retrieved": [
    5125,
    5115,
    4975,
    5116,
    5123,
    5126,
    5124,
    4951,
    5114,
    4835
  ]
}