{
  "qid": 125909,
  "query": "Thời hạn nộp hồ sơ hải quan đối với ô tô xuất nhập cảnh theo quy định là bao lâu?",
  "metrics": {
    "mrr": 0.2,
    "map": 0.2,
    "p@1": 0.0,
    "r@1": 0.0,
    "ndcg@1": 0.0,
    "p@5": 0.2,
    "r@5": 1.0,
    "ndcg@5": 0.38685280723454163,
    "p@10": 0.1,
    "r@10": 1.0,
    "ndcg@10": 0.38685280723454163
  },
  "retrieved": [
    8385,
    8381,
    8386,
    8387,
    8383,
    8361,
    14347,
    14293,
    8356,
    14340
  ]
}