{
  "qid": 126146,
  "query": "Hồ sơ đăng ký tổ chức lễ hội có quy mô cấp tỉnh gồm có những giấy tờ gì?",
  "metrics": {
    "mrr": 0.3333333333333333,
    "map": 0.3333333333333333,
    "p@1": 0.0,
    "r@1": 0.0,
    "ndcg@1": 0.0,
    "p@5": 0.2,
    "r@5": 1.0,
    "ndcg@5": 0.5,
    "p@10": 0.1,
    "r@10": 1.0,
    "ndcg@10": 0.5
  },
  "retrieved": [
    2144,
    2143,
    13414,
    13415,
    13405,
    2146,
    2142,
    2145,
    13424,
    2176
  ]
}