{
  "qid": 126287,
  "query": "Cộng tác viên công tác xã hội cấp xã làm việc theo chế độ gì?",
  "metrics": {
    "mrr": 0.3333333333333333,
    "map": 0.3333333333333333,
    "p@1": 0.0,
    "r@1": 0.0,
    "ndcg@1": 0.0,
    "p@5": 0.2,
    "r@5": 1.0,
    "ndcg@5": 0.5,
    "p@10": 0.1,
    "r@10": 1.0,
    "ndcg@10": 0.5
  },
  "retrieved": [
    7129,
    7132,
    7133,
    7134,
    7131,
    2842,
    2838,
    13397,
    2697,
    2839
  ]
}