{
  "qid": 126621,
  "query": "Tên và địa chỉ của công ty chịu trách nhiệm về hàng hóa được ghi như thế nào trên nhãn hàng hóa?",
  "metrics": {
    "mrr": 0.5,
    "map": 0.5,
    "p@1": 0.0,
    "r@1": 0.0,
    "ndcg@1": 0.0,
    "p@5": 0.2,
    "r@5": 1.0,
    "ndcg@5": 0.6309297535714575,
    "p@10": 0.1,
    "r@10": 1.0,
    "ndcg@10": 0.6309297535714575
  },
  "retrieved": [
    1123,
    5708,
    1125,
    1124,
    9198,
    4940,
    9173,
    5706,
    14839,
    5710
  ]
}