{
  "qid": 126895,
  "query": "Có được đăng ký khai sinh cho con riêng trong giai đoạn ly thân?",
  "metrics": {
    "mrr": 0.25,
    "map": 0.25,
    "p@1": 0.0,
    "r@1": 0.0,
    "ndcg@1": 0.0,
    "p@5": 0.2,
    "r@5": 1.0,
    "ndcg@5": 0.43067655807339306,
    "p@10": 0.1,
    "r@10": 1.0,
    "ndcg@10": 0.43067655807339306
  },
  "retrieved": [
    4572,
    13966,
    4582,
    4568,
    2262,
    2265,
    13965,
    4569,
    13964,
    9004
  ]
}