{
  "qid": 127097,
  "query": "Ai là người có thẩm quyền thay đổi Thẩm phán?",
  "metrics": {
    "mrr": 0.5,
    "map": 0.5,
    "p@1": 0.0,
    "r@1": 0.0,
    "ndcg@1": 0.0,
    "p@5": 0.2,
    "r@5": 1.0,
    "ndcg@5": 0.6309297535714575,
    "p@10": 0.1,
    "r@10": 1.0,
    "ndcg@10": 0.6309297535714575
  },
  "retrieved": [
    10859,
    10530,
    12728,
    10522,
    8153,
    10765,
    9310,
    2040,
    12729,
    10861
  ]
}