{
  "qid": 12719,
  "query": "Áp dụng biện pháp hạn chế nhập khẩu như một biện pháp tự vệ thương mại được quy định như thế nào?",
  "metrics": {
    "mrr": 0.5,
    "map": 0.5,
    "p@1": 0.0,
    "r@1": 0.0,
    "ndcg@1": 0.0,
    "p@5": 0.2,
    "r@5": 1.0,
    "ndcg@5": 0.6309297535714575,
    "p@10": 0.1,
    "r@10": 1.0,
    "ndcg@10": 0.6309297535714575
  },
  "retrieved": [
    12899,
    5318,
    5314,
    5316,
    5315,
    5290,
    5291,
    12897,
    12916,
    12901
  ]
}