{
  "qid": 127556,
  "query": "Phụ cấp thâm niên nghề thanh tra có được dùng để tính đóng bảo hiểm xã hội, bảo hiểm y tế hay không?",
  "metrics": {
    "mrr": 0.25,
    "map": 0.25,
    "p@1": 0.0,
    "r@1": 0.0,
    "ndcg@1": 0.0,
    "p@5": 0.2,
    "r@5": 1.0,
    "ndcg@5": 0.43067655807339306,
    "p@10": 0.1,
    "r@10": 1.0,
    "ndcg@10": 0.43067655807339306
  },
  "retrieved": [
    11860,
    11852,
    14095,
    3900,
    11847,
    669,
    9573,
    3938,
    11500,
    7560
  ]
}