{
  "qid": 127592,
  "query": "Căn cứ vào đâu để xác định tuổi của người bị hại là người dưới 18 tuổi?",
  "metrics": {
    "mrr": 0.5,
    "map": 0.5,
    "p@1": 0.0,
    "r@1": 0.0,
    "ndcg@1": 0.0,
    "p@5": 0.2,
    "r@5": 1.0,
    "ndcg@5": 0.6309297535714575,
    "p@10": 0.1,
    "r@10": 1.0,
    "ndcg@10": 0.6309297535714575
  },
  "retrieved": [
    2524,
    6697,
    6701,
    6695,
    2525,
    6705,
    10893,
    2522,
    10808,
    10892
  ]
}