{
  "qid": 127554,
  "query": "Thanh tra viên làm việc bao lâu được hưởng phụ cấp thâm niên nghề thanh tra? Mức hưởng phụ cấp là bao nhiêu?",
  "metrics": {
    "mrr": 0.3333333333333333,
    "map": 0.3333333333333333,
    "p@1": 0.0,
    "r@1": 0.0,
    "ndcg@1": 0.0,
    "p@5": 0.2,
    "r@5": 1.0,
    "ndcg@5": 0.5,
    "p@10": 0.1,
    "r@10": 1.0,
    "ndcg@10": 0.5
  },
  "retrieved": [
    3899,
    8464,
    3898,
    7560,
    8463,
    11860,
    8466,
    11499,
    8461,
    11852
  ]
}