{
  "qid": 128446,
  "query": "Tiến bộ kỹ thuật về thuốc thú y được công nhận cần đáp ứng những tiêu chí gì?",
  "metrics": {
    "mrr": 0.5,
    "map": 0.5,
    "p@1": 0.0,
    "r@1": 0.0,
    "ndcg@1": 0.0,
    "p@5": 0.2,
    "r@5": 1.0,
    "ndcg@5": 0.6309297535714575,
    "p@10": 0.1,
    "r@10": 1.0,
    "ndcg@10": 0.6309297535714575
  },
  "retrieved": [
    4377,
    4380,
    4385,
    7543,
    6789,
    4379,
    11063,
    4381,
    1479,
    12433
  ]
}