{
  "qid": 128540,
  "query": "Sinh viên sư phạm Toán học phải thực hiện nghĩa vụ hoàn trả tiền hỗ trợ đóng học phí và chi phí sinh hoạt trong thời hạn bao lâu?",
  "metrics": {
    "mrr": 0.1111111111111111,
    "map": 0.1111111111111111,
    "p@1": 0.0,
    "r@1": 0.0,
    "ndcg@1": 0.0,
    "p@5": 0.0,
    "r@5": 0.0,
    "ndcg@5": 0.0,
    "p@10": 0.1,
    "r@10": 1.0,
    "ndcg@10": 0.3010299956639812
  },
  "retrieved": [
    14384,
    14386,
    14383,
    14385,
    14391,
    14390,
    14380,
    14387,
    14388,
    9725
  ]
}