{
  "qid": 129183,
  "query": "Biện pháp quản lý theo điều kiện xuất khẩu, nhập khẩu là gì?",
  "metrics": {
    "mrr": 0.14285714285714285,
    "map": 0.14285714285714285,
    "p@1": 0.0,
    "r@1": 0.0,
    "ndcg@1": 0.0,
    "p@5": 0.0,
    "r@5": 0.0,
    "ndcg@5": 0.0,
    "p@10": 0.1,
    "r@10": 1.0,
    "ndcg@10": 0.3333333333333333
  },
  "retrieved": [
    5247,
    5235,
    5238,
    5241,
    5250,
    5254,
    5252,
    5284,
    5244,
    5251
  ]
}