{
  "qid": 129269,
  "query": "Quy định về năng lực và chuyên môn của nhân viên thuế?",
  "metrics": {
    "mrr": 0.3333333333333333,
    "map": 0.3333333333333333,
    "p@1": 0.0,
    "r@1": 0.0,
    "ndcg@1": 0.0,
    "p@5": 0.2,
    "r@5": 1.0,
    "ndcg@5": 0.5,
    "p@10": 0.1,
    "r@10": 1.0,
    "ndcg@10": 0.5
  },
  "retrieved": [
    9150,
    9152,
    9153,
    9151,
    9149,
    9148,
    9159,
    12955,
    14460,
    7785
  ]
}