{
  "qid": 129299,
  "query": "Khi xác minh nội dung tố cáo trong thi hành án dân sự, làm việc trực tiếp với người bị tố cáo như thế nào?",
  "metrics": {
    "mrr": 0.1111111111111111,
    "map": 0.1111111111111111,
    "p@1": 0.0,
    "r@1": 0.0,
    "ndcg@1": 0.0,
    "p@5": 0.0,
    "r@5": 0.0,
    "ndcg@5": 0.0,
    "p@10": 0.1,
    "r@10": 1.0,
    "ndcg@10": 0.3010299956639812
  },
  "retrieved": [
    12541,
    2200,
    2222,
    12551,
    2212,
    2223,
    654,
    1510,
    2215,
    2224
  ]
}