{
  "qid": 129281,
  "query": "Việc đào tạo, tuyển chọn nguồn nhân lực Cảnh sát môi trường được quy định thế nào?",
  "metrics": {
    "mrr": 0.3333333333333333,
    "map": 0.3333333333333333,
    "p@1": 0.0,
    "r@1": 0.0,
    "ndcg@1": 0.0,
    "p@5": 0.2,
    "r@5": 1.0,
    "ndcg@5": 0.5,
    "p@10": 0.1,
    "r@10": 1.0,
    "ndcg@10": 0.5
  },
  "retrieved": [
    4062,
    4063,
    11838,
    5495,
    4066,
    2966,
    4068,
    4061,
    5498,
    4065
  ]
}