{
  "qid": 129492,
  "query": "Bị can đặt tiền để bảo đảm có được trả lại tiền nếu bị đình chỉ điều tra hay không?",
  "metrics": {
    "mrr": 0.1111111111111111,
    "map": 0.1111111111111111,
    "p@1": 0.0,
    "r@1": 0.0,
    "ndcg@1": 0.0,
    "p@5": 0.0,
    "r@5": 0.0,
    "ndcg@5": 0.0,
    "p@10": 0.1,
    "r@10": 1.0,
    "ndcg@10": 0.3010299956639812
  },
  "retrieved": [
    6686,
    6685,
    10607,
    6681,
    6688,
    6683,
    10599,
    10602,
    6687,
    6680
  ]
}