{
  "qid": 129513,
  "query": "Trình tự thực hiện cấp lại giấy phép FLEGT được pháp luật quy định như thế nào?",
  "metrics": {
    "mrr": 0.5,
    "map": 0.5,
    "p@1": 0.0,
    "r@1": 0.0,
    "ndcg@1": 0.0,
    "p@5": 0.2,
    "r@5": 1.0,
    "ndcg@5": 0.6309297535714575,
    "p@10": 0.1,
    "r@10": 1.0,
    "ndcg@10": 0.6309297535714575
  },
  "retrieved": [
    11364,
    11361,
    11360,
    11358,
    11352,
    11351,
    11369,
    11345,
    11371,
    11354
  ]
}