{
  "qid": 129899,
  "query": "Có được tạm giam phụ nữ có thai không?",
  "metrics": {
    "mrr": 0.3333333333333333,
    "map": 0.3333333333333333,
    "p@1": 0.0,
    "r@1": 0.0,
    "ndcg@1": 0.0,
    "p@5": 0.2,
    "r@5": 1.0,
    "ndcg@5": 0.5,
    "p@10": 0.1,
    "r@10": 1.0,
    "ndcg@10": 0.5
  },
  "retrieved": [
    1112,
    3049,
    10596,
    3052,
    1116,
    1179,
    13027,
    1189,
    1177,
    1181
  ]
}