{
  "qid": 12999,
  "query": "Cơ quan nào có thẩm quyền ban hành định mức chi phí dự án đầu tư ứng dụng công nghệ thông tin?",
  "metrics": {
    "mrr": 0.25,
    "map": 0.25,
    "p@1": 0.0,
    "r@1": 0.0,
    "ndcg@1": 0.0,
    "p@5": 0.2,
    "r@5": 1.0,
    "ndcg@5": 0.43067655807339306,
    "p@10": 0.1,
    "r@10": 1.0,
    "ndcg@10": 0.43067655807339306
  },
  "retrieved": [
    4597,
    6016,
    4600,
    4599,
    6023,
    6019,
    4592,
    3798,
    6012,
    4601
  ]
}