{
  "qid": 129900,
  "query": "Có được bắt người để tạm giam vào ban đêm không?",
  "metrics": {
    "mrr": 0.2,
    "map": 0.2,
    "p@1": 0.0,
    "r@1": 0.0,
    "ndcg@1": 0.0,
    "p@5": 0.2,
    "r@5": 1.0,
    "ndcg@5": 0.38685280723454163,
    "p@10": 0.1,
    "r@10": 1.0,
    "ndcg@10": 0.38685280723454163
  },
  "retrieved": [
    10552,
    10557,
    10554,
    10536,
    10590,
    10591,
    10551,
    10942,
    10806,
    10514
  ]
}