{
  "qid": 130261,
  "query": "Hoạt động cơ yếu là gì? Người làm việc trong tổ chức cơ yếu là ai?",
  "metrics": {
    "mrr": 0.25,
    "map": 0.125,
    "p@1": 0.0,
    "r@1": 0.0,
    "ndcg@1": 0.0,
    "p@5": 0.2,
    "r@5": 0.5,
    "ndcg@5": 0.2640681225725909,
    "p@10": 0.1,
    "r@10": 0.5,
    "ndcg@10": 0.2640681225725909
  },
  "retrieved": [
    4775,
    4768,
    4772,
    4767,
    4785,
    4777,
    4773,
    4782,
    4788,
    4781
  ]
}