{
  "qid": 130483,
  "query": "Việc đăng ký thành lập chi nhánh của liên hiệp hợp tác xã được thực hiện ở cơ quan nào?",
  "metrics": {
    "mrr": 0.3333333333333333,
    "map": 0.3333333333333333,
    "p@1": 0.0,
    "r@1": 0.0,
    "ndcg@1": 0.0,
    "p@5": 0.2,
    "r@5": 1.0,
    "ndcg@5": 0.5,
    "p@10": 0.1,
    "r@10": 1.0,
    "ndcg@10": 0.5
  },
  "retrieved": [
    3064,
    3066,
    3059,
    3068,
    3072,
    3065,
    3071,
    10300,
    3058,
    3074
  ]
}