{
  "qid": 130419,
  "query": "Đạo diễn nghệ thuật hạng 4 chuyên ngành nghệ thuật biểu diễn và điện ảnh có nhiệm vụ gì theo quy định?",
  "metrics": {
    "mrr": 0.14285714285714285,
    "map": 0.14285714285714285,
    "p@1": 0.0,
    "r@1": 0.0,
    "ndcg@1": 0.0,
    "p@5": 0.0,
    "r@5": 0.0,
    "ndcg@5": 0.0,
    "p@10": 0.1,
    "r@10": 1.0,
    "ndcg@10": 0.3333333333333333
  },
  "retrieved": [
    12599,
    12588,
    12587,
    13119,
    7460,
    12594,
    12593,
    6462,
    12597,
    9590
  ]
}