{
  "qid": 130731,
  "query": "Trưởng đoàn thanh tra chuyên ngành cấp sở có quyền xử phạt người bao che cho người gian lận trong hoạt động thể thao không?",
  "metrics": {
    "mrr": 0.5,
    "map": 0.5,
    "p@1": 0.0,
    "r@1": 0.0,
    "ndcg@1": 0.0,
    "p@5": 0.2,
    "r@5": 1.0,
    "ndcg@5": 0.6309297535714575,
    "p@10": 0.1,
    "r@10": 1.0,
    "ndcg@10": 0.6309297535714575
  },
  "retrieved": [
    14198,
    4637,
    11127,
    3304,
    11615,
    4613,
    7027,
    4640,
    14935,
    7002
  ]
}