{
  "qid": 130898,
  "query": "Cần đáp ứng những điều kiện nào để được đảm nhận vị trí kế toán trưởng?",
  "metrics": {
    "mrr": 0.25,
    "map": 0.25,
    "p@1": 0.0,
    "r@1": 0.0,
    "ndcg@1": 0.0,
    "p@5": 0.2,
    "r@5": 1.0,
    "ndcg@5": 0.43067655807339306,
    "p@10": 0.1,
    "r@10": 1.0,
    "ndcg@10": 0.43067655807339306
  },
  "retrieved": [
    8787,
    5542,
    4395,
    2896,
    4882,
    2893,
    4399,
    3873,
    3779,
    2891
  ]
}