{
  "qid": 130924,
  "query": "Có những hình thức đấu thầu mua lại công cụ nợ nào?",
  "metrics": {
    "mrr": 0.25,
    "map": 0.25,
    "p@1": 0.0,
    "r@1": 0.0,
    "ndcg@1": 0.0,
    "p@5": 0.2,
    "r@5": 1.0,
    "ndcg@5": 0.43067655807339306,
    "p@10": 0.1,
    "r@10": 1.0,
    "ndcg@10": 0.43067655807339306
  },
  "retrieved": [
    13429,
    13432,
    13433,
    13436,
    13445,
    13451,
    13461,
    13448,
    13428,
    13456
  ]
}