{
  "qid": 131061,
  "query": "Quản lý dự án hàng hải hạng 1 là ai? Quản lý dự án hàng hải hạng 1 hưởng mức lương thế nào?",
  "metrics": {
    "mrr": 0.5,
    "map": 0.5,
    "p@1": 0.0,
    "r@1": 0.0,
    "ndcg@1": 0.0,
    "p@5": 0.2,
    "r@5": 1.0,
    "ndcg@5": 0.6309297535714575,
    "p@10": 0.1,
    "r@10": 1.0,
    "ndcg@10": 0.6309297535714575
  },
  "retrieved": [
    6460,
    1536,
    8457,
    8612,
    3874,
    7726,
    1537,
    14270,
    14239,
    14249
  ]
}