{
  "qid": 131239,
  "query": "Nhà xưởng sản xuất hóa chất cần đáp ứng những yêu cầu gì?",
  "metrics": {
    "mrr": 0.3333333333333333,
    "map": 0.3333333333333333,
    "p@1": 0.0,
    "r@1": 0.0,
    "ndcg@1": 0.0,
    "p@5": 0.2,
    "r@5": 1.0,
    "ndcg@5": 0.5,
    "p@10": 0.1,
    "r@10": 1.0,
    "ndcg@10": 0.5
  },
  "retrieved": [
    13900,
    13899,
    13894,
    13929,
    14335,
    14336,
    8344,
    13918,
    12285,
    13891
  ]
}