{
  "qid": 131237,
  "query": "Tiến hành tố tụng khi có người tham gia tố tụng hình sự là người dưới 18 tuổi được tiến hành theo nguyên tắc nào?",
  "metrics": {
    "mrr": 0.16666666666666666,
    "map": 0.16666666666666666,
    "p@1": 0.0,
    "r@1": 0.0,
    "ndcg@1": 0.0,
    "p@5": 0.0,
    "r@5": 0.0,
    "ndcg@5": 0.0,
    "p@10": 0.1,
    "r@10": 1.0,
    "ndcg@10": 0.3562071871080222
  },
  "retrieved": [
    6695,
    6698,
    6701,
    10478,
    6700,
    10890,
    6699,
    10544,
    6693,
    6692
  ]
}