{
  "qid": 131240,
  "query": "Công ty sản xuất hóa chất là sơn màu và các chất tẩy màu sơn có thuộc nhóm sản xuất hóa chất có điều kiện hay không?",
  "metrics": {
    "mrr": 0.16666666666666666,
    "map": 0.16666666666666666,
    "p@1": 0.0,
    "r@1": 0.0,
    "ndcg@1": 0.0,
    "p@5": 0.0,
    "r@5": 0.0,
    "ndcg@5": 0.0,
    "p@10": 0.1,
    "r@10": 1.0,
    "ndcg@10": 0.3562071871080222
  },
  "retrieved": [
    13891,
    13905,
    13926,
    13899,
    13906,
    13898,
    13907,
    13900,
    2390,
    779
  ]
}