{
  "qid": 131389,
  "query": "Trường hợp nào chưa tiến hành bổ nhiệm lại công chức Viện kiểm sát nhân dân?",
  "metrics": {
    "mrr": 0.3333333333333333,
    "map": 0.3333333333333333,
    "p@1": 0.0,
    "r@1": 0.0,
    "ndcg@1": 0.0,
    "p@5": 0.2,
    "r@5": 1.0,
    "ndcg@5": 0.5,
    "p@10": 0.1,
    "r@10": 1.0,
    "ndcg@10": 0.5
  },
  "retrieved": [
    13764,
    13771,
    14256,
    13861,
    14260,
    7984,
    13779,
    2360,
    10949,
    1507
  ]
}