{
  "qid": 131382,
  "query": "Sau khi hết thời gian tập sự thẩm kế viên hạng IV có trình độ thạc sĩ được xếp lương như thế nào?",
  "metrics": {
    "mrr": 0.5,
    "map": 0.5,
    "p@1": 0.0,
    "r@1": 0.0,
    "ndcg@1": 0.0,
    "p@5": 0.2,
    "r@5": 1.0,
    "ndcg@5": 0.6309297535714575,
    "p@10": 0.1,
    "r@10": 1.0,
    "ndcg@10": 0.6309297535714575
  },
  "retrieved": [
    1536,
    6460,
    8457,
    7726,
    8612,
    14230,
    1537,
    14239,
    8623,
    7562
  ]
}