{
  "qid": 131381,
  "query": "Viên chức tập sự vị trí thẩm kế viên hạng IV có được hưởng lương bậc 2 khi bổ sung bằng thạc sĩ trong thời gian tập sự hay không?",
  "metrics": {
    "mrr": 0.25,
    "map": 0.25,
    "p@1": 0.0,
    "r@1": 0.0,
    "ndcg@1": 0.0,
    "p@5": 0.2,
    "r@5": 1.0,
    "ndcg@5": 0.43067655807339306,
    "p@10": 0.1,
    "r@10": 1.0,
    "ndcg@10": 0.43067655807339306
  },
  "retrieved": [
    6460,
    1536,
    8457,
    14230,
    8612,
    7561,
    14270,
    7562,
    3868,
    14228
  ]
}