{
  "qid": 13141,
  "query": "Hình thức xử lý kỷ luật công chức khi nhận tiền của người dân?",
  "metrics": {
    "mrr": 0.5,
    "map": 0.5,
    "p@1": 0.0,
    "r@1": 0.0,
    "ndcg@1": 0.0,
    "p@5": 0.2,
    "r@5": 1.0,
    "ndcg@5": 0.6309297535714575,
    "p@10": 0.1,
    "r@10": 1.0,
    "ndcg@10": 0.6309297535714575
  },
  "retrieved": [
    4094,
    13753,
    13746,
    13749,
    13764,
    13779,
    13748,
    8937,
    13767,
    5139
  ]
}