{
  "qid": 131513,
  "query": "Hồ sơ điện tử để lưu trữ cơ quan của Bộ Giao thông vận tải được tạo lập theo yêu cầu nào?",
  "metrics": {
    "mrr": 0.2,
    "map": 0.2,
    "p@1": 0.0,
    "r@1": 0.0,
    "ndcg@1": 0.0,
    "p@5": 0.2,
    "r@5": 1.0,
    "ndcg@5": 0.38685280723454163,
    "p@10": 0.1,
    "r@10": 1.0,
    "ndcg@10": 0.38685280723454163
  },
  "retrieved": [
    1250,
    221,
    230,
    66,
    1262,
    1267,
    7124,
    1248,
    2589,
    4047
  ]
}