{
  "qid": 131688,
  "query": "Kế toán trưởng của Kho bạc Nhà nước tỉnh có trách nhiệm và quyền hạn như thế nào?",
  "metrics": {
    "mrr": 0.3333333333333333,
    "map": 0.3333333333333333,
    "p@1": 0.0,
    "r@1": 0.0,
    "ndcg@1": 0.0,
    "p@5": 0.2,
    "r@5": 1.0,
    "ndcg@5": 0.5,
    "p@10": 0.1,
    "r@10": 1.0,
    "ndcg@10": 0.5
  },
  "retrieved": [
    4399,
    4389,
    2897,
    2895,
    4392,
    2899,
    9365,
    2893,
    2891,
    4395
  ]
}