{
  "qid": 131707,
  "query": "Thu hồi Giấy chứng nhận đủ điều kiện kinh doanh hoạt động thể thao của doanh nghiệp trong trường hợp nào?",
  "metrics": {
    "mrr": 0.5,
    "map": 0.5,
    "p@1": 0.0,
    "r@1": 0.0,
    "ndcg@1": 0.0,
    "p@5": 0.2,
    "r@5": 1.0,
    "ndcg@5": 0.6309297535714575,
    "p@10": 0.1,
    "r@10": 1.0,
    "ndcg@10": 0.6309297535714575
  },
  "retrieved": [
    6500,
    11980,
    6505,
    6498,
    3272,
    6467,
    6542,
    6496,
    6499,
    6502
  ]
}