{
  "qid": 131948,
  "query": "Thời hạn kháng nghị của Viện kiểm sát đối với bản án hình sự sơ thẩm là bao lâu?",
  "metrics": {
    "mrr": 0.25,
    "map": 0.25,
    "p@1": 0.0,
    "r@1": 0.0,
    "ndcg@1": 0.0,
    "p@5": 0.2,
    "r@5": 1.0,
    "ndcg@5": 0.43067655807339306,
    "p@10": 0.1,
    "r@10": 1.0,
    "ndcg@10": 0.43067655807339306
  },
  "retrieved": [
    10739,
    10737,
    10840,
    10814,
    10835,
    10815,
    9242,
    10834,
    10969,
    10807
  ]
}