{
  "qid": 132105,
  "query": "Để được cấp Giấy chứng nhận đủ điều kiện kinh doanh casino cần đáp ứng những điều kiện gì?",
  "metrics": {
    "mrr": 0.5,
    "map": 0.5,
    "p@1": 0.0,
    "r@1": 0.0,
    "ndcg@1": 0.0,
    "p@5": 0.2,
    "r@5": 1.0,
    "ndcg@5": 0.6309297535714575,
    "p@10": 0.1,
    "r@10": 1.0,
    "ndcg@10": 0.6309297535714575
  },
  "retrieved": [
    3308,
    3270,
    3274,
    3276,
    3277,
    3269,
    3273,
    3254,
    12842,
    3253
  ]
}