{
  "qid": 132113,
  "query": "Hội nghị cán bộ công chức hàng năm phải đảm bảo nêu được những nội dung nào trong hội nghị?",
  "metrics": {
    "mrr": 0.5,
    "map": 0.5,
    "p@1": 0.0,
    "r@1": 0.0,
    "ndcg@1": 0.0,
    "p@5": 0.2,
    "r@5": 1.0,
    "ndcg@5": 0.6309297535714575,
    "p@10": 0.1,
    "r@10": 1.0,
    "ndcg@10": 0.6309297535714575
  },
  "retrieved": [
    806,
    4128,
    808,
    811,
    809,
    807,
    810,
    2336,
    813,
    2358
  ]
}