{
  "qid": 132367,
  "query": "Không có giấy phép lái xe bị phạt bao nhiêu tiền đối với người đi xe máy?",
  "metrics": {
    "mrr": 0.25,
    "map": 0.25,
    "p@1": 0.0,
    "r@1": 0.0,
    "ndcg@1": 0.0,
    "p@5": 0.2,
    "r@5": 1.0,
    "ndcg@5": 0.43067655807339306,
    "p@10": 0.1,
    "r@10": 1.0,
    "ndcg@10": 0.43067655807339306
  },
  "retrieved": [
    10331,
    10345,
    10304,
    10319,
    10332,
    10303,
    10306,
    10321,
    10309,
    10328
  ]
}