{
  "qid": 132363,
  "query": "Cán bộ trong các cơ quan nhà nước được bồi dưỡng ở nước ngoài bằng nguồn ngân sách nhà nước phải đảm bảo những yêu cầu gì?",
  "metrics": {
    "mrr": 0.1111111111111111,
    "map": 0.1111111111111111,
    "p@1": 0.0,
    "r@1": 0.0,
    "ndcg@1": 0.0,
    "p@5": 0.0,
    "r@5": 0.0,
    "ndcg@5": 0.0,
    "p@10": 0.1,
    "r@10": 1.0,
    "ndcg@10": 0.3010299956639812
  },
  "retrieved": [
    11016,
    1033,
    7894,
    11013,
    7904,
    1040,
    1043,
    4130,
    11008,
    8791
  ]
}