{
  "qid": 132546,
  "query": "Khi khiếu nại tại trụ sở Viện kiểm sát nhân dân cấp huyện, người khiếu nại có thể ủy quyền cho trợ giúp viên pháp lý khiếu nại không?",
  "metrics": {
    "mrr": 0.5,
    "map": 0.5,
    "p@1": 0.0,
    "r@1": 0.0,
    "ndcg@1": 0.0,
    "p@5": 0.2,
    "r@5": 1.0,
    "ndcg@5": 0.6309297535714575,
    "p@10": 0.1,
    "r@10": 1.0,
    "ndcg@10": 0.6309297535714575
  },
  "retrieved": [
    1716,
    1712,
    6220,
    10944,
    1487,
    2211,
    10942,
    10943,
    10945,
    1488
  ]
}