{
  "qid": 132680,
  "query": "Mức hưởng chế độ thai sản khi vợ mất nhưng chồng đóng bảo hiểm xã hội chưa đủ 6 tháng được quy định như thế nào?",
  "metrics": {
    "mrr": 0.2,
    "map": 0.2,
    "p@1": 0.0,
    "r@1": 0.0,
    "ndcg@1": 0.0,
    "p@5": 0.2,
    "r@5": 1.0,
    "ndcg@5": 0.38685280723454163,
    "p@10": 0.1,
    "r@10": 1.0,
    "ndcg@10": 0.38685280723454163
  },
  "retrieved": [
    14090,
    14089,
    11849,
    11852,
    11850,
    14091,
    11871,
    3939,
    11865,
    8799
  ]
}