{
  "qid": 133125,
  "query": "Tổ giúp việc cho Hội đồng phối hợp liên ngành Trung ương gồm có những ai?",
  "metrics": {
    "mrr": 0.5,
    "map": 0.5,
    "p@1": 0.0,
    "r@1": 0.0,
    "ndcg@1": 0.0,
    "p@5": 0.2,
    "r@5": 1.0,
    "ndcg@5": 0.6309297535714575,
    "p@10": 0.1,
    "r@10": 1.0,
    "ndcg@10": 0.6309297535714575
  },
  "retrieved": [
    13040,
    13035,
    13034,
    13038,
    13037,
    13033,
    13036,
    13041,
    5664,
    8076
  ]
}