{
  "qid": 133297,
  "query": "Trường hợp nào được cấp bổ sung Sổ nhật ký Đoàn thanh tra chuyên ngành hải quan?",
  "metrics": {
    "mrr": 0.5,
    "map": 0.5,
    "p@1": 0.0,
    "r@1": 0.0,
    "ndcg@1": 0.0,
    "p@5": 0.2,
    "r@5": 1.0,
    "ndcg@5": 0.6309297535714575,
    "p@10": 0.1,
    "r@10": 1.0,
    "ndcg@10": 0.6309297535714575
  },
  "retrieved": [
    4953,
    4954,
    7017,
    5116,
    8406,
    4982,
    4835,
    4983,
    4958,
    7025
  ]
}