{
  "qid": 133378,
  "query": "Điều kiện để làm kế toán trưởng là những gì?",
  "metrics": {
    "mrr": 0.2,
    "map": 0.2,
    "p@1": 0.0,
    "r@1": 0.0,
    "ndcg@1": 0.0,
    "p@5": 0.2,
    "r@5": 1.0,
    "ndcg@5": 0.38685280723454163,
    "p@10": 0.1,
    "r@10": 1.0,
    "ndcg@10": 0.38685280723454163
  },
  "retrieved": [
    2895,
    4395,
    2897,
    4394,
    2896,
    4391,
    2893,
    2891,
    2899,
    4393
  ]
}