{
  "qid": 133303,
  "query": "Giảng viên tham gia công tác đào tạo nghiệp vụ kiểm sát thực hiện những nhiệm vụ cụ thể nào trong việc nghiên cứu khoa học và công nghệ?",
  "metrics": {
    "mrr": 0.16666666666666666,
    "map": 0.16666666666666666,
    "p@1": 0.0,
    "r@1": 0.0,
    "ndcg@1": 0.0,
    "p@5": 0.0,
    "r@5": 0.0,
    "ndcg@5": 0.0,
    "p@10": 0.1,
    "r@10": 1.0,
    "ndcg@10": 0.3562071871080222
  },
  "retrieved": [
    3457,
    532,
    11011,
    13857,
    502,
    1047,
    13633,
    505,
    14381,
    503
  ]
}