{
  "qid": 133612,
  "query": "Đơn vị nào sẽ lập kế hoạch bảo trì công trình xây dựng hằng năm?",
  "metrics": {
    "mrr": 0.2,
    "map": 0.2,
    "p@1": 0.0,
    "r@1": 0.0,
    "ndcg@1": 0.0,
    "p@5": 0.2,
    "r@5": 1.0,
    "ndcg@5": 0.38685280723454163,
    "p@10": 0.1,
    "r@10": 1.0,
    "ndcg@10": 0.38685280723454163
  },
  "retrieved": [
    3414,
    3415,
    3416,
    6904,
    6901,
    3418,
    3419,
    6899,
    6900,
    6903
  ]
}