{
  "qid": 133669,
  "query": "Thế nào là tiền tiêu hủy? Ai có thẩm quyền ra quyết định tiêu hủy tiền mặt?",
  "metrics": {
    "mrr": 0.2,
    "map": 0.2,
    "p@1": 0.0,
    "r@1": 0.0,
    "ndcg@1": 0.0,
    "p@5": 0.2,
    "r@5": 1.0,
    "ndcg@5": 0.38685280723454163,
    "p@10": 0.1,
    "r@10": 1.0,
    "ndcg@10": 0.38685280723454163
  },
  "retrieved": [
    3834,
    3826,
    431,
    3828,
    3816,
    3831,
    427,
    3827,
    408,
    3817
  ]
}