{
  "qid": 133791,
  "query": "Ngoài văn bản kiến nghị khởi tố thì cơ quan thanh tra cần gửi những tài liệu nào cho Cơ quan điều tra?",
  "metrics": {
    "mrr": 0.3333333333333333,
    "map": 0.3333333333333333,
    "p@1": 0.0,
    "r@1": 0.0,
    "ndcg@1": 0.0,
    "p@5": 0.2,
    "r@5": 1.0,
    "ndcg@5": 0.5,
    "p@10": 0.1,
    "r@10": 1.0,
    "ndcg@10": 0.5
  },
  "retrieved": [
    3571,
    3569,
    3567,
    3570,
    10631,
    10633,
    10517,
    10621,
    10642,
    995
  ]
}