{
  "qid": 133768,
  "query": "Chuyển dạng tài nguyên thông tin khác theo hình thức nào?",
  "metrics": {
    "mrr": 0.2,
    "map": 0.2,
    "p@1": 0.0,
    "r@1": 0.0,
    "ndcg@1": 0.0,
    "p@5": 0.2,
    "r@5": 1.0,
    "ndcg@5": 0.38685280723454163,
    "p@10": 0.1,
    "r@10": 1.0,
    "ndcg@10": 0.38685280723454163
  },
  "retrieved": [
    2722,
    2723,
    2724,
    2727,
    2734,
    2725,
    2721,
    2738,
    2736,
    2742
  ]
}