{
  "qid": 133892,
  "query": "Công dân nước láng giềng nhập cảnh qua cửa khẩu quốc tế phải tuân thủ các nguyên tắc nào?",
  "metrics": {
    "mrr": 0.14285714285714285,
    "map": 0.14285714285714285,
    "p@1": 0.0,
    "r@1": 0.0,
    "ndcg@1": 0.0,
    "p@5": 0.0,
    "r@5": 0.0,
    "ndcg@5": 0.0,
    "p@10": 0.1,
    "r@10": 1.0,
    "ndcg@10": 0.3333333333333333
  },
  "retrieved": [
    13700,
    9674,
    13696,
    13701,
    9669,
    13695,
    13697,
    9676,
    13711,
    9667
  ]
}