{
  "qid": 133893,
  "query": "Công dân nước láng giềng chưa hoàn thành thủ tục nhập khẩu thì có được tạm trú trong khu vực cửa khẩu không?",
  "metrics": {
    "mrr": 0.5,
    "map": 0.5,
    "p@1": 0.0,
    "r@1": 0.0,
    "ndcg@1": 0.0,
    "p@5": 0.2,
    "r@5": 1.0,
    "ndcg@5": 0.6309297535714575,
    "p@10": 0.1,
    "r@10": 1.0,
    "ndcg@10": 0.6309297535714575
  },
  "retrieved": [
    13695,
    13705,
    13700,
    13696,
    13693,
    13712,
    13698,
    8388,
    9669,
    13964
  ]
}