{
  "qid": 134071,
  "query": "Việc bổ nhiệm vào chức danh nghề nghiệp giáo viên tiểu học được quy định thế nào?",
  "metrics": {
    "mrr": 1.0,
    "map": 0.5,
    "p@1": 1.0,
    "r@1": 0.5,
    "ndcg@1": 1.0,
    "p@5": 0.2,
    "r@5": 0.5,
    "ndcg@5": 0.6131471927654584,
    "p@10": 0.1,
    "r@10": 0.5,
    "ndcg@10": 0.6131471927654584
  },
  "retrieved": [
    2820,
    1537,
    1538,
    2815,
    1535,
    3852,
    12978,
    2817,
    3847,
    7726
  ]
}