{
  "qid": 134162,
  "query": "Khi thay đổi thành viên hợp danh thì Văn phòng Thừa phát lại có cần phải đăng ký với cơ quan nhà nước không?",
  "metrics": {
    "mrr": 0.3333333333333333,
    "map": 0.3333333333333333,
    "p@1": 0.0,
    "r@1": 0.0,
    "ndcg@1": 0.0,
    "p@5": 0.2,
    "r@5": 1.0,
    "ndcg@5": 0.5,
    "p@10": 0.1,
    "r@10": 1.0,
    "ndcg@10": 0.5
  },
  "retrieved": [
    8951,
    8943,
    8950,
    8948,
    8957,
    8956,
    1625,
    8955,
    1624,
    8953
  ]
}