{
  "qid": 134280,
  "query": "Quyền và nghĩa vụ của người phiên dịch là gì?",
  "metrics": {
    "mrr": 0.5,
    "map": 0.5,
    "p@1": 0.0,
    "r@1": 0.0,
    "ndcg@1": 0.0,
    "p@5": 0.2,
    "r@5": 1.0,
    "ndcg@5": 0.6309297535714575,
    "p@10": 0.1,
    "r@10": 1.0,
    "ndcg@10": 0.6309297535714575
  },
  "retrieved": [
    1628,
    10546,
    10780,
    10772,
    1445,
    10532,
    10540,
    2524,
    10560,
    1446
  ]
}