{
  "qid": 134392,
  "query": "Bị can cần cam đoan thực hiện nghĩa vụ gì khi đề nghị áp dụng biện pháp đặt tiền để bảo đảm?",
  "metrics": {
    "mrr": 0.5,
    "map": 0.5,
    "p@1": 0.0,
    "r@1": 0.0,
    "ndcg@1": 0.0,
    "p@5": 0.2,
    "r@5": 1.0,
    "ndcg@5": 0.6309297535714575,
    "p@10": 0.1,
    "r@10": 1.0,
    "ndcg@10": 0.6309297535714575
  },
  "retrieved": [
    6686,
    10599,
    6685,
    6678,
    10598,
    6688,
    6683,
    6681,
    6687,
    6682
  ]
}