{
  "qid": 134522,
  "query": "Trách nhiệm của người sử dụng lao động về trợ cấp tai nạn lao động cho người lao động như thế nào?",
  "metrics": {
    "mrr": 0.5,
    "map": 0.5,
    "p@1": 0.0,
    "r@1": 0.0,
    "ndcg@1": 0.0,
    "p@5": 0.2,
    "r@5": 1.0,
    "ndcg@5": 0.6309297535714575,
    "p@10": 0.1,
    "r@10": 1.0,
    "ndcg@10": 0.6309297535714575
  },
  "retrieved": [
    4179,
    4180,
    4183,
    4182,
    4186,
    4178,
    14098,
    4181,
    4185,
    11865
  ]
}