{
  "qid": 134732,
  "query": "Hạ sĩ quan Quân đội giữ chức Phó Toán trưởng trinh sát luồn sâu pháo binh có cấp bậc quân hàm cao nhất là gì?",
  "metrics": {
    "mrr": 0.14285714285714285,
    "map": 0.14285714285714285,
    "p@1": 0.0,
    "r@1": 0.0,
    "ndcg@1": 0.0,
    "p@5": 0.0,
    "r@5": 0.0,
    "ndcg@5": 0.0,
    "p@10": 0.1,
    "r@10": 1.0,
    "ndcg@10": 0.3333333333333333
  },
  "retrieved": [
    7338,
    7332,
    7334,
    7341,
    7328,
    7331,
    7339,
    7330,
    7340,
    7329
  ]
}