{
  "qid": 134887,
  "query": "Cục Quản lý cạnh tranh Bộ Công Thương có được giữ lại số tiền phí thẩm định thu được để trang trải chi phí không?",
  "metrics": {
    "mrr": 0.5,
    "map": 0.5,
    "p@1": 0.0,
    "r@1": 0.0,
    "ndcg@1": 0.0,
    "p@5": 0.2,
    "r@5": 1.0,
    "ndcg@5": 0.6309297535714575,
    "p@10": 0.1,
    "r@10": 1.0,
    "ndcg@10": 0.6309297535714575
  },
  "retrieved": [
    11066,
    8776,
    8775,
    14540,
    11065,
    14895,
    13970,
    14503,
    10161,
    7893
  ]
}