{
  "qid": 134897,
  "query": "Có phải thực hiện thủ tục khai báo hóa chất đối với hỗn hợp hóa chất hay không?",
  "metrics": {
    "mrr": 0.16666666666666666,
    "map": 0.13888888888888887,
    "p@1": 0.0,
    "r@1": 0.0,
    "ndcg@1": 0.0,
    "p@5": 0.0,
    "r@5": 0.0,
    "ndcg@5": 0.0,
    "p@10": 0.2,
    "r@10": 0.6666666666666666,
    "ndcg@10": 0.3152014104491349
  },
  "retrieved": [
    13917,
    13891,
    13926,
    13919,
    13916,
    13918,
    13914,
    13915,
    13898,
    13906
  ]
}