{
  "qid": 135103,
  "query": "Quy định về hướng dẫn tập sự đối với viên chức?",
  "metrics": {
    "mrr": 0.5,
    "map": 0.5,
    "p@1": 0.0,
    "r@1": 0.0,
    "ndcg@1": 0.0,
    "p@5": 0.2,
    "r@5": 1.0,
    "ndcg@5": 0.6309297535714575,
    "p@10": 0.1,
    "r@10": 1.0,
    "ndcg@10": 0.6309297535714575
  },
  "retrieved": [
    14231,
    14229,
    14228,
    12004,
    12010,
    12006,
    14232,
    12013,
    14230,
    12017
  ]
}