{
  "qid": 13554,
  "query": "Hiệu lực Giấy phép chuyển giao công nghệ, Giấy chứng nhận đăng ký chuyển giao công nghệ được quy định như thế nào?",
  "metrics": {
    "mrr": 0.5,
    "map": 0.5,
    "p@1": 0.0,
    "r@1": 0.0,
    "ndcg@1": 0.0,
    "p@5": 0.2,
    "r@5": 1.0,
    "ndcg@5": 0.6309297535714575,
    "p@10": 0.1,
    "r@10": 1.0,
    "ndcg@10": 0.6309297535714575
  },
  "retrieved": [
    7515,
    7523,
    7522,
    7525,
    7524,
    7521,
    7519,
    14759,
    7517,
    7516
  ]
}