{
  "qid": 135769,
  "query": "Giáo viên giáo dục nghề nghiệp hạng 2 có mã số chức danh nghề nghiệp thế nào?",
  "metrics": {
    "mrr": 0.2,
    "map": 0.2,
    "p@1": 0.0,
    "r@1": 0.0,
    "ndcg@1": 0.0,
    "p@5": 0.2,
    "r@5": 1.0,
    "ndcg@5": 0.38685280723454163,
    "p@10": 0.1,
    "r@10": 1.0,
    "ndcg@10": 0.38685280723454163
  },
  "retrieved": [
    1538,
    2820,
    2815,
    1537,
    12978,
    1535,
    3852,
    2817,
    3847,
    1530
  ]
}