{
  "qid": 135856,
  "query": "Sau khi nhận được Giấy đăng ký hoạt động doanh nghiệp đấu giá tài sản cần làm gì?",
  "metrics": {
    "mrr": 0.3333333333333333,
    "map": 0.3333333333333333,
    "p@1": 0.0,
    "r@1": 0.0,
    "ndcg@1": 0.0,
    "p@5": 0.2,
    "r@5": 1.0,
    "ndcg@5": 0.5,
    "p@10": 0.1,
    "r@10": 1.0,
    "ndcg@10": 0.5
  },
  "retrieved": [
    6588,
    712,
    715,
    716,
    713,
    765,
    711,
    767,
    719,
    714
  ]
}