{
  "qid": 136201,
  "query": "Người đại diện hoặc thành viên Ban quản lý cơ sở tín ngưỡng phải đáp ứng các điều kiện nào?",
  "metrics": {
    "mrr": 0.25,
    "map": 0.25,
    "p@1": 0.0,
    "r@1": 0.0,
    "ndcg@1": 0.0,
    "p@5": 0.2,
    "r@5": 1.0,
    "ndcg@5": 0.43067655807339306,
    "p@10": 0.1,
    "r@10": 1.0,
    "ndcg@10": 0.43067655807339306
  },
  "retrieved": [
    2144,
    2145,
    2143,
    2141,
    2142,
    13405,
    2169,
    2132,
    13411,
    13414
  ]
}