{
  "qid": 136205,
  "query": "Cơ sở thực hành cần tuân thủ những nguyên tắc nào khi đào tào thực hành điều dưỡng viên?",
  "metrics": {
    "mrr": 0.3333333333333333,
    "map": 0.3333333333333333,
    "p@1": 0.0,
    "r@1": 0.0,
    "ndcg@1": 0.0,
    "p@5": 0.2,
    "r@5": 1.0,
    "ndcg@5": 0.5,
    "p@10": 0.1,
    "r@10": 1.0,
    "ndcg@10": 0.5
  },
  "retrieved": [
    13624,
    6975,
    13621,
    13630,
    13625,
    13631,
    13619,
    6981,
    13628,
    9174
  ]
}