{
  "qid": 136499,
  "query": "Tổ chức phát hành thông báo hoán đổi công cụ nợ của Chính phủ theo bao nhiêu hình thức?",
  "metrics": {
    "mrr": 0.16666666666666666,
    "map": 0.16666666666666666,
    "p@1": 0.0,
    "r@1": 0.0,
    "ndcg@1": 0.0,
    "p@5": 0.0,
    "r@5": 0.0,
    "ndcg@5": 0.0,
    "p@10": 0.1,
    "r@10": 1.0,
    "ndcg@10": 0.3562071871080222
  },
  "retrieved": [
    13445,
    13441,
    13429,
    13451,
    13455,
    13436,
    13448,
    13428,
    13432,
    13453
  ]
}