{
  "qid": 136615,
  "query": "Nhiệm vụ, quyền hạn của công chức thanh tra chuyên ngành tiến hành thanh tra độc lập được quy định như thế nào?",
  "metrics": {
    "mrr": 0.5,
    "map": 0.5,
    "p@1": 0.0,
    "r@1": 0.0,
    "ndcg@1": 0.0,
    "p@5": 0.2,
    "r@5": 1.0,
    "ndcg@5": 0.6309297535714575,
    "p@10": 0.1,
    "r@10": 1.0,
    "ndcg@10": 0.6309297535714575
  },
  "retrieved": [
    7029,
    7031,
    7032,
    7017,
    4835,
    186,
    4268,
    13395,
    4267,
    7003
  ]
}