{
  "qid": 136814,
  "query": "Văn phòng Thừa phát lại khi thay đổi những nội dung nào thì phải đăng ký thay đổi với Sở Tư pháp?",
  "metrics": {
    "mrr": 0.25,
    "map": 0.25,
    "p@1": 0.0,
    "r@1": 0.0,
    "ndcg@1": 0.0,
    "p@5": 0.2,
    "r@5": 1.0,
    "ndcg@5": 0.43067655807339306,
    "p@10": 0.1,
    "r@10": 1.0,
    "ndcg@10": 0.43067655807339306
  },
  "retrieved": [
    8953,
    5867,
    8956,
    8950,
    8948,
    8954,
    8994,
    5858,
    8949,
    8934
  ]
}