{
  "qid": 136943,
  "query": "Nội dung của vi bằng là gì?",
  "metrics": {
    "mrr": 0.2,
    "map": 0.2,
    "p@1": 0.0,
    "r@1": 0.0,
    "ndcg@1": 0.0,
    "p@5": 0.2,
    "r@5": 1.0,
    "ndcg@5": 0.38685280723454163,
    "p@10": 0.1,
    "r@10": 1.0,
    "ndcg@10": 0.38685280723454163
  },
  "retrieved": [
    5858,
    5859,
    8965,
    8964,
    8966,
    8968,
    5868,
    5860,
    8967,
    9428
  ]
}