{
  "qid": 136945,
  "query": "Các chứng từ kế toán áp dụng cho Công ty chứng khoán được lập bằng máy vi tính phải đảm bảo nội dung nào?",
  "metrics": {
    "mrr": 0.5,
    "map": 0.5,
    "p@1": 0.0,
    "r@1": 0.0,
    "ndcg@1": 0.0,
    "p@5": 0.2,
    "r@5": 1.0,
    "ndcg@5": 0.6309297535714575,
    "p@10": 0.1,
    "r@10": 1.0,
    "ndcg@10": 0.6309297535714575
  },
  "retrieved": [
    2871,
    2860,
    2862,
    5827,
    2865,
    9147,
    852,
    7410,
    12083,
    7382
  ]
}