{
  "qid": 137094,
  "query": "Tổ chức kinh doanh căn hộ du lịch cần làm gì khi có sự thay đổi về cơ sở vật chất kỹ thuật, dịch vụ?",
  "metrics": {
    "mrr": 0.5,
    "map": 0.3611111111111111,
    "p@1": 0.0,
    "r@1": 0.0,
    "ndcg@1": 0.0,
    "p@5": 0.2,
    "r@5": 0.5,
    "ndcg@5": 0.38685280723454163,
    "p@10": 0.2,
    "r@10": 1.0,
    "ndcg@10": 0.5714285040141098
  },
  "retrieved": [
    9792,
    9795,
    9793,
    6617,
    9799,
    6616,
    9769,
    9796,
    9791,
    11971
  ]
}