{
  "qid": 137244,
  "query": "Kế hoạch thực hiện điều ước quốc tế bao gồm những nội dung gì?",
  "metrics": {
    "mrr": 0.3333333333333333,
    "map": 0.3333333333333333,
    "p@1": 0.0,
    "r@1": 0.0,
    "ndcg@1": 0.0,
    "p@5": 0.2,
    "r@5": 1.0,
    "ndcg@5": 0.5,
    "p@10": 0.1,
    "r@10": 1.0,
    "ndcg@10": 0.5
  },
  "retrieved": [
    12177,
    12178,
    12233,
    12202,
    12174,
    12229,
    12170,
    12188,
    12168,
    12172
  ]
}