{
  "qid": 137314,
  "query": "Việc phê duyệt nhiệm vụ khoa học và công nghệ đặc biệt thuộc thẩm quyền của cơ quan nhà nước nào?",
  "metrics": {
    "mrr": 0.5,
    "map": 0.5,
    "p@1": 0.0,
    "r@1": 0.0,
    "ndcg@1": 0.0,
    "p@5": 0.2,
    "r@5": 1.0,
    "ndcg@5": 0.6309297535714575,
    "p@10": 0.1,
    "r@10": 1.0,
    "ndcg@10": 0.6309297535714575
  },
  "retrieved": [
    8266,
    8258,
    8254,
    8253,
    8654,
    8255,
    7941,
    923,
    8231,
    921
  ]
}