{
  "qid": 137379,
  "query": "Cá nhân hoạt động thương mại trong khu vực cửa khẩu có được tạm trú trong khu vực cửa khẩu không?",
  "metrics": {
    "mrr": 0.5,
    "map": 0.5,
    "p@1": 0.0,
    "r@1": 0.0,
    "ndcg@1": 0.0,
    "p@5": 0.2,
    "r@5": 1.0,
    "ndcg@5": 0.6309297535714575,
    "p@10": 0.1,
    "r@10": 1.0,
    "ndcg@10": 0.6309297535714575
  },
  "retrieved": [
    9676,
    13705,
    13693,
    9675,
    9677,
    13698,
    13703,
    13700,
    9668,
    13707
  ]
}