{
  "qid": 138014,
  "query": "Việc xếp lương của viên chức giữ chức danh nghề nghiệp chuyên ngành cảng vụ hàng hải dựa trên mấy nguyên tắc?",
  "metrics": {
    "mrr": 0.16666666666666666,
    "map": 0.16666666666666666,
    "p@1": 0.0,
    "r@1": 0.0,
    "ndcg@1": 0.0,
    "p@5": 0.0,
    "r@5": 0.0,
    "ndcg@5": 0.0,
    "p@10": 0.1,
    "r@10": 1.0,
    "ndcg@10": 0.3562071871080222
  },
  "retrieved": [
    6460,
    1536,
    8457,
    14249,
    14270,
    6458,
    7726,
    8612,
    14271,
    13119
  ]
}