{
  "qid": 138193,
  "query": "Tại cuộc đấu giá thực hiện theo phương thức đặt giá xuống, người chấp nhận mức giá khởi điểm rút lại giá đã chấp nhận trước khi đấu giá viên công bố người trúng đấu giá thì xử lý thế nào?",
  "metrics": {
    "mrr": 0.5,
    "map": 0.5,
    "p@1": 0.0,
    "r@1": 0.0,
    "ndcg@1": 0.0,
    "p@5": 0.2,
    "r@5": 1.0,
    "ndcg@5": 0.6309297535714575,
    "p@10": 0.1,
    "r@10": 1.0,
    "ndcg@10": 0.6309297535714575
  },
  "retrieved": [
    729,
    737,
    728,
    692,
    739,
    730,
    738,
    736,
    745,
    726
  ]
}