{
  "qid": 138181,
  "query": "Viên chức được cử đi biệt phái tối đa bao nhiêu lần? Khoảng cách giữa các lần biệt phái của viên chức là bao lâu?",
  "metrics": {
    "mrr": 0.16666666666666666,
    "map": 0.16666666666666666,
    "p@1": 0.0,
    "r@1": 0.0,
    "ndcg@1": 0.0,
    "p@5": 0.0,
    "r@5": 0.0,
    "ndcg@5": 0.0,
    "p@10": 0.1,
    "r@10": 1.0,
    "ndcg@10": 0.3562071871080222
  },
  "retrieved": [
    9464,
    13771,
    9465,
    13764,
    9473,
    14234,
    1346,
    9462,
    13781,
    9463
  ]
}