{
  "qid": 138299,
  "query": "Viện kiểm sát có thể yêu cầu tòa án cùng cấp chuyển hồ sơ vụ án hình sự để xem xét, quyết định việc kháng nghị không?",
  "metrics": {
    "mrr": 0.16666666666666666,
    "map": 0.16666666666666666,
    "p@1": 0.0,
    "r@1": 0.0,
    "ndcg@1": 0.0,
    "p@5": 0.0,
    "r@5": 0.0,
    "ndcg@5": 0.0,
    "p@10": 0.1,
    "r@10": 1.0,
    "ndcg@10": 0.3562071871080222
  },
  "retrieved": [
    10857,
    10853,
    10872,
    10844,
    10969,
    10744,
    10863,
    10854,
    10839,
    10815
  ]
}