{
  "qid": 138594,
  "query": "Kinh doanh vận tải hành khách bằng xe taxi phải đáp ứng điều kiện nào?",
  "metrics": {
    "mrr": 0.25,
    "map": 0.25,
    "p@1": 0.0,
    "r@1": 0.0,
    "ndcg@1": 0.0,
    "p@5": 0.2,
    "r@5": 1.0,
    "ndcg@5": 0.43067655807339306,
    "p@10": 0.1,
    "r@10": 1.0,
    "ndcg@10": 0.43067655807339306
  },
  "retrieved": [
    13137,
    13139,
    10326,
    13132,
    13129,
    13162,
    13161,
    13160,
    13138,
    13133
  ]
}