{
  "qid": 138848,
  "query": "Nguyên vật liệu đưa vào kho bảo thuế được sử dụng vào mục đích gì?",
  "metrics": {
    "mrr": 0.3333333333333333,
    "map": 0.3333333333333333,
    "p@1": 0.0,
    "r@1": 0.0,
    "ndcg@1": 0.0,
    "p@5": 0.2,
    "r@5": 1.0,
    "ndcg@5": 0.5,
    "p@10": 0.1,
    "r@10": 1.0,
    "ndcg@10": 0.5
  },
  "retrieved": [
    8401,
    8399,
    8400,
    8402,
    8403,
    10404,
    471,
    10408,
    10392,
    10393
  ]
}