{
  "qid": 138997,
  "query": "Phụ cấp thâm niên nhà giáo sẽ được trả cùng với kỳ trả lương hàng tháng đúng không?",
  "metrics": {
    "mrr": 0.25,
    "map": 0.25,
    "p@1": 0.0,
    "r@1": 0.0,
    "ndcg@1": 0.0,
    "p@5": 0.2,
    "r@5": 1.0,
    "ndcg@5": 0.43067655807339306,
    "p@10": 0.1,
    "r@10": 1.0,
    "ndcg@10": 0.43067655807339306
  },
  "retrieved": [
    13842,
    13839,
    8463,
    3898,
    7560,
    7563,
    13781,
    13843,
    8464,
    4526
  ]
}