{
  "qid": 139084,
  "query": "Quyền xem xét vật chứng trong vụ án hình sự trong giai đoạn xét xử sơ thẩm thuộc về Viện kiểm sát đúng không?",
  "metrics": {
    "mrr": 1.0,
    "map": 0.5,
    "p@1": 1.0,
    "r@1": 0.5,
    "ndcg@1": 1.0,
    "p@5": 0.2,
    "r@5": 0.5,
    "ndcg@5": 0.6131471927654584,
    "p@10": 0.1,
    "r@10": 0.5,
    "ndcg@10": 0.6131471927654584
  },
  "retrieved": [
    10743,
    10732,
    10803,
    10737,
    10503,
    10784,
    10825,
    10839,
    10930,
    10523
  ]
}