{
  "qid": 139007,
  "query": "Trường hợp nào thì được áp dụng hình thức kỷ luật buộc thôi việc viên chức?",
  "metrics": {
    "mrr": 0.25,
    "map": 0.25,
    "p@1": 0.0,
    "r@1": 0.0,
    "ndcg@1": 0.0,
    "p@5": 0.2,
    "r@5": 1.0,
    "ndcg@5": 0.43067655807339306,
    "p@10": 0.1,
    "r@10": 1.0,
    "ndcg@10": 0.43067655807339306
  },
  "retrieved": [
    13748,
    13755,
    13747,
    13749,
    13753,
    13779,
    13746,
    13742,
    13771,
    13778
  ]
}