{
  "qid": 139186,
  "query": "Vợ là người Việt Nam có thể đưa hài cốt của chồng là người nước ngoài về Việt Nam chôn cất được không?",
  "metrics": {
    "mrr": 0.25,
    "map": 0.25,
    "p@1": 0.0,
    "r@1": 0.0,
    "ndcg@1": 0.0,
    "p@5": 0.2,
    "r@5": 1.0,
    "ndcg@5": 0.43067655807339306,
    "p@10": 0.1,
    "r@10": 1.0,
    "ndcg@10": 0.43067655807339306
  },
  "retrieved": [
    4586,
    2263,
    2275,
    115,
    907,
    2764,
    13883,
    4575,
    909,
    4555
  ]
}