{
  "qid": 139595,
  "query": "Hội đồng tư vấn cấp Chứng chỉ hành nghề dược Bộ Y tế có trách nhiệm như thế nào?",
  "metrics": {
    "mrr": 0.5,
    "map": 0.5,
    "p@1": 0.0,
    "r@1": 0.0,
    "ndcg@1": 0.0,
    "p@5": 0.2,
    "r@5": 1.0,
    "ndcg@5": 0.6309297535714575,
    "p@10": 0.1,
    "r@10": 1.0,
    "ndcg@10": 0.6309297535714575
  },
  "retrieved": [
    4512,
    7776,
    4515,
    4514,
    4518,
    4513,
    4505,
    4506,
    12379,
    4521
  ]
}