{
  "qid": 139531,
  "query": "Lời khai nhận tội của bị cáo trong vụ án hình sự có phải chứng cứ duy nhất để buộc tội hay không?",
  "metrics": {
    "mrr": 0.3333333333333333,
    "map": 0.16666666666666666,
    "p@1": 0.0,
    "r@1": 0.0,
    "ndcg@1": 0.0,
    "p@5": 0.2,
    "r@5": 0.5,
    "ndcg@5": 0.3065735963827292,
    "p@10": 0.1,
    "r@10": 0.5,
    "ndcg@10": 0.3065735963827292
  },
  "retrieved": [
    10503,
    10786,
    10575,
    10799,
    10803,
    10798,
    10737,
    10743,
    3560,
    10893
  ]
}