{
  "qid": 139532,
  "query": "Hoạt động thu thập chứng cứ trong vụ án hình sự được thực hiện như thế nào?",
  "metrics": {
    "mrr": 0.5,
    "map": 0.5,
    "p@1": 0.0,
    "r@1": 0.0,
    "ndcg@1": 0.0,
    "p@5": 0.2,
    "r@5": 1.0,
    "ndcg@5": 0.6309297535714575,
    "p@10": 0.1,
    "r@10": 1.0,
    "ndcg@10": 0.6309297535714575
  },
  "retrieved": [
    10704,
    10565,
    10608,
    10564,
    10550,
    10585,
    10517,
    10803,
    10642,
    10503
  ]
}