{
  "qid": 139879,
  "query": "Tuyến đường được vận chuyển hàng hóa quá cảnh sẽ được quyết định dựa trên cơ sở nào?",
  "metrics": {
    "mrr": 0.3333333333333333,
    "map": 0.3333333333333333,
    "p@1": 0.0,
    "r@1": 0.0,
    "ndcg@1": 0.0,
    "p@5": 0.2,
    "r@5": 1.0,
    "ndcg@5": 0.5,
    "p@10": 0.1,
    "r@10": 1.0,
    "ndcg@10": 0.5
  },
  "retrieved": [
    8350,
    8322,
    5269,
    471,
    8340,
    8368,
    8341,
    8372,
    476,
    467
  ]
}