{
  "qid": 139886,
  "query": "Giấy chứng nhận khả năng chuyên môn của thuyền viên tàu biển Việt Nam có giá trị sử dụng bao lâu?",
  "metrics": {
    "mrr": 0.3333333333333333,
    "map": 0.3333333333333333,
    "p@1": 0.0,
    "r@1": 0.0,
    "ndcg@1": 0.0,
    "p@5": 0.2,
    "r@5": 1.0,
    "ndcg@5": 0.5,
    "p@10": 0.1,
    "r@10": 1.0,
    "ndcg@10": 0.5
  },
  "retrieved": [
    3719,
    3784,
    3735,
    7676,
    3738,
    7662,
    3759,
    3771,
    3778,
    3779
  ]
}