{
  "qid": 139890,
  "query": "Hoạt động ủy thác xuất khẩu hàng hóa được quản lý như thế nào?",
  "metrics": {
    "mrr": 0.3333333333333333,
    "map": 0.3333333333333333,
    "p@1": 0.0,
    "r@1": 0.0,
    "ndcg@1": 0.0,
    "p@5": 0.2,
    "r@5": 1.0,
    "ndcg@5": 0.5,
    "p@10": 0.1,
    "r@10": 1.0,
    "ndcg@10": 0.5
  },
  "retrieved": [
    3189,
    11146,
    5273,
    5272,
    3209,
    5230,
    8343,
    5247,
    8412,
    5271
  ]
}