{
  "qid": 139925,
  "query": "Doanh nghiệp cung cấp dịch vụ hàng không tại cảng hàng không sân bay phải tuân thủ theo các quy định gì?",
  "metrics": {
    "mrr": 0.16666666666666666,
    "map": 0.16666666666666666,
    "p@1": 0.0,
    "r@1": 0.0,
    "ndcg@1": 0.0,
    "p@5": 0.0,
    "r@5": 0.0,
    "ndcg@5": 0.0,
    "p@10": 0.1,
    "r@10": 1.0,
    "ndcg@10": 0.3562071871080222
  },
  "retrieved": [
    5929,
    5874,
    5877,
    5938,
    2943,
    5940,
    12958,
    5941,
    5922,
    5921
  ]
}