{
  "qid": 140013,
  "query": "Trong hồ sơ đề nghị cấp Chứng chỉ hành nghề lưu trữ có cần phải có giấy tờ liên quan đến kinh nghiệm làm việc không?",
  "metrics": {
    "mrr": 0.2,
    "map": 0.2,
    "p@1": 0.0,
    "r@1": 0.0,
    "ndcg@1": 0.0,
    "p@5": 0.2,
    "r@5": 1.0,
    "ndcg@5": 0.38685280723454163,
    "p@10": 0.1,
    "r@10": 1.0,
    "ndcg@10": 0.38685280723454163
  },
  "retrieved": [
    6409,
    9374,
    239,
    6401,
    237,
    6410,
    12358,
    8786,
    242,
    704
  ]
}