{
  "qid": 140012,
  "query": "Thủ tục cấp Chứng chỉ hành nghề lưu trữ được thực hiện như thế nào theo quy định mới nhất hiện nay?",
  "metrics": {
    "mrr": 0.25,
    "map": 0.25,
    "p@1": 0.0,
    "r@1": 0.0,
    "ndcg@1": 0.0,
    "p@5": 0.2,
    "r@5": 1.0,
    "ndcg@5": 0.43067655807339306,
    "p@10": 0.1,
    "r@10": 1.0,
    "ndcg@10": 0.43067655807339306
  },
  "retrieved": [
    9368,
    9374,
    242,
    238,
    9379,
    89,
    14467,
    9378,
    240,
    14469
  ]
}