{
  "qid": 140201,
  "query": "Thực hiện dân chủ trong hoạt động của cơ quan hành chính đối với cán bộ, công chức nhằm mục đích gì?",
  "metrics": {
    "mrr": 0.3333333333333333,
    "map": 0.3333333333333333,
    "p@1": 0.0,
    "r@1": 0.0,
    "ndcg@1": 0.0,
    "p@5": 0.2,
    "r@5": 1.0,
    "ndcg@5": 0.5,
    "p@10": 0.1,
    "r@10": 1.0,
    "ndcg@10": 0.5
  },
  "retrieved": [
    4124,
    805,
    4125,
    4127,
    806,
    13741,
    10987,
    5946,
    4126,
    2914
  ]
}