{
  "qid": 140242,
  "query": "Đối với Lễ Quốc tang thì Lễ viếng có được tổ chức ở nước ngoài không? Nếu có thì thời gian tổ chức có cùng thời điểm đang diễn ra tại Việt Nam không?",
  "metrics": {
    "mrr": 0.5,
    "map": 0.5,
    "p@1": 0.0,
    "r@1": 0.0,
    "ndcg@1": 0.0,
    "p@5": 0.2,
    "r@5": 1.0,
    "ndcg@5": 0.6309297535714575,
    "p@10": 0.1,
    "r@10": 1.0,
    "ndcg@10": 0.6309297535714575
  },
  "retrieved": [
    11758,
    11764,
    11763,
    11774,
    11757,
    11762,
    35,
    11761,
    11776,
    11803
  ]
}