{
  "qid": 140708,
  "query": "Hệ số lương áp dụng đối với giáo viên trung học cơ sở hạng III là bao nhiêu?",
  "metrics": {
    "mrr": 0.25,
    "map": 0.25,
    "p@1": 0.0,
    "r@1": 0.0,
    "ndcg@1": 0.0,
    "p@5": 0.2,
    "r@5": 1.0,
    "ndcg@5": 0.43067655807339306,
    "p@10": 0.1,
    "r@10": 1.0,
    "ndcg@10": 0.43067655807339306
  },
  "retrieved": [
    1537,
    7726,
    3852,
    1536,
    3847,
    8612,
    6460,
    8457,
    1534,
    1538
  ]
}