{
  "qid": 140813,
  "query": "Việc giải quyết khiếu nại trong Quân đội được thực hiện theo nguyên tắc nào?",
  "metrics": {
    "mrr": 0.1111111111111111,
    "map": 0.1111111111111111,
    "p@1": 0.0,
    "r@1": 0.0,
    "ndcg@1": 0.0,
    "p@5": 0.0,
    "r@5": 0.0,
    "ndcg@5": 0.0,
    "p@10": 0.1,
    "r@10": 1.0,
    "ndcg@10": 0.3010299956639812
  },
  "retrieved": [
    1482,
    1508,
    1793,
    1795,
    1796,
    1797,
    2201,
    632,
    1704,
    1790
  ]
}