{
  "qid": 140985,
  "query": "Thủ tục cấp lại Thẻ công chứng viên bao gồm những gì?",
  "metrics": {
    "mrr": 0.2,
    "map": 0.2,
    "p@1": 0.0,
    "r@1": 0.0,
    "ndcg@1": 0.0,
    "p@5": 0.2,
    "r@5": 1.0,
    "ndcg@5": 0.38685280723454163,
    "p@10": 0.1,
    "r@10": 1.0,
    "ndcg@10": 0.38685280723454163
  },
  "retrieved": [
    1611,
    1637,
    1610,
    1636,
    1612,
    1633,
    1625,
    1634,
    4227,
    1609
  ]
}