{
  "qid": 141256,
  "query": "Tòa án có được hoãn phiên tòa phúc thẩm vụ án hình sự khi cần phải xác minh chứng cứ, tài liệu không thể thực hiện ngay tại phiên tòa không?",
  "metrics": {
    "mrr": 0.3333333333333333,
    "map": 0.3333333333333333,
    "p@1": 0.0,
    "r@1": 0.0,
    "ndcg@1": 0.0,
    "p@5": 0.2,
    "r@5": 1.0,
    "ndcg@5": 0.5,
    "p@10": 0.1,
    "r@10": 1.0,
    "ndcg@10": 0.5
  },
  "retrieved": [
    10774,
    10728,
    10829,
    10823,
    10530,
    10503,
    10765,
    10803,
    10859,
    10737
  ]
}