{
  "qid": 141370,
  "query": "Dắt vật nuôi đi dạo nhưng không chú ý dọn vệ sinh do vật nuôi thải ra có bị phạt không?",
  "metrics": {
    "mrr": 0.5,
    "map": 0.5,
    "p@1": 0.0,
    "r@1": 0.0,
    "ndcg@1": 0.0,
    "p@5": 0.2,
    "r@5": 1.0,
    "ndcg@5": 0.6309297535714575,
    "p@10": 0.1,
    "r@10": 1.0,
    "ndcg@10": 0.6309297535714575
  },
  "retrieved": [
    4637,
    10308,
    4715,
    12433,
    11826,
    14817,
    7541,
    1806,
    14814,
    4709
  ]
}