{
  "qid": 14156,
  "query": "Công dân Việt Nam xuất cảnh qua cửa khẩu biên giới Việt Nam có phải có hộ chiếu không?",
  "metrics": {
    "mrr": 0.5,
    "map": 0.5,
    "p@1": 0.0,
    "r@1": 0.0,
    "ndcg@1": 0.0,
    "p@5": 0.2,
    "r@5": 1.0,
    "ndcg@5": 0.6309297535714575,
    "p@10": 0.1,
    "r@10": 1.0,
    "ndcg@10": 0.6309297535714575
  },
  "retrieved": [
    9674,
    13700,
    9676,
    9669,
    13701,
    13696,
    9099,
    13697,
    6998,
    10386
  ]
}