{
  "qid": 141636,
  "query": "Phạm nhân là người lao động có thu nhập duy nhất trong gia đình để được tạm đình chỉ chấp hành án cần những điều kiện gì?",
  "metrics": {
    "mrr": 0.3333333333333333,
    "map": 0.3333333333333333,
    "p@1": 0.0,
    "r@1": 0.0,
    "ndcg@1": 0.0,
    "p@5": 0.2,
    "r@5": 1.0,
    "ndcg@5": 0.5,
    "p@10": 0.1,
    "r@10": 1.0,
    "ndcg@10": 0.5
  },
  "retrieved": [
    3049,
    3052,
    3047,
    3048,
    3051,
    3054,
    1890,
    3053,
    1842,
    4436
  ]
}