{
  "qid": 14218,
  "query": "Trong các vụ án hình sự trường hợp nào cơ quan có thẩm quyền tiến hành tố tụng phải chỉ định người bào chữa cho người bị buộc tội?",
  "metrics": {
    "mrr": 0.3333333333333333,
    "map": 0.3333333333333333,
    "p@1": 0.0,
    "r@1": 0.0,
    "ndcg@1": 0.0,
    "p@5": 0.2,
    "r@5": 1.0,
    "ndcg@5": 0.5,
    "p@10": 0.1,
    "r@10": 1.0,
    "ndcg@10": 0.5
  },
  "retrieved": [
    10549,
    6701,
    10553,
    10555,
    10550,
    13024,
    6695,
    2829,
    13018,
    6699
  ]
}