{
  "qid": 142216,
  "query": "Hội đồng tư vấn thẩm định tiến bộ kỹ thuật giống cây trồng hoạt động theo phương thức nào?",
  "metrics": {
    "mrr": 0.5,
    "map": 0.5,
    "p@1": 0.0,
    "r@1": 0.0,
    "ndcg@1": 0.0,
    "p@5": 0.2,
    "r@5": 1.0,
    "ndcg@5": 0.6309297535714575,
    "p@10": 0.1,
    "r@10": 1.0,
    "ndcg@10": 0.6309297535714575
  },
  "retrieved": [
    4381,
    4382,
    8179,
    4385,
    8192,
    5898,
    4386,
    8668,
    4377,
    7547
  ]
}