{
  "qid": 142616,
  "query": "Ai có quyền ra lệnh giữ người trong trường hợp khẩn cấp?",
  "metrics": {
    "mrr": 0.3333333333333333,
    "map": 0.3333333333333333,
    "p@1": 0.0,
    "r@1": 0.0,
    "ndcg@1": 0.0,
    "p@5": 0.2,
    "r@5": 1.0,
    "ndcg@5": 0.5,
    "p@10": 0.1,
    "r@10": 1.0,
    "ndcg@10": 0.5
  },
  "retrieved": [
    10671,
    10670,
    10587,
    10677,
    11745,
    10593,
    10535,
    12726,
    12307,
    10514
  ]
}