{
  "qid": 142822,
  "query": "Người nước ngoài có thuộc đối tượng bị xử phạt vi phạm hành chính khi đánh nhau tại Việt Nam?",
  "metrics": {
    "mrr": 0.14285714285714285,
    "map": 0.14285714285714285,
    "p@1": 0.0,
    "r@1": 0.0,
    "ndcg@1": 0.0,
    "p@5": 0.0,
    "r@5": 0.0,
    "ndcg@5": 0.0,
    "p@10": 0.1,
    "r@10": 1.0,
    "ndcg@10": 0.3333333333333333
  },
  "retrieved": [
    4603,
    11098,
    4636,
    4640,
    10300,
    14903,
    4602,
    4604,
    4703,
    11132
  ]
}