{
  "qid": 142841,
  "query": "Các hoạt động kiểm toán nội bộ được thực hiện có nhằm mục tiêu phòng ngừa, xử lý rủi ro của đơn vị hay không?",
  "metrics": {
    "mrr": 0.5,
    "map": 0.5,
    "p@1": 0.0,
    "r@1": 0.0,
    "ndcg@1": 0.0,
    "p@5": 0.2,
    "r@5": 1.0,
    "ndcg@5": 0.6309297535714575,
    "p@10": 0.1,
    "r@10": 1.0,
    "ndcg@10": 0.6309297535714575
  },
  "retrieved": [
    6837,
    5669,
    6838,
    6859,
    6847,
    6860,
    6840,
    7378,
    6858,
    6861
  ]
}