{
  "qid": 142993,
  "query": "Điều khiển xe ô tô tham gia giao thông nhưng không mang theo Giấy chứng nhận kiểm định xe thì bị xử phạt thế nào?",
  "metrics": {
    "mrr": 0.2,
    "map": 0.2,
    "p@1": 0.0,
    "r@1": 0.0,
    "ndcg@1": 0.0,
    "p@5": 0.2,
    "r@5": 1.0,
    "ndcg@5": 0.38685280723454163,
    "p@10": 0.1,
    "r@10": 1.0,
    "ndcg@10": 0.38685280723454163
  },
  "retrieved": [
    10328,
    10378,
    10319,
    10322,
    10314,
    10333,
    10331,
    10318,
    10320,
    10334
  ]
}