{
  "qid": 142925,
  "query": "Thời hạn bảo hiểm công trình trong thời gian xây dựng được quy định như thế nào?",
  "metrics": {
    "mrr": 0.5,
    "map": 0.5,
    "p@1": 0.0,
    "r@1": 0.0,
    "ndcg@1": 0.0,
    "p@5": 0.2,
    "r@5": 1.0,
    "ndcg@5": 0.6309297535714575,
    "p@10": 0.1,
    "r@10": 1.0,
    "ndcg@10": 0.6309297535714575
  },
  "retrieved": [
    9718,
    14796,
    6897,
    9703,
    6898,
    9707,
    8599,
    14794,
    9710,
    9705
  ]
}