{
  "qid": 143062,
  "query": "Thực hiện việc trực cứu nạn cứu hộ đối với lực lượng Cảnh sát phòng cháy chữa cháy và cứu nạn cứu hộ như thế nào?",
  "metrics": {
    "mrr": 0.5,
    "map": 0.5,
    "p@1": 0.0,
    "r@1": 0.0,
    "ndcg@1": 0.0,
    "p@5": 0.2,
    "r@5": 1.0,
    "ndcg@5": 0.6309297535714575,
    "p@10": 0.1,
    "r@10": 1.0,
    "ndcg@10": 0.6309297535714575
  },
  "retrieved": [
    8728,
    8721,
    8727,
    8724,
    8722,
    8726,
    8718,
    3090,
    3089,
    3095
  ]
}