{
  "qid": 143310,
  "query": "Những giấy tờ có giá phải đáp ứng những tiêu chuẩn gì để được chiết khấu?",
  "metrics": {
    "mrr": 0.3333333333333333,
    "map": 0.3333333333333333,
    "p@1": 0.0,
    "r@1": 0.0,
    "ndcg@1": 0.0,
    "p@5": 0.2,
    "r@5": 1.0,
    "ndcg@5": 0.5,
    "p@10": 0.1,
    "r@10": 1.0,
    "ndcg@10": 0.5
  },
  "retrieved": [
    173,
    159,
    163,
    171,
    4021,
    4022,
    4014,
    165,
    4016,
    175
  ]
}