{
  "qid": 143782,
  "query": "Khi kinh doanh trò chơi điện tử có thưởng cho người nước ngoài thì doanh nghiệp cần tuân thủ những nguyên tắc nào?",
  "metrics": {
    "mrr": 0.16666666666666666,
    "map": 0.16666666666666666,
    "p@1": 0.0,
    "r@1": 0.0,
    "ndcg@1": 0.0,
    "p@5": 0.0,
    "r@5": 0.0,
    "ndcg@5": 0.0,
    "p@10": 0.1,
    "r@10": 1.0,
    "ndcg@10": 0.3562071871080222
  },
  "retrieved": [
    3248,
    3256,
    3262,
    3263,
    3255,
    3249,
    3267,
    3250,
    3297,
    3268
  ]
}