{
  "qid": 143823,
  "query": "Trong hồ sơ thiết kế kiến trúc kỹ thuật có những bản vẽ nào?",
  "metrics": {
    "mrr": 0.2,
    "map": 0.2,
    "p@1": 0.0,
    "r@1": 0.0,
    "ndcg@1": 0.0,
    "p@5": 0.2,
    "r@5": 1.0,
    "ndcg@5": 0.38685280723454163,
    "p@10": 0.1,
    "r@10": 1.0,
    "ndcg@10": 0.38685280723454163
  },
  "retrieved": [
    3806,
    3807,
    3804,
    3805,
    3808,
    3809,
    3811,
    3810,
    456,
    2411
  ]
}