{
  "qid": 143926,
  "query": "Ai được bổ nhiệm chức danh nghề nghiệp nhân viên thiết bị tại trường trung học công lập?",
  "metrics": {
    "mrr": 0.5,
    "map": 0.5,
    "p@1": 0.0,
    "r@1": 0.0,
    "ndcg@1": 0.0,
    "p@5": 0.2,
    "r@5": 1.0,
    "ndcg@5": 0.6309297535714575,
    "p@10": 0.1,
    "r@10": 1.0,
    "ndcg@10": 0.6309297535714575
  },
  "retrieved": [
    8809,
    8813,
    7782,
    7785,
    7786,
    3846,
    2814,
    8811,
    1539,
    7726
  ]
}