{
  "qid": 143974,
  "query": "Hội đồng khoa học và đào tạo trường cao đẳng công lập được thành lập như thế nào?",
  "metrics": {
    "mrr": 0.5,
    "map": 0.5,
    "p@1": 0.0,
    "r@1": 0.0,
    "ndcg@1": 0.0,
    "p@5": 0.2,
    "r@5": 1.0,
    "ndcg@5": 0.6309297535714575,
    "p@10": 0.1,
    "r@10": 1.0,
    "ndcg@10": 0.6309297535714575
  },
  "retrieved": [
    503,
    500,
    514,
    489,
    502,
    494,
    512,
    515,
    506,
    532
  ]
}