{
  "qid": 144014,
  "query": "Hồ sơ, tài liệu lưu trữ trong tàng thư chứng minh nhân dân 9 số bao gồm những loại giấy tờ gì?",
  "metrics": {
    "mrr": 0.3333333333333333,
    "map": 0.3333333333333333,
    "p@1": 0.0,
    "r@1": 0.0,
    "ndcg@1": 0.0,
    "p@5": 0.2,
    "r@5": 1.0,
    "ndcg@5": 0.5,
    "p@10": 0.1,
    "r@10": 1.0,
    "ndcg@10": 0.5
  },
  "retrieved": [
    12633,
    12642,
    12634,
    12644,
    12643,
    12635,
    1789,
    9374,
    12639,
    12637
  ]
}