{
  "qid": 144354,
  "query": "Hệ số lương viên chức được áp dụng đối với chức danh nghề nghiệp biên dịch viên hạng 3 là bao nhiêu?",
  "metrics": {
    "mrr": 0.5,
    "map": 0.5,
    "p@1": 0.0,
    "r@1": 0.0,
    "ndcg@1": 0.0,
    "p@5": 0.2,
    "r@5": 1.0,
    "ndcg@5": 0.6309297535714575,
    "p@10": 0.1,
    "r@10": 1.0,
    "ndcg@10": 0.6309297535714575
  },
  "retrieved": [
    8612,
    1536,
    6460,
    8457,
    7726,
    6449,
    6458,
    1537,
    8458,
    7561
  ]
}