{
  "qid": 144757,
  "query": "Trình tự xử lý kỷ luật viên chức được thực hiện như thế nào?",
  "metrics": {
    "mrr": 0.3333333333333333,
    "map": 0.3333333333333333,
    "p@1": 0.0,
    "r@1": 0.0,
    "ndcg@1": 0.0,
    "p@5": 0.2,
    "r@5": 1.0,
    "ndcg@5": 0.5,
    "p@10": 0.1,
    "r@10": 1.0,
    "ndcg@10": 0.5
  },
  "retrieved": [
    13769,
    13767,
    13765,
    13770,
    13778,
    13761,
    13775,
    13755,
    13766,
    2360
  ]
}