{
  "qid": 14493,
  "query": "Cơ sở thử tương đương sinh học của thuộc nộp hồ sơ đánh giá cơ sở đủ điều kiện thử tương đương sinh học của thuốc đến đâu?",
  "metrics": {
    "mrr": 0.25,
    "map": 0.25,
    "p@1": 0.0,
    "r@1": 0.0,
    "ndcg@1": 0.0,
    "p@5": 0.2,
    "r@5": 1.0,
    "ndcg@5": 0.43067655807339306,
    "p@10": 0.1,
    "r@10": 1.0,
    "ndcg@10": 0.43067655807339306
  },
  "retrieved": [
    13215,
    13218,
    13219,
    13214,
    13213,
    13212,
    14603,
    2505,
    13217,
    2515
  ]
}