{
  "qid": 14521,
  "query": "Thời hạn tạm giam trong giai đoạn điều tra là bao lâu?",
  "metrics": {
    "mrr": 0.3333333333333333,
    "map": 0.3333333333333333,
    "p@1": 0.0,
    "r@1": 0.0,
    "ndcg@1": 0.0,
    "p@5": 0.2,
    "r@5": 1.0,
    "ndcg@5": 0.5,
    "p@10": 0.1,
    "r@10": 1.0,
    "ndcg@10": 0.5
  },
  "retrieved": [
    10942,
    6708,
    10927,
    1193,
    10943,
    6686,
    10835,
    10649,
    10591,
    6685
  ]
}