{
  "qid": 145436,
  "query": "Mua bán vàng miếng trực tiếp giữa Ngân hàng Nhà nước Việt Nam và doanh nghiệp là hoạt động thế nào?",
  "metrics": {
    "mrr": 0.16666666666666666,
    "map": 0.16666666666666666,
    "p@1": 0.0,
    "r@1": 0.0,
    "ndcg@1": 0.0,
    "p@5": 0.0,
    "r@5": 0.0,
    "ndcg@5": 0.0,
    "p@10": 0.1,
    "r@10": 1.0,
    "ndcg@10": 0.3562071871080222
  },
  "retrieved": [
    6122,
    6132,
    6136,
    6127,
    6137,
    6119,
    6120,
    6129,
    6126,
    6121
  ]
}