{
  "qid": 145848,
  "query": "Đổi, cấp lại chứng minh nhân dân trong trường hợp nào?",
  "metrics": {
    "mrr": 0.5,
    "map": 0.5,
    "p@1": 0.0,
    "r@1": 0.0,
    "ndcg@1": 0.0,
    "p@5": 0.2,
    "r@5": 1.0,
    "ndcg@5": 0.6309297535714575,
    "p@10": 0.1,
    "r@10": 1.0,
    "ndcg@10": 0.6309297535714575
  },
  "retrieved": [
    11965,
    4673,
    4674,
    1242,
    4679,
    12639,
    12641,
    1301,
    12635,
    12638
  ]
}