{
  "qid": 145920,
  "query": "Người Việt Nam định cư ở nước ngoài nhận con nuôi là người Việt Nam có thể nộp lệ phí nuôi con nuôi ở đâu?",
  "metrics": {
    "mrr": 0.3333333333333333,
    "map": 0.3333333333333333,
    "p@1": 0.0,
    "r@1": 0.0,
    "ndcg@1": 0.0,
    "p@5": 0.2,
    "r@5": 1.0,
    "ndcg@5": 0.5,
    "p@10": 0.1,
    "r@10": 1.0,
    "ndcg@10": 0.5
  },
  "retrieved": [
    13964,
    13968,
    13965,
    13963,
    13971,
    13969,
    13966,
    13970,
    3239,
    3232
  ]
}