{
  "qid": 146276,
  "query": "Nội dung đăng ký khai sinh gồm có những nội dung gì?",
  "metrics": {
    "mrr": 0.1111111111111111,
    "map": 0.1111111111111111,
    "p@1": 0.0,
    "r@1": 0.0,
    "ndcg@1": 0.0,
    "p@5": 0.0,
    "r@5": 0.0,
    "ndcg@5": 0.0,
    "p@10": 0.1,
    "r@10": 1.0,
    "ndcg@10": 0.3010299956639812
  },
  "retrieved": [
    4563,
    2262,
    4562,
    4568,
    4569,
    4582,
    4560,
    2265,
    4559,
    4572
  ]
}