{
  "qid": 146468,
  "query": "Thanh tra viên tiến hành thanh tra độc lập trường trung cấp chuyên nghiệp có những quyền hạn nào theo quy định?",
  "metrics": {
    "mrr": 0.3333333333333333,
    "map": 0.3333333333333333,
    "p@1": 0.0,
    "r@1": 0.0,
    "ndcg@1": 0.0,
    "p@5": 0.2,
    "r@5": 1.0,
    "ndcg@5": 0.5,
    "p@10": 0.1,
    "r@10": 1.0,
    "ndcg@10": 0.5
  },
  "retrieved": [
    186,
    7029,
    7031,
    187,
    13395,
    185,
    179,
    188,
    184,
    181
  ]
}