{
  "qid": 146718,
  "query": "Có phải mọi trường hợp từ chối người bào chữa đều cần sự đồng ý của người bị buộc tội không?",
  "metrics": {
    "mrr": 0.5,
    "map": 0.5,
    "p@1": 0.0,
    "r@1": 0.0,
    "ndcg@1": 0.0,
    "p@5": 0.2,
    "r@5": 1.0,
    "ndcg@5": 0.6309297535714575,
    "p@10": 0.1,
    "r@10": 1.0,
    "ndcg@10": 0.6309297535714575
  },
  "retrieved": [
    6701,
    10554,
    10550,
    10555,
    10549,
    13023,
    10553,
    6699,
    10493,
    13018
  ]
}