{
  "qid": 146725,
  "query": "Tại phiên tòa giám đốc thẩm vụ án hình sự, người kháng nghị có được rút toàn bộ kháng nghị hay không?",
  "metrics": {
    "mrr": 0.25,
    "map": 0.25,
    "p@1": 0.0,
    "r@1": 0.0,
    "ndcg@1": 0.0,
    "p@5": 0.2,
    "r@5": 1.0,
    "ndcg@5": 0.43067655807339306,
    "p@10": 0.1,
    "r@10": 1.0,
    "ndcg@10": 0.43067655807339306
  },
  "retrieved": [
    10819,
    10825,
    10831,
    10858,
    10743,
    10732,
    10737,
    10839,
    10828,
    10823
  ]
}