{
  "qid": 146892,
  "query": "Hệ số lương giáo viên THCS (cấp 2) hiện nay là bao nhiêu?",
  "metrics": {
    "mrr": 0.2,
    "map": 0.2,
    "p@1": 0.0,
    "r@1": 0.0,
    "ndcg@1": 0.0,
    "p@5": 0.2,
    "r@5": 1.0,
    "ndcg@5": 0.38685280723454163,
    "p@10": 0.1,
    "r@10": 1.0,
    "ndcg@10": 0.38685280723454163
  },
  "retrieved": [
    7726,
    7561,
    7562,
    8457,
    1536,
    6460,
    7563,
    8612,
    1539,
    7556
  ]
}