{
  "qid": 147368,
  "query": "Chứng chỉ hành nghề lưu trữ có thời hạn sử dụng bao nhiêu năm?",
  "metrics": {
    "mrr": 0.16666666666666666,
    "map": 0.16666666666666666,
    "p@1": 0.0,
    "r@1": 0.0,
    "ndcg@1": 0.0,
    "p@5": 0.0,
    "r@5": 0.0,
    "ndcg@5": 0.0,
    "p@10": 0.1,
    "r@10": 1.0,
    "ndcg@10": 0.3562071871080222
  },
  "retrieved": [
    239,
    240,
    238,
    9378,
    242,
    235,
    236,
    9370,
    9374,
    237
  ]
}