{
  "qid": 147372,
  "query": "Nguyên tắc đầu tư xây dựng khu neo đậu là gì?",
  "metrics": {
    "mrr": 0.3333333333333333,
    "map": 0.3333333333333333,
    "p@1": 0.0,
    "r@1": 0.0,
    "ndcg@1": 0.0,
    "p@5": 0.2,
    "r@5": 1.0,
    "ndcg@5": 0.5,
    "p@10": 0.1,
    "r@10": 1.0,
    "ndcg@10": 0.5
  },
  "retrieved": [
    9061,
    9058,
    9048,
    9045,
    9110,
    9050,
    9047,
    9109,
    9080,
    9106
  ]
}