{
  "qid": 14745,
  "query": "Quyết định hủy bỏ quyết định khởi tố vụ án hình sự phải gửi cho Viện kiểm sát trong thời gian bao lâu?",
  "metrics": {
    "mrr": 0.25,
    "map": 0.25,
    "p@1": 0.0,
    "r@1": 0.0,
    "ndcg@1": 0.0,
    "p@5": 0.2,
    "r@5": 1.0,
    "ndcg@5": 0.43067655807339306,
    "p@10": 0.1,
    "r@10": 1.0,
    "ndcg@10": 0.43067655807339306
  },
  "retrieved": [
    3570,
    3569,
    10630,
    10635,
    10642,
    10633,
    10638,
    10631,
    10636,
    3571
  ]
}