{
  "qid": 147646,
  "query": "Cán bộ điều tra có quyền áp dụng các biện pháp điều tra tố tụng đặc biệt như ghi âm bí mật trong quá trình điều tra hay không?",
  "metrics": {
    "mrr": 0.5,
    "map": 0.25,
    "p@1": 0.0,
    "r@1": 0.0,
    "ndcg@1": 0.0,
    "p@5": 0.2,
    "r@5": 0.5,
    "ndcg@5": 0.38685280723454163,
    "p@10": 0.1,
    "r@10": 0.5,
    "ndcg@10": 0.38685280723454163
  },
  "retrieved": [
    10702,
    10700,
    10513,
    10705,
    10703,
    10943,
    10654,
    10938,
    10515,
    10910
  ]
}