{
  "qid": 14765,
  "query": "Điều kiện công nhận khu du lịch cấp tỉnh có gì khác so với khu du lịch quốc gia?",
  "metrics": {
    "mrr": 0.3333333333333333,
    "map": 0.3333333333333333,
    "p@1": 0.0,
    "r@1": 0.0,
    "ndcg@1": 0.0,
    "p@5": 0.2,
    "r@5": 1.0,
    "ndcg@5": 0.5,
    "p@10": 0.1,
    "r@10": 1.0,
    "ndcg@10": 0.5
  },
  "retrieved": [
    9771,
    9770,
    9769,
    9772,
    9746,
    9755,
    14402,
    12410,
    13821,
    9767
  ]
}