{
  "qid": 14792,
  "query": "Phòng kiểm nghiệm thực hiện phân tích mẫu giám sát an toàn thực phẩm nông lâm thủy sản được quy định như thế nào?",
  "metrics": {
    "mrr": 0.25,
    "map": 0.25,
    "p@1": 0.0,
    "r@1": 0.0,
    "ndcg@1": 0.0,
    "p@5": 0.2,
    "r@5": 1.0,
    "ndcg@5": 0.43067655807339306,
    "p@10": 0.1,
    "r@10": 1.0,
    "ndcg@10": 0.43067655807339306
  },
  "retrieved": [
    8521,
    8519,
    8522,
    8508,
    8526,
    8525,
    8512,
    8506,
    8504,
    8505
  ]
}