{
  "qid": 14795,
  "query": "Thời gian thông báo kết quả kiểm nghiệm mẫu giám sát an toàn thực phẩm nông lâm thủy sản được quy định như thế nào?",
  "metrics": {
    "mrr": 0.16666666666666666,
    "map": 0.16666666666666666,
    "p@1": 0.0,
    "r@1": 0.0,
    "ndcg@1": 0.0,
    "p@5": 0.0,
    "r@5": 0.0,
    "ndcg@5": 0.0,
    "p@10": 0.1,
    "r@10": 1.0,
    "ndcg@10": 0.3562071871080222
  },
  "retrieved": [
    8522,
    8525,
    8526,
    8506,
    8504,
    8521,
    8517,
    8508,
    8523,
    8507
  ]
}