{
  "qid": 148576,
  "query": "Hồ sơ đăng ký hoạt động khoa học và công nghệ bao gồm những gì?",
  "metrics": {
    "mrr": 0.5,
    "map": 0.5,
    "p@1": 0.0,
    "r@1": 0.0,
    "ndcg@1": 0.0,
    "p@5": 0.2,
    "r@5": 1.0,
    "ndcg@5": 0.6309297535714575,
    "p@10": 0.1,
    "r@10": 1.0,
    "ndcg@10": 0.6309297535714575
  },
  "retrieved": [
    8657,
    8237,
    8238,
    8658,
    8276,
    8249,
    8248,
    8239,
    8232,
    8240
  ]
}