{
  "qid": 148777,
  "query": "Quy định về xác định giá xuất khẩu và giá thông thường trong hành vi bán phá giá là gì?",
  "metrics": {
    "mrr": 0.2,
    "map": 0.1,
    "p@1": 0.0,
    "r@1": 0.0,
    "ndcg@1": 0.0,
    "p@5": 0.2,
    "r@5": 0.5,
    "ndcg@5": 0.23719771276929622,
    "p@10": 0.1,
    "r@10": 0.5,
    "ndcg@10": 0.23719771276929622
  },
  "retrieved": [
    12867,
    5303,
    5300,
    12866,
    12863,
    12875,
    12871,
    12888,
    12885,
    12923
  ]
}