{
  "qid": 148956,
  "query": "Nộp một trong những chứng từ chứng nhận hàng hóa xuất xứ có được hưởng ưu đãi thuế quan theo EVFTA không?",
  "metrics": {
    "mrr": 0.5,
    "map": 0.5,
    "p@1": 0.0,
    "r@1": 0.0,
    "ndcg@1": 0.0,
    "p@5": 0.2,
    "r@5": 1.0,
    "ndcg@5": 0.6309297535714575,
    "p@10": 0.1,
    "r@10": 1.0,
    "ndcg@10": 0.6309297535714575
  },
  "retrieved": [
    2798,
    2793,
    2801,
    2811,
    2800,
    2808,
    2806,
    2792,
    2804,
    5521
  ]
}