{
  "qid": 149098,
  "query": "Ai có thẩm quyền quyết định bổ nhiệm chức vụ Phó Phân đội trưởng trinh sát bộ binh?",
  "metrics": {
    "mrr": 0.3333333333333333,
    "map": 0.3333333333333333,
    "p@1": 0.0,
    "r@1": 0.0,
    "ndcg@1": 0.0,
    "p@5": 0.2,
    "r@5": 1.0,
    "ndcg@5": 0.5,
    "p@10": 0.1,
    "r@10": 1.0,
    "ndcg@10": 0.5
  },
  "retrieved": [
    7338,
    7334,
    7336,
    7332,
    7339,
    7340,
    7330,
    7328,
    7341,
    7329
  ]
}