{
  "qid": 149226,
  "query": "Thừa phát lại được thực hiện tống đạt các giấy tờ, tài liệu nào?",
  "metrics": {
    "mrr": 0.14285714285714285,
    "map": 0.14285714285714285,
    "p@1": 0.0,
    "r@1": 0.0,
    "ndcg@1": 0.0,
    "p@5": 0.0,
    "r@5": 0.0,
    "ndcg@5": 0.0,
    "p@10": 0.1,
    "r@10": 1.0,
    "ndcg@10": 0.3333333333333333
  },
  "retrieved": [
    8959,
    8988,
    8928,
    9412,
    8961,
    8960,
    8958,
    9422,
    8989,
    8978
  ]
}