{
  "qid": 14944,
  "query": "Luật sư khi chuyển sang hành nghề Thừa phát lại thì có phải học đào tạo thêm không?",
  "metrics": {
    "mrr": 0.5,
    "map": 0.5,
    "p@1": 0.0,
    "r@1": 0.0,
    "ndcg@1": 0.0,
    "p@5": 0.2,
    "r@5": 1.0,
    "ndcg@5": 0.6309297535714575,
    "p@10": 0.1,
    "r@10": 1.0,
    "ndcg@10": 0.6309297535714575
  },
  "retrieved": [
    5833,
    8933,
    1609,
    699,
    8937,
    2642,
    5831,
    2646,
    8934,
    5829
  ]
}