{
  "qid": 14957,
  "query": "Để xác nhận việc thực hiện nghĩa vụ tham gia bồi dưỡng chuyên môn nghiệp vụ của luật sư thì cần những giấy tờ nào?",
  "metrics": {
    "mrr": 0.1111111111111111,
    "map": 0.1111111111111111,
    "p@1": 0.0,
    "r@1": 0.0,
    "ndcg@1": 0.0,
    "p@5": 0.0,
    "r@5": 0.0,
    "ndcg@5": 0.0,
    "p@10": 0.1,
    "r@10": 1.0,
    "ndcg@10": 0.3010299956639812
  },
  "retrieved": [
    2647,
    2656,
    1621,
    2655,
    2642,
    2646,
    2661,
    1620,
    2648,
    2652
  ]
}