{
  "qid": 149732,
  "query": "Hướng dẫn tập sự đối với công chức và viên chức được quy định như thế nào?",
  "metrics": {
    "mrr": 0.3333333333333333,
    "map": 0.3333333333333333,
    "p@1": 0.0,
    "r@1": 0.0,
    "ndcg@1": 0.0,
    "p@5": 0.2,
    "r@5": 1.0,
    "ndcg@5": 0.5,
    "p@10": 0.1,
    "r@10": 1.0,
    "ndcg@10": 0.5
  },
  "retrieved": [
    14228,
    14231,
    14229,
    4524,
    10978,
    11013,
    14232,
    805,
    14264,
    14230
  ]
}