{
  "qid": 1499,
  "query": "Thời hạn thông báo thay đổi người phụ trách kinh doanh dịch vụ lữ hành nội địa là bao nhiêu ngày?",
  "metrics": {
    "mrr": 0.25,
    "map": 0.25,
    "p@1": 0.0,
    "r@1": 0.0,
    "ndcg@1": 0.0,
    "p@5": 0.2,
    "r@5": 1.0,
    "ndcg@5": 0.43067655807339306,
    "p@10": 0.1,
    "r@10": 1.0,
    "ndcg@10": 0.43067655807339306
  },
  "retrieved": [
    9774,
    6607,
    9775,
    9780,
    9773,
    6624,
    9801,
    9777,
    9778,
    6609
  ]
}