{
  "qid": 150061,
  "query": "Doanh nghiệp nhập khẩu sản phẩm an toàn thông tin mạng đều phải xin giấy phép?",
  "metrics": {
    "mrr": 0.2,
    "map": 0.2,
    "p@1": 0.0,
    "r@1": 0.0,
    "ndcg@1": 0.0,
    "p@5": 0.2,
    "r@5": 1.0,
    "ndcg@5": 0.38685280723454163,
    "p@10": 0.1,
    "r@10": 1.0,
    "ndcg@10": 0.38685280723454163
  },
  "retrieved": [
    12145,
    12149,
    12150,
    12156,
    12148,
    12152,
    12155,
    12153,
    12146,
    12151
  ]
}