{
  "qid": 150290,
  "query": "Việc quy định mô hình quản lý khu du lịch cấp tỉnh thuộc về cơ quan nào?",
  "metrics": {
    "mrr": 0.5,
    "map": 0.5,
    "p@1": 0.0,
    "r@1": 0.0,
    "ndcg@1": 0.0,
    "p@5": 0.2,
    "r@5": 1.0,
    "ndcg@5": 0.6309297535714575,
    "p@10": 0.1,
    "r@10": 1.0,
    "ndcg@10": 0.6309297535714575
  },
  "retrieved": [
    9771,
    9772,
    9770,
    9769,
    9767,
    9793,
    9799,
    14402,
    6624,
    13647
  ]
}