{
  "qid": 150369,
  "query": "Điều kiện cấp chứng chỉ hành nghề hoạt động đấu thầu được quy định như thế nào?",
  "metrics": {
    "mrr": 0.25,
    "map": 0.25,
    "p@1": 0.0,
    "r@1": 0.0,
    "ndcg@1": 0.0,
    "p@5": 0.2,
    "r@5": 1.0,
    "ndcg@5": 0.43067655807339306,
    "p@10": 0.1,
    "r@10": 1.0,
    "ndcg@10": 0.43067655807339306
  },
  "retrieved": [
    4512,
    4514,
    4518,
    4513,
    4506,
    4521,
    4517,
    89,
    4515,
    6399
  ]
}