{
  "qid": 150558,
  "query": "Trở thành nhân viên hàng không cần đáp ứng tiêu chuẩn gì?",
  "metrics": {
    "mrr": 0.3333333333333333,
    "map": 0.3333333333333333,
    "p@1": 0.0,
    "r@1": 0.0,
    "ndcg@1": 0.0,
    "p@5": 0.2,
    "r@5": 1.0,
    "ndcg@5": 0.5,
    "p@10": 0.1,
    "r@10": 1.0,
    "ndcg@10": 0.5
  },
  "retrieved": [
    12955,
    12961,
    12959,
    12972,
    12963,
    12971,
    12964,
    12952,
    12965,
    12974
  ]
}