{
  "qid": 150900,
  "query": "Những loại hóa chất nào mà hiện nay được miễn khai báo khi nhập khẩu về Việt Nam?",
  "metrics": {
    "mrr": 0.3333333333333333,
    "map": 0.3333333333333333,
    "p@1": 0.0,
    "r@1": 0.0,
    "ndcg@1": 0.0,
    "p@5": 0.2,
    "r@5": 1.0,
    "ndcg@5": 0.5,
    "p@10": 0.1,
    "r@10": 1.0,
    "ndcg@10": 0.5
  },
  "retrieved": [
    13917,
    13919,
    13918,
    13926,
    13916,
    13891,
    2803,
    13358,
    4327,
    471
  ]
}