{
  "qid": 151,
  "query": "Bộ trưởng Bộ Công Thương quyết định chấm dứt điều tra vụ việc phòng vệ thương mại trong các trường hợp nào?",
  "metrics": {
    "mrr": 0.14285714285714285,
    "map": 0.14285714285714285,
    "p@1": 0.0,
    "r@1": 0.0,
    "ndcg@1": 0.0,
    "p@5": 0.0,
    "r@5": 0.0,
    "ndcg@5": 0.0,
    "p@10": 0.1,
    "r@10": 1.0,
    "ndcg@10": 0.3333333333333333
  },
  "retrieved": [
    5296,
    5290,
    5293,
    12850,
    12930,
    12854,
    5294,
    12927,
    5295,
    12919
  ]
}