{
  "qid": 151429,
  "query": "Đạt bao nhiêu điểm mới được xác định trúng tuyển trong kỳ thi tuyển công chức cấp huyện?",
  "metrics": {
    "mrr": 0.2,
    "map": 0.2,
    "p@1": 0.0,
    "r@1": 0.0,
    "ndcg@1": 0.0,
    "p@5": 0.2,
    "r@5": 1.0,
    "ndcg@5": 0.38685280723454163,
    "p@10": 0.1,
    "r@10": 1.0,
    "ndcg@10": 0.38685280723454163
  },
  "retrieved": [
    2372,
    2375,
    2374,
    2367,
    14217,
    2364,
    2373,
    2368,
    2366,
    9475
  ]
}