{
  "qid": 151571,
  "query": "Hệ số lương viên chức được áp dụng dược sĩ chính là loại mấy?",
  "metrics": {
    "mrr": 0.16666666666666666,
    "map": 0.16666666666666666,
    "p@1": 0.0,
    "r@1": 0.0,
    "ndcg@1": 0.0,
    "p@5": 0.0,
    "r@5": 0.0,
    "ndcg@5": 0.0,
    "p@10": 0.1,
    "r@10": 1.0,
    "ndcg@10": 0.3562071871080222
  },
  "retrieved": [
    2814,
    3846,
    1529,
    7726,
    7787,
    1536,
    8457,
    6460,
    8612,
    7561
  ]
}