{
  "qid": 151897,
  "query": "Điều kiện, trình tự, thủ tục để tổ chức được cấp chứng nhận đăng ký hoạt động tôn giáo được quy định như thế nào?",
  "metrics": {
    "mrr": 0.5,
    "map": 0.5,
    "p@1": 0.0,
    "r@1": 0.0,
    "ndcg@1": 0.0,
    "p@5": 0.2,
    "r@5": 1.0,
    "ndcg@5": 0.6309297535714575,
    "p@10": 0.1,
    "r@10": 1.0,
    "ndcg@10": 0.6309297535714575
  },
  "retrieved": [
    2197,
    2146,
    13405,
    2173,
    2152,
    2195,
    2172,
    2175,
    2132,
    2178
  ]
}