{
  "qid": 15184,
  "query": "Tòa án có được quyền yêu cầu Viện kiểm sát bổ sung chứng cứ mới tại phiên tòa hình sự phúc thẩm hay không?",
  "metrics": {
    "mrr": 0.3333333333333333,
    "map": 0.3333333333333333,
    "p@1": 0.0,
    "r@1": 0.0,
    "ndcg@1": 0.0,
    "p@5": 0.2,
    "r@5": 1.0,
    "ndcg@5": 0.5,
    "p@10": 0.1,
    "r@10": 1.0,
    "ndcg@10": 0.5
  },
  "retrieved": [
    10819,
    10825,
    10830,
    10743,
    10831,
    10737,
    10839,
    10823,
    10858,
    10732
  ]
}