{
  "qid": 1522,
  "query": "Thời điểm được phép mở sổ kế toán của Quỹ Tích lũy trả nợ là khi nào?",
  "metrics": {
    "mrr": 0.5,
    "map": 0.5,
    "p@1": 0.0,
    "r@1": 0.0,
    "ndcg@1": 0.0,
    "p@5": 0.2,
    "r@5": 1.0,
    "ndcg@5": 0.6309297535714575,
    "p@10": 0.1,
    "r@10": 1.0,
    "ndcg@10": 0.6309297535714575
  },
  "retrieved": [
    12083,
    2870,
    5824,
    2885,
    5823,
    2847,
    2871,
    2868,
    2848,
    5750
  ]
}