{
  "qid": 152339,
  "query": "Đoàn đánh giá việc đáp ứng thực hành tốt bảo quản thuốc, nguyên liệu làm thuốc có những trách nhiệm và quyền hạn như thế nào?",
  "metrics": {
    "mrr": 0.3333333333333333,
    "map": 0.3333333333333333,
    "p@1": 0.0,
    "r@1": 0.0,
    "ndcg@1": 0.0,
    "p@5": 0.2,
    "r@5": 1.0,
    "ndcg@5": 0.5,
    "p@10": 0.1,
    "r@10": 1.0,
    "ndcg@10": 0.5
  },
  "retrieved": [
    3549,
    3537,
    2513,
    14601,
    2504,
    3536,
    14602,
    14599,
    7763,
    2511
  ]
}