{
  "qid": 15240,
  "query": "Người tập sự đăng ký tham dự kiểm tra kết quả tập sự hành nghề công chứng nộp hồ sơ bao gồm giấy tờ gì?",
  "metrics": {
    "mrr": 0.5,
    "map": 0.5,
    "p@1": 0.0,
    "r@1": 0.0,
    "ndcg@1": 0.0,
    "p@5": 0.2,
    "r@5": 1.0,
    "ndcg@5": 0.6309297535714575,
    "p@10": 0.1,
    "r@10": 1.0,
    "ndcg@10": 0.6309297535714575
  },
  "retrieved": [
    6578,
    4215,
    4207,
    8935,
    4201,
    4227,
    700,
    4226,
    4216,
    6572
  ]
}