{
  "qid": 152666,
  "query": "Đối tượng nào có quyền giảng dạy pháp luật và giáo dục công dân cho người đang chấp hành án phạt tù?",
  "metrics": {
    "mrr": 0.14285714285714285,
    "map": 0.14285714285714285,
    "p@1": 0.0,
    "r@1": 0.0,
    "ndcg@1": 0.0,
    "p@5": 0.0,
    "r@5": 0.0,
    "ndcg@5": 0.0,
    "p@10": 0.1,
    "r@10": 1.0,
    "ndcg@10": 0.3333333333333333
  },
  "retrieved": [
    1842,
    1845,
    4678,
    294,
    277,
    3051,
    1844,
    1837,
    3048,
    1895
  ]
}