{
  "qid": 153014,
  "query": "Phạm vi trách nhiệm bồi thường của Nhà nước trong hoạt động thi hành án dân sự được quy định như thế nào?",
  "metrics": {
    "mrr": 0.16666666666666666,
    "map": 0.16666666666666666,
    "p@1": 0.0,
    "r@1": 0.0,
    "ndcg@1": 0.0,
    "p@5": 0.0,
    "r@5": 0.0,
    "ndcg@5": 0.0,
    "p@10": 0.1,
    "r@10": 1.0,
    "ndcg@10": 0.3562071871080222
  },
  "retrieved": [
    12699,
    8903,
    8885,
    12724,
    12695,
    12713,
    8881,
    8886,
    12747,
    8880
  ]
}