{
  "qid": 153195,
  "query": "Hồ sơ đăng ký bảo lưu quyền sở hữu tàu bay trong trường hợp mua bán tàu bay có bảo lưu quyền sở hữu",
  "metrics": {
    "mrr": 0.5,
    "map": 0.5,
    "p@1": 0.0,
    "r@1": 0.0,
    "ndcg@1": 0.0,
    "p@5": 0.2,
    "r@5": 1.0,
    "ndcg@5": 0.6309297535714575,
    "p@10": 0.1,
    "r@10": 1.0,
    "ndcg@10": 0.6309297535714575
  },
  "retrieved": [
    1282,
    11194,
    1280,
    11174,
    11200,
    1281,
    1283,
    11213,
    1285,
    1284
  ]
}