{
  "qid": 153276,
  "query": "Phòng giao dịch của quỹ tín dụng nhân dân không còn đủ khả năng hoạt động có thể tự nguyện chấm dứt hoạt động hay không?",
  "metrics": {
    "mrr": 0.25,
    "map": 0.25,
    "p@1": 0.0,
    "r@1": 0.0,
    "ndcg@1": 0.0,
    "p@5": 0.2,
    "r@5": 1.0,
    "ndcg@5": 0.43067655807339306,
    "p@10": 0.1,
    "r@10": 1.0,
    "ndcg@10": 0.43067655807339306
  },
  "retrieved": [
    10097,
    10061,
    10103,
    10095,
    10084,
    10059,
    10058,
    10104,
    10096,
    10099
  ]
}