{
  "qid": 153277,
  "query": "Phòng giao dịch của quỹ tín dụng nhân dân tự nguyện chấm dứt hoạt động theo trình tự nào?",
  "metrics": {
    "mrr": 0.5,
    "map": 0.5,
    "p@1": 0.0,
    "r@1": 0.0,
    "ndcg@1": 0.0,
    "p@5": 0.2,
    "r@5": 1.0,
    "ndcg@5": 0.6309297535714575,
    "p@10": 0.1,
    "r@10": 1.0,
    "ndcg@10": 0.6309297535714575
  },
  "retrieved": [
    10103,
    10097,
    10095,
    10061,
    10104,
    10059,
    10058,
    10096,
    10084,
    10099
  ]
}