{
  "qid": 15337,
  "query": "Niên hạn sử dụng của khách sạn nổi nội địa và nhập khẩu có khác nhau không và được pháp luật quy định như thế nào?",
  "metrics": {
    "mrr": 0.3333333333333333,
    "map": 0.3333333333333333,
    "p@1": 0.0,
    "r@1": 0.0,
    "ndcg@1": 0.0,
    "p@5": 0.2,
    "r@5": 1.0,
    "ndcg@5": 0.5,
    "p@10": 0.1,
    "r@10": 1.0,
    "ndcg@10": 0.5
  },
  "retrieved": [
    13517,
    13518,
    13520,
    13516,
    13528,
    13521,
    13519,
    13523,
    9047,
    13942
  ]
}