{
  "qid": 153499,
  "query": "Có thể làm giáo viên mầm non khi có bằng tốt nghiệp đại học cử nhân quản lý giáo dục hay không?",
  "metrics": {
    "mrr": 0.5,
    "map": 0.25,
    "p@1": 0.0,
    "r@1": 0.0,
    "ndcg@1": 0.0,
    "p@5": 0.2,
    "r@5": 0.5,
    "ndcg@5": 0.38685280723454163,
    "p@10": 0.1,
    "r@10": 0.5,
    "ndcg@10": 0.38685280723454163
  },
  "retrieved": [
    9867,
    1532,
    6751,
    1529,
    14286,
    4747,
    8499,
    9865,
    3427,
    7148
  ]
}