{
  "qid": 153466,
  "query": "Nhiệm vụ của cộng tác viên dân số là gì?",
  "metrics": {
    "mrr": 0.3333333333333333,
    "map": 0.3333333333333333,
    "p@1": 0.0,
    "r@1": 0.0,
    "ndcg@1": 0.0,
    "p@5": 0.2,
    "r@5": 1.0,
    "ndcg@5": 0.5,
    "p@10": 0.1,
    "r@10": 1.0,
    "ndcg@10": 0.5
  },
  "retrieved": [
    2842,
    2838,
    2839,
    2840,
    2837,
    1642,
    7138,
    2841,
    7143,
    8621
  ]
}