{
  "qid": 153539,
  "query": "Tiêu chuẩn về năng lực chuyên môn, nghiệp vụ của giáo viên tiểu học hạng 2 kể từ ngày 30/5/2023 như thế nào?",
  "metrics": {
    "mrr": 0.3333333333333333,
    "map": 0.3333333333333333,
    "p@1": 0.0,
    "r@1": 0.0,
    "ndcg@1": 0.0,
    "p@5": 0.2,
    "r@5": 1.0,
    "ndcg@5": 0.5,
    "p@10": 0.1,
    "r@10": 1.0,
    "ndcg@10": 0.5
  },
  "retrieved": [
    2820,
    1538,
    2817,
    1537,
    2815,
    1532,
    3852,
    1533,
    1535,
    1534
  ]
}