{
  "qid": 15367,
  "query": "Viên chức giữ chức danh kiểm nghiệm viên thủy sản hạng 2 được áp dụng hệ số lương là bao nhiêu?",
  "metrics": {
    "mrr": 0.2,
    "map": 0.2,
    "p@1": 0.0,
    "r@1": 0.0,
    "ndcg@1": 0.0,
    "p@5": 0.2,
    "r@5": 1.0,
    "ndcg@5": 0.38685280723454163,
    "p@10": 0.1,
    "r@10": 1.0,
    "ndcg@10": 0.38685280723454163
  },
  "retrieved": [
    1536,
    6460,
    8457,
    7726,
    8612,
    7561,
    7562,
    7563,
    8458,
    14492
  ]
}