{
  "qid": 1537,
  "query": "Chế độ, chính sách đối với người tập sự công chức được quy định ra sao?",
  "metrics": {
    "mrr": 0.25,
    "map": 0.25,
    "p@1": 0.0,
    "r@1": 0.0,
    "ndcg@1": 0.0,
    "p@5": 0.2,
    "r@5": 1.0,
    "ndcg@5": 0.43067655807339306,
    "p@10": 0.1,
    "r@10": 1.0,
    "ndcg@10": 0.43067655807339306
  },
  "retrieved": [
    8118,
    4524,
    8169,
    14230,
    3868,
    11499,
    664,
    7787,
    13781,
    4134
  ]
}