{
  "qid": 153816,
  "query": "Để bảo đảm thực hiện quyền tiếp cận thông tin của công dân có những biện pháp nào?",
  "metrics": {
    "mrr": 0.5,
    "map": 0.5,
    "p@1": 0.0,
    "r@1": 0.0,
    "ndcg@1": 0.0,
    "p@5": 0.2,
    "r@5": 1.0,
    "ndcg@5": 0.6309297535714575,
    "p@10": 0.1,
    "r@10": 1.0,
    "ndcg@10": 0.6309297535714575
  },
  "retrieved": [
    11718,
    11716,
    11686,
    11698,
    11717,
    11688,
    11693,
    11699,
    11703,
    11690
  ]
}