{
  "qid": 153977,
  "query": "Quy định về thuê xe phục vụ công tác đối với đơn vị sự nghiệp công lập thế nào?",
  "metrics": {
    "mrr": 0.5,
    "map": 0.5,
    "p@1": 0.0,
    "r@1": 0.0,
    "ndcg@1": 0.0,
    "p@5": 0.2,
    "r@5": 1.0,
    "ndcg@5": 0.6309297535714575,
    "p@10": 0.1,
    "r@10": 1.0,
    "ndcg@10": 0.6309297535714575
  },
  "retrieved": [
    4463,
    4471,
    4458,
    4457,
    4456,
    4460,
    4449,
    4474,
    4459,
    4461
  ]
}