{
  "qid": 154342,
  "query": "Xe buýt chở khách phải có ít nhất bao nhiêu chỗ ngồi theo quy định của pháp luật?",
  "metrics": {
    "mrr": 0.3333333333333333,
    "map": 0.3333333333333333,
    "p@1": 0.0,
    "r@1": 0.0,
    "ndcg@1": 0.0,
    "p@5": 0.2,
    "r@5": 1.0,
    "ndcg@5": 0.5,
    "p@10": 0.1,
    "r@10": 1.0,
    "ndcg@10": 0.5
  },
  "retrieved": [
    13129,
    10321,
    13131,
    13139,
    10326,
    13159,
    13137,
    13162,
    13161,
    13133
  ]
}