{
  "qid": 154867,
  "query": "Phát hiện xuất bản phẩm có nội dung bị cấm trong hoạt động xuất bản nhưng không báo cáo với cơ quan có thẩm quyền thì nhà xuất bản bị xử phạt thế nào?",
  "metrics": {
    "mrr": 0.3333333333333333,
    "map": 0.3333333333333333,
    "p@1": 0.0,
    "r@1": 0.0,
    "ndcg@1": 0.0,
    "p@5": 0.2,
    "r@5": 1.0,
    "ndcg@5": 0.5,
    "p@10": 0.1,
    "r@10": 1.0,
    "ndcg@10": 0.5
  },
  "retrieved": [
    14929,
    14924,
    14933,
    14928,
    14931,
    14932,
    1463,
    1459,
    14904,
    1467
  ]
}