{
  "qid": 155071,
  "query": "Điều kiện công nhận đối với các trang thiết bị chuyên dùng thuộc lĩnh vực y tế là gì?",
  "metrics": {
    "mrr": 0.2,
    "map": 0.2,
    "p@1": 0.0,
    "r@1": 0.0,
    "ndcg@1": 0.0,
    "p@5": 0.2,
    "r@5": 1.0,
    "ndcg@5": 0.38685280723454163,
    "p@10": 0.1,
    "r@10": 1.0,
    "ndcg@10": 0.38685280723454163
  },
  "retrieved": [
    8923,
    8922,
    8926,
    8924,
    8920,
    4466,
    8921,
    8919,
    4473,
    3716
  ]
}