{
  "qid": 155157,
  "query": "Sở Giao thông vận tải có thời gian lưu trữ dữ liệu giấy phép lái xe bao nhiêu lâu?",
  "metrics": {
    "mrr": 0.25,
    "map": 0.25,
    "p@1": 0.0,
    "r@1": 0.0,
    "ndcg@1": 0.0,
    "p@5": 0.2,
    "r@5": 1.0,
    "ndcg@5": 0.43067655807339306,
    "p@10": 0.1,
    "r@10": 1.0,
    "ndcg@10": 0.43067655807339306
  },
  "retrieved": [
    7118,
    7119,
    7122,
    7124,
    7114,
    7115,
    7127,
    13138,
    13160,
    7126
  ]
}