{
  "qid": 155178,
  "query": "Thống kê báo cáo về cứu nạn cứu hộ phải đảm bảo các tiêu chí nào?",
  "metrics": {
    "mrr": 1.0,
    "map": 0.625,
    "p@1": 1.0,
    "r@1": 0.5,
    "ndcg@1": 1.0,
    "p@5": 0.2,
    "r@5": 0.5,
    "ndcg@5": 0.6131471927654584,
    "p@10": 0.2,
    "r@10": 1.0,
    "ndcg@10": 0.8065735963827293
  },
  "retrieved": [
    8727,
    8726,
    3089,
    8721,
    3092,
    8718,
    3097,
    8728,
    3090,
    8724
  ]
}