{
  "qid": 155277,
  "query": "Trường hợp xét xử vắng mặt bị cáo do bị cáo trốn sang nước ngoài thì bản án có được niêm yết công khai không?",
  "metrics": {
    "mrr": 0.25,
    "map": 0.25,
    "p@1": 0.0,
    "r@1": 0.0,
    "ndcg@1": 0.0,
    "p@5": 0.2,
    "r@5": 1.0,
    "ndcg@5": 0.43067655807339306,
    "p@10": 0.1,
    "r@10": 1.0,
    "ndcg@10": 0.43067655807339306
  },
  "retrieved": [
    10767,
    10828,
    10806,
    10739,
    10768,
    10763,
    10737,
    10803,
    10756,
    10503
  ]
}