{
  "qid": 155531,
  "query": "Người bị cưỡng chế không thanh toán chi phí cưỡng chế thi hành quyết định xử phạt vi phạm hành chính thì bị xử lý thế nào?",
  "metrics": {
    "mrr": 0.25,
    "map": 0.25,
    "p@1": 0.0,
    "r@1": 0.0,
    "ndcg@1": 0.0,
    "p@5": 0.2,
    "r@5": 1.0,
    "ndcg@5": 0.43067655807339306,
    "p@10": 0.1,
    "r@10": 1.0,
    "ndcg@10": 0.43067655807339306
  },
  "retrieved": [
    5394,
    5393,
    5389,
    5391,
    5395,
    11610,
    5392,
    11823,
    3533,
    13364
  ]
}