{
  "qid": 155795,
  "query": "Sổ kế toán phải có chữ ký của những ai?",
  "metrics": {
    "mrr": 0.2,
    "map": 0.2,
    "p@1": 0.0,
    "r@1": 0.0,
    "ndcg@1": 0.0,
    "p@5": 0.2,
    "r@5": 1.0,
    "ndcg@5": 0.38685280723454163,
    "p@10": 0.1,
    "r@10": 1.0,
    "ndcg@10": 0.38685280723454163
  },
  "retrieved": [
    2871,
    5827,
    5828,
    12083,
    2868,
    4588,
    2862,
    2870,
    5826,
    5800
  ]
}