{
  "qid": 155838,
  "query": "Cơ quan nào có thẩm quyền đề nghị hoãn chấp hành án phạt tù cho phạm nhân bị ung thư dạ dày giai đoạn cuối?",
  "metrics": {
    "mrr": 0.25,
    "map": 0.25,
    "p@1": 0.0,
    "r@1": 0.0,
    "ndcg@1": 0.0,
    "p@5": 0.2,
    "r@5": 1.0,
    "ndcg@5": 0.43067655807339306,
    "p@10": 0.1,
    "r@10": 1.0,
    "ndcg@10": 0.43067655807339306
  },
  "retrieved": [
    3051,
    3047,
    3052,
    3048,
    3053,
    3054,
    1890,
    4436,
    1896,
    4437
  ]
}