{
  "qid": 155974,
  "query": "Hệ số lương Dược sĩ mã số V.08.08.22 được áp dụng loại mấy?",
  "metrics": {
    "mrr": 0.16666666666666666,
    "map": 0.16666666666666666,
    "p@1": 0.0,
    "r@1": 0.0,
    "ndcg@1": 0.0,
    "p@5": 0.0,
    "r@5": 0.0,
    "ndcg@5": 0.0,
    "p@10": 0.1,
    "r@10": 1.0,
    "ndcg@10": 0.3562071871080222
  },
  "retrieved": [
    8457,
    7726,
    6460,
    8458,
    8612,
    1536,
    1537,
    7561,
    7562,
    6449
  ]
}