{
  "qid": 156084,
  "query": "Quyền và nghĩa vụ của người giám định trong tố tụng hình sự được quy định như thế nào?",
  "metrics": {
    "mrr": 0.3333333333333333,
    "map": 0.3333333333333333,
    "p@1": 0.0,
    "r@1": 0.0,
    "ndcg@1": 0.0,
    "p@5": 0.2,
    "r@5": 1.0,
    "ndcg@5": 0.5,
    "p@10": 0.1,
    "r@10": 1.0,
    "ndcg@10": 0.5
  },
  "retrieved": [
    10518,
    10513,
    10545,
    10478,
    10537,
    10540,
    10539,
    10684,
    10560,
    10682
  ]
}