{
  "qid": 15617,
  "query": "Đơn vị kinh doanh vận tải khách du lịch đường bộ có được chở khách du lịch không theo hợp đồng với doanh nghiệp kinh doanh dịch vụ lữ hành không?",
  "metrics": {
    "mrr": 0.16666666666666666,
    "map": 0.16666666666666666,
    "p@1": 0.0,
    "r@1": 0.0,
    "ndcg@1": 0.0,
    "p@5": 0.0,
    "r@5": 0.0,
    "ndcg@5": 0.0,
    "p@10": 0.1,
    "r@10": 1.0,
    "ndcg@10": 0.3562071871080222
  },
  "retrieved": [
    9783,
    9786,
    9784,
    9780,
    9782,
    9790,
    13129,
    6609,
    9775,
    9785
  ]
}