{
  "qid": 156151,
  "query": "Quyền yêu cầu cung cấp thông tin về biện pháp bảo đảm được quy định ra sao?",
  "metrics": {
    "mrr": 0.2,
    "map": 0.2,
    "p@1": 0.0,
    "r@1": 0.0,
    "ndcg@1": 0.0,
    "p@5": 0.2,
    "r@5": 1.0,
    "ndcg@5": 0.38685280723454163,
    "p@10": 0.1,
    "r@10": 1.0,
    "ndcg@10": 0.38685280723454163
  },
  "retrieved": [
    11180,
    11179,
    11177,
    11186,
    11229,
    11233,
    11171,
    1281,
    11173,
    11178
  ]
}