{
  "qid": 156413,
  "query": "Một số yêu cầu chung về đạo đức nghề nghiệp đối với giảng viên cao đẳng sư phạm chính là gì?",
  "metrics": {
    "mrr": 0.1111111111111111,
    "map": 0.1111111111111111,
    "p@1": 0.0,
    "r@1": 0.0,
    "ndcg@1": 0.0,
    "p@5": 0.0,
    "r@5": 0.0,
    "ndcg@5": 0.0,
    "p@10": 0.1,
    "r@10": 1.0,
    "ndcg@10": 0.3010299956639812
  },
  "retrieved": [
    8732,
    3455,
    8734,
    3457,
    11011,
    533,
    8499,
    14286,
    3456,
    534
  ]
}