{
  "qid": 156918,
  "query": "Quy trình xét tặng Giải thưởng Bông lúa vàng Việt Nam được tổ chức ở bao nhiêu cấp?",
  "metrics": {
    "mrr": 0.16666666666666666,
    "map": 0.16666666666666666,
    "p@1": 0.0,
    "r@1": 0.0,
    "ndcg@1": 0.0,
    "p@5": 0.0,
    "r@5": 0.0,
    "ndcg@5": 0.0,
    "p@10": 0.1,
    "r@10": 1.0,
    "ndcg@10": 0.3562071871080222
  },
  "retrieved": [
    6201,
    6198,
    8738,
    6206,
    6200,
    6203,
    6207,
    14833,
    6202,
    4280
  ]
}