{
  "qid": 157318,
  "query": "Doanh nghiệp đấu giá tư nhân có các quyền gì theo quy định?",
  "metrics": {
    "mrr": 0.14285714285714285,
    "map": 0.14285714285714285,
    "p@1": 0.0,
    "r@1": 0.0,
    "ndcg@1": 0.0,
    "p@5": 0.0,
    "r@5": 0.0,
    "ndcg@5": 0.0,
    "p@10": 0.1,
    "r@10": 1.0,
    "ndcg@10": 0.3333333333333333
  },
  "retrieved": [
    710,
    712,
    715,
    713,
    716,
    6588,
    711,
    767,
    7830,
    714
  ]
}