{
  "qid": 157383,
  "query": "Kiểm sát viên thực hiện tranh luận tại phiên tòa sở thẩm hay phúc thẩm?",
  "metrics": {
    "mrr": 0.2,
    "map": 0.2,
    "p@1": 0.0,
    "r@1": 0.0,
    "ndcg@1": 0.0,
    "p@5": 0.2,
    "r@5": 1.0,
    "ndcg@5": 0.38685280723454163,
    "p@10": 0.1,
    "r@10": 1.0,
    "ndcg@10": 0.38685280723454163
  },
  "retrieved": [
    10799,
    10863,
    10831,
    10803,
    10743,
    10530,
    10732,
    10503,
    10823,
    10542
  ]
}