{
  "qid": 157393,
  "query": "Quyết định kháng nghị theo thủ tục tái thẩm đối với bản án hình sự phúc thẩm theo hướng bất lợi hơn cho người bị kết án thì được thực hiện trong bao lâu?",
  "metrics": {
    "mrr": 0.5,
    "map": 0.5,
    "p@1": 0.0,
    "r@1": 0.0,
    "ndcg@1": 0.0,
    "p@5": 0.2,
    "r@5": 1.0,
    "ndcg@5": 0.6309297535714575,
    "p@10": 0.1,
    "r@10": 1.0,
    "ndcg@10": 0.6309297535714575
  },
  "retrieved": [
    9242,
    10878,
    10504,
    10844,
    6090,
    10856,
    10841,
    913,
    6092,
    3977
  ]
}