{
  "qid": 15763,
  "query": "Nhà của người có công với cách mạng đang bị tranh chấp thì có được hỗ trợ sửa chữa?",
  "metrics": {
    "mrr": 0.1111111111111111,
    "map": 0.1111111111111111,
    "p@1": 0.0,
    "r@1": 0.0,
    "ndcg@1": 0.0,
    "p@5": 0.0,
    "r@5": 0.0,
    "ndcg@5": 0.0,
    "p@10": 0.1,
    "r@10": 1.0,
    "ndcg@10": 0.3010299956639812
  },
  "retrieved": [
    9349,
    9353,
    9352,
    9351,
    14521,
    14394,
    14673,
    11048,
    9350,
    11110
  ]
}