{
  "qid": 15836,
  "query": "Trưởng đoàn thanh tra của Cục Báo chí có quyền xử phạt doanh nghiệp được cấp phép thiết lập trang thông tin điện tử tổng hợp thay đổi chủ sở hữu nhưng không thông báo cho cơ quan có thẩm quyền không?",
  "metrics": {
    "mrr": 0.1111111111111111,
    "map": 0.1111111111111111,
    "p@1": 0.0,
    "r@1": 0.0,
    "ndcg@1": 0.0,
    "p@5": 0.0,
    "r@5": 0.0,
    "ndcg@5": 0.0,
    "p@10": 0.1,
    "r@10": 1.0,
    "ndcg@10": 0.3010299956639812
  },
  "retrieved": [
    14921,
    14922,
    14904,
    2057,
    14198,
    6599,
    9735,
    2068,
    4637,
    14911
  ]
}