{
  "qid": 158443,
  "query": "Bộ Giao thông vận tải thực hiện đóng cảng hàng không dưới các hình thức nào?",
  "metrics": {
    "mrr": 0.2,
    "map": 0.2,
    "p@1": 0.0,
    "r@1": 0.0,
    "ndcg@1": 0.0,
    "p@5": 0.2,
    "r@5": 1.0,
    "ndcg@5": 0.38685280723454163,
    "p@10": 0.1,
    "r@10": 1.0,
    "ndcg@10": 0.38685280723454163
  },
  "retrieved": [
    5914,
    5915,
    5916,
    5913,
    5912,
    5922,
    5910,
    5911,
    5918,
    5923
  ]
}