{
  "qid": 158577,
  "query": "Cơ quan nào có thẩm quyền khởi tố vụ án hình sự?",
  "metrics": {
    "mrr": 0.5,
    "map": 0.5,
    "p@1": 0.0,
    "r@1": 0.0,
    "ndcg@1": 0.0,
    "p@5": 0.2,
    "r@5": 1.0,
    "ndcg@5": 0.6309297535714575,
    "p@10": 0.1,
    "r@10": 1.0,
    "ndcg@10": 0.6309297535714575
  },
  "retrieved": [
    10633,
    10630,
    10631,
    3569,
    10638,
    3570,
    10641,
    3567,
    995,
    10632
  ]
}