{
  "qid": 15866,
  "query": "Công chức giữ ngạch Nhân viên bảo vệ kho dự trữ thực hiện những nhiệm vụ nào?",
  "metrics": {
    "mrr": 0.5,
    "map": 0.5,
    "p@1": 0.0,
    "r@1": 0.0,
    "ndcg@1": 0.0,
    "p@5": 0.2,
    "r@5": 1.0,
    "ndcg@5": 0.6309297535714575,
    "p@10": 0.1,
    "r@10": 1.0,
    "ndcg@10": 0.6309297535714575
  },
  "retrieved": [
    9156,
    9163,
    9164,
    9988,
    10399,
    9161,
    10410,
    436,
    14456,
    9150
  ]
}