{
  "qid": 158701,
  "query": "Trình tự thủ tục biệt phái công chức cấp trung ương được quy định ra sao?",
  "metrics": {
    "mrr": 0.3333333333333333,
    "map": 0.3333333333333333,
    "p@1": 0.0,
    "r@1": 0.0,
    "ndcg@1": 0.0,
    "p@5": 0.2,
    "r@5": 1.0,
    "ndcg@5": 0.5,
    "p@10": 0.1,
    "r@10": 1.0,
    "ndcg@10": 0.5
  },
  "retrieved": [
    9465,
    9464,
    14234,
    9462,
    9463,
    9467,
    9466,
    670,
    930,
    11095
  ]
}