{
  "qid": 158989,
  "query": "Danh hiệu Chiến sỹ thi đua ngành Xây dựng được xét tặng cho những cá nhân nào?",
  "metrics": {
    "mrr": 0.25,
    "map": 0.25,
    "p@1": 0.0,
    "r@1": 0.0,
    "ndcg@1": 0.0,
    "p@5": 0.2,
    "r@5": 1.0,
    "ndcg@5": 0.43067655807339306,
    "p@10": 0.1,
    "r@10": 1.0,
    "ndcg@10": 0.43067655807339306
  },
  "retrieved": [
    6667,
    1331,
    1333,
    6301,
    1360,
    1332,
    1346,
    8760,
    5588,
    5593
  ]
}