{
  "qid": 158921,
  "query": "Hệ thống khai hải quan điện tử là gì?",
  "metrics": {
    "mrr": 0.3333333333333333,
    "map": 0.3333333333333333,
    "p@1": 0.0,
    "r@1": 0.0,
    "ndcg@1": 0.0,
    "p@5": 0.2,
    "r@5": 1.0,
    "ndcg@5": 0.5,
    "p@10": 0.1,
    "r@10": 1.0,
    "ndcg@10": 0.5
  },
  "retrieved": [
    8332,
    8333,
    8310,
    8372,
    8368,
    8361,
    8334,
    8350,
    8363,
    8352
  ]
}