{
  "qid": 159083,
  "query": "Người thừa kế của người bị thiệt hại có quyền yêu cầu bồi thường nhà nước trong trường hợp nào?",
  "metrics": {
    "mrr": 0.5,
    "map": 0.5,
    "p@1": 0.0,
    "r@1": 0.0,
    "ndcg@1": 0.0,
    "p@5": 0.2,
    "r@5": 1.0,
    "ndcg@5": 0.6309297535714575,
    "p@10": 0.1,
    "r@10": 1.0,
    "ndcg@10": 0.6309297535714575
  },
  "retrieved": [
    12733,
    12697,
    12695,
    12705,
    12743,
    12706,
    12707,
    12724,
    10508,
    12747
  ]
}