{
  "qid": 159139,
  "query": "Trong Lễ tang cán bộ Quân đội là Thiếu tướng Quân đội nhân dân Việt Nam thì gia đình của cán bộ này sẽ đứng ở vị trí nào?",
  "metrics": {
    "mrr": 0.16666666666666666,
    "map": 0.16666666666666666,
    "p@1": 0.0,
    "r@1": 0.0,
    "ndcg@1": 0.0,
    "p@5": 0.0,
    "r@5": 0.0,
    "ndcg@5": 0.0,
    "p@10": 0.1,
    "r@10": 1.0,
    "ndcg@10": 0.3562071871080222
  },
  "retrieved": [
    11776,
    11770,
    11796,
    8226,
    11783,
    11789,
    13851,
    11792,
    11761,
    8224
  ]
}