{
  "qid": 159344,
  "query": "Giá khởi điểm của tài sản đấu giá có cần phải niêm yết cùng các thông tin khác hay không?",
  "metrics": {
    "mrr": 0.5,
    "map": 0.5,
    "p@1": 0.0,
    "r@1": 0.0,
    "ndcg@1": 0.0,
    "p@5": 0.2,
    "r@5": 1.0,
    "ndcg@5": 0.6309297535714575,
    "p@10": 0.1,
    "r@10": 1.0,
    "ndcg@10": 0.6309297535714575
  },
  "retrieved": [
    744,
    721,
    745,
    728,
    692,
    739,
    740,
    726,
    743,
    695
  ]
}