{
  "qid": 159452,
  "query": "Chuyên gia tư vấn độc lập đánh giá hồ sơ nhiệm vụ khoa học và công nghệ Nghị định thư phải đáp ứng các điều kiện nào?",
  "metrics": {
    "mrr": 0.5,
    "map": 0.5,
    "p@1": 0.0,
    "r@1": 0.0,
    "ndcg@1": 0.0,
    "p@5": 0.2,
    "r@5": 1.0,
    "ndcg@5": 0.6309297535714575,
    "p@10": 0.1,
    "r@10": 1.0,
    "ndcg@10": 0.6309297535714575
  },
  "retrieved": [
    8668,
    8671,
    8262,
    8229,
    8656,
    8261,
    8661,
    8658,
    8673,
    8666
  ]
}