{
  "qid": 15955,
  "query": "Ai có quyền thay đổi quyết định, lệnh không có căn cứ và trái pháp luật của Phó Thủ trưởng Cơ quan điều tra?",
  "metrics": {
    "mrr": 0.2,
    "map": 0.2,
    "p@1": 0.0,
    "r@1": 0.0,
    "ndcg@1": 0.0,
    "p@5": 0.2,
    "r@5": 1.0,
    "ndcg@5": 0.38685280723454163,
    "p@10": 0.1,
    "r@10": 1.0,
    "ndcg@10": 0.38685280723454163
  },
  "retrieved": [
    10518,
    10590,
    10942,
    10943,
    10513,
    10938,
    13862,
    10517,
    13869,
    997
  ]
}