{
  "qid": 159554,
  "query": "Cơ quan nào có trách nhiệm thanh tra việc đáp ứng những điều kiện về thi đấu môn Quyền anh?",
  "metrics": {
    "mrr": 0.25,
    "map": 0.25,
    "p@1": 0.0,
    "r@1": 0.0,
    "ndcg@1": 0.0,
    "p@5": 0.2,
    "r@5": 1.0,
    "ndcg@5": 0.43067655807339306,
    "p@10": 0.1,
    "r@10": 1.0,
    "ndcg@10": 0.43067655807339306
  },
  "retrieved": [
    254,
    256,
    257,
    4415,
    4411,
    586,
    9262,
    9264,
    6616,
    7746
  ]
}