{
  "qid": 160107,
  "query": "Thủ tục chứng thực hủy bỏ hợp đồng, giao dịch đất đai được quy định như thế nào?",
  "metrics": {
    "mrr": 0.5,
    "map": 0.5,
    "p@1": 0.0,
    "r@1": 0.0,
    "ndcg@1": 0.0,
    "p@5": 0.2,
    "r@5": 1.0,
    "ndcg@5": 0.6309297535714575,
    "p@10": 0.1,
    "r@10": 1.0,
    "ndcg@10": 0.6309297535714575
  },
  "retrieved": [
    7838,
    1450,
    7836,
    11209,
    12660,
    7830,
    7837,
    11216,
    11210,
    7834
  ]
}