{
  "qid": 160563,
  "query": "Việc thỏa thuận thông số kỹ thuật xây dựng luồng đường thủy nội địa được thực hiện theo những nội dung nào?",
  "metrics": {
    "mrr": 0.5,
    "map": 0.5,
    "p@1": 0.0,
    "r@1": 0.0,
    "ndcg@1": 0.0,
    "p@5": 0.2,
    "r@5": 1.0,
    "ndcg@5": 0.6309297535714575,
    "p@10": 0.1,
    "r@10": 1.0,
    "ndcg@10": 0.6309297535714575
  },
  "retrieved": [
    9059,
    9052,
    9081,
    9062,
    9108,
    9053,
    9072,
    9051,
    9073,
    9083
  ]
}