{
  "qid": 160547,
  "query": "Không có Giấy chứng nhận an toàn thực phẩm thì bị xử phạt thế nào?",
  "metrics": {
    "mrr": 0.3333333333333333,
    "map": 0.3333333333333333,
    "p@1": 0.0,
    "r@1": 0.0,
    "ndcg@1": 0.0,
    "p@5": 0.2,
    "r@5": 1.0,
    "ndcg@5": 0.5,
    "p@10": 0.1,
    "r@10": 1.0,
    "ndcg@10": 0.5
  },
  "retrieved": [
    14206,
    14171,
    14187,
    14188,
    14190,
    14195,
    14191,
    11891,
    14170,
    9541
  ]
}