{
  "qid": 160646,
  "query": "Hai tổ chức tôn giáo trực thuộc của một tổ chức tôn giáo có được sáp nhập vào nhau không?",
  "metrics": {
    "mrr": 0.3333333333333333,
    "map": 0.3333333333333333,
    "p@1": 0.0,
    "r@1": 0.0,
    "ndcg@1": 0.0,
    "p@5": 0.2,
    "r@5": 1.0,
    "ndcg@5": 0.5,
    "p@10": 0.1,
    "r@10": 1.0,
    "ndcg@10": 0.5
  },
  "retrieved": [
    2158,
    2159,
    2157,
    2153,
    2161,
    4261,
    2197,
    13570,
    3077,
    11960
  ]
}