{
  "qid": 160948,
  "query": "Tuyển dụng và phân công nhiệm vụ để bảo đảm an toàn hệ thống thông tin trong hoạt động ngân hàng được thực hiện như thế nào?",
  "metrics": {
    "mrr": 0.5,
    "map": 0.5,
    "p@1": 0.0,
    "r@1": 0.0,
    "ndcg@1": 0.0,
    "p@5": 0.2,
    "r@5": 1.0,
    "ndcg@5": 0.6309297535714575,
    "p@10": 0.1,
    "r@10": 1.0,
    "ndcg@10": 0.6309297535714575
  },
  "retrieved": [
    6837,
    10204,
    6844,
    6840,
    6845,
    6860,
    6842,
    6843,
    6847,
    7382
  ]
}