{
  "qid": 161107,
  "query": "Đơn vị nào có nhiệm vụ kiểm tra Phiếu đăng ký dự tuyển công chức vào làm việc trong các đơn vị thuộc Thanh tra Chính phủ?",
  "metrics": {
    "mrr": 0.3333333333333333,
    "map": 0.3333333333333333,
    "p@1": 0.0,
    "r@1": 0.0,
    "ndcg@1": 0.0,
    "p@5": 0.2,
    "r@5": 1.0,
    "ndcg@5": 0.5,
    "p@10": 0.1,
    "r@10": 1.0,
    "ndcg@10": 0.5
  },
  "retrieved": [
    14224,
    14221,
    14215,
    14222,
    14223,
    14211,
    14216,
    4188,
    14220,
    14225
  ]
}