{
  "qid": 161244,
  "query": "Trưởng đoàn thanh tra của Cục Báo chí có quyền xử phạt người mạo danh nhà báo không?",
  "metrics": {
    "mrr": 0.3333333333333333,
    "map": 0.3333333333333333,
    "p@1": 0.0,
    "r@1": 0.0,
    "ndcg@1": 0.0,
    "p@5": 0.2,
    "r@5": 1.0,
    "ndcg@5": 0.5,
    "p@10": 0.1,
    "r@10": 1.0,
    "ndcg@10": 0.5
  },
  "retrieved": [
    14907,
    14198,
    4637,
    14908,
    3304,
    11127,
    14935,
    14940,
    11615,
    9736
  ]
}