{
  "qid": 16138,
  "query": "Hội đồng xét đền bù chi phí đào tạo với công chức cấp huyện được cử đi đào tạo không được cơ sở đào tạo cấp văn bằng tốt nghiệp làm việc theo nguyên tắc gì?",
  "metrics": {
    "mrr": 0.3333333333333333,
    "map": 0.3333333333333333,
    "p@1": 0.0,
    "r@1": 0.0,
    "ndcg@1": 0.0,
    "p@5": 0.2,
    "r@5": 1.0,
    "ndcg@5": 0.5,
    "p@10": 0.1,
    "r@10": 1.0,
    "ndcg@10": 0.5
  },
  "retrieved": [
    10984,
    10985,
    10987,
    10989,
    10990,
    310,
    4239,
    10988,
    11015,
    11014
  ]
}