{
  "qid": 161898,
  "query": "Tổ chức nộp lưu chiểu sản phẩm báo chí không đúng thời gian quy định thì sẽ bị xử phạt vi phạm hành chính thế nào?",
  "metrics": {
    "mrr": 0.5,
    "map": 0.5,
    "p@1": 0.0,
    "r@1": 0.0,
    "ndcg@1": 0.0,
    "p@5": 0.2,
    "r@5": 1.0,
    "ndcg@5": 0.6309297535714575,
    "p@10": 0.1,
    "r@10": 1.0,
    "ndcg@10": 0.6309297535714575
  },
  "retrieved": [
    14904,
    14915,
    14916,
    14944,
    14906,
    14914,
    3535,
    1463,
    14810,
    14544
  ]
}