{
  "qid": 161863,
  "query": "Đạo diễn nghệ thuật hạng 3 cần có tiêu chuẩn về trình độ đào tạo, bồi dưỡng như thế nào?",
  "metrics": {
    "mrr": 0.2,
    "map": 0.2,
    "p@1": 0.0,
    "r@1": 0.0,
    "ndcg@1": 0.0,
    "p@5": 0.2,
    "r@5": 1.0,
    "ndcg@5": 0.38685280723454163,
    "p@10": 0.1,
    "r@10": 1.0,
    "ndcg@10": 0.38685280723454163
  },
  "retrieved": [
    12599,
    12588,
    13119,
    12594,
    7460,
    12587,
    12593,
    1538,
    13123,
    3876
  ]
}