{
  "qid": 161833,
  "query": "Các biển báo trên xe tra nạp nhiên liệu hàng không được quy định ra sao?",
  "metrics": {
    "mrr": 0.25,
    "map": 0.25,
    "p@1": 0.0,
    "r@1": 0.0,
    "ndcg@1": 0.0,
    "p@5": 0.2,
    "r@5": 1.0,
    "ndcg@5": 0.43067655807339306,
    "p@10": 0.1,
    "r@10": 1.0,
    "ndcg@10": 0.43067655807339306
  },
  "retrieved": [
    4358,
    4362,
    4361,
    4348,
    4367,
    4364,
    4365,
    4333,
    4363,
    4372
  ]
}