{
  "qid": 161986,
  "query": "Nguyên tắc xếp lương chức danh nghề nghiệp viên chức chuyên ngành đăng kiểm là gì?",
  "metrics": {
    "mrr": 0.25,
    "map": 0.25,
    "p@1": 0.0,
    "r@1": 0.0,
    "ndcg@1": 0.0,
    "p@5": 0.2,
    "r@5": 1.0,
    "ndcg@5": 0.43067655807339306,
    "p@10": 0.1,
    "r@10": 1.0,
    "ndcg@10": 0.43067655807339306
  },
  "retrieved": [
    14249,
    8453,
    3466,
    6458,
    8605,
    14270,
    6463,
    8457,
    1536,
    6460
  ]
}