{
  "qid": 162057,
  "query": "Báo cáo giá thị trường hàng hóa tháng và dài hạn có bao nhiêu phần?",
  "metrics": {
    "mrr": 0.5,
    "map": 0.5,
    "p@1": 0.0,
    "r@1": 0.0,
    "ndcg@1": 0.0,
    "p@5": 0.2,
    "r@5": 1.0,
    "ndcg@5": 0.6309297535714575,
    "p@10": 0.1,
    "r@10": 1.0,
    "ndcg@10": 0.6309297535714575
  },
  "retrieved": [
    14375,
    14376,
    14373,
    14379,
    14371,
    14377,
    14372,
    5307,
    12869,
    12109
  ]
}