{
  "qid": 162796,
  "query": "Người hai quốc tịch phạm tội tại Việt Nam có bị dẫn độ về nước có quốc tịch còn lại không?",
  "metrics": {
    "mrr": 0.16666666666666666,
    "map": 0.16666666666666666,
    "p@1": 0.0,
    "r@1": 0.0,
    "ndcg@1": 0.0,
    "p@5": 0.0,
    "r@5": 0.0,
    "ndcg@5": 0.0,
    "p@10": 0.1,
    "r@10": 1.0,
    "ndcg@10": 0.3562071871080222
  },
  "retrieved": [
    1909,
    7990,
    7994,
    7992,
    7989,
    7987,
    10480,
    3010,
    3126,
    4560
  ]
}