{
  "qid": 162735,
  "query": "Tham vấn trị giá hải quan là gì?",
  "metrics": {
    "mrr": 0.5,
    "map": 0.5,
    "p@1": 0.0,
    "r@1": 0.0,
    "ndcg@1": 0.0,
    "p@5": 0.2,
    "r@5": 1.0,
    "ndcg@5": 0.6309297535714575,
    "p@10": 0.1,
    "r@10": 1.0,
    "ndcg@10": 0.6309297535714575
  },
  "retrieved": [
    8328,
    8310,
    8330,
    8331,
    8337,
    8339,
    11995,
    8329,
    8333,
    8336
  ]
}