{
  "qid": 162826,
  "query": "Vào dịp Lễ 30/4, phạm nhân bị phạt tù chung thân được giảm thời hạn chấp hành án phạt tù lần đầu bao nhiêu năm?",
  "metrics": {
    "mrr": 0.5,
    "map": 0.5,
    "p@1": 0.0,
    "r@1": 0.0,
    "ndcg@1": 0.0,
    "p@5": 0.2,
    "r@5": 1.0,
    "ndcg@5": 0.6309297535714575,
    "p@10": 0.1,
    "r@10": 1.0,
    "ndcg@10": 0.6309297535714575
  },
  "retrieved": [
    1890,
    1891,
    1892,
    1887,
    3009,
    6653,
    6656,
    6649,
    6652,
    6654
  ]
}