{
  "qid": 163012,
  "query": "Nguyên tắc xét tặng Giải thưởng Bông lúa vàng Việt Nam cho các tác giả ngành Nông nghiệp và Phát triển nông thôn là gì?",
  "metrics": {
    "mrr": 0.2,
    "map": 0.2,
    "p@1": 0.0,
    "r@1": 0.0,
    "ndcg@1": 0.0,
    "p@5": 0.2,
    "r@5": 1.0,
    "ndcg@5": 0.38685280723454163,
    "p@10": 0.1,
    "r@10": 1.0,
    "ndcg@10": 0.38685280723454163
  },
  "retrieved": [
    6206,
    6201,
    6202,
    8738,
    6200,
    6205,
    6209,
    6198,
    6207,
    8753
  ]
}