{
  "qid": 163021,
  "query": "Bắt buộc phải có cán bộ lãnh đạo là người dân tộc thiểu số ở các địa phương vùng dân tộc thiểu số không?",
  "metrics": {
    "mrr": 0.16666666666666666,
    "map": 0.16666666666666666,
    "p@1": 0.0,
    "r@1": 0.0,
    "ndcg@1": 0.0,
    "p@5": 0.0,
    "r@5": 0.0,
    "ndcg@5": 0.0,
    "p@10": 0.1,
    "r@10": 1.0,
    "ndcg@10": 0.3562071871080222
  },
  "retrieved": [
    2026,
    2025,
    2030,
    2027,
    2029,
    4748,
    2024,
    2318,
    2092,
    2031
  ]
}