{
  "qid": 163000,
  "query": "Trợ giúp viên pháp lý hạng 1 cần đáp ứng các tiêu chuẩn về đạo đức nghề nghiệp và trình độ đào tạo như thế nào?",
  "metrics": {
    "mrr": 0.3333333333333333,
    "map": 0.3333333333333333,
    "p@1": 0.0,
    "r@1": 0.0,
    "ndcg@1": 0.0,
    "p@5": 0.2,
    "r@5": 1.0,
    "ndcg@5": 0.5,
    "p@10": 0.1,
    "r@10": 1.0,
    "ndcg@10": 0.5
  },
  "retrieved": [
    8608,
    8609,
    8607,
    8611,
    14235,
    8606,
    13124,
    1537,
    6924,
    1532
  ]
}