{
  "qid": 163183,
  "query": "Vào mỗi cuối kỳ kế toán năm công ty trách nhiệm hữu hạn 2 thành viên phải kiểm kê tài sản đúng không?",
  "metrics": {
    "mrr": 0.25,
    "map": 0.25,
    "p@1": 0.0,
    "r@1": 0.0,
    "ndcg@1": 0.0,
    "p@5": 0.2,
    "r@5": 1.0,
    "ndcg@5": 0.43067655807339306,
    "p@10": 0.1,
    "r@10": 1.0,
    "ndcg@10": 0.43067655807339306
  },
  "retrieved": [
    13056,
    11605,
    13052,
    2882,
    13054,
    13043,
    14687,
    14757,
    2054,
    14676
  ]
}