{
  "qid": 163212,
  "query": "Việc thanh lọc tài nguyên thông tin của thư viện công lập nhằm mục đích gì?",
  "metrics": {
    "mrr": 0.5,
    "map": 0.5,
    "p@1": 0.0,
    "r@1": 0.0,
    "ndcg@1": 0.0,
    "p@5": 0.2,
    "r@5": 1.0,
    "ndcg@5": 0.6309297535714575,
    "p@10": 0.1,
    "r@10": 1.0,
    "ndcg@10": 0.6309297535714575
  },
  "retrieved": [
    2721,
    2735,
    2748,
    2737,
    2743,
    2742,
    2745,
    2736,
    2749,
    2744
  ]
}