{
  "qid": 163827,
  "query": "Việc phòng chống mua bán người cần được hợp tác quốc tế như thế nào để giải cứu và hồi hương nạn nhân?",
  "metrics": {
    "mrr": 0.1111111111111111,
    "map": 0.1111111111111111,
    "p@1": 0.0,
    "r@1": 0.0,
    "ndcg@1": 0.0,
    "p@5": 0.0,
    "r@5": 0.0,
    "ndcg@5": 0.0,
    "p@10": 0.1,
    "r@10": 1.0,
    "ndcg@10": 0.3010299956639812
  },
  "retrieved": [
    447,
    448,
    9338,
    444,
    441,
    9344,
    446,
    9336,
    449,
    445
  ]
}