{
  "qid": 163903,
  "query": "Người khai thác cảng hàng không sân bay gửi mấy bộ hồ sơ đề nghị mở cảng hàng không và bằng hình thức nào?",
  "metrics": {
    "mrr": 0.3333333333333333,
    "map": 0.3333333333333333,
    "p@1": 0.0,
    "r@1": 0.0,
    "ndcg@1": 0.0,
    "p@5": 0.2,
    "r@5": 1.0,
    "ndcg@5": 0.5,
    "p@10": 0.1,
    "r@10": 1.0,
    "ndcg@10": 0.5
  },
  "retrieved": [
    5924,
    5923,
    5910,
    5926,
    5911,
    5915,
    5872,
    5914,
    5928,
    5922
  ]
}