{
  "qid": 163904,
  "query": "Hồ sơ đề nghị đóng cảng hàng không sân bay bao gồm các tài liệu gì?",
  "metrics": {
    "mrr": 0.16666666666666666,
    "map": 0.16666666666666666,
    "p@1": 0.0,
    "r@1": 0.0,
    "ndcg@1": 0.0,
    "p@5": 0.0,
    "r@5": 0.0,
    "ndcg@5": 0.0,
    "p@10": 0.1,
    "r@10": 1.0,
    "ndcg@10": 0.3562071871080222
  },
  "retrieved": [
    5922,
    5915,
    5914,
    5916,
    5926,
    5912,
    5923,
    5913,
    5927,
    5910
  ]
}