{
  "qid": 164343,
  "query": "Trình tự, thủ tục xử lý kỷ luật đối với viên chức được quy định như thế nào?",
  "metrics": {
    "mrr": 0.5,
    "map": 0.5,
    "p@1": 0.0,
    "r@1": 0.0,
    "ndcg@1": 0.0,
    "p@5": 0.2,
    "r@5": 1.0,
    "ndcg@5": 0.6309297535714575,
    "p@10": 0.1,
    "r@10": 1.0,
    "ndcg@10": 0.6309297535714575
  },
  "retrieved": [
    13769,
    13765,
    13767,
    13778,
    13761,
    13770,
    13775,
    13755,
    13741,
    13766
  ]
}