{
  "qid": 164317,
  "query": "Có được giữ đồ vật khi khám xét hay không?",
  "metrics": {
    "mrr": 0.5,
    "map": 0.5,
    "p@1": 0.0,
    "r@1": 0.0,
    "ndcg@1": 0.0,
    "p@5": 0.2,
    "r@5": 1.0,
    "ndcg@5": 0.6309297535714575,
    "p@10": 0.1,
    "r@10": 1.0,
    "ndcg@10": 0.6309297535714575
  },
  "retrieved": [
    10671,
    10675,
    10669,
    10670,
    10517,
    10516,
    10581,
    10818,
    10730,
    10565
  ]
}