{
  "qid": 164681,
  "query": "Mức đóng bảo hiểm xã hội tự nguyện bù cho khoản thời gian chậm đóng được tính như thế nào?",
  "metrics": {
    "mrr": 0.3333333333333333,
    "map": 0.3333333333333333,
    "p@1": 0.0,
    "r@1": 0.0,
    "ndcg@1": 0.0,
    "p@5": 0.2,
    "r@5": 1.0,
    "ndcg@5": 0.5,
    "p@10": 0.1,
    "r@10": 1.0,
    "ndcg@10": 0.5
  },
  "retrieved": [
    11869,
    14102,
    802,
    14104,
    14097,
    797,
    11862,
    14094,
    795,
    14098
  ]
}