{
  "qid": 164750,
  "query": "Trách nhiệm của Ủy ban nhân dân cấp xã đối với trường hợp phải tạm đình chỉ hoặc đình chỉ hoạt động dịch vụ về đất đai ra sao?",
  "metrics": {
    "mrr": 0.2,
    "map": 0.2,
    "p@1": 0.0,
    "r@1": 0.0,
    "ndcg@1": 0.0,
    "p@5": 0.2,
    "r@5": 1.0,
    "ndcg@5": 0.38685280723454163,
    "p@10": 0.1,
    "r@10": 1.0,
    "ndcg@10": 0.38685280723454163
  },
  "retrieved": [
    10429,
    10427,
    10430,
    10763,
    11131,
    3055,
    10760,
    8938,
    11127,
    3052
  ]
}