{
  "qid": 165140,
  "query": "Mỗi bài kiểm tra tập sự hành nghề công chứng do bao nhiêu thành viên Ban chấm thi chấm?",
  "metrics": {
    "mrr": 0.5,
    "map": 0.5,
    "p@1": 0.0,
    "r@1": 0.0,
    "ndcg@1": 0.0,
    "p@5": 0.2,
    "r@5": 1.0,
    "ndcg@5": 0.6309297535714575,
    "p@10": 0.1,
    "r@10": 1.0,
    "ndcg@10": 0.6309297535714575
  },
  "retrieved": [
    6579,
    4223,
    4214,
    4225,
    4217,
    9865,
    5848,
    4231,
    5851,
    5944
  ]
}