{
  "qid": 16530,
  "query": "Việc hủy tài liệu lưu trữ điện tử hết giá trị được thực hiện thế nào?",
  "metrics": {
    "mrr": 0.5,
    "map": 0.5,
    "p@1": 0.0,
    "r@1": 0.0,
    "ndcg@1": 0.0,
    "p@5": 0.2,
    "r@5": 1.0,
    "ndcg@5": 0.6309297535714575,
    "p@10": 0.1,
    "r@10": 1.0,
    "ndcg@10": 0.6309297535714575
  },
  "retrieved": [
    222,
    228,
    66,
    1250,
    1264,
    2589,
    224,
    81,
    2592,
    229
  ]
}