{
  "qid": 165575,
  "query": "Xây dựng nhà ở trên đất nông nghiệp không thực hiện chuyển mục đích sử dụng có thể bị xử phạt hành chính như thế nào?",
  "metrics": {
    "mrr": 0.5,
    "map": 0.5,
    "p@1": 0.0,
    "r@1": 0.0,
    "ndcg@1": 0.0,
    "p@5": 0.2,
    "r@5": 1.0,
    "ndcg@5": 0.6309297535714575,
    "p@10": 0.1,
    "r@10": 1.0,
    "ndcg@10": 0.6309297535714575
  },
  "retrieved": [
    11105,
    11102,
    11101,
    1580,
    11119,
    1591,
    11106,
    1564,
    11117,
    11120
  ]
}