{
  "qid": 166291,
  "query": "Tạm giữ có thể áp dụng đối với người phạm tội đầu thú không?",
  "metrics": {
    "mrr": 0.3333333333333333,
    "map": 0.3333333333333333,
    "p@1": 0.0,
    "r@1": 0.0,
    "ndcg@1": 0.0,
    "p@5": 0.2,
    "r@5": 1.0,
    "ndcg@5": 0.5,
    "p@10": 0.1,
    "r@10": 1.0,
    "ndcg@10": 0.5
  },
  "retrieved": [
    10629,
    10572,
    10594,
    10536,
    10595,
    6683,
    10637,
    10481,
    993,
    10924
  ]
}