{
  "qid": 166472,
  "query": "Lực lượng cảnh sát nhân dân vũ trang canh gác bảo vệ mục tiêu bằng phương pháp nào?",
  "metrics": {
    "mrr": 0.14285714285714285,
    "map": 0.14285714285714285,
    "p@1": 0.0,
    "r@1": 0.0,
    "ndcg@1": 0.0,
    "p@5": 0.0,
    "r@5": 0.0,
    "ndcg@5": 0.0,
    "p@10": 0.1,
    "r@10": 1.0,
    "ndcg@10": 0.3333333333333333
  },
  "retrieved": [
    97,
    102,
    112,
    98,
    95,
    105,
    99,
    109,
    106,
    413
  ]
}