{
  "qid": 166536,
  "query": "Trường hợp nào không được cấp Chứng chỉ hành nghề đấu giá?",
  "metrics": {
    "mrr": 0.1111111111111111,
    "map": 0.1111111111111111,
    "p@1": 0.0,
    "r@1": 0.0,
    "ndcg@1": 0.0,
    "p@5": 0.0,
    "r@5": 0.0,
    "ndcg@5": 0.0,
    "p@10": 0.1,
    "r@10": 1.0,
    "ndcg@10": 0.3010299956639812
  },
  "retrieved": [
    704,
    703,
    701,
    6589,
    240,
    1457,
    6568,
    712,
    702,
    764
  ]
}