{
  "qid": 16679,
  "query": "Phòng Kinh Tế và Hạ tầng có được thẩm định công trình tư nhân thuộc quyền quản lý của UBND cấp huyện không?",
  "metrics": {
    "mrr": 0.5,
    "map": 0.5,
    "p@1": 0.0,
    "r@1": 0.0,
    "ndcg@1": 0.0,
    "p@5": 0.2,
    "r@5": 1.0,
    "ndcg@5": 0.6309297535714575,
    "p@10": 0.1,
    "r@10": 1.0,
    "ndcg@10": 0.6309297535714575
  },
  "retrieved": [
    7300,
    7299,
    7301,
    7302,
    7296,
    6921,
    6364,
    12302,
    12676,
    3586
  ]
}