{
  "qid": 167212,
  "query": "Việc giải quyết bồi thường của Nhà nước trong hoạt động tố tụng hình sự của Tòa án cấp sơ thẩm được quy định thế nào?",
  "metrics": {
    "mrr": 0.25,
    "map": 0.25,
    "p@1": 0.0,
    "r@1": 0.0,
    "ndcg@1": 0.0,
    "p@5": 0.2,
    "r@5": 1.0,
    "ndcg@5": 0.43067655807339306,
    "p@10": 0.1,
    "r@10": 1.0,
    "ndcg@10": 0.43067655807339306
  },
  "retrieved": [
    12727,
    12701,
    12747,
    12728,
    12696,
    12729,
    12710,
    12726,
    12732,
    12702
  ]
}