{
  "qid": 167585,
  "query": "Thành viên cơ quan Việt Nam ở nước ngoài công tác nhiệm kỳ tại địa bàn đang xảy ra thảm họa do thiên tai được hưởng trợ cấp hàng tháng như thế nào?",
  "metrics": {
    "mrr": 0.5,
    "map": 0.5,
    "p@1": 0.0,
    "r@1": 0.0,
    "ndcg@1": 0.0,
    "p@5": 0.2,
    "r@5": 1.0,
    "ndcg@5": 0.6309297535714575,
    "p@10": 0.1,
    "r@10": 1.0,
    "ndcg@10": 0.6309297535714575
  },
  "retrieved": [
    8799,
    8795,
    7898,
    8797,
    7900,
    8789,
    8791,
    8792,
    8793,
    7899
  ]
}