{
  "qid": 168491,
  "query": "Giám đốc Học viện Hành chính Quốc gia do ai bổ nhiệm?",
  "metrics": {
    "mrr": 0.3333333333333333,
    "map": 0.3333333333333333,
    "p@1": 0.0,
    "r@1": 0.0,
    "ndcg@1": 0.0,
    "p@5": 0.2,
    "r@5": 1.0,
    "ndcg@5": 0.5,
    "p@10": 0.1,
    "r@10": 1.0,
    "ndcg@10": 0.5
  },
  "retrieved": [
    10999,
    11002,
    5504,
    5501,
    11010,
    12810,
    5503,
    14282,
    10997,
    7396
  ]
}