{
  "qid": 168489,
  "query": "Học viện Hành chính Quốc gia có phải đơn vị sự nghiệp công lập không?",
  "metrics": {
    "mrr": 0.25,
    "map": 0.25,
    "p@1": 0.0,
    "r@1": 0.0,
    "ndcg@1": 0.0,
    "p@5": 0.2,
    "r@5": 1.0,
    "ndcg@5": 0.43067655807339306,
    "p@10": 0.1,
    "r@10": 1.0,
    "ndcg@10": 0.43067655807339306
  },
  "retrieved": [
    14282,
    14278,
    14280,
    5501,
    14288,
    14286,
    14285,
    4988,
    4998,
    4990
  ]
}