{
  "qid": 171240,
  "query": "Doanh nghiệp có vốn đầu tư nước ngoài kinh doanh dịch vụ lữ hành nội địa có các quyền và nghĩa vụ nào?",
  "metrics": {
    "mrr": 0.5,
    "map": 0.5,
    "p@1": 0.0,
    "r@1": 0.0,
    "ndcg@1": 0.0,
    "p@5": 0.2,
    "r@5": 1.0,
    "ndcg@5": 0.6309297535714575,
    "p@10": 0.1,
    "r@10": 1.0,
    "ndcg@10": 0.6309297535714575
  },
  "retrieved": [
    9773,
    9780,
    9781,
    9774,
    9801,
    9775,
    9778,
    9808,
    9779,
    6607
  ]
}