{
  "qid": 17133,
  "query": "Phương thức gửi báo cáo quý khẩn cấp về công tác dân tộc thì báo cáo nhanh bằng phương thức nào?",
  "metrics": {
    "mrr": 0.2,
    "map": 0.2,
    "p@1": 0.0,
    "r@1": 0.0,
    "ndcg@1": 0.0,
    "p@5": 0.2,
    "r@5": 1.0,
    "ndcg@5": 0.38685280723454163,
    "p@10": 0.1,
    "r@10": 1.0,
    "ndcg@10": 0.38685280723454163
  },
  "retrieved": [
    1312,
    1303,
    1308,
    2672,
    1306,
    1316,
    11035,
    1313,
    4762,
    2032
  ]
}