{
  "qid": 17168,
  "query": "Văn phòng thừa phát lại có phải báo cáo tình hình hoạt động cho cơ quan nhà nước không?",
  "metrics": {
    "mrr": 0.5,
    "map": 0.5,
    "p@1": 0.0,
    "r@1": 0.0,
    "ndcg@1": 0.0,
    "p@5": 0.2,
    "r@5": 1.0,
    "ndcg@5": 0.6309297535714575,
    "p@10": 0.1,
    "r@10": 1.0,
    "ndcg@10": 0.6309297535714575
  },
  "retrieved": [
    5867,
    8946,
    9431,
    8952,
    8956,
    9421,
    8953,
    8954,
    8950,
    8994
  ]
}