{
  "qid": 17182,
  "query": "Điều tra viên được phân công phân công tiến hành hoạt động điều tra vụ án hình sự có những nhiệm vụ, quyền hạn nào?",
  "metrics": {
    "mrr": 0.3333333333333333,
    "map": 0.3333333333333333,
    "p@1": 0.0,
    "r@1": 0.0,
    "ndcg@1": 0.0,
    "p@5": 0.2,
    "r@5": 1.0,
    "ndcg@5": 0.5,
    "p@10": 0.1,
    "r@10": 1.0,
    "ndcg@10": 0.5
  },
  "retrieved": [
    10513,
    10515,
    10514,
    995,
    10522,
    10517,
    10643,
    10518,
    10521,
    10638
  ]
}