{
  "qid": 17420,
  "query": "Trung tâm sát hạch lái xe vận hành hệ thống thông tin giấy phép lái xe như thế nào?",
  "metrics": {
    "mrr": 0.3333333333333333,
    "map": 0.3333333333333333,
    "p@1": 0.0,
    "r@1": 0.0,
    "ndcg@1": 0.0,
    "p@5": 0.2,
    "r@5": 1.0,
    "ndcg@5": 0.5,
    "p@10": 0.1,
    "r@10": 1.0,
    "ndcg@10": 0.5
  },
  "retrieved": [
    7113,
    10335,
    7120,
    7114,
    7124,
    7126,
    7127,
    7119,
    7122,
    7111
  ]
}