{
  "qid": 1752,
  "query": "Ai có quyền tố cáo hành vi vi phạm pháp luật về quản lý nhà nước trong lĩnh vực tư pháp của Tòa án nhân dân?",
  "metrics": {
    "mrr": 0.5,
    "map": 0.5,
    "p@1": 0.0,
    "r@1": 0.0,
    "ndcg@1": 0.0,
    "p@5": 0.2,
    "r@5": 1.0,
    "ndcg@5": 0.6309297535714575,
    "p@10": 0.1,
    "r@10": 1.0,
    "ndcg@10": 0.6309297535714575
  },
  "retrieved": [
    1521,
    1520,
    1485,
    1522,
    1516,
    1503,
    10949,
    12542,
    1523,
    1198
  ]
}