{
  "qid": 175511,
  "query": "Kỳ phiếu là gì?",
  "metrics": {
    "mrr": 0.14285714285714285,
    "map": 0.14285714285714285,
    "p@1": 0.0,
    "r@1": 0.0,
    "ndcg@1": 0.0,
    "p@5": 0.0,
    "r@5": 0.0,
    "ndcg@5": 0.0,
    "p@10": 0.1,
    "r@10": 1.0,
    "ndcg@10": 0.3333333333333333
  },
  "retrieved": [
    1655,
    4017,
    1664,
    1645,
    1654,
    1646,
    1649,
    1648,
    7884,
    7878
  ]
}