{
  "qid": 1760,
  "query": "Tổ chức đối thoại trong quá trình giải quyết khiếu nại lần đầu được quy định như thế nào?",
  "metrics": {
    "mrr": 0.25,
    "map": 0.25,
    "p@1": 0.0,
    "r@1": 0.0,
    "ndcg@1": 0.0,
    "p@5": 0.2,
    "r@5": 1.0,
    "ndcg@5": 0.43067655807339306,
    "p@10": 0.1,
    "r@10": 1.0,
    "ndcg@10": 0.43067655807339306
  },
  "retrieved": [
    1498,
    2243,
    1753,
    1730,
    1755,
    1754,
    1715,
    1713,
    2210,
    1731
  ]
}