{
  "qid": 177119,
  "query": "Khi chứng thực bản sao bằng tốt nghiệp do nước ngoài cấp có cần hợp pháp hóa lãnh sự không?",
  "metrics": {
    "mrr": 0.5,
    "map": 0.5,
    "p@1": 0.0,
    "r@1": 0.0,
    "ndcg@1": 0.0,
    "p@5": 0.2,
    "r@5": 1.0,
    "ndcg@5": 0.6309297535714575,
    "p@10": 0.1,
    "r@10": 1.0,
    "ndcg@10": 0.6309297535714575
  },
  "retrieved": [
    7269,
    1433,
    12351,
    1412,
    7780,
    3992,
    13500,
    13496,
    13511,
    13495
  ]
}