{
  "qid": 1777,
  "query": "Các giải pháp thực hiện quy hoạch sử dụng đất cấp huyện là gì?",
  "metrics": {
    "mrr": 0.3333333333333333,
    "map": 0.3333333333333333,
    "p@1": 0.0,
    "r@1": 0.0,
    "ndcg@1": 0.0,
    "p@5": 0.2,
    "r@5": 1.0,
    "ndcg@5": 0.5,
    "p@10": 0.1,
    "r@10": 1.0,
    "ndcg@10": 0.5
  },
  "retrieved": [
    1591,
    1580,
    1590,
    1559,
    1605,
    5437,
    1592,
    5398,
    5438,
    1589
  ]
}