{
  "qid": 178612,
  "query": "Thời hạn điều tra là bao nhiêu lâu và có được gia hạn thời hạn điều tra không?",
  "metrics": {
    "mrr": 0.16666666666666666,
    "map": 0.16666666666666666,
    "p@1": 0.0,
    "r@1": 0.0,
    "ndcg@1": 0.0,
    "p@5": 0.0,
    "r@5": 0.0,
    "ndcg@5": 0.0,
    "p@10": 0.1,
    "r@10": 1.0,
    "ndcg@10": 0.3562071871080222
  },
  "retrieved": [
    10651,
    12904,
    10703,
    10595,
    10713,
    10649,
    12896,
    12727,
    12882,
    5319
  ]
}