{
  "qid": 1792,
  "query": "Biện pháp tự vệ trong thương mại quốc tế là gì?",
  "metrics": {
    "mrr": 0.14285714285714285,
    "map": 0.14285714285714285,
    "p@1": 0.0,
    "r@1": 0.0,
    "ndcg@1": 0.0,
    "p@5": 0.0,
    "r@5": 0.0,
    "ndcg@5": 0.0,
    "p@10": 0.1,
    "r@10": 1.0,
    "ndcg@10": 0.3333333333333333
  },
  "retrieved": [
    5322,
    5299,
    5321,
    12934,
    5226,
    5290,
    5314,
    12938,
    5296,
    12916
  ]
}