{
  "qid": 179420,
  "query": "Hồ sơ cấp Giấy chứng nhận đủ điều kiện sản xuất, lắp ráp ô tô gồm những gì?",
  "metrics": {
    "mrr": 0.3333333333333333,
    "map": 0.3333333333333333,
    "p@1": 0.0,
    "r@1": 0.0,
    "ndcg@1": 0.0,
    "p@5": 0.2,
    "r@5": 1.0,
    "ndcg@5": 0.5,
    "p@10": 0.1,
    "r@10": 1.0,
    "ndcg@10": 0.5
  },
  "retrieved": [
    14340,
    14355,
    14336,
    14341,
    14331,
    14349,
    14335,
    14357,
    14332,
    14329
  ]
}