{
  "qid": 17971,
  "query": "Công chức Viện kiểm sát nhân dân không được bổ nhiệm lại thì bị giáng chức hay điều chuyển công tác?",
  "metrics": {
    "mrr": 0.1111111111111111,
    "map": 0.1111111111111111,
    "p@1": 0.0,
    "r@1": 0.0,
    "ndcg@1": 0.0,
    "p@5": 0.0,
    "r@5": 0.0,
    "ndcg@5": 0.0,
    "p@10": 0.1,
    "r@10": 1.0,
    "ndcg@10": 0.3010299956639812
  },
  "retrieved": [
    13861,
    13764,
    13779,
    8224,
    13771,
    8170,
    317,
    2360,
    14256,
    3868
  ]
}