{
  "qid": 18025,
  "query": "Quyết định đưa vụ án hình sự ra xét xử sơ thẩm phải ghi rõ những nội dung gì?",
  "metrics": {
    "mrr": 0.16666666666666666,
    "map": 0.16666666666666666,
    "p@1": 0.0,
    "r@1": 0.0,
    "ndcg@1": 0.0,
    "p@5": 0.0,
    "r@5": 0.0,
    "ndcg@5": 0.0,
    "p@10": 0.1,
    "r@10": 1.0,
    "ndcg@10": 0.3562071871080222
  },
  "retrieved": [
    10737,
    10835,
    12728,
    10807,
    10739,
    10732,
    6686,
    12727,
    3978,
    6090
  ]
}