{
  "qid": 18136,
  "query": "Đơn vị tổ chức diễn tập phòng thủ dân sự bao nhiêu lần?",
  "metrics": {
    "mrr": 0.16666666666666666,
    "map": 0.16666666666666666,
    "p@1": 0.0,
    "r@1": 0.0,
    "ndcg@1": 0.0,
    "p@5": 0.0,
    "r@5": 0.0,
    "ndcg@5": 0.0,
    "p@10": 0.1,
    "r@10": 1.0,
    "ndcg@10": 0.3562071871080222
  },
  "retrieved": [
    2578,
    2552,
    2559,
    2542,
    2577,
    2553,
    2565,
    2576,
    2541,
    2548
  ]
}