{
  "qid": 18251,
  "query": "Nội dung của chương trình bồi dưỡng cán bộ làm công tác phòng chống khủng bố sẽ được biên soạn ra sao?",
  "metrics": {
    "mrr": 0.5,
    "map": 0.5,
    "p@1": 0.0,
    "r@1": 0.0,
    "ndcg@1": 0.0,
    "p@5": 0.2,
    "r@5": 1.0,
    "ndcg@5": 0.6309297535714575,
    "p@10": 0.1,
    "r@10": 1.0,
    "ndcg@10": 0.6309297535714575
  },
  "retrieved": [
    2250,
    2251,
    2255,
    2252,
    10997,
    2246,
    11019,
    11020,
    2248,
    2253
  ]
}