{
  "qid": 1850,
  "query": "Ban Lễ tang Nhà nước và Ban Tổ chức Lễ tang đối với Lễ tang cấp Nhà nước được quy định như thế nào?",
  "metrics": {
    "mrr": 0.5,
    "map": 0.5,
    "p@1": 0.0,
    "r@1": 0.0,
    "ndcg@1": 0.0,
    "p@5": 0.2,
    "r@5": 1.0,
    "ndcg@5": 0.6309297535714575,
    "p@10": 0.1,
    "r@10": 1.0,
    "ndcg@10": 0.6309297535714575
  },
  "retrieved": [
    11757,
    11756,
    11774,
    11758,
    11765,
    11770,
    11796,
    11768,
    11792,
    11806
  ]
}