{
  "qid": 18661,
  "query": "Tòa án nhân dân tối cao giải quyết bồi thường của Nhà nước trong hoạt động tố tụng dân sự, tố tụng hành chính trong những trường hợp nào?",
  "metrics": {
    "mrr": 0.5,
    "map": 0.5,
    "p@1": 0.0,
    "r@1": 0.0,
    "ndcg@1": 0.0,
    "p@5": 0.2,
    "r@5": 1.0,
    "ndcg@5": 0.6309297535714575,
    "p@10": 0.1,
    "r@10": 1.0,
    "ndcg@10": 0.6309297535714575
  },
  "retrieved": [
    196,
    12729,
    12747,
    12702,
    192,
    206,
    12696,
    12699,
    8903,
    12728
  ]
}