{
  "qid": 18842,
  "query": "Viên chức được cử đi bồi dưỡng ở nước ngoài sẽ bị xử lý vi phạm khi nào?",
  "metrics": {
    "mrr": 0.16666666666666666,
    "map": 0.16666666666666666,
    "p@1": 0.0,
    "r@1": 0.0,
    "ndcg@1": 0.0,
    "p@5": 0.0,
    "r@5": 0.0,
    "ndcg@5": 0.0,
    "p@10": 0.1,
    "r@10": 1.0,
    "ndcg@10": 0.3562071871080222
  },
  "retrieved": [
    11009,
    1040,
    11008,
    1041,
    11017,
    1044,
    11014,
    11019,
    11007,
    1035
  ]
}