{
  "qid": 18977,
  "query": "Đề án thành lập Hội đồng quản lý trong đơn vị sự nghiệp công lập trực thuộc Bộ Xây dựng gồm những nội dung gì?",
  "metrics": {
    "mrr": 0.5,
    "map": 0.5,
    "p@1": 0.0,
    "r@1": 0.0,
    "ndcg@1": 0.0,
    "p@5": 0.2,
    "r@5": 1.0,
    "ndcg@5": 0.6309297535714575,
    "p@10": 0.1,
    "r@10": 1.0,
    "ndcg@10": 0.6309297535714575
  },
  "retrieved": [
    3156,
    3150,
    12004,
    5545,
    5532,
    3153,
    4888,
    3149,
    3148,
    5529
  ]
}