{
  "qid": 19167,
  "query": "Có thể lưu trữ cơ sở dữ liệu lý lịch tư pháp dưới hình thức dữ liệu điện tử không?",
  "metrics": {
    "mrr": 0.5,
    "map": 0.5,
    "p@1": 0.0,
    "r@1": 0.0,
    "ndcg@1": 0.0,
    "p@5": 0.2,
    "r@5": 1.0,
    "ndcg@5": 0.6309297535714575,
    "p@10": 0.1,
    "r@10": 1.0,
    "ndcg@10": 0.6309297535714575
  },
  "retrieved": [
    6105,
    13481,
    6107,
    6095,
    13483,
    6094,
    6116,
    6112,
    6084,
    13485
  ]
}