{
  "qid": 19332,
  "query": "Khi đăng ký vi bằng thì Văn phòng Thừa phát lại gửi trực tiếp bao nhiêu bộ vi bằng về Sở Tư pháp?",
  "metrics": {
    "mrr": 0.3333333333333333,
    "map": 0.3333333333333333,
    "p@1": 0.0,
    "r@1": 0.0,
    "ndcg@1": 0.0,
    "p@5": 0.2,
    "r@5": 1.0,
    "ndcg@5": 0.5,
    "p@10": 0.1,
    "r@10": 1.0,
    "ndcg@10": 0.5
  },
  "retrieved": [
    8967,
    8965,
    5858,
    5859,
    9416,
    5860,
    8964,
    8966,
    5868,
    9428
  ]
}