{
  "qid": 19422,
  "query": "Thực hiện dân chủ trong hoạt động của cơ sở khám chữa bệnh công lập nhằm mục đích gì?",
  "metrics": {
    "mrr": 0.3333333333333333,
    "map": 0.3333333333333333,
    "p@1": 0.0,
    "r@1": 0.0,
    "ndcg@1": 0.0,
    "p@5": 0.2,
    "r@5": 1.0,
    "ndcg@5": 0.5,
    "p@10": 0.1,
    "r@10": 1.0,
    "ndcg@10": 0.5
  },
  "retrieved": [
    5946,
    5961,
    5947,
    11087,
    2423,
    2965,
    12360,
    12390,
    12393,
    12351
  ]
}