{
  "qid": 19492,
  "query": "Cơ quan nào có quyền thanh tra về các điều kiện của sân tập luyện và thi đấu môn Patin trong nhà?",
  "metrics": {
    "mrr": 0.5,
    "map": 0.5,
    "p@1": 0.0,
    "r@1": 0.0,
    "ndcg@1": 0.0,
    "p@5": 0.2,
    "r@5": 1.0,
    "ndcg@5": 0.6309297535714575,
    "p@10": 0.1,
    "r@10": 1.0,
    "ndcg@10": 0.6309297535714575
  },
  "retrieved": [
    1293,
    4415,
    4411,
    257,
    6616,
    1291,
    4414,
    254,
    3405,
    12983
  ]
}