{
  "qid": 19729,
  "query": "Kinh doanh khách sạn có bắt buộc phải đăng ký xếp hạng sao hay không?",
  "metrics": {
    "mrr": 0.16666666666666666,
    "map": 0.16666666666666666,
    "p@1": 0.0,
    "r@1": 0.0,
    "ndcg@1": 0.0,
    "p@5": 0.0,
    "r@5": 0.0,
    "ndcg@5": 0.0,
    "p@10": 0.1,
    "r@10": 1.0,
    "ndcg@10": 0.3562071871080222
  },
  "retrieved": [
    9793,
    9792,
    9794,
    9791,
    13518,
    9796,
    9795,
    13517,
    9752,
    6624
  ]
}