{
  "qid": 19779,
  "query": "Quỹ Thi đua khen thưởng của Bộ Ngoại giao theo quy định được hình thành từ nguồn nào?",
  "metrics": {
    "mrr": 0.5,
    "map": 0.5,
    "p@1": 0.0,
    "r@1": 0.0,
    "ndcg@1": 0.0,
    "p@5": 0.2,
    "r@5": 1.0,
    "ndcg@5": 0.6309297535714575,
    "p@10": 0.1,
    "r@10": 1.0,
    "ndcg@10": 0.6309297535714575
  },
  "retrieved": [
    7716,
    3496,
    5621,
    10044,
    2107,
    8767,
    7871,
    8867,
    7681,
    7680
  ]
}