{
  "qid": 19963,
  "query": "Ban giám khảo kỳ thi sỹ quan hàng hải được thành lập như thế nào?",
  "metrics": {
    "mrr": 0.5,
    "map": 0.5,
    "p@1": 0.0,
    "r@1": 0.0,
    "ndcg@1": 0.0,
    "p@5": 0.2,
    "r@5": 1.0,
    "ndcg@5": 0.6309297535714575,
    "p@10": 0.1,
    "r@10": 1.0,
    "ndcg@10": 0.6309297535714575
  },
  "retrieved": [
    3763,
    3764,
    3776,
    4505,
    3754,
    3744,
    3745,
    7674,
    2367,
    9865
  ]
}