{
  "qid": 20094,
  "query": "Phân cấp công trình xây dựng theo quy định mới hiện nay được xác định theo những tiêu chí nào?",
  "metrics": {
    "mrr": 0.2,
    "map": 0.2,
    "p@1": 0.0,
    "r@1": 0.0,
    "ndcg@1": 0.0,
    "p@5": 0.2,
    "r@5": 1.0,
    "ndcg@5": 0.38685280723454163,
    "p@10": 0.1,
    "r@10": 1.0,
    "ndcg@10": 0.38685280723454163
  },
  "retrieved": [
    13248,
    13249,
    6922,
    6437,
    7876,
    6424,
    13228,
    6446,
    13225,
    13265
  ]
}