{
  "qid": 2014,
  "query": "Trường hợp nào phải chấm dứt điều tra vụ việc phòng vệ thương mại?",
  "metrics": {
    "mrr": 0.16666666666666666,
    "map": 0.16666666666666666,
    "p@1": 0.0,
    "r@1": 0.0,
    "ndcg@1": 0.0,
    "p@5": 0.0,
    "r@5": 0.0,
    "ndcg@5": 0.0,
    "p@10": 0.1,
    "r@10": 1.0,
    "ndcg@10": 0.3562071871080222
  },
  "retrieved": [
    5296,
    5290,
    5293,
    12850,
    12938,
    5294,
    12848,
    12930,
    12940,
    12854
  ]
}