{
  "qid": 20613,
  "query": "Khi thực hiện bồi thường Nhà nước, việc khôi phục quyền, lợi ích hợp pháp khác của người bị thiệt hại quy định ra sao?",
  "metrics": {
    "mrr": 0.5,
    "map": 0.5,
    "p@1": 0.0,
    "r@1": 0.0,
    "ndcg@1": 0.0,
    "p@5": 0.2,
    "r@5": 1.0,
    "ndcg@5": 0.6309297535714575,
    "p@10": 0.1,
    "r@10": 1.0,
    "ndcg@10": 0.6309297535714575
  },
  "retrieved": [
    12747,
    12721,
    12705,
    12746,
    12707,
    10940,
    10948,
    12738,
    12733,
    12720
  ]
}