{
  "qid": 20654,
  "query": "Biện pháp chống bán phá giá được pháp luật Việt Nam quy định như thế nào?",
  "metrics": {
    "mrr": 0.5,
    "map": 0.5,
    "p@1": 0.0,
    "r@1": 0.0,
    "ndcg@1": 0.0,
    "p@5": 0.2,
    "r@5": 1.0,
    "ndcg@5": 0.6309297535714575,
    "p@10": 0.1,
    "r@10": 1.0,
    "ndcg@10": 0.6309297535714575
  },
  "retrieved": [
    12891,
    5300,
    12912,
    12879,
    12875,
    12884,
    5303,
    12906,
    12883,
    12867
  ]
}