{
  "qid": 20674,
  "query": "Kiểm lâm trung ương giúp ai quản lý nhà nước về lâm nghiệp?",
  "metrics": {
    "mrr": 0.3333333333333333,
    "map": 0.3333333333333333,
    "p@1": 0.0,
    "r@1": 0.0,
    "ndcg@1": 0.0,
    "p@5": 0.2,
    "r@5": 1.0,
    "ndcg@5": 0.5,
    "p@10": 0.1,
    "r@10": 1.0,
    "ndcg@10": 0.5
  },
  "retrieved": [
    1207,
    1206,
    1211,
    1208,
    1213,
    1209,
    1212,
    1215,
    7051,
    1217
  ]
}