{
  "qid": 20726,
  "query": "Việc tổng kết về kết quả triển khai thực hiện quy tắc ứng xử tại cơ sở y tế trong năm là trách nhiệm của cơ quan nào?",
  "metrics": {
    "mrr": 0.5,
    "map": 0.5,
    "p@1": 0.0,
    "r@1": 0.0,
    "ndcg@1": 0.0,
    "p@5": 0.2,
    "r@5": 1.0,
    "ndcg@5": 0.6309297535714575,
    "p@10": 0.1,
    "r@10": 1.0,
    "ndcg@10": 0.6309297535714575
  },
  "retrieved": [
    7175,
    7172,
    7171,
    6763,
    7176,
    7179,
    7174,
    7164,
    7177,
    7180
  ]
}