{
  "qid": 20945,
  "query": "Bố trí số lượng người làm việc trong trường mẫu giáo theo nguyên tắc thế nào?",
  "metrics": {
    "mrr": 0.3333333333333333,
    "map": 0.16666666666666666,
    "p@1": 0.0,
    "r@1": 0.0,
    "ndcg@1": 0.0,
    "p@5": 0.2,
    "r@5": 0.5,
    "ndcg@5": 0.3065735963827292,
    "p@10": 0.1,
    "r@10": 0.5,
    "ndcg@10": 0.3065735963827292
  },
  "retrieved": [
    6360,
    6356,
    6357,
    11926,
    6361,
    1529,
    7318,
    6751,
    11927,
    6358
  ]
}