{
  "qid": 21056,
  "query": "Quản lý tổ chức thi sáng tác tác phẩm mỹ thuật được quy định như thế nào?",
  "metrics": {
    "mrr": 0.5,
    "map": 0.5,
    "p@1": 0.0,
    "r@1": 0.0,
    "ndcg@1": 0.0,
    "p@5": 0.2,
    "r@5": 1.0,
    "ndcg@5": 0.6309297535714575,
    "p@10": 0.1,
    "r@10": 1.0,
    "ndcg@10": 0.6309297535714575
  },
  "retrieved": [
    13805,
    13804,
    1074,
    13803,
    1070,
    1072,
    1075,
    13806,
    1073,
    13808
  ]
}