{
  "qid": 21168,
  "query": "Hậu quả của việc kháng nghị là gì?",
  "metrics": {
    "mrr": 0.16666666666666666,
    "map": 0.16666666666666666,
    "p@1": 0.0,
    "r@1": 0.0,
    "ndcg@1": 0.0,
    "p@5": 0.0,
    "r@5": 0.0,
    "ndcg@5": 0.0,
    "p@10": 0.1,
    "r@10": 1.0,
    "ndcg@10": 0.3562071871080222
  },
  "retrieved": [
    10834,
    4925,
    10844,
    10969,
    10840,
    10816,
    10737,
    10855,
    10937,
    10813
  ]
}