{
  "qid": 21314,
  "query": "Có bao nhiêu nhóm chức danh bác sĩ, bác sĩ y học dự phòng theo quy định hiện nay?",
  "metrics": {
    "mrr": 0.5,
    "map": 0.5,
    "p@1": 0.0,
    "r@1": 0.0,
    "ndcg@1": 0.0,
    "p@5": 0.2,
    "r@5": 1.0,
    "ndcg@5": 0.6309297535714575,
    "p@10": 0.1,
    "r@10": 1.0,
    "ndcg@10": 0.6309297535714575
  },
  "retrieved": [
    12615,
    12605,
    12617,
    12610,
    12608,
    12329,
    12607,
    13119,
    12599,
    12609
  ]
}