{
  "qid": 21566,
  "query": "Quy định về điều chỉnh giá đối với hợp đồng trọn gói phải đảm bảo những gì?",
  "metrics": {
    "mrr": 0.5,
    "map": 0.5,
    "p@1": 0.0,
    "r@1": 0.0,
    "ndcg@1": 0.0,
    "p@5": 0.2,
    "r@5": 1.0,
    "ndcg@5": 0.6309297535714575,
    "p@10": 0.1,
    "r@10": 1.0,
    "ndcg@10": 0.6309297535714575
  },
  "retrieved": [
    13199,
    7425,
    8591,
    8590,
    9707,
    7423,
    7428,
    13300,
    7612,
    7422
  ]
}