{
  "qid": 21601,
  "query": "Lưu trữ lịch sử có những trách nhiệm gì?",
  "metrics": {
    "mrr": 0.5,
    "map": 0.5,
    "p@1": 0.0,
    "r@1": 0.0,
    "ndcg@1": 0.0,
    "p@5": 0.2,
    "r@5": 1.0,
    "ndcg@5": 0.6309297535714575,
    "p@10": 0.1,
    "r@10": 1.0,
    "ndcg@10": 0.6309297535714575
  },
  "retrieved": [
    86,
    72,
    75,
    87,
    58,
    73,
    224,
    81,
    55,
    78
  ]
}