{
  "qid": 22149,
  "query": "Phó Thủ tướng Chính phủ khi từ trần sẽ được tổ chức Lễ tang và an táng ở đâu?",
  "metrics": {
    "mrr": 0.14285714285714285,
    "map": 0.14285714285714285,
    "p@1": 0.0,
    "r@1": 0.0,
    "ndcg@1": 0.0,
    "p@5": 0.0,
    "r@5": 0.0,
    "ndcg@5": 0.0,
    "p@10": 0.1,
    "r@10": 1.0,
    "ndcg@10": 0.3333333333333333
  },
  "retrieved": [
    11758,
    11757,
    11756,
    11774,
    11770,
    11751,
    11760,
    11765,
    11800,
    11753
  ]
}