{
  "qid": 22216,
  "query": "Mức thu lệ phí đăng ký nuôi con nuôi trong nước hiện nay là bao nhiêu?",
  "metrics": {
    "mrr": 0.5,
    "map": 0.5,
    "p@1": 0.0,
    "r@1": 0.0,
    "ndcg@1": 0.0,
    "p@5": 0.2,
    "r@5": 1.0,
    "ndcg@5": 0.6309297535714575,
    "p@10": 0.1,
    "r@10": 1.0,
    "ndcg@10": 0.6309297535714575
  },
  "retrieved": [
    13964,
    13968,
    13963,
    13966,
    13969,
    13971,
    13965,
    13972,
    13970,
    4572
  ]
}