{
  "qid": 22251,
  "query": "Học viện Hành chính Quốc gia có tư cách pháp nhân không?",
  "metrics": {
    "mrr": 0.5,
    "map": 0.5,
    "p@1": 0.0,
    "r@1": 0.0,
    "ndcg@1": 0.0,
    "p@5": 0.2,
    "r@5": 1.0,
    "ndcg@5": 0.6309297535714575,
    "p@10": 0.1,
    "r@10": 1.0,
    "ndcg@10": 0.6309297535714575
  },
  "retrieved": [
    5503,
    5501,
    11010,
    14282,
    12810,
    4217,
    10998,
    11002,
    14278,
    3157
  ]
}