{
  "qid": 22328,
  "query": "Trong hợp tác quốc tế về tố tụng hình sự trách nhiệm của Viện kiểm sát nhân dân tối cao được quy định như thế nào?",
  "metrics": {
    "mrr": 0.5,
    "map": 0.5,
    "p@1": 0.0,
    "r@1": 0.0,
    "ndcg@1": 0.0,
    "p@5": 0.2,
    "r@5": 1.0,
    "ndcg@5": 0.6309297535714575,
    "p@10": 0.1,
    "r@10": 1.0,
    "ndcg@10": 0.6309297535714575
  },
  "retrieved": [
    1357,
    10961,
    1348,
    1374,
    1377,
    1354,
    1366,
    1356,
    1917,
    10959
  ]
}