{
  "qid": 22746,
  "query": "Đơn vị sự nghiệp của tổ chức tín dụng phi ngân hàng chấm dứt hoạt động, giải thể trong các trường hợp nào?",
  "metrics": {
    "mrr": 0.5,
    "map": 0.5,
    "p@1": 0.0,
    "r@1": 0.0,
    "ndcg@1": 0.0,
    "p@5": 0.2,
    "r@5": 1.0,
    "ndcg@5": 0.6309297535714575,
    "p@10": 0.1,
    "r@10": 1.0,
    "ndcg@10": 0.6309297535714575
  },
  "retrieved": [
    10085,
    10082,
    10087,
    10083,
    10059,
    10061,
    10101,
    10084,
    10058,
    10086
  ]
}