{
  "qid": 22939,
  "query": "Quản lý, sử dụng chứng từ kế toán được quy định như thế nào?",
  "metrics": {
    "mrr": 0.25,
    "map": 0.25,
    "p@1": 0.0,
    "r@1": 0.0,
    "ndcg@1": 0.0,
    "p@5": 0.2,
    "r@5": 1.0,
    "ndcg@5": 0.43067655807339306,
    "p@10": 0.1,
    "r@10": 1.0,
    "ndcg@10": 0.43067655807339306
  },
  "retrieved": [
    2862,
    2863,
    2860,
    2865,
    5827,
    12081,
    375,
    7572,
    2871,
    2873
  ]
}