{
  "qid": 23710,
  "query": "Đối tượng kê khai giá thực phẩm chức năng dành cho trẻ em dưới 06 tuổi là ai?",
  "metrics": {
    "mrr": 0.14285714285714285,
    "map": 0.14285714285714285,
    "p@1": 0.0,
    "r@1": 0.0,
    "ndcg@1": 0.0,
    "p@5": 0.0,
    "r@5": 0.0,
    "ndcg@5": 0.0,
    "p@10": 0.1,
    "r@10": 1.0,
    "ndcg@10": 0.3333333333333333
  },
  "retrieved": [
    8638,
    8653,
    8652,
    8639,
    8651,
    8649,
    8640,
    8641,
    8650,
    8647
  ]
}