{
  "qid": 23774,
  "query": "Đơn đề nghị đặt tiền để bảo đảm có nhất thiết phải lập thành văn bản không?",
  "metrics": {
    "mrr": 0.3333333333333333,
    "map": 0.3333333333333333,
    "p@1": 0.0,
    "r@1": 0.0,
    "ndcg@1": 0.0,
    "p@5": 0.2,
    "r@5": 1.0,
    "ndcg@5": 0.5,
    "p@10": 0.1,
    "r@10": 1.0,
    "ndcg@10": 0.5
  },
  "retrieved": [
    6688,
    14139,
    6682,
    6385,
    6690,
    6997,
    1457,
    11676,
    7450,
    6222
  ]
}