{
  "qid": 23800,
  "query": "Quy định về chỉ huy hoạt động phòng thủ dân sự như thế nào?",
  "metrics": {
    "mrr": 0.14285714285714285,
    "map": 0.14285714285714285,
    "p@1": 0.0,
    "r@1": 0.0,
    "ndcg@1": 0.0,
    "p@5": 0.0,
    "r@5": 0.0,
    "ndcg@5": 0.0,
    "p@10": 0.1,
    "r@10": 1.0,
    "ndcg@10": 0.3333333333333333
  },
  "retrieved": [
    2561,
    2560,
    2562,
    2558,
    2559,
    2578,
    2565,
    2550,
    2541,
    2549
  ]
}