{
  "qid": 23942,
  "query": "Những khu vực nào thuộc sân bay dùng chung dân dụng và quân sự?",
  "metrics": {
    "mrr": 0.5,
    "map": 0.5,
    "p@1": 0.0,
    "r@1": 0.0,
    "ndcg@1": 0.0,
    "p@5": 0.2,
    "r@5": 1.0,
    "ndcg@5": 0.6309297535714575,
    "p@10": 0.1,
    "r@10": 1.0,
    "ndcg@10": 0.6309297535714575
  },
  "retrieved": [
    5937,
    5936,
    5875,
    5881,
    5879,
    5921,
    5926,
    5884,
    5876,
    12957
  ]
}