{
  "qid": 23993,
  "query": "Cơ quan, tổ chức có liên quan đến hoạt động bảo quản tài nguyên thông tin trong thư viện công lập có trách nhiệm gì?",
  "metrics": {
    "mrr": 0.25,
    "map": 0.25,
    "p@1": 0.0,
    "r@1": 0.0,
    "ndcg@1": 0.0,
    "p@5": 0.2,
    "r@5": 1.0,
    "ndcg@5": 0.43067655807339306,
    "p@10": 0.1,
    "r@10": 1.0,
    "ndcg@10": 0.43067655807339306
  },
  "retrieved": [
    2721,
    2736,
    2737,
    2725,
    2735,
    2749,
    2743,
    2742,
    2748,
    2745
  ]
}