{
  "qid": 23998,
  "query": "Quyết định đình chỉ vụ án hình sự trong giai đoạn truy tố phải ghi rõ những nội dung gì?",
  "metrics": {
    "mrr": 0.16666666666666666,
    "map": 0.16666666666666666,
    "p@1": 0.0,
    "r@1": 0.0,
    "ndcg@1": 0.0,
    "p@5": 0.0,
    "r@5": 0.0,
    "ndcg@5": 0.0,
    "p@10": 0.1,
    "r@10": 1.0,
    "ndcg@10": 0.3562071871080222
  },
  "retrieved": [
    10918,
    6686,
    10929,
    10713,
    10726,
    10725,
    10719,
    10607,
    10602,
    10724
  ]
}