{
  "qid": 24065,
  "query": "Khách sạn có được xem là một loại cơ sở lưu trú du lịch không?",
  "metrics": {
    "mrr": 0.5,
    "map": 0.5,
    "p@1": 0.0,
    "r@1": 0.0,
    "ndcg@1": 0.0,
    "p@5": 0.2,
    "r@5": 1.0,
    "ndcg@5": 0.6309297535714575,
    "p@10": 0.1,
    "r@10": 1.0,
    "ndcg@10": 0.6309297535714575
  },
  "retrieved": [
    9793,
    9791,
    9792,
    9795,
    9796,
    13517,
    9752,
    13518,
    6624,
    9794
  ]
}