{
  "qid": 24205,
  "query": "Nguồn kinh phí tổ chức sinh hoạt văn hóa văn nghệ và vui chơi giải trí cho phạm nhân là người chưa thành niên được lấy từ đâu?",
  "metrics": {
    "mrr": 0.16666666666666666,
    "map": 0.16666666666666666,
    "p@1": 0.0,
    "r@1": 0.0,
    "ndcg@1": 0.0,
    "p@5": 0.0,
    "r@5": 0.0,
    "ndcg@5": 0.0,
    "p@10": 0.1,
    "r@10": 1.0,
    "ndcg@10": 0.3562071871080222
  },
  "retrieved": [
    1847,
    1848,
    14450,
    1958,
    14448,
    1849,
    1837,
    1835,
    9250,
    1838
  ]
}