{
  "qid": 24266,
  "query": "Khi treo Quốc huy nước Cộng hòa xã hội chủ nghĩa Việt Nam phải đảm bảo các quy định gì?",
  "metrics": {
    "mrr": 0.5,
    "map": 0.5,
    "p@1": 0.0,
    "r@1": 0.0,
    "ndcg@1": 0.0,
    "p@5": 0.2,
    "r@5": 1.0,
    "ndcg@5": 0.6309297535714575,
    "p@10": 0.1,
    "r@10": 1.0,
    "ndcg@10": 0.6309297535714575
  },
  "retrieved": [
    23,
    25,
    18,
    22,
    21,
    36,
    24,
    33,
    26,
    1415
  ]
}