{
  "qid": 24337,
  "query": "Đối tượng nào được ưu tiên tuyển dụng làm nhân viên bảo vệ tại doanh nghiệp nhà nước?",
  "metrics": {
    "mrr": 0.3333333333333333,
    "map": 0.3333333333333333,
    "p@1": 0.0,
    "r@1": 0.0,
    "ndcg@1": 0.0,
    "p@5": 0.2,
    "r@5": 1.0,
    "ndcg@5": 0.5,
    "p@10": 0.1,
    "r@10": 1.0,
    "ndcg@10": 0.5
  },
  "retrieved": [
    14208,
    6075,
    6068,
    673,
    14220,
    6932,
    12080,
    14214,
    2845,
    14265
  ]
}