{
  "qid": 24391,
  "query": "Người bị buộc tội có được quyền từ chối luật sư bào chữa hay không?",
  "metrics": {
    "mrr": 0.1111111111111111,
    "map": 0.1111111111111111,
    "p@1": 0.0,
    "r@1": 0.0,
    "ndcg@1": 0.0,
    "p@5": 0.0,
    "r@5": 0.0,
    "ndcg@5": 0.0,
    "p@10": 0.1,
    "r@10": 1.0,
    "ndcg@10": 0.3010299956639812
  },
  "retrieved": [
    6701,
    10555,
    10493,
    10549,
    10553,
    6699,
    13029,
    10550,
    10554,
    13018
  ]
}