{
  "qid": 24437,
  "query": "Đại biểu, khách mời dự lễ kỷ niệm ngày hưởng ứng của cơ quan nhà nước cấp tỉnh được pháp luật quy định như thế nào?",
  "metrics": {
    "mrr": 0.5,
    "map": 0.5,
    "p@1": 0.0,
    "r@1": 0.0,
    "ndcg@1": 0.0,
    "p@5": 0.2,
    "r@5": 1.0,
    "ndcg@5": 0.6309297535714575,
    "p@10": 0.1,
    "r@10": 1.0,
    "ndcg@10": 0.6309297535714575
  },
  "retrieved": [
    13652,
    13651,
    13650,
    11765,
    13655,
    11792,
    13648,
    11793,
    13640,
    9263
  ]
}