{
  "qid": 24919,
  "query": "Ai có thẩm quyền xem xét, quyết định giải thể Tòa gia đình và người chưa thành niên tại Tòa án nhân dân cấp huyện?",
  "metrics": {
    "mrr": 0.5,
    "map": 0.5,
    "p@1": 0.0,
    "r@1": 0.0,
    "ndcg@1": 0.0,
    "p@5": 0.2,
    "r@5": 1.0,
    "ndcg@5": 0.6309297535714575,
    "p@10": 0.1,
    "r@10": 1.0,
    "ndcg@10": 0.6309297535714575
  },
  "retrieved": [
    868,
    871,
    869,
    870,
    10945,
    2516,
    867,
    1938,
    1504,
    6692
  ]
}