{
  "qid": 25038,
  "query": "Cơ quan nào có thẩm quyền cho phép quá cảnh hàng hóa qua lãnh thổ Việt Nam?",
  "metrics": {
    "mrr": 0.3333333333333333,
    "map": 0.3333333333333333,
    "p@1": 0.0,
    "r@1": 0.0,
    "ndcg@1": 0.0,
    "p@5": 0.2,
    "r@5": 1.0,
    "ndcg@5": 0.5,
    "p@10": 0.1,
    "r@10": 1.0,
    "ndcg@10": 0.5
  },
  "retrieved": [
    5270,
    5269,
    5267,
    5268,
    8350,
    5266,
    8002,
    8340,
    5286,
    5285
  ]
}