{
  "qid": 25056,
  "query": "Trong phiên tòa xét xử phúc thẩm vụ án hình sự thì bị đơn dân sự có được tranh luận không?",
  "metrics": {
    "mrr": 0.14285714285714285,
    "map": 0.14285714285714285,
    "p@1": 0.0,
    "r@1": 0.0,
    "ndcg@1": 0.0,
    "p@5": 0.0,
    "r@5": 0.0,
    "ndcg@5": 0.0,
    "p@10": 0.1,
    "r@10": 1.0,
    "ndcg@10": 0.3333333333333333
  },
  "retrieved": [
    10799,
    10803,
    10743,
    10801,
    10503,
    10737,
    10540,
    10831,
    10932,
    10786
  ]
}