{
  "qid": 25140,
  "query": "Việc tổ chức lễ hội tín ngưỡng phải đảm bảo yếu tố nào?",
  "metrics": {
    "mrr": 0.25,
    "map": 0.25,
    "p@1": 0.0,
    "r@1": 0.0,
    "ndcg@1": 0.0,
    "p@5": 0.2,
    "r@5": 1.0,
    "ndcg@5": 0.43067655807339306,
    "p@10": 0.1,
    "r@10": 1.0,
    "ndcg@10": 0.43067655807339306
  },
  "retrieved": [
    2144,
    2143,
    2145,
    2140,
    13405,
    13414,
    13415,
    13419,
    2142,
    9210
  ]
}