{
  "qid": 25229,
  "query": "Danh hiệu Chiến sĩ thi đua Bộ Thông tin và Truyền thông được xét tặng cho những cá nhân nào?",
  "metrics": {
    "mrr": 0.14285714285714285,
    "map": 0.14285714285714285,
    "p@1": 0.0,
    "r@1": 0.0,
    "ndcg@1": 0.0,
    "p@5": 0.0,
    "r@5": 0.0,
    "ndcg@5": 0.0,
    "p@10": 0.1,
    "r@10": 1.0,
    "ndcg@10": 0.3333333333333333
  },
  "retrieved": [
    10027,
    10036,
    5588,
    1141,
    2086,
    10031,
    10026,
    8748,
    10039,
    7687
  ]
}