{
  "qid": 2543,
  "query": "Những điều ước quốc tế nào phải được phê duyệt?",
  "metrics": {
    "mrr": 0.25,
    "map": 0.25,
    "p@1": 0.0,
    "r@1": 0.0,
    "ndcg@1": 0.0,
    "p@5": 0.2,
    "r@5": 1.0,
    "ndcg@5": 0.43067655807339306,
    "p@10": 0.1,
    "r@10": 1.0,
    "ndcg@10": 0.43067655807339306
  },
  "retrieved": [
    12221,
    12195,
    12159,
    12194,
    12212,
    12205,
    12211,
    12161,
    12187,
    12197
  ]
}