{
  "qid": 25604,
  "query": "Số tiền nhà đầu tư nước ngoài chuyển vào Việt Nam để thực hiện hoạt động chuẩn bị đầu tư được sử dụng thế nào?",
  "metrics": {
    "mrr": 0.5,
    "map": 0.5,
    "p@1": 0.0,
    "r@1": 0.0,
    "ndcg@1": 0.0,
    "p@5": 0.2,
    "r@5": 1.0,
    "ndcg@5": 0.6309297535714575,
    "p@10": 0.1,
    "r@10": 1.0,
    "ndcg@10": 0.6309297535714575
  },
  "retrieved": [
    6817,
    6819,
    6815,
    6820,
    6816,
    6825,
    6823,
    6822,
    6821,
    3453
  ]
}