{
  "qid": 25846,
  "query": "Khi có yêu cầu dẫn độ lại thì Tòa án nhân dân cấp tỉnh có tiến hành lại thủ tục quyết định dẫn độ không?",
  "metrics": {
    "mrr": 0.3333333333333333,
    "map": 0.3333333333333333,
    "p@1": 0.0,
    "r@1": 0.0,
    "ndcg@1": 0.0,
    "p@5": 0.2,
    "r@5": 1.0,
    "ndcg@5": 0.5,
    "p@10": 0.1,
    "r@10": 1.0,
    "ndcg@10": 0.5
  },
  "retrieved": [
    7997,
    7999,
    8000,
    7998,
    10971,
    10969,
    10970,
    10968,
    7994,
    10967
  ]
}