{
  "qid": 25848,
  "query": "Chi phí về dẫn độ lại do ai thực hiện chi trả?",
  "metrics": {
    "mrr": 0.5,
    "map": 0.5,
    "p@1": 0.0,
    "r@1": 0.0,
    "ndcg@1": 0.0,
    "p@5": 0.2,
    "r@5": 1.0,
    "ndcg@5": 0.6309297535714575,
    "p@10": 0.1,
    "r@10": 1.0,
    "ndcg@10": 0.6309297535714575
  },
  "retrieved": [
    1912,
    8003,
    13104,
    7999,
    7971,
    7994,
    6915,
    7990,
    11052,
    1920
  ]
}