{
  "qid": 25889,
  "query": "Nhà đầu tư nước ngoài có thể thực hiện góp vốn vào doanh nghiệp bằng đồng tiền Việt Nam được hay không?",
  "metrics": {
    "mrr": 0.25,
    "map": 0.25,
    "p@1": 0.0,
    "r@1": 0.0,
    "ndcg@1": 0.0,
    "p@5": 0.2,
    "r@5": 1.0,
    "ndcg@5": 0.43067655807339306,
    "p@10": 0.1,
    "r@10": 1.0,
    "ndcg@10": 0.43067655807339306
  },
  "retrieved": [
    6816,
    6817,
    6821,
    6815,
    6824,
    6825,
    6814,
    6819,
    6822,
    14743
  ]
}