{
  "qid": 26047,
  "query": "Công chức cấp xã bị xử lý kỷ luật buộc thôi việc khi nào?",
  "metrics": {
    "mrr": 0.16666666666666666,
    "map": 0.16666666666666666,
    "p@1": 0.0,
    "r@1": 0.0,
    "ndcg@1": 0.0,
    "p@5": 0.0,
    "r@5": 0.0,
    "ndcg@5": 0.0,
    "p@10": 0.1,
    "r@10": 1.0,
    "ndcg@10": 0.3562071871080222
  },
  "retrieved": [
    13779,
    13747,
    8170,
    3868,
    2069,
    13753,
    7559,
    8171,
    8172,
    8224
  ]
}