{
  "qid": 26093,
  "query": "Phạm tội vô ý gây thương tích với tỉ lệ thương tật 35% mà bị hại không có yêu cầu thì có khởi tố vụ án không?",
  "metrics": {
    "mrr": 0.25,
    "map": 0.25,
    "p@1": 0.0,
    "r@1": 0.0,
    "ndcg@1": 0.0,
    "p@5": 0.2,
    "r@5": 1.0,
    "ndcg@5": 0.43067655807339306,
    "p@10": 0.1,
    "r@10": 1.0,
    "ndcg@10": 0.43067655807339306
  },
  "retrieved": [
    10516,
    10517,
    10632,
    10634,
    10633,
    12727,
    10641,
    10514,
    995,
    10642
  ]
}