{
  "qid": 26417,
  "query": "Ủy ban nhân dân tỉnh có trách nhiệm gì trong việc áp dụng tiêu chuẩn chức danh nghề nghiệp đối với viên chức chuyên ngành công tác xã hội?",
  "metrics": {
    "mrr": 0.5,
    "map": 0.5,
    "p@1": 0.0,
    "r@1": 0.0,
    "ndcg@1": 0.0,
    "p@5": 0.2,
    "r@5": 1.0,
    "ndcg@5": 0.6309297535714575,
    "p@10": 0.1,
    "r@10": 1.0,
    "ndcg@10": 0.6309297535714575
  },
  "retrieved": [
    3467,
    6463,
    10996,
    8458,
    13126,
    14249,
    6924,
    8457,
    10995,
    14269
  ]
}