{
  "qid": 26505,
  "query": "Cơ quan nào có thẩm quyền xác định phạm vi khu vực cửa khẩu chính?",
  "metrics": {
    "mrr": 0.5,
    "map": 0.5,
    "p@1": 0.0,
    "r@1": 0.0,
    "ndcg@1": 0.0,
    "p@5": 0.2,
    "r@5": 1.0,
    "ndcg@5": 0.6309297535714575,
    "p@10": 0.1,
    "r@10": 1.0,
    "ndcg@10": 0.6309297535714575
  },
  "retrieved": [
    9687,
    13704,
    9681,
    13710,
    9667,
    13694,
    9684,
    13707,
    9682,
    13693
  ]
}