{
  "qid": 26514,
  "query": "Tổ chức muốn kiểm kê di sản văn hóa phi vật thể thì trong hồ sơ gồm có những gì?",
  "metrics": {
    "mrr": 0.2,
    "map": 0.2,
    "p@1": 0.0,
    "r@1": 0.0,
    "ndcg@1": 0.0,
    "p@5": 0.2,
    "r@5": 1.0,
    "ndcg@5": 0.38685280723454163,
    "p@10": 0.1,
    "r@10": 1.0,
    "ndcg@10": 0.38685280723454163
  },
  "retrieved": [
    3901,
    3903,
    3907,
    3911,
    3908,
    3905,
    3912,
    3902,
    3910,
    3904
  ]
}