{
  "qid": 26754,
  "query": "Trong trường hợp nào tiền đặt để bảo đảm cho bị can, bị cáo sẽ được nộp và Ngân sách Nhà nước?",
  "metrics": {
    "mrr": 0.5,
    "map": 0.5,
    "p@1": 0.0,
    "r@1": 0.0,
    "ndcg@1": 0.0,
    "p@5": 0.2,
    "r@5": 1.0,
    "ndcg@5": 0.6309297535714575,
    "p@10": 0.1,
    "r@10": 1.0,
    "ndcg@10": 0.6309297535714575
  },
  "retrieved": [
    6684,
    6687,
    10599,
    6688,
    6677,
    6678,
    6682,
    6686,
    6685,
    6681
  ]
}