{
  "qid": 26753,
  "query": "Quyết định hủy bỏ áp dụng biện pháp đặt tiền để bảo đảm hiện nay đang được sử dụng theo mẫu nào?",
  "metrics": {
    "mrr": 0.5,
    "map": 0.5,
    "p@1": 0.0,
    "r@1": 0.0,
    "ndcg@1": 0.0,
    "p@5": 0.2,
    "r@5": 1.0,
    "ndcg@5": 0.6309297535714575,
    "p@10": 0.1,
    "r@10": 1.0,
    "ndcg@10": 0.6309297535714575
  },
  "retrieved": [
    6688,
    6690,
    6685,
    6686,
    10958,
    10602,
    11228,
    1933,
    6683,
    10705
  ]
}