{
  "qid": 2698,
  "query": "Việc lựa chọn người tham gia Đoàn thanh tra chuyên ngành hải quan được thực hiện như thế nào?",
  "metrics": {
    "mrr": 0.5,
    "map": 0.5,
    "p@1": 0.0,
    "r@1": 0.0,
    "ndcg@1": 0.0,
    "p@5": 0.2,
    "r@5": 1.0,
    "ndcg@5": 0.6309297535714575,
    "p@10": 0.1,
    "r@10": 1.0,
    "ndcg@10": 0.6309297535714575
  },
  "retrieved": [
    7017,
    4957,
    4962,
    7002,
    5128,
    4955,
    5110,
    4975,
    4961,
    4951
  ]
}