{
  "qid": 27496,
  "query": "Cơ quan nào có thẩm quyền xét xử vụ án có bị cáo là người dưới 18 tuổi?",
  "metrics": {
    "mrr": 0.2,
    "map": 0.2,
    "p@1": 0.0,
    "r@1": 0.0,
    "ndcg@1": 0.0,
    "p@5": 0.2,
    "r@5": 1.0,
    "ndcg@5": 0.38685280723454163,
    "p@10": 0.1,
    "r@10": 1.0,
    "ndcg@10": 0.38685280723454163
  },
  "retrieved": [
    10893,
    2525,
    2520,
    6692,
    2518,
    10763,
    2516,
    6686,
    10750,
    10930
  ]
}