{
  "qid": 28389,
  "query": "Bổ nhiệm theo chức danh nghề nghiệp đối với giáo viên trung học cơ sở được thực hiện theo nguyên tắc nào?",
  "metrics": {
    "mrr": 0.5,
    "map": 0.5,
    "p@1": 0.0,
    "r@1": 0.0,
    "ndcg@1": 0.0,
    "p@5": 0.2,
    "r@5": 1.0,
    "ndcg@5": 0.6309297535714575,
    "p@10": 0.1,
    "r@10": 1.0,
    "ndcg@10": 0.6309297535714575
  },
  "retrieved": [
    3852,
    1534,
    3847,
    1537,
    2820,
    1535,
    1538,
    7726,
    1533,
    2815
  ]
}