{
  "qid": 28490,
  "query": "Trợ cấp thôi việc đối với viên chức thôi việc ra sao?",
  "metrics": {
    "mrr": 0.5,
    "map": 0.5,
    "p@1": 0.0,
    "r@1": 0.0,
    "ndcg@1": 0.0,
    "p@5": 0.2,
    "r@5": 1.0,
    "ndcg@5": 0.6309297535714575,
    "p@10": 0.1,
    "r@10": 1.0,
    "ndcg@10": 0.6309297535714575
  },
  "retrieved": [
    8122,
    14265,
    8125,
    11805,
    8124,
    5012,
    9457,
    14264,
    8281,
    14088
  ]
}