{
  "qid": 28830,
  "query": "Công chức Quản lý thị trường sẽ có những ngạch công chức nào theo quy định hiện nay?",
  "metrics": {
    "mrr": 0.3333333333333333,
    "map": 0.3333333333333333,
    "p@1": 0.0,
    "r@1": 0.0,
    "ndcg@1": 0.0,
    "p@5": 0.2,
    "r@5": 1.0,
    "ndcg@5": 0.5,
    "p@10": 0.1,
    "r@10": 1.0,
    "ndcg@10": 0.5
  },
  "retrieved": [
    9988,
    9982,
    9999,
    6867,
    9985,
    12463,
    9984,
    10000,
    9986,
    3466
  ]
}