{
  "qid": 28888,
  "query": "Người đã tham gia bảo hiểm xã hội 20 năm đã đủ điều kiện nhận bảo hiểm xã hội một lần chưa?",
  "metrics": {
    "mrr": 0.2,
    "map": 0.2,
    "p@1": 0.0,
    "r@1": 0.0,
    "ndcg@1": 0.0,
    "p@5": 0.2,
    "r@5": 1.0,
    "ndcg@5": 0.38685280723454163,
    "p@10": 0.1,
    "r@10": 1.0,
    "ndcg@10": 0.38685280723454163
  },
  "retrieved": [
    799,
    795,
    796,
    798,
    14094,
    14097,
    14095,
    11854,
    11859,
    11852
  ]
}