{
  "qid": 29099,
  "query": "Công cụ nợ của Chính phủ được mua lại theo những phương thức nào?",
  "metrics": {
    "mrr": 0.5,
    "map": 0.5,
    "p@1": 0.0,
    "r@1": 0.0,
    "ndcg@1": 0.0,
    "p@5": 0.2,
    "r@5": 1.0,
    "ndcg@5": 0.6309297535714575,
    "p@10": 0.1,
    "r@10": 1.0,
    "ndcg@10": 0.6309297535714575
  },
  "retrieved": [
    13429,
    13432,
    13433,
    13428,
    13431,
    13441,
    13456,
    13451,
    13430,
    13436
  ]
}