{
  "qid": 29356,
  "query": "Người lao động nghỉ việc để điều trị do tái phát bệnh nghề nghiệp có được hưởng chế độ ốm đau không?",
  "metrics": {
    "mrr": 0.25,
    "map": 0.25,
    "p@1": 0.0,
    "r@1": 0.0,
    "ndcg@1": 0.0,
    "p@5": 0.2,
    "r@5": 1.0,
    "ndcg@5": 0.43067655807339306,
    "p@10": 0.1,
    "r@10": 1.0,
    "ndcg@10": 0.43067655807339306
  },
  "retrieved": [
    11846,
    11847,
    11848,
    11845,
    11849,
    14108,
    11853,
    11852,
    11871,
    14089
  ]
}