{
  "qid": 29402,
  "query": "Cơ quan có thẩm quyền cấp đổi giấy phép kinh doanh vận tải hay không?",
  "metrics": {
    "mrr": 0.1111111111111111,
    "map": 0.1111111111111111,
    "p@1": 0.0,
    "r@1": 0.0,
    "ndcg@1": 0.0,
    "p@5": 0.0,
    "r@5": 0.0,
    "ndcg@5": 0.0,
    "p@10": 0.1,
    "r@10": 1.0,
    "ndcg@10": 0.3010299956639812
  },
  "retrieved": [
    9778,
    13145,
    9779,
    9781,
    13148,
    1464,
    14758,
    13144,
    13143,
    9775
  ]
}