{
  "qid": 29620,
  "query": "Trang trí lễ đài và túc trực bên linh cữu thực hiện như thế nào?",
  "metrics": {
    "mrr": 0.3333333333333333,
    "map": 0.3333333333333333,
    "p@1": 0.0,
    "r@1": 0.0,
    "ndcg@1": 0.0,
    "p@5": 0.2,
    "r@5": 1.0,
    "ndcg@5": 0.5,
    "p@10": 0.1,
    "r@10": 1.0,
    "ndcg@10": 0.5
  },
  "retrieved": [
    11789,
    11761,
    11776,
    11764,
    11765,
    11767,
    13649,
    11766,
    11793,
    11794
  ]
}