{
  "qid": 29712,
  "query": "Hợp tác xã phải thực hiện chế độ báo cáo vào thời điểm nào trong năm?",
  "metrics": {
    "mrr": 0.2,
    "map": 0.2,
    "p@1": 0.0,
    "r@1": 0.0,
    "ndcg@1": 0.0,
    "p@5": 0.2,
    "r@5": 1.0,
    "ndcg@5": 0.38685280723454163,
    "p@10": 0.1,
    "r@10": 1.0,
    "ndcg@10": 0.38685280723454163
  },
  "retrieved": [
    7791,
    1391,
    3057,
    6792,
    3081,
    6787,
    3080,
    3066,
    7794,
    3058
  ]
}