{
  "qid": 29804,
  "query": "Những trường hợp nào tòa án quyết định xét xử vắng mặt bị cáo?",
  "metrics": {
    "mrr": 0.3333333333333333,
    "map": 0.3333333333333333,
    "p@1": 0.0,
    "r@1": 0.0,
    "ndcg@1": 0.0,
    "p@5": 0.2,
    "r@5": 1.0,
    "ndcg@5": 0.5,
    "p@10": 0.1,
    "r@10": 1.0,
    "ndcg@10": 0.5
  },
  "retrieved": [
    10828,
    10768,
    10767,
    10503,
    10774,
    10763,
    10770,
    10756,
    10778,
    10824
  ]
}