{
  "qid": 29846,
  "query": "Đóng bảo hiểm xã hội được 5 tháng thì có được hưởng bảo hiểm xã hội một lần hay không?",
  "metrics": {
    "mrr": 0.1111111111111111,
    "map": 0.1111111111111111,
    "p@1": 0.0,
    "r@1": 0.0,
    "ndcg@1": 0.0,
    "p@5": 0.0,
    "r@5": 0.0,
    "ndcg@5": 0.0,
    "p@10": 0.1,
    "r@10": 1.0,
    "ndcg@10": 0.3010299956639812
  },
  "retrieved": [
    797,
    11858,
    11866,
    798,
    11860,
    794,
    667,
    666,
    14094,
    11871
  ]
}