{
  "qid": 29916,
  "query": "Quyết định khởi tố bị can đối với pháp nhân phải có những nội dung gì?",
  "metrics": {
    "mrr": 0.3333333333333333,
    "map": 0.3333333333333333,
    "p@1": 0.0,
    "r@1": 0.0,
    "ndcg@1": 0.0,
    "p@5": 0.2,
    "r@5": 1.0,
    "ndcg@5": 0.5,
    "p@10": 0.1,
    "r@10": 1.0,
    "ndcg@10": 0.5
  },
  "retrieved": [
    10537,
    10903,
    10901,
    2534,
    2536,
    2532,
    2535,
    10656,
    10519,
    2537
  ]
}