{
  "qid": 29920,
  "query": "Đối với nhà thờ dòng họ thì có phải đăng ký hoạt động tín ngưỡng với cơ quan nhà nước theo quy định hiện nay hay không?",
  "metrics": {
    "mrr": 0.5,
    "map": 0.5,
    "p@1": 0.0,
    "r@1": 0.0,
    "ndcg@1": 0.0,
    "p@5": 0.2,
    "r@5": 1.0,
    "ndcg@5": 0.6309297535714575,
    "p@10": 0.1,
    "r@10": 1.0,
    "ndcg@10": 0.6309297535714575
  },
  "retrieved": [
    2132,
    2142,
    2141,
    2169,
    2197,
    2164,
    2146,
    2172,
    2178,
    2192
  ]
}