{
  "qid": 30007,
  "query": "Việc xác định trước xuất xứ hàng hóa dự kiến xuất khẩu được thực hiện theo đề nghị của ai?",
  "metrics": {
    "mrr": 0.5,
    "map": 0.5,
    "p@1": 0.0,
    "r@1": 0.0,
    "ndcg@1": 0.0,
    "p@5": 0.2,
    "r@5": 1.0,
    "ndcg@5": 0.6309297535714575,
    "p@10": 0.1,
    "r@10": 1.0,
    "ndcg@10": 0.6309297535714575
  },
  "retrieved": [
    8331,
    8330,
    5522,
    2777,
    8339,
    5519,
    8329,
    8337,
    8336,
    11995
  ]
}