{
  "qid": 30021,
  "query": "Thẩm quyền xử lý vi phạm hành chính của lực lượng cảnh sát môi trường quy định như thế nào?",
  "metrics": {
    "mrr": 0.3333333333333333,
    "map": 0.3333333333333333,
    "p@1": 0.0,
    "r@1": 0.0,
    "ndcg@1": 0.0,
    "p@5": 0.2,
    "r@5": 1.0,
    "ndcg@5": 0.5,
    "p@10": 0.1,
    "r@10": 1.0,
    "ndcg@10": 0.5
  },
  "retrieved": [
    11837,
    11835,
    11832,
    11830,
    11824,
    11829,
    11828,
    11827,
    11839,
    11836
  ]
}