{
  "qid": 30110,
  "query": "Hội đồng thẩm định tiến hành họp thẩm định quy hoạch cảng hàng không sân bay khi đáp ứng đủ các điều kiện gì?",
  "metrics": {
    "mrr": 0.1111111111111111,
    "map": 0.1111111111111111,
    "p@1": 0.0,
    "r@1": 0.0,
    "ndcg@1": 0.0,
    "p@5": 0.0,
    "r@5": 0.0,
    "ndcg@5": 0.0,
    "p@10": 0.1,
    "r@10": 1.0,
    "ndcg@10": 0.3010299956639812
  },
  "retrieved": [
    5891,
    5886,
    5896,
    5892,
    5889,
    5882,
    5885,
    5883,
    5899,
    5917
  ]
}