{
  "qid": 3015,
  "query": "Có thể xếp thuốc vào danh mục thuốc không kê đơn nếu có thời gian lưu hành trên thị trường được 3 năm hay không?",
  "metrics": {
    "mrr": 0.14285714285714285,
    "map": 0.14285714285714285,
    "p@1": 0.0,
    "r@1": 0.0,
    "ndcg@1": 0.0,
    "p@5": 0.0,
    "r@5": 0.0,
    "ndcg@5": 0.0,
    "p@10": 0.1,
    "r@10": 1.0,
    "ndcg@10": 0.3333333333333333
  },
  "retrieved": [
    7618,
    1127,
    7616,
    860,
    1103,
    14582,
    7614,
    7613,
    858,
    7768
  ]
}