{
  "qid": 30314,
  "query": "Viện kiểm sát nhân dân thực hiện nhập vụ án hình sự thuộc giai đoạn truy tố trong những trường hợp nào?",
  "metrics": {
    "mrr": 0.25,
    "map": 0.25,
    "p@1": 0.0,
    "r@1": 0.0,
    "ndcg@1": 0.0,
    "p@5": 0.2,
    "r@5": 1.0,
    "ndcg@5": 0.43067655807339306,
    "p@10": 0.1,
    "r@10": 1.0,
    "ndcg@10": 0.43067655807339306
  },
  "retrieved": [
    10918,
    6686,
    10713,
    10719,
    10647,
    7984,
    10716,
    10642,
    10929,
    6685
  ]
}