{
  "qid": 30544,
  "query": "Quy định về biện pháp phát triển tổ chức trung gian của thị trường khoa học và công nghệ như thế nào?",
  "metrics": {
    "mrr": 0.5,
    "map": 0.5,
    "p@1": 0.0,
    "r@1": 0.0,
    "ndcg@1": 0.0,
    "p@5": 0.2,
    "r@5": 1.0,
    "ndcg@5": 0.6309297535714575,
    "p@10": 0.1,
    "r@10": 1.0,
    "ndcg@10": 0.6309297535714575
  },
  "retrieved": [
    8274,
    7534,
    7494,
    7530,
    7531,
    8275,
    7532,
    7492,
    7527,
    7545
  ]
}