{
  "qid": 30694,
  "query": "Sử dụng sinh vật biến đổi gen làm thực phẩm kinh doanh có bị xử phạt hay không?",
  "metrics": {
    "mrr": 0.5,
    "map": 0.5,
    "p@1": 0.0,
    "r@1": 0.0,
    "ndcg@1": 0.0,
    "p@5": 0.2,
    "r@5": 1.0,
    "ndcg@5": 0.6309297535714575,
    "p@10": 0.1,
    "r@10": 1.0,
    "ndcg@10": 0.6309297535714575
  },
  "retrieved": [
    12127,
    14186,
    12128,
    5712,
    14206,
    9528,
    14171,
    9530,
    14170,
    14187
  ]
}