{
  "qid": 30729,
  "query": "Biện pháp quản lý theo giấy phép nhập khẩu phải đảm bảo những điều kiện gì?",
  "metrics": {
    "mrr": 0.5,
    "map": 0.25,
    "p@1": 0.0,
    "r@1": 0.0,
    "ndcg@1": 0.0,
    "p@5": 0.2,
    "r@5": 0.5,
    "ndcg@5": 0.38685280723454163,
    "p@10": 0.1,
    "r@10": 0.5,
    "ndcg@10": 0.38685280723454163
  },
  "retrieved": [
    5254,
    5252,
    5266,
    5230,
    5264,
    5262,
    9938,
    8326,
    5273,
    5247
  ]
}