{
  "qid": 30886,
  "query": "Kết quả đánh giá phong trào thể dục thể thao quần chúng toàn quốc được công bố khi nào?",
  "metrics": {
    "mrr": 0.5,
    "map": 0.5,
    "p@1": 0.0,
    "r@1": 0.0,
    "ndcg@1": 0.0,
    "p@5": 0.2,
    "r@5": 1.0,
    "ndcg@5": 0.6309297535714575,
    "p@10": 0.1,
    "r@10": 1.0,
    "ndcg@10": 0.6309297535714575
  },
  "retrieved": [
    1297,
    1298,
    1288,
    1299,
    1291,
    1286,
    9264,
    7292,
    1294,
    1296
  ]
}