{
  "qid": 30885,
  "query": "Phong trào thể dục thể thao quần chúng được đánh giá bằng cách thức nào?",
  "metrics": {
    "mrr": 0.3333333333333333,
    "map": 0.3333333333333333,
    "p@1": 0.0,
    "r@1": 0.0,
    "ndcg@1": 0.0,
    "p@5": 0.2,
    "r@5": 1.0,
    "ndcg@5": 0.5,
    "p@10": 0.1,
    "r@10": 1.0,
    "ndcg@10": 0.5
  },
  "retrieved": [
    1297,
    1288,
    1295,
    1286,
    1291,
    1299,
    1298,
    1296,
    1294,
    9266
  ]
}