{
  "qid": 3090,
  "query": "Việc phân loại hàng hóa nhập khẩu được thực hiện dựa trên những căn cứ nào?",
  "metrics": {
    "mrr": 0.3333333333333333,
    "map": 0.3333333333333333,
    "p@1": 0.0,
    "r@1": 0.0,
    "ndcg@1": 0.0,
    "p@5": 0.2,
    "r@5": 1.0,
    "ndcg@5": 0.5,
    "p@10": 0.1,
    "r@10": 1.0,
    "ndcg@10": 0.5
  },
  "retrieved": [
    8322,
    8325,
    8323,
    8326,
    8311,
    5267,
    5266,
    8412,
    8340,
    8414
  ]
}