{
  "qid": 31061,
  "query": "Việc thử nghiệm mẫu sản phẩm hữu cơ để kiểm tra chất lượng được tiến hành theo quy trình nào?",
  "metrics": {
    "mrr": 0.25,
    "map": 0.25,
    "p@1": 0.0,
    "r@1": 0.0,
    "ndcg@1": 0.0,
    "p@5": 0.2,
    "r@5": 1.0,
    "ndcg@5": 0.43067655807339306,
    "p@10": 0.1,
    "r@10": 1.0,
    "ndcg@10": 0.43067655807339306
  },
  "retrieved": [
    4336,
    4338,
    4346,
    12442,
    4341,
    12440,
    12435,
    4344,
    9189,
    4356
  ]
}