{
  "qid": 31060,
  "query": "Bộ Nông nghiệp và Phát triển nông thôn có thẩm quyền kiểm tra chất lượng sản phẩm hữu cơ hay không?",
  "metrics": {
    "mrr": 0.3333333333333333,
    "map": 0.3333333333333333,
    "p@1": 0.0,
    "r@1": 0.0,
    "ndcg@1": 0.0,
    "p@5": 0.2,
    "r@5": 1.0,
    "ndcg@5": 0.5,
    "p@10": 0.1,
    "r@10": 1.0,
    "ndcg@10": 0.5
  },
  "retrieved": [
    12440,
    12439,
    12441,
    12445,
    12428,
    12435,
    12442,
    12443,
    2997,
    3001
  ]
}