{
  "qid": 3115,
  "query": "Doanh nghiệp được cấp giấy chứng nhận đủ điều kiện kinh doanh xổ số trong thời hạn bao nhiêu ngày kể từ ngày gửi hồ sơ?",
  "metrics": {
    "mrr": 0.2,
    "map": 0.2,
    "p@1": 0.0,
    "r@1": 0.0,
    "ndcg@1": 0.0,
    "p@5": 0.2,
    "r@5": 1.0,
    "ndcg@5": 0.38685280723454163,
    "p@10": 0.1,
    "r@10": 1.0,
    "ndcg@10": 0.38685280723454163
  },
  "retrieved": [
    3272,
    6542,
    6498,
    6499,
    13721,
    6500,
    6502,
    6496,
    6494,
    6505
  ]
}