{
  "qid": 31479,
  "query": "Điều kiện kinh doanh khách sạn cần tuân thủ những yêu cầu gì?",
  "metrics": {
    "mrr": 0.25,
    "map": 0.25,
    "p@1": 0.0,
    "r@1": 0.0,
    "ndcg@1": 0.0,
    "p@5": 0.2,
    "r@5": 1.0,
    "ndcg@5": 0.43067655807339306,
    "p@10": 0.1,
    "r@10": 1.0,
    "ndcg@10": 0.43067655807339306
  },
  "retrieved": [
    13518,
    13517,
    13520,
    9792,
    9791,
    9788,
    9793,
    9093,
    9088,
    3269
  ]
}