{
  "qid": 31566,
  "query": "Phương tiện muốn xuất nhập cảnh qua cửa khẩu biên giới Việt Nam thì cần những gì?",
  "metrics": {
    "mrr": 0.3333333333333333,
    "map": 0.3333333333333333,
    "p@1": 0.0,
    "r@1": 0.0,
    "ndcg@1": 0.0,
    "p@5": 0.2,
    "r@5": 1.0,
    "ndcg@5": 0.5,
    "p@10": 0.1,
    "r@10": 1.0,
    "ndcg@10": 0.5
  },
  "retrieved": [
    9674,
    9684,
    13701,
    9676,
    449,
    13697,
    13700,
    444,
    9669,
    9672
  ]
}