{
  "qid": 31667,
  "query": "Việc đăng tải danh sách đăng ký người hành nghề được thực hiện như thế nào?",
  "metrics": {
    "mrr": 0.25,
    "map": 0.25,
    "p@1": 0.0,
    "r@1": 0.0,
    "ndcg@1": 0.0,
    "p@5": 0.2,
    "r@5": 1.0,
    "ndcg@5": 0.43067655807339306,
    "p@10": 0.1,
    "r@10": 1.0,
    "ndcg@10": 0.43067655807339306
  },
  "retrieved": [
    8941,
    5846,
    1611,
    12363,
    1610,
    8935,
    5848,
    8948,
    6578,
    4227
  ]
}