{
  "qid": 31668,
  "query": "Đăng ký hành nghề đối với cơ sở khám bệnh, chữa bệnh bao gồm các nội dung nào?",
  "metrics": {
    "mrr": 0.5,
    "map": 0.5,
    "p@1": 0.0,
    "r@1": 0.0,
    "ndcg@1": 0.0,
    "p@5": 0.2,
    "r@5": 1.0,
    "ndcg@5": 0.6309297535714575,
    "p@10": 0.1,
    "r@10": 1.0,
    "ndcg@10": 0.6309297535714575
  },
  "retrieved": [
    12360,
    12361,
    12362,
    12351,
    12391,
    14579,
    12372,
    12354,
    12371,
    14589
  ]
}