{
  "qid": 31795,
  "query": "Thủ tục đăng ký bào chữa được pháp luật quy định như thế nào?",
  "metrics": {
    "mrr": 0.5,
    "map": 0.5,
    "p@1": 0.0,
    "r@1": 0.0,
    "ndcg@1": 0.0,
    "p@5": 0.2,
    "r@5": 1.0,
    "ndcg@5": 0.6309297535714575,
    "p@10": 0.1,
    "r@10": 1.0,
    "ndcg@10": 0.6309297535714575
  },
  "retrieved": [
    13030,
    10555,
    13023,
    13029,
    13026,
    13025,
    13018,
    13022,
    13031,
    13032
  ]
}