{
  "qid": 31939,
  "query": "Có được ghi âm, ghi hình khi lấy lời khai của bị hại hay không?",
  "metrics": {
    "mrr": 0.1111111111111111,
    "map": 0.1111111111111111,
    "p@1": 0.0,
    "r@1": 0.0,
    "ndcg@1": 0.0,
    "p@5": 0.0,
    "r@5": 0.0,
    "ndcg@5": 0.0,
    "p@10": 0.1,
    "r@10": 1.0,
    "ndcg@10": 0.3010299956639812
  },
  "retrieved": [
    3557,
    3553,
    3559,
    3560,
    3558,
    3561,
    6705,
    3554,
    10665,
    10660
  ]
}