{
  "qid": 32357,
  "query": "Tổ chức lễ tang cán bộ, công, viên chức theo hình thức nào?",
  "metrics": {
    "mrr": 0.16666666666666666,
    "map": 0.16666666666666666,
    "p@1": 0.0,
    "r@1": 0.0,
    "ndcg@1": 0.0,
    "p@5": 0.0,
    "r@5": 0.0,
    "ndcg@5": 0.0,
    "p@10": 0.1,
    "r@10": 1.0,
    "ndcg@10": 0.3562071871080222
  },
  "retrieved": [
    11796,
    11783,
    11770,
    11751,
    11798,
    11752,
    11756,
    11750,
    11803,
    11808
  ]
}