{
  "qid": 32411,
  "query": "Giấy xác nhận nội dung quảng cáo hết hiệu lực sử dụng do thuốc có số đăng ký hết hiệu lực thì có được cấp lại không?",
  "metrics": {
    "mrr": 0.5,
    "map": 0.5,
    "p@1": 0.0,
    "r@1": 0.0,
    "ndcg@1": 0.0,
    "p@5": 0.2,
    "r@5": 1.0,
    "ndcg@5": 0.6309297535714575,
    "p@10": 0.1,
    "r@10": 1.0,
    "ndcg@10": 0.6309297535714575
  },
  "retrieved": [
    9541,
    9539,
    9544,
    9523,
    9531,
    9521,
    14608,
    9538,
    9526,
    9527
  ]
}