{
  "qid": 32437,
  "query": "Đối tượng phải được huấn luyện an toàn hóa chất theo quy định pháp luật",
  "metrics": {
    "mrr": 0.14285714285714285,
    "map": 0.14285714285714285,
    "p@1": 0.0,
    "r@1": 0.0,
    "ndcg@1": 0.0,
    "p@5": 0.0,
    "r@5": 0.0,
    "ndcg@5": 0.0,
    "p@10": 0.1,
    "r@10": 1.0,
    "ndcg@10": 0.3333333333333333
  },
  "retrieved": [
    13899,
    13923,
    13921,
    13891,
    13900,
    13926,
    13922,
    13924,
    4499,
    4152
  ]
}