{
  "qid": 32745,
  "query": "Giám định viên pháp y tâm thần được hưởng phụ cấp trách nhiệm công việc giám định tư pháp thế nào?",
  "metrics": {
    "mrr": 0.1111111111111111,
    "map": 0.1111111111111111,
    "p@1": 0.0,
    "r@1": 0.0,
    "ndcg@1": 0.0,
    "p@5": 0.0,
    "r@5": 0.0,
    "ndcg@5": 0.0,
    "p@10": 0.1,
    "r@10": 1.0,
    "ndcg@10": 0.3010299956639812
  },
  "retrieved": [
    1682,
    2006,
    1684,
    2008,
    2007,
    2005,
    339,
    340,
    1683,
    4008
  ]
}