{
  "qid": 32746,
  "query": "Phụ cấp trách nhiệm công việc đối với giám định viên y tâm thần có dùng để hưởng bảo hiểm xã hội không?",
  "metrics": {
    "mrr": 1.0,
    "map": 0.5,
    "p@1": 1.0,
    "r@1": 0.5,
    "ndcg@1": 1.0,
    "p@5": 0.2,
    "r@5": 0.5,
    "ndcg@5": 0.6131471927654584,
    "p@10": 0.1,
    "r@10": 0.5,
    "ndcg@10": 0.6131471927654584
  },
  "retrieved": [
    1685,
    1682,
    1684,
    14107,
    11499,
    3900,
    14113,
    7560,
    11852,
    14095
  ]
}