{
  "qid": 32826,
  "query": "Nhân viên thử việc bị tai nạn và chết trong khi đang trên đường đi làm thì doanh nghiệp có phải bồi thường cho nhân viên đó không?",
  "metrics": {
    "mrr": 0.14285714285714285,
    "map": 0.14285714285714285,
    "p@1": 0.0,
    "r@1": 0.0,
    "ndcg@1": 0.0,
    "p@5": 0.0,
    "r@5": 0.0,
    "ndcg@5": 0.0,
    "p@10": 0.1,
    "r@10": 1.0,
    "ndcg@10": 0.3333333333333333
  },
  "retrieved": [
    4181,
    4178,
    4179,
    2573,
    11866,
    4183,
    4180,
    4182,
    11438,
    14797
  ]
}