{
  "qid": 33819,
  "query": "Chứng thực chữ ký cho hợp đồng ủy quyền được quy định ra sao?",
  "metrics": {
    "mrr": 0.5,
    "map": 0.5,
    "p@1": 0.0,
    "r@1": 0.0,
    "ndcg@1": 0.0,
    "p@5": 0.2,
    "r@5": 1.0,
    "ndcg@5": 0.6309297535714575,
    "p@10": 0.1,
    "r@10": 1.0,
    "ndcg@10": 0.6309297535714575
  },
  "retrieved": [
    1431,
    1441,
    11199,
    1440,
    1434,
    1429,
    7838,
    11209,
    1447,
    11216
  ]
}