{
  "qid": 33862,
  "query": "Cán bộ, công chức kiểm lâm có thời gian làm việc bao lâu sẽ được tính phụ cấp thâm niên nghề?",
  "metrics": {
    "mrr": 0.5,
    "map": 0.5,
    "p@1": 0.0,
    "r@1": 0.0,
    "ndcg@1": 0.0,
    "p@5": 0.2,
    "r@5": 1.0,
    "ndcg@5": 0.6309297535714575,
    "p@10": 0.1,
    "r@10": 1.0,
    "ndcg@10": 0.6309297535714575
  },
  "retrieved": [
    7560,
    3898,
    3899,
    8463,
    8464,
    8462,
    1223,
    11860,
    4526,
    11499
  ]
}