{
  "qid": 34011,
  "query": "Có thể đăng ký khai tử cho người chết đã lâu không có Giấy báo tử không?",
  "metrics": {
    "mrr": 0.25,
    "map": 0.25,
    "p@1": 0.0,
    "r@1": 0.0,
    "ndcg@1": 0.0,
    "p@5": 0.2,
    "r@5": 1.0,
    "ndcg@5": 0.43067655807339306,
    "p@10": 0.1,
    "r@10": 1.0,
    "ndcg@10": 0.43067655807339306
  },
  "retrieved": [
    4587,
    4577,
    2267,
    4566,
    4586,
    4578,
    4582,
    1948,
    4570,
    4563
  ]
}