{
  "qid": 34226,
  "query": "Việc triệu tập bị hại để lấy lời khai được thực hiện như thế nào?",
  "metrics": {
    "mrr": 0.2,
    "map": 0.2,
    "p@1": 0.0,
    "r@1": 0.0,
    "ndcg@1": 0.0,
    "p@5": 0.2,
    "r@5": 1.0,
    "ndcg@5": 0.38685280723454163,
    "p@10": 0.1,
    "r@10": 1.0,
    "ndcg@10": 0.38685280723454163
  },
  "retrieved": [
    10516,
    10514,
    10517,
    10519,
    10665,
    10537,
    10903,
    10632,
    10663,
    10539
  ]
}