{
  "qid": 34307,
  "query": "Trường hợp đang sử dụng một phần hè phố là điểm giữ xe nhưng không còn đáp ứng đủ điều kiện thì có được phép sử dụng nữa không?",
  "metrics": {
    "mrr": 0.5,
    "map": 0.5,
    "p@1": 0.0,
    "r@1": 0.0,
    "ndcg@1": 0.0,
    "p@5": 0.2,
    "r@5": 1.0,
    "ndcg@5": 0.6309297535714575,
    "p@10": 0.1,
    "r@10": 1.0,
    "ndcg@10": 0.6309297535714575
  },
  "retrieved": [
    10264,
    10265,
    10310,
    10303,
    10308,
    10304,
    10306,
    10313,
    6552,
    6545
  ]
}