{
  "qid": 34335,
  "query": "Ai có thẩm quyền ra lệnh khám xét nơi ở khi chứa chấp tài sản do người khác phạm tội mà có?",
  "metrics": {
    "mrr": 0.5,
    "map": 0.5,
    "p@1": 0.0,
    "r@1": 0.0,
    "ndcg@1": 0.0,
    "p@5": 0.2,
    "r@5": 1.0,
    "ndcg@5": 0.6309297535714575,
    "p@10": 0.1,
    "r@10": 1.0,
    "ndcg@10": 0.6309297535714575
  },
  "retrieved": [
    10671,
    10670,
    9240,
    10669,
    7974,
    10677,
    10594,
    12726,
    10606,
    10596
  ]
}