{
  "qid": 34387,
  "query": "Bảo quản hóa chất tại kho hóa chất của công ty như thế nào?",
  "metrics": {
    "mrr": 0.14285714285714285,
    "map": 0.14285714285714285,
    "p@1": 0.0,
    "r@1": 0.0,
    "ndcg@1": 0.0,
    "p@5": 0.0,
    "r@5": 0.0,
    "ndcg@5": 0.0,
    "p@10": 0.1,
    "r@10": 1.0,
    "ndcg@10": 0.3333333333333333
  },
  "retrieved": [
    13899,
    13905,
    4497,
    11155,
    13894,
    13923,
    13896,
    13891,
    14178,
    13900
  ]
}