{
  "qid": 3470,
  "query": "Kết quả sơ tuyển ngạch Chấp hành viên sơ cấp phải được thông báo cho người đăng ký trong thời hạn bao nhiêu ngày?",
  "metrics": {
    "mrr": 0.5,
    "map": 0.5,
    "p@1": 0.0,
    "r@1": 0.0,
    "ndcg@1": 0.0,
    "p@5": 0.2,
    "r@5": 1.0,
    "ndcg@5": 0.6309297535714575,
    "p@10": 0.1,
    "r@10": 1.0,
    "ndcg@10": 0.6309297535714575
  },
  "retrieved": [
    2373,
    2369,
    2375,
    2364,
    2368,
    2362,
    2372,
    2366,
    2370,
    2365
  ]
}