{
  "qid": 34773,
  "query": "Thời gian tổ chức chúc thọ cho người cao tuổi khi đủ 100 tuổi là khi nào?",
  "metrics": {
    "mrr": 0.25,
    "map": 0.25,
    "p@1": 0.0,
    "r@1": 0.0,
    "ndcg@1": 0.0,
    "p@5": 0.2,
    "r@5": 1.0,
    "ndcg@5": 0.43067655807339306,
    "p@10": 0.1,
    "r@10": 1.0,
    "ndcg@10": 0.43067655807339306
  },
  "retrieved": [
    1642,
    6048,
    11576,
    6043,
    7938,
    6972,
    7141,
    1871,
    6044,
    11568
  ]
}