{
  "qid": 3481,
  "query": "Thông tấn xã Việt Nam là cơ quan gì?",
  "metrics": {
    "mrr": 0.3333333333333333,
    "map": 0.3333333333333333,
    "p@1": 0.0,
    "r@1": 0.0,
    "ndcg@1": 0.0,
    "p@5": 0.2,
    "r@5": 1.0,
    "ndcg@5": 0.5,
    "p@10": 0.1,
    "r@10": 1.0,
    "ndcg@10": 0.5
  },
  "retrieved": [
    14768,
    3423,
    14766,
    11774,
    14767,
    11758,
    8203,
    11784,
    11680,
    7379
  ]
}