{
  "qid": 34936,
  "query": "Thủy thủ trực ca tàu biển Việt Nam cần đáp ứng những tiêu chuẩn chuyên môn gì?",
  "metrics": {
    "mrr": 0.3333333333333333,
    "map": 0.3333333333333333,
    "p@1": 0.0,
    "r@1": 0.0,
    "ndcg@1": 0.0,
    "p@5": 0.2,
    "r@5": 1.0,
    "ndcg@5": 0.5,
    "p@10": 0.1,
    "r@10": 1.0,
    "ndcg@10": 0.5
  },
  "retrieved": [
    3752,
    3727,
    3726,
    3772,
    3779,
    3719,
    3778,
    3744,
    3757,
    13081
  ]
}