{
  "qid": 35041,
  "query": "Hồ sơ đề nghị cấp Chứng chỉ hành nghề đấu giá sử dụng bản sao bằng đại học không công chứng được không?",
  "metrics": {
    "mrr": 0.3333333333333333,
    "map": 0.3333333333333333,
    "p@1": 0.0,
    "r@1": 0.0,
    "ndcg@1": 0.0,
    "p@5": 0.2,
    "r@5": 1.0,
    "ndcg@5": 0.5,
    "p@10": 0.1,
    "r@10": 1.0,
    "ndcg@10": 0.5
  },
  "retrieved": [
    1610,
    1609,
    701,
    1637,
    1625,
    4206,
    704,
    1636,
    712,
    1611
  ]
}