{
  "qid": 35092,
  "query": "Hồ sơ đề nghị tặng Bằng khen của Thủ tướng Chính phủ năm 2023 của tập thể Viện Kiểm sát nhân dân gồm gì?",
  "metrics": {
    "mrr": 0.16666666666666666,
    "map": 0.16666666666666666,
    "p@1": 0.0,
    "r@1": 0.0,
    "ndcg@1": 0.0,
    "p@5": 0.0,
    "r@5": 0.0,
    "ndcg@5": 0.0,
    "p@10": 0.1,
    "r@10": 1.0,
    "ndcg@10": 0.3562071871080222
  },
  "retrieved": [
    8762,
    5606,
    1341,
    7861,
    1156,
    1363,
    1357,
    10042,
    2103,
    10041
  ]
}