{
  "qid": 35192,
  "query": "Đối với ô tô xuất cảnh thì người khai hải quan phải nộp các giấy tờ nào theo quy định pháp luật?",
  "metrics": {
    "mrr": 0.5,
    "map": 0.5,
    "p@1": 0.0,
    "r@1": 0.0,
    "ndcg@1": 0.0,
    "p@5": 0.2,
    "r@5": 1.0,
    "ndcg@5": 0.6309297535714575,
    "p@10": 0.1,
    "r@10": 1.0,
    "ndcg@10": 0.6309297535714575
  },
  "retrieved": [
    8385,
    8381,
    8386,
    8387,
    11629,
    8383,
    8384,
    11628,
    8361,
    8366
  ]
}