{
  "qid": 35229,
  "query": "Bị can có thể nhờ người thân của mình đề nghị đặt tiền để bảo đảm với cơ quan nhà nước hay không?",
  "metrics": {
    "mrr": 0.2,
    "map": 0.2,
    "p@1": 0.0,
    "r@1": 0.0,
    "ndcg@1": 0.0,
    "p@5": 0.2,
    "r@5": 1.0,
    "ndcg@5": 0.38685280723454163,
    "p@10": 0.1,
    "r@10": 1.0,
    "ndcg@10": 0.38685280723454163
  },
  "retrieved": [
    6686,
    6688,
    6687,
    6685,
    6682,
    6683,
    6681,
    6684,
    10599,
    6678
  ]
}