{
  "qid": 35230,
  "query": "Bị can hiện đang bị bắt giữ theo lệnh truy nã thì có được áp dụng biện pháp đặt tiền để bảo đảm hay không?",
  "metrics": {
    "mrr": 0.5,
    "map": 0.5,
    "p@1": 0.0,
    "r@1": 0.0,
    "ndcg@1": 0.0,
    "p@5": 0.2,
    "r@5": 1.0,
    "ndcg@5": 0.6309297535714575,
    "p@10": 0.1,
    "r@10": 1.0,
    "ndcg@10": 0.6309297535714575
  },
  "retrieved": [
    6686,
    6683,
    10596,
    6703,
    6685,
    10758,
    10586,
    6688,
    6681,
    6678
  ]
}