{
  "qid": 3528,
  "query": "Hồ sơ thiết kế kiến trúc sơ bộ và hồ sơ thiết kế kiến trúc cơ sở bao gồm các giấy tờ gì?",
  "metrics": {
    "mrr": 0.5,
    "map": 0.5,
    "p@1": 0.0,
    "r@1": 0.0,
    "ndcg@1": 0.0,
    "p@5": 0.2,
    "r@5": 1.0,
    "ndcg@5": 0.6309297535714575,
    "p@10": 0.1,
    "r@10": 1.0,
    "ndcg@10": 0.6309297535714575
  },
  "retrieved": [
    3804,
    3806,
    3805,
    3807,
    456,
    3808,
    3809,
    3811,
    3810,
    3803
  ]
}