{
  "qid": 35285,
  "query": "Công dân Việt Nam để được cấp Thẻ nhân viên tiếp cận cộng đồng cần đáp ứng những tiêu chuẩn gì?",
  "metrics": {
    "mrr": 0.25,
    "map": 0.25,
    "p@1": 0.0,
    "r@1": 0.0,
    "ndcg@1": 0.0,
    "p@5": 0.2,
    "r@5": 1.0,
    "ndcg@5": 0.43067655807339306,
    "p@10": 0.1,
    "r@10": 1.0,
    "ndcg@10": 0.43067655807339306
  },
  "retrieved": [
    2949,
    2948,
    2947,
    2946,
    2950,
    2954,
    2953,
    2952,
    14563,
    12959
  ]
}