{
  "qid": 35568,
  "query": "Những loại giấy tờ, tài liệu không được hợp pháp hóa lãnh sự được quy định ra sao?",
  "metrics": {
    "mrr": 0.14285714285714285,
    "map": 0.14285714285714285,
    "p@1": 0.0,
    "r@1": 0.0,
    "ndcg@1": 0.0,
    "p@5": 0.0,
    "r@5": 0.0,
    "ndcg@5": 0.0,
    "p@10": 0.1,
    "r@10": 1.0,
    "ndcg@10": 0.3333333333333333
  },
  "retrieved": [
    13500,
    13495,
    13512,
    13505,
    7962,
    155,
    13501,
    13508,
    13493,
    148
  ]
}