{
  "qid": 35630,
  "query": "Chủ tịch Ủy ban nhân dân cấp huyện có quyền xử phạt người sử dụng thuốc bảo vệ thực vật đã hết hạn sử dụng không?",
  "metrics": {
    "mrr": 0.16666666666666666,
    "map": 0.16666666666666666,
    "p@1": 0.0,
    "r@1": 0.0,
    "ndcg@1": 0.0,
    "p@5": 0.0,
    "r@5": 0.0,
    "ndcg@5": 0.0,
    "p@10": 0.1,
    "r@10": 1.0,
    "ndcg@10": 0.3562071871080222
  },
  "retrieved": [
    4539,
    5191,
    5190,
    14296,
    5192,
    4637,
    8472,
    14300,
    4896,
    8481
  ]
}