{
  "qid": 35724,
  "query": "Khi nào được gia hạn thời hạn chuẩn bị xét xử sơ thẩm vụ án hình sự?",
  "metrics": {
    "mrr": 0.16666666666666666,
    "map": 0.16666666666666666,
    "p@1": 0.0,
    "r@1": 0.0,
    "ndcg@1": 0.0,
    "p@5": 0.0,
    "r@5": 0.0,
    "ndcg@5": 0.0,
    "p@10": 0.1,
    "r@10": 1.0,
    "ndcg@10": 0.3562071871080222
  },
  "retrieved": [
    3978,
    10930,
    4919,
    10835,
    12727,
    10754,
    10841,
    10839,
    10745,
    10807
  ]
}