{
  "qid": 35935,
  "query": "Ai có thẩm quyền quyết định đàm phán Điều ước quốc tế nhân danh Nhà nước Cộng hòa xã hội chủ nghĩa Việt Nam?",
  "metrics": {
    "mrr": 0.3333333333333333,
    "map": 0.3333333333333333,
    "p@1": 0.0,
    "r@1": 0.0,
    "ndcg@1": 0.0,
    "p@5": 0.2,
    "r@5": 1.0,
    "ndcg@5": 0.5,
    "p@10": 0.1,
    "r@10": 1.0,
    "ndcg@10": 0.5
  },
  "retrieved": [
    12159,
    12179,
    12167,
    12170,
    12229,
    12227,
    12166,
    12204,
    12169,
    12222
  ]
}