{
  "qid": 35983,
  "query": "Hồ sơ đề nghị bổ nhiệm Thừa phát lại gồm những tài liệu nào?",
  "metrics": {
    "mrr": 0.3333333333333333,
    "map": 0.3333333333333333,
    "p@1": 0.0,
    "r@1": 0.0,
    "ndcg@1": 0.0,
    "p@5": 0.2,
    "r@5": 1.0,
    "ndcg@5": 0.5,
    "p@10": 0.1,
    "r@10": 1.0,
    "ndcg@10": 0.5
  },
  "retrieved": [
    8939,
    8940,
    8936,
    8941,
    8957,
    8952,
    8992,
    8950,
    8947,
    8953
  ]
}