{
  "qid": 36357,
  "query": "Phụ cấp trách nhiệm công việc kế toán trưởng tại các đơn vị kế toán trong lĩnh vực kế toán nhà nước được quy định như thế nào?",
  "metrics": {
    "mrr": 0.16666666666666666,
    "map": 0.16666666666666666,
    "p@1": 0.0,
    "r@1": 0.0,
    "ndcg@1": 0.0,
    "p@5": 0.0,
    "r@5": 0.0,
    "ndcg@5": 0.0,
    "p@10": 0.1,
    "r@10": 1.0,
    "ndcg@10": 0.3562071871080222
  },
  "retrieved": [
    4388,
    4399,
    4389,
    4398,
    4392,
    4397,
    4394,
    4395,
    2897,
    2893
  ]
}