{
  "qid": 36520,
  "query": "Biện pháp quản lý theo giấy phép xuất khẩu, nhập khẩu được hiểu như thế nào?",
  "metrics": {
    "mrr": 0.5,
    "map": 0.5,
    "p@1": 0.0,
    "r@1": 0.0,
    "ndcg@1": 0.0,
    "p@5": 0.2,
    "r@5": 1.0,
    "ndcg@5": 0.6309297535714575,
    "p@10": 0.1,
    "r@10": 1.0,
    "ndcg@10": 0.6309297535714575
  },
  "retrieved": [
    5254,
    5252,
    5266,
    5230,
    5264,
    5262,
    9938,
    8326,
    5273,
    5235
  ]
}