{
  "qid": 36657,
  "query": "Công ty du lịch nội địa có bị thu hồi giấy phép kinh doanh nếu không đảm bảo mức ký quỹ theo quy định không?",
  "metrics": {
    "mrr": 1.0,
    "map": 0.7,
    "p@1": 1.0,
    "r@1": 0.5,
    "ndcg@1": 1.0,
    "p@5": 0.4,
    "r@5": 1.0,
    "ndcg@5": 0.8503449055347546,
    "p@10": 0.2,
    "r@10": 1.0,
    "ndcg@10": 0.8503449055347546
  },
  "retrieved": [
    9774,
    6612,
    6613,
    9775,
    9779,
    9778,
    6607,
    9773,
    9780,
    9777
  ]
}