{
  "qid": 36820,
  "query": "Khi viết sai mẫu phiếu thu áp dụng đối với doanh nghiệp vừa và nhỏ thì xử lý như thế nào?",
  "metrics": {
    "mrr": 0.3333333333333333,
    "map": 0.3333333333333333,
    "p@1": 0.0,
    "r@1": 0.0,
    "ndcg@1": 0.0,
    "p@5": 0.2,
    "r@5": 1.0,
    "ndcg@5": 0.5,
    "p@10": 0.1,
    "r@10": 1.0,
    "ndcg@10": 0.5
  },
  "retrieved": [
    13738,
    13346,
    2862,
    10397,
    13334,
    11069,
    12845,
    14858,
    5797,
    13739
  ]
}