{
  "qid": 36839,
  "query": "Khi nào áp dụng hình thức kỷ luật cách chức đối với viên chức?",
  "metrics": {
    "mrr": 0.16666666666666666,
    "map": 0.16666666666666666,
    "p@1": 0.0,
    "r@1": 0.0,
    "ndcg@1": 0.0,
    "p@5": 0.0,
    "r@5": 0.0,
    "ndcg@5": 0.0,
    "p@10": 0.1,
    "r@10": 1.0,
    "ndcg@10": 0.3562071871080222
  },
  "retrieved": [
    13747,
    8224,
    13755,
    13748,
    8170,
    13749,
    3868,
    13746,
    3869,
    8223
  ]
}