{
  "qid": 36859,
  "query": "Nhân viên hàng không sẽ có những chức danh nào?",
  "metrics": {
    "mrr": 0.16666666666666666,
    "map": 0.16666666666666666,
    "p@1": 0.0,
    "r@1": 0.0,
    "ndcg@1": 0.0,
    "p@5": 0.0,
    "r@5": 0.0,
    "ndcg@5": 0.0,
    "p@10": 0.1,
    "r@10": 1.0,
    "ndcg@10": 0.3562071871080222
  },
  "retrieved": [
    12955,
    12963,
    12972,
    12964,
    12961,
    12957,
    12971,
    12960,
    12965,
    12958
  ]
}