{
  "qid": 36922,
  "query": "Khi xếp lương các chức danh nghề nghiệp đạo diễn nghệ thuật cần đảm bảo những nguyên tắc gì?",
  "metrics": {
    "mrr": 0.1111111111111111,
    "map": 0.1111111111111111,
    "p@1": 0.0,
    "r@1": 0.0,
    "ndcg@1": 0.0,
    "p@5": 0.0,
    "r@5": 0.0,
    "ndcg@5": 0.0,
    "p@10": 0.1,
    "r@10": 1.0,
    "ndcg@10": 0.3010299956639812
  },
  "retrieved": [
    8612,
    1536,
    6460,
    8457,
    7726,
    12587,
    12599,
    13119,
    6458,
    12588
  ]
}