{
  "qid": 37,
  "query": "Trình tự cấp đổi Giấy chứng nhận đủ điều kiện sản xuất, lắp ráp ô tô như thế nào?",
  "metrics": {
    "mrr": 0.25,
    "map": 0.25,
    "p@1": 0.0,
    "r@1": 0.0,
    "ndcg@1": 0.0,
    "p@5": 0.2,
    "r@5": 1.0,
    "ndcg@5": 0.43067655807339306,
    "p@10": 0.1,
    "r@10": 1.0,
    "ndcg@10": 0.43067655807339306
  },
  "retrieved": [
    14355,
    14340,
    14341,
    14336,
    14357,
    14349,
    14335,
    14331,
    14332,
    14329
  ]
}