{
  "qid": 370,
  "query": "Bất kỳ sản phẩm hữu cơ nào cũng được dán nhãn có ghi “100% hữu cơ” đúng không?",
  "metrics": {
    "mrr": 0.5,
    "map": 0.25,
    "p@1": 0.0,
    "r@1": 0.0,
    "ndcg@1": 0.0,
    "p@5": 0.2,
    "r@5": 0.5,
    "ndcg@5": 0.38685280723454163,
    "p@10": 0.1,
    "r@10": 0.5,
    "ndcg@10": 0.38685280723454163
  },
  "retrieved": [
    12440,
    12438,
    12428,
    12439,
    12430,
    12442,
    12445,
    12435,
    12443,
    12441
  ]
}