{
  "qid": 37380,
  "query": "Hướng dẫn về ngành nghề cấm đầu tư kinh doanh hiện nay?",
  "metrics": {
    "mrr": 0.2,
    "map": 0.2,
    "p@1": 0.0,
    "r@1": 0.0,
    "ndcg@1": 0.0,
    "p@5": 0.2,
    "r@5": 1.0,
    "ndcg@5": 0.38685280723454163,
    "p@10": 0.1,
    "r@10": 1.0,
    "ndcg@10": 0.38685280723454163
  },
  "retrieved": [
    7949,
    7945,
    3270,
    3258,
    14705,
    14669,
    11602,
    353,
    7950,
    14753
  ]
}