{
  "qid": 37604,
  "query": "Hồ sơ yêu cầu bồi thường nhà nước tại cơ quan Thuế mới nhất năm 2023 gồm những giấy tờ, tài liệu gì?",
  "metrics": {
    "mrr": 0.5,
    "map": 0.5,
    "p@1": 0.0,
    "r@1": 0.0,
    "ndcg@1": 0.0,
    "p@5": 0.2,
    "r@5": 1.0,
    "ndcg@5": 0.6309297535714575,
    "p@10": 0.1,
    "r@10": 1.0,
    "ndcg@10": 0.6309297535714575
  },
  "retrieved": [
    11946,
    12733,
    12734,
    200,
    13348,
    13502,
    12635,
    11954,
    8958,
    11439
  ]
}