{
  "qid": 37764,
  "query": "Người đi làm việc ở nước ngoài theo hợp đồng mà đóng bảo hiểm xã hội được 6 tháng muốn định cư ở nước ngoài thì có được hưởng bảo hiểm xã hội một lần hay không?",
  "metrics": {
    "mrr": 0.3333333333333333,
    "map": 0.3333333333333333,
    "p@1": 0.0,
    "r@1": 0.0,
    "ndcg@1": 0.0,
    "p@5": 0.2,
    "r@5": 1.0,
    "ndcg@5": 0.5,
    "p@10": 0.1,
    "r@10": 1.0,
    "ndcg@10": 0.5
  },
  "retrieved": [
    11871,
    14104,
    14094,
    14109,
    14088,
    793,
    14103,
    14102,
    14093,
    11852
  ]
}