{
  "qid": 3780,
  "query": "Hợp đồng chuyển giao công nghệ được giao kết và thực hiện như thế nào?",
  "metrics": {
    "mrr": 0.3333333333333333,
    "map": 0.3333333333333333,
    "p@1": 0.0,
    "r@1": 0.0,
    "ndcg@1": 0.0,
    "p@5": 0.2,
    "r@5": 1.0,
    "ndcg@5": 0.5,
    "p@10": 0.1,
    "r@10": 1.0,
    "ndcg@10": 0.5
  },
  "retrieved": [
    7522,
    7515,
    7513,
    7538,
    7516,
    11413,
    7517,
    7523,
    7521,
    7496
  ]
}