{
  "qid": 37869,
  "query": "Chủ tịch nước quyết định ký kết điều ước quốc tế nhân danh cơ quan nào?",
  "metrics": {
    "mrr": 0.2,
    "map": 0.2,
    "p@1": 0.0,
    "r@1": 0.0,
    "ndcg@1": 0.0,
    "p@5": 0.2,
    "r@5": 1.0,
    "ndcg@5": 0.38685280723454163,
    "p@10": 0.1,
    "r@10": 1.0,
    "ndcg@10": 0.38685280723454163
  },
  "retrieved": [
    12179,
    12170,
    12167,
    12169,
    12172,
    12159,
    12165,
    12227,
    12220,
    12206
  ]
}