{
  "qid": 37915,
  "query": "Tiêu chuẩn dữ liệu thông tin đầu vào cơ sở dữ liệu tài liệu lưu trữ của cơ quan nhà nước được quy định như thế nào?",
  "metrics": {
    "mrr": 0.5,
    "map": 0.5,
    "p@1": 0.0,
    "r@1": 0.0,
    "ndcg@1": 0.0,
    "p@5": 0.2,
    "r@5": 1.0,
    "ndcg@5": 0.6309297535714575,
    "p@10": 0.1,
    "r@10": 1.0,
    "ndcg@10": 0.6309297535714575
  },
  "retrieved": [
    2587,
    2592,
    2590,
    223,
    222,
    66,
    219,
    4047,
    2589,
    2594
  ]
}