{
  "qid": 3806,
  "query": "Lễ kỷ niệm ngày truyền thống tổ chức ngoài trời của cơ quan nhà nước cấp tỉnh được tiến hành theo trình tự nào?",
  "metrics": {
    "mrr": 0.16666666666666666,
    "map": 0.16666666666666666,
    "p@1": 0.0,
    "r@1": 0.0,
    "ndcg@1": 0.0,
    "p@5": 0.0,
    "r@5": 0.0,
    "ndcg@5": 0.0,
    "p@10": 0.1,
    "r@10": 1.0,
    "ndcg@10": 0.3562071871080222
  },
  "retrieved": [
    13648,
    13643,
    13640,
    13655,
    13649,
    13652,
    985,
    6662,
    4196,
    6663
  ]
}