{
  "qid": 38226,
  "query": "Doanh nghiệp viễn thông có trách nhiệm thế nào về giá cước công ích khi cung cấp dịch vụ viễn thông công ích khẩn cấp?",
  "metrics": {
    "mrr": 0.25,
    "map": 0.25,
    "p@1": 0.0,
    "r@1": 0.0,
    "ndcg@1": 0.0,
    "p@5": 0.2,
    "r@5": 1.0,
    "ndcg@5": 0.43067655807339306,
    "p@10": 0.1,
    "r@10": 1.0,
    "ndcg@10": 0.43067655807339306
  },
  "retrieved": [
    2707,
    2703,
    8567,
    2719,
    2706,
    2712,
    2702,
    2711,
    2709,
    2713
  ]
}