{
  "qid": 38273,
  "query": "Nội dung quản lý đối tượng tiêm chủng và quy trình tiêm chủng được quy định như thế nào?",
  "metrics": {
    "mrr": 1.0,
    "map": 0.6666666666666666,
    "p@1": 1.0,
    "r@1": 0.5,
    "ndcg@1": 1.0,
    "p@5": 0.2,
    "r@5": 0.5,
    "ndcg@5": 0.6131471927654584,
    "p@10": 0.2,
    "r@10": 1.0,
    "ndcg@10": 0.8315546295836225
  },
  "retrieved": [
    11662,
    14550,
    11663,
    11679,
    11660,
    11661,
    11672,
    11671,
    11674,
    11681
  ]
}