{
  "qid": 38323,
  "query": "Hồ sơ đề nghị cấp Giấy chứng nhận đủ điều kiện kinh doanh casino cần chuẩn bị những giấy tờ gì?",
  "metrics": {
    "mrr": 0.25,
    "map": 0.25,
    "p@1": 0.0,
    "r@1": 0.0,
    "ndcg@1": 0.0,
    "p@5": 0.2,
    "r@5": 1.0,
    "ndcg@5": 0.43067655807339306,
    "p@10": 0.1,
    "r@10": 1.0,
    "ndcg@10": 0.43067655807339306
  },
  "retrieved": [
    3308,
    3274,
    3276,
    3271,
    3273,
    3278,
    14758,
    3279,
    3270,
    11316
  ]
}