{
  "qid": 38336,
  "query": "Tổ chức sinh hoạt tôn giáo tập trung cần đáp ứng điều kiện gì?",
  "metrics": {
    "mrr": 0.25,
    "map": 0.25,
    "p@1": 0.0,
    "r@1": 0.0,
    "ndcg@1": 0.0,
    "p@5": 0.2,
    "r@5": 1.0,
    "ndcg@5": 0.43067655807339306,
    "p@10": 0.1,
    "r@10": 1.0,
    "ndcg@10": 0.43067655807339306
  },
  "retrieved": [
    2132,
    2138,
    2133,
    2146,
    2181,
    2197,
    2147,
    2178,
    2131,
    2193
  ]
}