{
  "qid": 38337,
  "query": "Trình tự, thủ tục đăng ký tổ chức sinh hoạt tôn giáo tập trung như thế nào?",
  "metrics": {
    "mrr": 1.0,
    "map": 0.7,
    "p@1": 1.0,
    "r@1": 0.5,
    "ndcg@1": 1.0,
    "p@5": 0.4,
    "r@5": 1.0,
    "ndcg@5": 0.8503449055347546,
    "p@10": 0.2,
    "r@10": 1.0,
    "ndcg@10": 0.8503449055347546
  },
  "retrieved": [
    2147,
    2197,
    2150,
    4261,
    2146,
    2160,
    2132,
    4265,
    2152,
    2138
  ]
}