{
  "qid": 38394,
  "query": "Thí nghiệm đối chứng, kiểm định xây dựng, thử nghiệm khả năng chịu lực của kết cấu công trình",
  "metrics": {
    "mrr": 0.5,
    "map": 0.5,
    "p@1": 0.0,
    "r@1": 0.0,
    "ndcg@1": 0.0,
    "p@5": 0.2,
    "r@5": 1.0,
    "ndcg@5": 0.6309297535714575,
    "p@10": 0.1,
    "r@10": 1.0,
    "ndcg@10": 0.6309297535714575
  },
  "retrieved": [
    6880,
    6874,
    6888,
    6883,
    6891,
    4537,
    6882,
    6906,
    6871,
    6893
  ]
}