{
  "qid": 38961,
  "query": "Đơn vị kế toán phải kiểm kê tài sản trong các trường hợp nào?",
  "metrics": {
    "mrr": 0.2,
    "map": 0.2,
    "p@1": 0.0,
    "r@1": 0.0,
    "ndcg@1": 0.0,
    "p@5": 0.2,
    "r@5": 1.0,
    "ndcg@5": 0.38685280723454163,
    "p@10": 0.1,
    "r@10": 1.0,
    "ndcg@10": 0.38685280723454163
  },
  "retrieved": [
    430,
    428,
    431,
    3826,
    2882,
    3834,
    386,
    13202,
    2884,
    5748
  ]
}