{
  "qid": 38969,
  "query": "Độ tuổi cán bộ cấp xã được đào tạo sau đại học là bao nhiêu?",
  "metrics": {
    "mrr": 0.5,
    "map": 0.5,
    "p@1": 0.0,
    "r@1": 0.0,
    "ndcg@1": 0.0,
    "p@5": 0.2,
    "r@5": 1.0,
    "ndcg@5": 0.6309297535714575,
    "p@10": 0.1,
    "r@10": 1.0,
    "ndcg@10": 0.6309297535714575
  },
  "retrieved": [
    6592,
    10983,
    5502,
    8932,
    310,
    11007,
    5503,
    13626,
    2249,
    2396
  ]
}