{
  "qid": 3901,
  "query": "Sau khi tranh luận có được tiếp tục xét hỏi hay không?",
  "metrics": {
    "mrr": 0.2,
    "map": 0.2,
    "p@1": 0.0,
    "r@1": 0.0,
    "ndcg@1": 0.0,
    "p@5": 0.2,
    "r@5": 1.0,
    "ndcg@5": 0.38685280723454163,
    "p@10": 0.1,
    "r@10": 1.0,
    "ndcg@10": 0.38685280723454163
  },
  "retrieved": [
    10797,
    10801,
    10743,
    10799,
    10800,
    10783,
    10803,
    10788,
    10795,
    10831
  ]
}