{
  "qid": 39162,
  "query": "Xây dựng biệt thự du lịch ngay biển cần đáp ứng điều kiện gì để được kinh doanh dịch vụ lưu trú du lịch?",
  "metrics": {
    "mrr": 0.3333333333333333,
    "map": 0.3333333333333333,
    "p@1": 0.0,
    "r@1": 0.0,
    "ndcg@1": 0.0,
    "p@5": 0.2,
    "r@5": 1.0,
    "ndcg@5": 0.5,
    "p@10": 0.1,
    "r@10": 1.0,
    "ndcg@10": 0.5
  },
  "retrieved": [
    9793,
    9796,
    9792,
    9795,
    9752,
    6624,
    9791,
    9769,
    9799,
    9746
  ]
}