{
  "qid": 39185,
  "query": "Điều kiện sản xuất rượu công nghiệp và rượu thủ công nhằm mục đích kinh doanh được quy định thế nào?",
  "metrics": {
    "mrr": 0.5,
    "map": 0.25,
    "p@1": 0.0,
    "r@1": 0.0,
    "ndcg@1": 0.0,
    "p@5": 0.2,
    "r@5": 0.5,
    "ndcg@5": 0.38685280723454163,
    "p@10": 0.1,
    "r@10": 0.5,
    "ndcg@10": 0.38685280723454163
  },
  "retrieved": [
    11882,
    11880,
    11876,
    11904,
    11885,
    11900,
    11889,
    11897,
    11901,
    11887
  ]
}