{
  "qid": 39294,
  "query": "Ai có quyền thăng cấp bậc quân hàm đối với hạ sĩ quan dự bị?",
  "metrics": {
    "mrr": 0.25,
    "map": 0.25,
    "p@1": 0.0,
    "r@1": 0.0,
    "ndcg@1": 0.0,
    "p@5": 0.2,
    "r@5": 1.0,
    "ndcg@5": 0.43067655807339306,
    "p@10": 0.1,
    "r@10": 1.0,
    "ndcg@10": 0.43067655807339306
  },
  "retrieved": [
    7340,
    7334,
    7330,
    7332,
    7335,
    7329,
    7331,
    7328,
    7341,
    7336
  ]
}