{
  "qid": 39305,
  "query": "Văn phòng giám định tư pháp có được tiếp nhận yêu cầu giám định đối với di vật hay không?",
  "metrics": {
    "mrr": 0.2,
    "map": 0.2,
    "p@1": 0.0,
    "r@1": 0.0,
    "ndcg@1": 0.0,
    "p@5": 0.2,
    "r@5": 1.0,
    "ndcg@5": 0.38685280723454163,
    "p@10": 0.1,
    "r@10": 1.0,
    "ndcg@10": 0.38685280723454163
  },
  "retrieved": [
    3665,
    2665,
    2662,
    8909,
    2664,
    4009,
    7928,
    2666,
    7919,
    2670
  ]
}