{
  "qid": 39306,
  "query": "Giao nhận hồ sơ yêu cầu giám định tư pháp đối với di vật có lập thành văn bản không?",
  "metrics": {
    "mrr": 0.3333333333333333,
    "map": 0.3333333333333333,
    "p@1": 0.0,
    "r@1": 0.0,
    "ndcg@1": 0.0,
    "p@5": 0.2,
    "r@5": 1.0,
    "ndcg@5": 0.5,
    "p@10": 0.1,
    "r@10": 1.0,
    "ndcg@10": 0.5
  },
  "retrieved": [
    3665,
    2662,
    2665,
    8909,
    1009,
    3664,
    7928,
    2666,
    6114,
    7968
  ]
}