{
  "qid": 39371,
  "query": "Cơ quan nào có thẩm quyền cấp Giấy phép kinh doanh vận tải bằng xe ô tô?",
  "metrics": {
    "mrr": 0.5,
    "map": 0.5,
    "p@1": 0.0,
    "r@1": 0.0,
    "ndcg@1": 0.0,
    "p@5": 0.2,
    "r@5": 1.0,
    "ndcg@5": 0.6309297535714575,
    "p@10": 0.1,
    "r@10": 1.0,
    "ndcg@10": 0.6309297535714575
  },
  "retrieved": [
    13135,
    13143,
    10326,
    13129,
    13137,
    13148,
    13162,
    13156,
    13160,
    13127
  ]
}