{
  "qid": 39408,
  "query": "Nhân sự tại các tòa chuyên trách do ai quyết định?",
  "metrics": {
    "mrr": 0.5,
    "map": 0.5,
    "p@1": 0.0,
    "r@1": 0.0,
    "ndcg@1": 0.0,
    "p@5": 0.2,
    "r@5": 1.0,
    "ndcg@5": 0.6309297535714575,
    "p@10": 0.1,
    "r@10": 1.0,
    "ndcg@10": 0.6309297535714575
  },
  "retrieved": [
    869,
    870,
    867,
    871,
    866,
    868,
    10823,
    10859,
    10945,
    2516
  ]
}