{
  "qid": 39869,
  "query": "Tiêu chuẩn, điều kiện bổ nhiệm viên chức quản lý ra sao?",
  "metrics": {
    "mrr": 0.5,
    "map": 0.5,
    "p@1": 0.0,
    "r@1": 0.0,
    "ndcg@1": 0.0,
    "p@5": 0.2,
    "r@5": 1.0,
    "ndcg@5": 0.6309297535714575,
    "p@10": 0.1,
    "r@10": 1.0,
    "ndcg@10": 0.6309297535714575
  },
  "retrieved": [
    2334,
    14251,
    14250,
    2357,
    14256,
    14257,
    14258,
    670,
    14210,
    14260
  ]
}