{
  "qid": 40009,
  "query": "Cơ quan nào có thẩm quyền cấp bổ sung giấy phép bán lẻ rượu?",
  "metrics": {
    "mrr": 0.5,
    "map": 0.5,
    "p@1": 0.0,
    "r@1": 0.0,
    "ndcg@1": 0.0,
    "p@5": 0.2,
    "r@5": 1.0,
    "ndcg@5": 0.6309297535714575,
    "p@10": 0.1,
    "r@10": 1.0,
    "ndcg@10": 0.6309297535714575
  },
  "retrieved": [
    11890,
    11897,
    11911,
    11904,
    11893,
    11888,
    11901,
    11887,
    11885,
    11896
  ]
}