{
  "qid": 40021,
  "query": "Phụ cấp trách nhiệm đối cán bộ, viên chức y tế chuyên trách đỡ đẻ ở các trạm sẽ được chi trả khi nào?",
  "metrics": {
    "mrr": 0.14285714285714285,
    "map": 0.14285714285714285,
    "p@1": 0.0,
    "r@1": 0.0,
    "ndcg@1": 0.0,
    "p@5": 0.0,
    "r@5": 0.0,
    "ndcg@5": 0.0,
    "p@10": 0.1,
    "r@10": 1.0,
    "ndcg@10": 0.3333333333333333
  },
  "retrieved": [
    663,
    14475,
    14265,
    1686,
    7560,
    7142,
    1685,
    664,
    4526,
    8124
  ]
}