{
  "qid": 4003,
  "query": "Trong việc thẩm định chương trình đào tạo của trường trung cấp nghề cơ quan ngang Bộ có trách nhiệm như thế nào?",
  "metrics": {
    "mrr": 0.3333333333333333,
    "map": 0.3333333333333333,
    "p@1": 0.0,
    "r@1": 0.0,
    "ndcg@1": 0.0,
    "p@5": 0.2,
    "r@5": 1.0,
    "ndcg@5": 0.5,
    "p@10": 0.1,
    "r@10": 1.0,
    "ndcg@10": 0.5
  },
  "retrieved": [
    9842,
    9838,
    3351,
    3350,
    3336,
    9871,
    9870,
    11534,
    3348,
    3338
  ]
}