{
  "qid": 40053,
  "query": "Giáo viên dự bị đại học có mã số chức danh nghề nghiệp như thế nào?",
  "metrics": {
    "mrr": 0.3333333333333333,
    "map": 0.3333333333333333,
    "p@1": 0.0,
    "r@1": 0.0,
    "ndcg@1": 0.0,
    "p@5": 0.2,
    "r@5": 1.0,
    "ndcg@5": 0.5,
    "p@10": 0.1,
    "r@10": 1.0,
    "ndcg@10": 0.5
  },
  "retrieved": [
    7726,
    7724,
    6562,
    6563,
    8457,
    7782,
    8458,
    1539,
    6460,
    8623
  ]
}