{
  "qid": 40376,
  "query": "Hội đồng đấu giá tài sản thành lập nhằm mục đích gì?",
  "metrics": {
    "mrr": 0.3333333333333333,
    "map": 0.3333333333333333,
    "p@1": 0.0,
    "r@1": 0.0,
    "ndcg@1": 0.0,
    "p@5": 0.2,
    "r@5": 1.0,
    "ndcg@5": 0.5,
    "p@10": 0.1,
    "r@10": 1.0,
    "ndcg@10": 0.5
  },
  "retrieved": [
    762,
    749,
    747,
    750,
    748,
    732,
    741,
    706,
    731,
    723
  ]
}