{
  "qid": 40489,
  "query": "Việc quyết định cho viên chức thôi giữ chức vụ quản lý phải được tổng số thành viên tập thể lãnh đạo đồng ý trên bao nhiêu phần trăm?",
  "metrics": {
    "mrr": 0.3333333333333333,
    "map": 0.3333333333333333,
    "p@1": 0.0,
    "r@1": 0.0,
    "ndcg@1": 0.0,
    "p@5": 0.2,
    "r@5": 1.0,
    "ndcg@5": 0.5,
    "p@10": 0.1,
    "r@10": 1.0,
    "ndcg@10": 0.5
  },
  "retrieved": [
    14258,
    14259,
    14261,
    14253,
    14252,
    2360,
    14262,
    2334,
    14254,
    1159
  ]
}