{
  "qid": 40569,
  "query": "Công chức cấp huyện bị xử lý kỷ luật buộc thôi việc trái pháp luật phục hồi danh dự bằng hình thức nào?",
  "metrics": {
    "mrr": 0.3333333333333333,
    "map": 0.3333333333333333,
    "p@1": 0.0,
    "r@1": 0.0,
    "ndcg@1": 0.0,
    "p@5": 0.2,
    "r@5": 1.0,
    "ndcg@5": 0.5,
    "p@10": 0.1,
    "r@10": 1.0,
    "ndcg@10": 0.5
  },
  "retrieved": [
    12723,
    13779,
    12748,
    13747,
    3868,
    8170,
    317,
    12709,
    10508,
    13753
  ]
}