{
  "qid": 40659,
  "query": "Hoạt động của tổ chức hỗ trợ nghiên cứu bị kiểm tra bởi cơ quan nào?",
  "metrics": {
    "mrr": 0.5,
    "map": 0.5,
    "p@1": 0.0,
    "r@1": 0.0,
    "ndcg@1": 0.0,
    "p@5": 0.2,
    "r@5": 1.0,
    "ndcg@5": 0.6309297535714575,
    "p@10": 0.1,
    "r@10": 1.0,
    "ndcg@10": 0.6309297535714575
  },
  "retrieved": [
    8290,
    8305,
    8298,
    8289,
    8303,
    8292,
    8291,
    8297,
    8288,
    8302
  ]
}