{
  "qid": 41001,
  "query": "Lễ đưa tang và xe tang của Lễ tang cấp cao được quy định như thế nào?",
  "metrics": {
    "mrr": 0.5,
    "map": 0.5,
    "p@1": 0.0,
    "r@1": 0.0,
    "ndcg@1": 0.0,
    "p@5": 0.2,
    "r@5": 1.0,
    "ndcg@5": 0.6309297535714575,
    "p@10": 0.1,
    "r@10": 1.0,
    "ndcg@10": 0.6309297535714575
  },
  "retrieved": [
    11765,
    11793,
    11766,
    11761,
    11776,
    11767,
    11794,
    11753,
    11768,
    11803
  ]
}