{
  "qid": 41129,
  "query": "Quy định về cách xếp lương chức danh nghề nghiệp đối với viên chức chuyên ngành thư viện?",
  "metrics": {
    "mrr": 0.1111111111111111,
    "map": 0.1111111111111111,
    "p@1": 0.0,
    "r@1": 0.0,
    "ndcg@1": 0.0,
    "p@5": 0.0,
    "r@5": 0.0,
    "ndcg@5": 0.0,
    "p@10": 0.1,
    "r@10": 1.0,
    "ndcg@10": 0.3010299956639812
  },
  "retrieved": [
    14249,
    8453,
    3466,
    8605,
    14270,
    6463,
    8457,
    6458,
    1536,
    6460
  ]
}