{
  "qid": 41223,
  "query": "Cảnh sát môi trường được xử phạt vi phạm hành chính về những lĩnh vực nào?",
  "metrics": {
    "mrr": 0.25,
    "map": 0.25,
    "p@1": 0.0,
    "r@1": 0.0,
    "ndcg@1": 0.0,
    "p@5": 0.2,
    "r@5": 1.0,
    "ndcg@5": 0.43067655807339306,
    "p@10": 0.1,
    "r@10": 1.0,
    "ndcg@10": 0.43067655807339306
  },
  "retrieved": [
    11837,
    11829,
    11830,
    11832,
    11835,
    11827,
    11836,
    11825,
    11824,
    11828
  ]
}