{
  "qid": 4139,
  "query": "Công ty Quản lý tài sản của các tổ chức tín dụng Việt Nam chỉ được sử dụng vốn để đầu tư ra ngoài dưới các hình thức nào?",
  "metrics": {
    "mrr": 0.3333333333333333,
    "map": 0.3333333333333333,
    "p@1": 0.0,
    "r@1": 0.0,
    "ndcg@1": 0.0,
    "p@5": 0.2,
    "r@5": 1.0,
    "ndcg@5": 0.5,
    "p@10": 0.1,
    "r@10": 1.0,
    "ndcg@10": 0.5
  },
  "retrieved": [
    9930,
    4079,
    934,
    9549,
    751,
    2975,
    3354,
    935,
    7360,
    13052
  ]
}