{
  "qid": 41628,
  "query": "Đấu giá tài sản công được thực hiện theo nguyên tắc nào?",
  "metrics": {
    "mrr": 0.3333333333333333,
    "map": 0.3333333333333333,
    "p@1": 0.0,
    "r@1": 0.0,
    "ndcg@1": 0.0,
    "p@5": 0.2,
    "r@5": 1.0,
    "ndcg@5": 0.5,
    "p@10": 0.1,
    "r@10": 1.0,
    "ndcg@10": 0.5
  },
  "retrieved": [
    748,
    747,
    693,
    749,
    762,
    750,
    732,
    731,
    706,
    741
  ]
}