{
  "qid": 42026,
  "query": "Cơ quan nào có thẩm quyền thay đổi thời gian làm việc tại cửa khẩu phụ?",
  "metrics": {
    "mrr": 0.2,
    "map": 0.2,
    "p@1": 0.0,
    "r@1": 0.0,
    "ndcg@1": 0.0,
    "p@5": 0.2,
    "r@5": 1.0,
    "ndcg@5": 0.38685280723454163,
    "p@10": 0.1,
    "r@10": 1.0,
    "ndcg@10": 0.38685280723454163
  },
  "retrieved": [
    9682,
    13712,
    9683,
    13709,
    13708,
    13704,
    9687,
    13711,
    13710,
    9681
  ]
}