{
  "qid": 42236,
  "query": "Công chức bị khởi tố thì có bị xử lý kỷ luật không?",
  "metrics": {
    "mrr": 0.25,
    "map": 0.25,
    "p@1": 0.0,
    "r@1": 0.0,
    "ndcg@1": 0.0,
    "p@5": 0.2,
    "r@5": 1.0,
    "ndcg@5": 0.43067655807339306,
    "p@10": 0.1,
    "r@10": 1.0,
    "ndcg@10": 0.43067655807339306
  },
  "retrieved": [
    13764,
    13779,
    1747,
    13743,
    13744,
    990,
    1702,
    13745,
    10494,
    13765
  ]
}