{
  "qid": 42436,
  "query": "Cơ quan nào có thẩm quyền quyết định tặng danh hiệu thi đua hình thức khen thưởng trong ngành xây dựng?",
  "metrics": {
    "mrr": 0.3333333333333333,
    "map": 0.3333333333333333,
    "p@1": 0.0,
    "r@1": 0.0,
    "ndcg@1": 0.0,
    "p@5": 0.2,
    "r@5": 1.0,
    "ndcg@5": 0.5,
    "p@10": 0.1,
    "r@10": 1.0,
    "ndcg@10": 0.5
  },
  "retrieved": [
    5605,
    7706,
    6286,
    2083,
    7845,
    2103,
    8861,
    5604,
    5586,
    3485
  ]
}