{
  "qid": 42435,
  "query": "Thành phần Hội đồng Thi đua khen thưởng Bộ Xây dựng gồm những ai?",
  "metrics": {
    "mrr": 0.25,
    "map": 0.25,
    "p@1": 0.0,
    "r@1": 0.0,
    "ndcg@1": 0.0,
    "p@5": 0.2,
    "r@5": 1.0,
    "ndcg@5": 0.43067655807339306,
    "p@10": 0.1,
    "r@10": 1.0,
    "ndcg@10": 0.43067655807339306
  },
  "retrieved": [
    5615,
    8864,
    5617,
    6288,
    8755,
    2096,
    3492,
    7863,
    7867,
    3493
  ]
}