{
  "qid": 42443,
  "query": "Xử phạt đối với hành vi sử dụng đất nông nghiệp không đúng mục đích để làm vàng sa khoáng như thế nào?",
  "metrics": {
    "mrr": 0.16666666666666666,
    "map": 0.16666666666666666,
    "p@1": 0.0,
    "r@1": 0.0,
    "ndcg@1": 0.0,
    "p@5": 0.0,
    "r@5": 0.0,
    "ndcg@5": 0.0,
    "p@10": 0.1,
    "r@10": 1.0,
    "ndcg@10": 0.3562071871080222
  },
  "retrieved": [
    11105,
    11106,
    11119,
    11120,
    3298,
    11102,
    11110,
    11117,
    3290,
    11116
  ]
}