{
  "qid": 43138,
  "query": "Lời nhận tội của bị can, bị cáo có được xem là chứng cứ trong vụ án hình sự hay không?",
  "metrics": {
    "mrr": 0.5,
    "map": 0.5,
    "p@1": 0.0,
    "r@1": 0.0,
    "ndcg@1": 0.0,
    "p@5": 0.2,
    "r@5": 1.0,
    "ndcg@5": 0.6309297535714575,
    "p@10": 0.1,
    "r@10": 1.0,
    "ndcg@10": 0.6309297535714575
  },
  "retrieved": [
    10803,
    10575,
    3560,
    6686,
    10737,
    10776,
    10799,
    10562,
    10736,
    10503
  ]
}