{
  "qid": 43361,
  "query": "Đại hội đại biểu các dân tộc thiểu số được tổ chức định kỳ mấy năm một lần?",
  "metrics": {
    "mrr": 0.5,
    "map": 0.5,
    "p@1": 0.0,
    "r@1": 0.0,
    "ndcg@1": 0.0,
    "p@5": 0.2,
    "r@5": 1.0,
    "ndcg@5": 0.6309297535714575,
    "p@10": 0.1,
    "r@10": 1.0,
    "ndcg@10": 0.6309297535714575
  },
  "retrieved": [
    520,
    4743,
    516,
    518,
    5642,
    2093,
    519,
    8217,
    3929,
    8187
  ]
}