{
  "qid": 43367,
  "query": "Có được dùng ngựa hoang để tham gia đua ngựa không?",
  "metrics": {
    "mrr": 0.2,
    "map": 0.2,
    "p@1": 0.0,
    "r@1": 0.0,
    "ndcg@1": 0.0,
    "p@5": 0.2,
    "r@5": 1.0,
    "ndcg@5": 0.38685280723454163,
    "p@10": 0.1,
    "r@10": 1.0,
    "ndcg@10": 0.38685280723454163
  },
  "retrieved": [
    6487,
    6488,
    11029,
    6490,
    6489,
    6537,
    6493,
    11030,
    6491,
    6494
  ]
}