{
  "qid": 43499,
  "query": "Không cứu giúp người bị tai nạn giao thông thì bị phạt hành chính như thế nào?",
  "metrics": {
    "mrr": 0.16666666666666666,
    "map": 0.16666666666666666,
    "p@1": 0.0,
    "r@1": 0.0,
    "ndcg@1": 0.0,
    "p@5": 0.0,
    "r@5": 0.0,
    "ndcg@5": 0.0,
    "p@10": 0.1,
    "r@10": 1.0,
    "ndcg@10": 0.3562071871080222
  },
  "retrieved": [
    10346,
    8115,
    10350,
    10356,
    10354,
    10309,
    10347,
    8111,
    8114,
    10352
  ]
}