{
  "qid": 43522,
  "query": "Thanh tra Sở Lao động Thương binh và Xã hội tỉnh có chức năng gì?",
  "metrics": {
    "mrr": 0.3333333333333333,
    "map": 0.3333333333333333,
    "p@1": 0.0,
    "r@1": 0.0,
    "ndcg@1": 0.0,
    "p@5": 0.2,
    "r@5": 1.0,
    "ndcg@5": 0.5,
    "p@10": 0.1,
    "r@10": 1.0,
    "ndcg@10": 0.5
  },
  "retrieved": [
    13372,
    13393,
    13376,
    13396,
    13401,
    13383,
    13373,
    13392,
    13375,
    9336
  ]
}