{
  "qid": 43604,
  "query": "Hệ thống định mức xây dựng bao gồm những gì?",
  "metrics": {
    "mrr": 0.5,
    "map": 0.5,
    "p@1": 0.0,
    "r@1": 0.0,
    "ndcg@1": 0.0,
    "p@5": 0.2,
    "r@5": 1.0,
    "ndcg@5": 0.6309297535714575,
    "p@10": 0.1,
    "r@10": 1.0,
    "ndcg@10": 0.6309297535714575
  },
  "retrieved": [
    13243,
    13242,
    6435,
    13244,
    13266,
    5180,
    6434,
    5487,
    13235,
    13265
  ]
}