{
  "qid": 43638,
  "query": "Lái xe máy kéo vi phạm quy định về bảo vệ môi trường khi tham gia giao thông thì bị xử phạt thế nào?",
  "metrics": {
    "mrr": 0.16666666666666666,
    "map": 0.16666666666666666,
    "p@1": 0.0,
    "r@1": 0.0,
    "ndcg@1": 0.0,
    "p@5": 0.0,
    "r@5": 0.0,
    "ndcg@5": 0.0,
    "p@10": 0.1,
    "r@10": 1.0,
    "ndcg@10": 0.3562071871080222
  },
  "retrieved": [
    10320,
    10309,
    10332,
    10308,
    10328,
    10318,
    10331,
    10306,
    10342,
    10322
  ]
}