{
  "qid": 43805,
  "query": "Tờ hướng dẫn sử dụng thuốc là gì?",
  "metrics": {
    "mrr": 0.16666666666666666,
    "map": 0.16666666666666666,
    "p@1": 0.0,
    "r@1": 0.0,
    "ndcg@1": 0.0,
    "p@5": 0.0,
    "r@5": 0.0,
    "ndcg@5": 0.0,
    "p@10": 0.1,
    "r@10": 1.0,
    "ndcg@10": 0.3562071871080222
  },
  "retrieved": [
    1128,
    1125,
    1105,
    1095,
    1127,
    1093,
    7618,
    1096,
    1094,
    1126
  ]
}