{
  "qid": 43806,
  "query": "Tờ hướng dẫn sử dụng thuốc bao gồm những nội dung nào?",
  "metrics": {
    "mrr": 0.14285714285714285,
    "map": 0.14285714285714285,
    "p@1": 0.0,
    "r@1": 0.0,
    "ndcg@1": 0.0,
    "p@5": 0.0,
    "r@5": 0.0,
    "ndcg@5": 0.0,
    "p@10": 0.1,
    "r@10": 1.0,
    "ndcg@10": 0.3333333333333333
  },
  "retrieved": [
    1128,
    1125,
    1095,
    1105,
    1127,
    7618,
    1102,
    1103,
    11136,
    14605
  ]
}