{
  "qid": 43879,
  "query": "Phòng giao dịch của tổ chức tài chính vi mô chấm dứt hoạt động, giải thể trong những trường hợp nào?",
  "metrics": {
    "mrr": 0.5,
    "map": 0.5,
    "p@1": 0.0,
    "r@1": 0.0,
    "ndcg@1": 0.0,
    "p@5": 0.2,
    "r@5": 1.0,
    "ndcg@5": 0.6309297535714575,
    "p@10": 0.1,
    "r@10": 1.0,
    "ndcg@10": 0.6309297535714575
  },
  "retrieved": [
    10087,
    10082,
    10083,
    10061,
    10085,
    10059,
    10058,
    10101,
    10095,
    10084
  ]
}