{
  "qid": 43944,
  "query": "Nguyên tắc tiến hành tố tụng đối với người dưới 18 tuổi được quy định như thế nào?",
  "metrics": {
    "mrr": 0.3333333333333333,
    "map": 0.3333333333333333,
    "p@1": 0.0,
    "r@1": 0.0,
    "ndcg@1": 0.0,
    "p@5": 0.2,
    "r@5": 1.0,
    "ndcg@5": 0.5,
    "p@10": 0.1,
    "r@10": 1.0,
    "ndcg@10": 0.5
  },
  "retrieved": [
    6695,
    6698,
    10890,
    6701,
    6700,
    6699,
    10544,
    6692,
    10892,
    6693
  ]
}