{
  "qid": 44032,
  "query": "Hồ sơ gốc và hồ sơ bổ sung hàng năm của giáo viên được quy định như thế nào?",
  "metrics": {
    "mrr": 0.5,
    "map": 0.5,
    "p@1": 0.0,
    "r@1": 0.0,
    "ndcg@1": 0.0,
    "p@5": 0.2,
    "r@5": 1.0,
    "ndcg@5": 0.6309297535714575,
    "p@10": 0.1,
    "r@10": 1.0,
    "ndcg@10": 0.6309297535714575
  },
  "retrieved": [
    7807,
    7805,
    7814,
    7799,
    7816,
    7811,
    8220,
    12153,
    11360,
    4556
  ]
}