{
  "qid": 44114,
  "query": "Những cơ quan nào có trách nhiệm cung cấp thông tin lý lịch tư pháp cho cơ quan quản lý cơ sở dữ liệu lý lịch tư pháp?",
  "metrics": {
    "mrr": 0.25,
    "map": 0.25,
    "p@1": 0.0,
    "r@1": 0.0,
    "ndcg@1": 0.0,
    "p@5": 0.2,
    "r@5": 1.0,
    "ndcg@5": 0.43067655807339306,
    "p@10": 0.1,
    "r@10": 1.0,
    "ndcg@10": 0.43067655807339306
  },
  "retrieved": [
    6111,
    6083,
    6080,
    13467,
    6084,
    6085,
    6081,
    13471,
    3997,
    13484
  ]
}