{
  "qid": 44254,
  "query": "Chủ thể nào có quyền ủy thác điều tra vụ án hình sự?",
  "metrics": {
    "mrr": 0.5,
    "map": 0.5,
    "p@1": 0.0,
    "r@1": 0.0,
    "ndcg@1": 0.0,
    "p@5": 0.2,
    "r@5": 1.0,
    "ndcg@5": 0.6309297535714575,
    "p@10": 0.1,
    "r@10": 1.0,
    "ndcg@10": 0.6309297535714575
  },
  "retrieved": [
    10638,
    10513,
    3569,
    10641,
    10636,
    10633,
    10630,
    10631,
    10642,
    10632
  ]
}