{
  "qid": 44375,
  "query": "Đầu tư xây dựng và kinh doanh kết cấu hạ tầng khu công nghiệp, khu chế xuất, khu công nghệ cao và khu kinh tế được quy định như thế nào?",
  "metrics": {
    "mrr": 0.5,
    "map": 0.5,
    "p@1": 0.0,
    "r@1": 0.0,
    "ndcg@1": 0.0,
    "p@5": 0.2,
    "r@5": 1.0,
    "ndcg@5": 0.6309297535714575,
    "p@10": 0.1,
    "r@10": 1.0,
    "ndcg@10": 0.6309297535714575
  },
  "retrieved": [
    14725,
    14717,
    14745,
    14724,
    14729,
    14733,
    6364,
    4329,
    14716,
    4324
  ]
}