{
  "qid": 44387,
  "query": "Thừa phát lại được quyền lập vi bằng ghi nhận sự kiện mà mình không trực tiếp chứng kiến không?",
  "metrics": {
    "mrr": 0.2,
    "map": 0.2,
    "p@1": 0.0,
    "r@1": 0.0,
    "ndcg@1": 0.0,
    "p@5": 0.2,
    "r@5": 1.0,
    "ndcg@5": 0.38685280723454163,
    "p@10": 0.1,
    "r@10": 1.0,
    "ndcg@10": 0.38685280723454163
  },
  "retrieved": [
    8965,
    8966,
    8928,
    5859,
    8963,
    8962,
    8967,
    5868,
    5858,
    8944
  ]
}