{
  "qid": 44481,
  "query": "Việc tạm giam được quy định như thế nào?",
  "metrics": {
    "mrr": 0.3333333333333333,
    "map": 0.3333333333333333,
    "p@1": 0.0,
    "r@1": 0.0,
    "ndcg@1": 0.0,
    "p@5": 0.2,
    "r@5": 1.0,
    "ndcg@5": 0.5,
    "p@10": 0.1,
    "r@10": 1.0,
    "ndcg@10": 0.5
  },
  "retrieved": [
    10649,
    10651,
    10596,
    10892,
    10717,
    10835,
    12710,
    10754,
    4436,
    10516
  ]
}