{
  "qid": 44778,
  "query": "Trường hợp sử dụng giấy phép lái xe hạng D đã hết hạn có bị xử phạt không?",
  "metrics": {
    "mrr": 0.5,
    "map": 0.5,
    "p@1": 0.0,
    "r@1": 0.0,
    "ndcg@1": 0.0,
    "p@5": 0.2,
    "r@5": 1.0,
    "ndcg@5": 0.6309297535714575,
    "p@10": 0.1,
    "r@10": 1.0,
    "ndcg@10": 0.6309297535714575
  },
  "retrieved": [
    10335,
    10319,
    10379,
    7113,
    7124,
    7120,
    7126,
    10325,
    10331,
    11437
  ]
}