{
  "qid": 44870,
  "query": "Sĩ quan quân đội trúng tuyển trong kỳ thi tuyển công chức cấp trung ương cần đạt bao nhiêu điểm ở vòng 2?",
  "metrics": {
    "mrr": 0.1111111111111111,
    "map": 0.1111111111111111,
    "p@1": 0.0,
    "r@1": 0.0,
    "ndcg@1": 0.0,
    "p@5": 0.0,
    "r@5": 0.0,
    "ndcg@5": 0.0,
    "p@10": 0.1,
    "r@10": 1.0,
    "ndcg@10": 0.3010299956639812
  },
  "retrieved": [
    2372,
    14213,
    2374,
    2375,
    9475,
    2368,
    2363,
    2373,
    14217,
    2364
  ]
}