{
  "qid": 44962,
  "query": "Điều kiện kinh doanh vận tải hành khách bằng xe ô tô?",
  "metrics": {
    "mrr": 0.3333333333333333,
    "map": 0.3333333333333333,
    "p@1": 0.0,
    "r@1": 0.0,
    "ndcg@1": 0.0,
    "p@5": 0.2,
    "r@5": 1.0,
    "ndcg@5": 0.5,
    "p@10": 0.1,
    "r@10": 1.0,
    "ndcg@10": 0.5
  },
  "retrieved": [
    13129,
    13137,
    13139,
    13130,
    13131,
    13159,
    13149,
    10326,
    13133,
    2825
  ]
}