{
  "qid": 45023,
  "query": "06 vấn đề Cơ quan tiến hành tố tụng phải chứng minh khi điều tra vụ án hình sự có bị cáo là cá nhân được quy định thế nào?",
  "metrics": {
    "mrr": 0.5,
    "map": 0.5,
    "p@1": 0.0,
    "r@1": 0.0,
    "ndcg@1": 0.0,
    "p@5": 0.2,
    "r@5": 1.0,
    "ndcg@5": 0.6309297535714575,
    "p@10": 0.1,
    "r@10": 1.0,
    "ndcg@10": 0.6309297535714575
  },
  "retrieved": [
    10803,
    10562,
    10911,
    12728,
    193,
    12727,
    6686,
    10522,
    10503,
    10763
  ]
}