{
  "qid": 45037,
  "query": "Trách nhiệm quản lý và quy trình vận hành đối với hệ thống thông tin của tổ chức hoạt động ngân hàng được quy định như thế nào?",
  "metrics": {
    "mrr": 0.5,
    "map": 0.5,
    "p@1": 0.0,
    "r@1": 0.0,
    "ndcg@1": 0.0,
    "p@5": 0.2,
    "r@5": 1.0,
    "ndcg@5": 0.6309297535714575,
    "p@10": 0.1,
    "r@10": 1.0,
    "ndcg@10": 0.6309297535714575
  },
  "retrieved": [
    10195,
    10210,
    10237,
    10455,
    10231,
    3386,
    3398,
    10159,
    10223,
    10436
  ]
}