{
  "qid": 45127,
  "query": "Mức hưởng trợ cấp thôi việc của viên chức được quy định như thế nào?",
  "metrics": {
    "mrr": 0.2,
    "map": 0.2,
    "p@1": 0.0,
    "r@1": 0.0,
    "ndcg@1": 0.0,
    "p@5": 0.2,
    "r@5": 1.0,
    "ndcg@5": 0.38685280723454163,
    "p@10": 0.1,
    "r@10": 1.0,
    "ndcg@10": 0.38685280723454163
  },
  "retrieved": [
    8122,
    8125,
    5012,
    8124,
    14265,
    9457,
    14099,
    14106,
    14107,
    11866
  ]
}