{
  "qid": 4528,
  "query": "Việc xây dựng cơ sở dữ liệu đất đai quốc gia phải đảm bảo những gì?",
  "metrics": {
    "mrr": 0.5,
    "map": 0.5,
    "p@1": 0.0,
    "r@1": 0.0,
    "ndcg@1": 0.0,
    "p@5": 0.2,
    "r@5": 1.0,
    "ndcg@5": 0.6309297535714575,
    "p@10": 0.1,
    "r@10": 1.0,
    "ndcg@10": 0.6309297535714575
  },
  "retrieved": [
    5399,
    5400,
    5397,
    5396,
    5475,
    5477,
    12799,
    5476,
    12803,
    12801
  ]
}