{
  "qid": 45509,
  "query": "Nội dung thẩm định hoặc có ý kiến về công nghệ trong giai đoạn xem xét quyết định đầu tư được quy định như thế nào?",
  "metrics": {
    "mrr": 0.3333333333333333,
    "map": 0.3333333333333333,
    "p@1": 0.0,
    "r@1": 0.0,
    "ndcg@1": 0.0,
    "p@5": 0.2,
    "r@5": 1.0,
    "ndcg@5": 0.5,
    "p@10": 0.1,
    "r@10": 1.0,
    "ndcg@10": 0.5
  },
  "retrieved": [
    7511,
    7504,
    7510,
    7505,
    7508,
    7509,
    7506,
    8272,
    7519,
    8532
  ]
}