{
  "qid": 45515,
  "query": "Muốn trở thành đấu giá viên thì bắt buộc phải tham gia khóa đào tạo nghề đấu giá đúng không?",
  "metrics": {
    "mrr": 0.25,
    "map": 0.25,
    "p@1": 0.0,
    "r@1": 0.0,
    "ndcg@1": 0.0,
    "p@5": 0.2,
    "r@5": 1.0,
    "ndcg@5": 0.43067655807339306,
    "p@10": 0.1,
    "r@10": 1.0,
    "ndcg@10": 0.43067655807339306
  },
  "retrieved": [
    764,
    6568,
    700,
    697,
    6566,
    698,
    6565,
    6564,
    696,
    705
  ]
}