{
  "qid": 45599,
  "query": "Viên chức quản lý có được bổ nhiệm lại sau khi hết thời hạn giữ chức vụ bổ nhiệm không?",
  "metrics": {
    "mrr": 0.25,
    "map": 0.25,
    "p@1": 0.0,
    "r@1": 0.0,
    "ndcg@1": 0.0,
    "p@5": 0.2,
    "r@5": 1.0,
    "ndcg@5": 0.43067655807339306,
    "p@10": 0.1,
    "r@10": 1.0,
    "ndcg@10": 0.43067655807339306
  },
  "retrieved": [
    2334,
    2357,
    670,
    14256,
    14258,
    14254,
    14492,
    14260,
    14250,
    14251
  ]
}