{
  "qid": 45699,
  "query": "Vứt bỏ lưới đánh cá xuống vùng nước tự nhiên thì ngư dân có thể bị phạt hành chính bao nhiêu tiền?",
  "metrics": {
    "mrr": 0.25,
    "map": 0.25,
    "p@1": 0.0,
    "r@1": 0.0,
    "ndcg@1": 0.0,
    "p@5": 0.2,
    "r@5": 1.0,
    "ndcg@5": 0.43067655807339306,
    "p@10": 0.1,
    "r@10": 1.0,
    "ndcg@10": 0.43067655807339306
  },
  "retrieved": [
    14180,
    14198,
    14545,
    12022,
    4637,
    14905,
    4604,
    11123,
    3298,
    3301
  ]
}