{
  "qid": 45945,
  "query": "Có thể nộp hồ sơ đề nghị thay đổi tên chi nhánh của tổ chức tài chính vi mô theo những hình thức nào?",
  "metrics": {
    "mrr": 0.14285714285714285,
    "map": 0.14285714285714285,
    "p@1": 0.0,
    "r@1": 0.0,
    "ndcg@1": 0.0,
    "p@5": 0.0,
    "r@5": 0.0,
    "ndcg@5": 0.0,
    "p@10": 0.1,
    "r@10": 1.0,
    "ndcg@10": 0.3333333333333333
  },
  "retrieved": [
    13005,
    13013,
    13008,
    13009,
    13015,
    13014,
    5634,
    10084,
    10075,
    10093
  ]
}