{
  "qid": 46038,
  "query": "Cách chi trả phụ cấp trách nhiệm công việc giám định tư pháp đối với giám định viên kỹ thuật hình sự thế nào?",
  "metrics": {
    "mrr": 0.3333333333333333,
    "map": 0.3666666666666667,
    "p@1": 0.0,
    "r@1": 0.0,
    "ndcg@1": 0.0,
    "p@5": 0.4,
    "r@5": 1.0,
    "ndcg@5": 0.5437713091520254,
    "p@10": 0.2,
    "r@10": 1.0,
    "ndcg@10": 0.5437713091520254
  },
  "retrieved": [
    1682,
    1684,
    1686,
    339,
    1685,
    4002,
    7560,
    340,
    344,
    1683
  ]
}