{
  "qid": 46051,
  "query": "Chức danh kế toán trưởng có cần phải có chứng chỉ kế toán viên hay không?",
  "metrics": {
    "mrr": 0.14285714285714285,
    "map": 0.14285714285714285,
    "p@1": 0.0,
    "r@1": 0.0,
    "ndcg@1": 0.0,
    "p@5": 0.0,
    "r@5": 0.0,
    "ndcg@5": 0.0,
    "p@10": 0.1,
    "r@10": 1.0,
    "ndcg@10": 0.3333333333333333
  },
  "retrieved": [
    9145,
    4395,
    9143,
    9144,
    2896,
    9142,
    2893,
    9146,
    9147,
    2862
  ]
}