{
  "qid": 46078,
  "query": "Khung chương trình đào tạo kiến thức pháp luật về bán hàng đa cấp phải đảm bảo các nội dung nào?",
  "metrics": {
    "mrr": 0.5,
    "map": 0.5,
    "p@1": 0.0,
    "r@1": 0.0,
    "ndcg@1": 0.0,
    "p@5": 0.2,
    "r@5": 1.0,
    "ndcg@5": 0.6309297535714575,
    "p@10": 0.1,
    "r@10": 1.0,
    "ndcg@10": 0.6309297535714575
  },
  "retrieved": [
    12943,
    12945,
    12950,
    12949,
    12947,
    12944,
    12946,
    2250,
    12948,
    4507
  ]
}