{
  "qid": 46191,
  "query": "Cán bộ có những hành vi như thế nào sẽ bị xem xét xử lý kỷ luật?",
  "metrics": {
    "mrr": 0.5,
    "map": 0.5,
    "p@1": 0.0,
    "r@1": 0.0,
    "ndcg@1": 0.0,
    "p@5": 0.2,
    "r@5": 1.0,
    "ndcg@5": 0.6309297535714575,
    "p@10": 0.1,
    "r@10": 1.0,
    "ndcg@10": 0.6309297535714575
  },
  "retrieved": [
    13778,
    13746,
    13744,
    13749,
    13775,
    8226,
    13741,
    11009,
    13771,
    13781
  ]
}