{
  "qid": 46356,
  "query": "Để được công nhận tiến bộ kỹ thuật về sản phẩm nông nghiệp cần đáp ứng những tiêu chí nào?",
  "metrics": {
    "mrr": 0.3333333333333333,
    "map": 0.3333333333333333,
    "p@1": 0.0,
    "r@1": 0.0,
    "ndcg@1": 0.0,
    "p@5": 0.2,
    "r@5": 1.0,
    "ndcg@5": 0.5,
    "p@10": 0.1,
    "r@10": 1.0,
    "ndcg@10": 0.5
  },
  "retrieved": [
    7543,
    4377,
    4380,
    6790,
    14320,
    4387,
    6201,
    4385,
    6789,
    7501
  ]
}