{
  "qid": 4655,
  "query": "Viên chức tập sự làm việc tại vùng có điều kiện kinh tế - xã hội đặc biệt khó khăn được hưởng những quyền lợi gì?",
  "metrics": {
    "mrr": 0.25,
    "map": 0.25,
    "p@1": 0.0,
    "r@1": 0.0,
    "ndcg@1": 0.0,
    "p@5": 0.2,
    "r@5": 1.0,
    "ndcg@5": 0.43067655807339306,
    "p@10": 0.1,
    "r@10": 1.0,
    "ndcg@10": 0.43067655807339306
  },
  "retrieved": [
    4524,
    8118,
    8124,
    14230,
    8122,
    3868,
    11014,
    6460,
    11499,
    8120
  ]
}