{
  "qid": 46562,
  "query": "Công chức lãnh đạo, quản lý có thể bị xem xét miễn nhiệm trong những trường hợp nào?",
  "metrics": {
    "mrr": 0.1111111111111111,
    "map": 0.1111111111111111,
    "p@1": 0.0,
    "r@1": 0.0,
    "ndcg@1": 0.0,
    "p@5": 0.0,
    "r@5": 0.0,
    "ndcg@5": 0.0,
    "p@10": 0.1,
    "r@10": 1.0,
    "ndcg@10": 0.3010299956639812
  },
  "retrieved": [
    2360,
    14256,
    2334,
    9465,
    14260,
    14263,
    2356,
    2335,
    14262,
    2357
  ]
}