{
  "qid": 46651,
  "query": "Trình tự, thủ tục áp dụng biện pháp cách ly y tế tại nhà được pháp luật quy định như thế nào?",
  "metrics": {
    "mrr": 0.14285714285714285,
    "map": 0.14285714285714285,
    "p@1": 0.0,
    "r@1": 0.0,
    "ndcg@1": 0.0,
    "p@5": 0.0,
    "r@5": 0.0,
    "ndcg@5": 0.0,
    "p@10": 0.1,
    "r@10": 1.0,
    "ndcg@10": 0.3333333333333333
  },
  "retrieved": [
    10422,
    10424,
    10425,
    14552,
    10414,
    10426,
    10415,
    10416,
    10420,
    10417
  ]
}