{
  "qid": 46659,
  "query": "Ai có quyền tạm ngừng nhập khẩu vật thể thuộc diện kiểm dịch thực vật?",
  "metrics": {
    "mrr": 0.3333333333333333,
    "map": 0.3333333333333333,
    "p@1": 0.0,
    "r@1": 0.0,
    "ndcg@1": 0.0,
    "p@5": 0.2,
    "r@5": 1.0,
    "ndcg@5": 0.5,
    "p@10": 0.1,
    "r@10": 1.0,
    "ndcg@10": 0.5
  },
  "retrieved": [
    14305,
    14303,
    14304,
    14301,
    14294,
    5286,
    14302,
    5018,
    5024,
    5017
  ]
}