{
  "qid": 46732,
  "query": "Tổng cục Tiêu chuẩn Đo lường Chất lượng có không quá bao nhiêu Phó Tổng cục trưởng?",
  "metrics": {
    "mrr": 0.14285714285714285,
    "map": 0.14285714285714285,
    "p@1": 0.0,
    "r@1": 0.0,
    "ndcg@1": 0.0,
    "p@5": 0.0,
    "r@5": 0.0,
    "ndcg@5": 0.0,
    "p@10": 0.1,
    "r@10": 1.0,
    "ndcg@10": 0.3333333333333333
  },
  "retrieved": [
    8806,
    8804,
    12790,
    7082,
    11070,
    2339,
    8807,
    13019,
    7081,
    14531
  ]
}