{
  "qid": 46830,
  "query": "Để tra cứu thuê bao điện thoại cố định thì người sử dụng dịch vụ viễn thông cần liên hệ theo số máy dịch vụ nào?",
  "metrics": {
    "mrr": 1.0,
    "map": 0.6111111111111112,
    "p@1": 1.0,
    "r@1": 0.5,
    "ndcg@1": 1.0,
    "p@5": 0.2,
    "r@5": 0.5,
    "ndcg@5": 0.6131471927654584,
    "p@10": 0.2,
    "r@10": 1.0,
    "ndcg@10": 0.7977228895450266
  },
  "retrieved": [
    12471,
    12483,
    12478,
    2706,
    2702,
    12469,
    12470,
    12481,
    12473,
    12482
  ]
}