{
  "qid": 46858,
  "query": "Người trúng tuyển trong kỳ xét tuyển công chức cấp tỉnh phải đáp ứng đủ các điều kiện gì?",
  "metrics": {
    "mrr": 0.3333333333333333,
    "map": 0.3333333333333333,
    "p@1": 0.0,
    "r@1": 0.0,
    "ndcg@1": 0.0,
    "p@5": 0.2,
    "r@5": 1.0,
    "ndcg@5": 0.5,
    "p@10": 0.1,
    "r@10": 1.0,
    "ndcg@10": 0.5
  },
  "retrieved": [
    8737,
    14219,
    14217,
    3879,
    13125,
    6923,
    6926,
    14244,
    14249,
    13122
  ]
}