{
  "qid": 47129,
  "query": "Kỳ thi sát hạch cấp chứng chỉ hành nghề hoạt động đấu thầu có những nội dung thi nào?",
  "metrics": {
    "mrr": 0.1111111111111111,
    "map": 0.1111111111111111,
    "p@1": 0.0,
    "r@1": 0.0,
    "ndcg@1": 0.0,
    "p@5": 0.0,
    "r@5": 0.0,
    "ndcg@5": 0.0,
    "p@10": 0.1,
    "r@10": 1.0,
    "ndcg@10": 0.3010299956639812
  },
  "retrieved": [
    4506,
    4514,
    4515,
    4505,
    4503,
    4512,
    4504,
    4502,
    4516,
    4513
  ]
}