{
  "qid": 47413,
  "query": "Trình tự, thủ tục và thẩm quyền điều chỉnh quy hoạch cảng hàng không sân bay được thực hiện như thế nào?",
  "metrics": {
    "mrr": 0.5,
    "map": 0.5,
    "p@1": 0.0,
    "r@1": 0.0,
    "ndcg@1": 0.0,
    "p@5": 0.2,
    "r@5": 1.0,
    "ndcg@5": 0.6309297535714575,
    "p@10": 0.1,
    "r@10": 1.0,
    "ndcg@10": 0.6309297535714575
  },
  "retrieved": [
    5918,
    5908,
    5882,
    5883,
    5884,
    5906,
    5919,
    5890,
    5876,
    5885
  ]
}