{
  "qid": 47410,
  "query": "Mệnh giá của đồng tiền quy ước có được phép ghi bằng ngoại thể không?",
  "metrics": {
    "mrr": 0.5,
    "map": 0.5,
    "p@1": 0.0,
    "r@1": 0.0,
    "ndcg@1": 0.0,
    "p@5": 0.2,
    "r@5": 1.0,
    "ndcg@5": 0.6309297535714575,
    "p@10": 0.1,
    "r@10": 1.0,
    "ndcg@10": 0.6309297535714575
  },
  "retrieved": [
    3263,
    3261,
    3251,
    11314,
    3248,
    3266,
    12837,
    12841,
    12836,
    3306
  ]
}