{
  "qid": 47412,
  "query": "Việc điều chỉnh quy hoạch cảng hàng không sân bay được thực hiện theo căn cứ nào?",
  "metrics": {
    "mrr": 0.1111111111111111,
    "map": 0.1111111111111111,
    "p@1": 0.0,
    "r@1": 0.0,
    "ndcg@1": 0.0,
    "p@5": 0.0,
    "r@5": 0.0,
    "ndcg@5": 0.0,
    "p@10": 0.1,
    "r@10": 1.0,
    "ndcg@10": 0.3010299956639812
  },
  "retrieved": [
    5882,
    5883,
    5890,
    5884,
    5918,
    5919,
    5875,
    5891,
    5907,
    5886
  ]
}