{
  "qid": 47907,
  "query": "Trang phục của lực lượng bảo vệ doanh nghiệp phải đáp ứng yêu cầu nào?",
  "metrics": {
    "mrr": 0.3333333333333333,
    "map": 0.3333333333333333,
    "p@1": 0.0,
    "r@1": 0.0,
    "ndcg@1": 0.0,
    "p@5": 0.2,
    "r@5": 1.0,
    "ndcg@5": 0.5,
    "p@10": 0.1,
    "r@10": 1.0,
    "ndcg@10": 0.5
  },
  "retrieved": [
    8497,
    6077,
    8486,
    6070,
    8484,
    8498,
    6066,
    8496,
    6069,
    1219
  ]
}