{
  "qid": 48160,
  "query": "Chánh Văn phòng có thể tham mưu cho Cục trưởng Cục thi hành án dân sự trong công tác phối hợp giữa các phòng ban khác không?",
  "metrics": {
    "mrr": 0.5,
    "map": 0.5,
    "p@1": 0.0,
    "r@1": 0.0,
    "ndcg@1": 0.0,
    "p@5": 0.2,
    "r@5": 1.0,
    "ndcg@5": 0.6309297535714575,
    "p@10": 0.1,
    "r@10": 1.0,
    "ndcg@10": 0.6309297535714575
  },
  "retrieved": [
    9480,
    2320,
    2396,
    2322,
    9477,
    9474,
    8996,
    2394,
    9479,
    2324
  ]
}