{
  "qid": 48808,
  "query": "Cơ sở giáo dục đặt trụ sở không đúng địa điểm theo quyết định thành lập thì bị xử phạt bao nhiêu tiền?",
  "metrics": {
    "mrr": 0.5,
    "map": 0.25,
    "p@1": 0.0,
    "r@1": 0.0,
    "ndcg@1": 0.0,
    "p@5": 0.2,
    "r@5": 0.5,
    "ndcg@5": 0.38685280723454163,
    "p@10": 0.1,
    "r@10": 0.5,
    "ndcg@10": 0.38685280723454163
  },
  "retrieved": [
    4606,
    4608,
    4614,
    4618,
    4635,
    4620,
    4609,
    4612,
    4613,
    4634
  ]
}