{
  "qid": 48929,
  "query": "Sau khi kiểm kê tài sản, doanh nghiệp có phải lập báo cáo tổng hợp kết quả kiểm kê không?",
  "metrics": {
    "mrr": 0.3333333333333333,
    "map": 0.3333333333333333,
    "p@1": 0.0,
    "r@1": 0.0,
    "ndcg@1": 0.0,
    "p@5": 0.2,
    "r@5": 1.0,
    "ndcg@5": 0.5,
    "p@10": 0.1,
    "r@10": 1.0,
    "ndcg@10": 0.5
  },
  "retrieved": [
    1777,
    1778,
    2882,
    1773,
    1772,
    428,
    2885,
    3907,
    9145,
    1776
  ]
}