{
  "qid": 48958,
  "query": "Luật sư có được tự do lựa chọn tổ chức thực hiện bồi dưỡng bắt buộc về chuyên môn, nghiệp vụ hay không?",
  "metrics": {
    "mrr": 0.2,
    "map": 0.1,
    "p@1": 0.0,
    "r@1": 0.0,
    "ndcg@1": 0.0,
    "p@5": 0.2,
    "r@5": 0.5,
    "ndcg@5": 0.23719771276929622,
    "p@10": 0.1,
    "r@10": 0.5,
    "ndcg@10": 0.23719771276929622
  },
  "retrieved": [
    2644,
    2642,
    2655,
    2646,
    2650,
    2656,
    2645,
    2661,
    2652,
    1618
  ]
}