{
  "qid": 48957,
  "query": "Tổ chức nào thực hiện bồi dưỡng bắt buộc về chuyên môn, nghiệp vụ của luật sư?",
  "metrics": {
    "mrr": 0.16666666666666666,
    "map": 0.16666666666666666,
    "p@1": 0.0,
    "r@1": 0.0,
    "ndcg@1": 0.0,
    "p@5": 0.0,
    "r@5": 0.0,
    "ndcg@5": 0.0,
    "p@10": 0.1,
    "r@10": 1.0,
    "ndcg@10": 0.3562071871080222
  },
  "retrieved": [
    2644,
    2656,
    2655,
    2642,
    2646,
    2645,
    2661,
    2652,
    2654,
    2650
  ]
}