{
  "qid": 49149,
  "query": "Có được đóng dấu chữ ký khắc sẵn lên giấy đề nghị thanh toán áp dụng cho doanh nghiệp vừa và nhỏ không?",
  "metrics": {
    "mrr": 0.5,
    "map": 0.5,
    "p@1": 0.0,
    "r@1": 0.0,
    "ndcg@1": 0.0,
    "p@5": 0.2,
    "r@5": 1.0,
    "ndcg@5": 0.6309297535714575,
    "p@10": 0.1,
    "r@10": 1.0,
    "ndcg@10": 0.6309297535714575
  },
  "retrieved": [
    2863,
    2862,
    5827,
    6801,
    1456,
    4395,
    8431,
    1461,
    1440,
    3635
  ]
}