{
  "qid": 49482,
  "query": "Tổ chức tôn giáo trực thuộc có phải là tổ chức tôn giáo hay không?",
  "metrics": {
    "mrr": 0.2,
    "map": 0.2,
    "p@1": 0.0,
    "r@1": 0.0,
    "ndcg@1": 0.0,
    "p@5": 0.2,
    "r@5": 1.0,
    "ndcg@5": 0.38685280723454163,
    "p@10": 0.1,
    "r@10": 1.0,
    "ndcg@10": 0.38685280723454163
  },
  "retrieved": [
    2157,
    2158,
    2159,
    2161,
    2153,
    4261,
    2197,
    2160,
    2182,
    2171
  ]
}