{
  "qid": 49484,
  "query": "Tổ chức tôn giáo trực thuộc có tư cách pháp nhân không?",
  "metrics": {
    "mrr": 0.14285714285714285,
    "map": 0.14285714285714285,
    "p@1": 0.0,
    "r@1": 0.0,
    "ndcg@1": 0.0,
    "p@5": 0.0,
    "r@5": 0.0,
    "ndcg@5": 0.0,
    "p@10": 0.1,
    "r@10": 1.0,
    "ndcg@10": 0.3333333333333333
  },
  "retrieved": [
    2161,
    2153,
    2157,
    2158,
    2159,
    4261,
    2160,
    2172,
    2197,
    8233
  ]
}