{
  "qid": 49551,
  "query": "Thực hành trong cơ sở xét nghiệm an toàn sinh học cấp 2 được quy định ra sao?",
  "metrics": {
    "mrr": 0.25,
    "map": 0.25,
    "p@1": 0.0,
    "r@1": 0.0,
    "ndcg@1": 0.0,
    "p@5": 0.2,
    "r@5": 1.0,
    "ndcg@5": 0.43067655807339306,
    "p@10": 0.1,
    "r@10": 1.0,
    "ndcg@10": 0.43067655807339306
  },
  "retrieved": [
    11510,
    11512,
    11511,
    11513,
    11509,
    11515,
    11516,
    11524,
    11523,
    11508
  ]
}