{
  "qid": 49594,
  "query": "Hướng dẫn viên du lịch có bị thu hồi thẻ hướng dẫn viên nếu cho người khác mượn thẻ của mình không?",
  "metrics": {
    "mrr": 0.2,
    "map": 0.2,
    "p@1": 0.0,
    "r@1": 0.0,
    "ndcg@1": 0.0,
    "p@5": 0.2,
    "r@5": 1.0,
    "ndcg@5": 0.38685280723454163,
    "p@10": 0.1,
    "r@10": 1.0,
    "ndcg@10": 0.38685280723454163
  },
  "retrieved": [
    9801,
    9803,
    9805,
    9802,
    9807,
    6626,
    6607,
    6624,
    9804,
    9806
  ]
}