{
  "qid": 49887,
  "query": "Giáo viên tiểu học được tuyển dụng yêu cầu trình độ đào tạo đại học thì thời gian tập sự là bao lâu?",
  "metrics": {
    "mrr": 0.14285714285714285,
    "map": 0.14285714285714285,
    "p@1": 0.0,
    "r@1": 0.0,
    "ndcg@1": 0.0,
    "p@5": 0.0,
    "r@5": 0.0,
    "ndcg@5": 0.0,
    "p@10": 0.1,
    "r@10": 1.0,
    "ndcg@10": 0.3333333333333333
  },
  "retrieved": [
    1538,
    1537,
    2820,
    14380,
    2817,
    2814,
    14228,
    2815,
    1844,
    1534
  ]
}