{
  "qid": 50268,
  "query": "Nội dung hoạt động kiểm toán nội bộ Ngân hàng Nhà nước Việt Nam được quy định như thế nào?",
  "metrics": {
    "mrr": 0.3333333333333333,
    "map": 0.3333333333333333,
    "p@1": 0.0,
    "r@1": 0.0,
    "ndcg@1": 0.0,
    "p@5": 0.2,
    "r@5": 1.0,
    "ndcg@5": 0.5,
    "p@10": 0.1,
    "r@10": 1.0,
    "ndcg@10": 0.5
  },
  "retrieved": [
    6858,
    6851,
    6855,
    6863,
    6864,
    6856,
    6846,
    6865,
    6860,
    6859
  ]
}