{
  "qid": 50322,
  "query": "Người dưới 18 tuổi có thể đăng ký dự tuyển viên chức không?",
  "metrics": {
    "mrr": 0.5,
    "map": 0.5,
    "p@1": 0.0,
    "r@1": 0.0,
    "ndcg@1": 0.0,
    "p@5": 0.2,
    "r@5": 1.0,
    "ndcg@5": 0.6309297535714575,
    "p@10": 0.1,
    "r@10": 1.0,
    "ndcg@10": 0.6309297535714575
  },
  "retrieved": [
    14218,
    14212,
    14223,
    14222,
    14215,
    14221,
    14224,
    14216,
    14217,
    14211
  ]
}