{
  "qid": 50464,
  "query": "Thời hạn nộp đơn xin chấm phúc khảo bài thi kỳ thi thăng hạng chức danh nghề nghiệp giảng viên cao đẳng sư phạm cao cấp là bao lâu?",
  "metrics": {
    "mrr": 0.5,
    "map": 0.5,
    "p@1": 0.0,
    "r@1": 0.0,
    "ndcg@1": 0.0,
    "p@5": 0.2,
    "r@5": 1.0,
    "ndcg@5": 0.6309297535714575,
    "p@10": 0.1,
    "r@10": 1.0,
    "ndcg@10": 0.6309297535714575
  },
  "retrieved": [
    8732,
    14247,
    14245,
    14241,
    14244,
    14249,
    14238,
    6924,
    14465,
    14243
  ]
}