{
  "qid": 50633,
  "query": "Thời hạn của bảo hiểm tai nạn của người lao động trong hoạt động đầu tư xây dựng được quy định như thế nào?",
  "metrics": {
    "mrr": 0.5,
    "map": 0.5,
    "p@1": 0.0,
    "r@1": 0.0,
    "ndcg@1": 0.0,
    "p@5": 0.2,
    "r@5": 1.0,
    "ndcg@5": 0.6309297535714575,
    "p@10": 0.1,
    "r@10": 1.0,
    "ndcg@10": 0.6309297535714575
  },
  "retrieved": [
    14797,
    14796,
    14801,
    14795,
    6882,
    14794,
    14803,
    14793,
    13259,
    6883
  ]
}