{
  "qid": 50755,
  "query": "Khi xây dựng cơ sở dữ liệu về vi bằng thì Sở Tư pháp cần đảm bảo cơ sở phải có được những thông tin chính nào?",
  "metrics": {
    "mrr": 0.5,
    "map": 0.5,
    "p@1": 0.0,
    "r@1": 0.0,
    "ndcg@1": 0.0,
    "p@5": 0.2,
    "r@5": 1.0,
    "ndcg@5": 0.6309297535714575,
    "p@10": 0.1,
    "r@10": 1.0,
    "ndcg@10": 0.6309297535714575
  },
  "retrieved": [
    8965,
    5859,
    5858,
    8967,
    5860,
    9428,
    8994,
    8956,
    9416,
    8966
  ]
}