{
  "qid": 50919,
  "query": "Cơ sở xây dựng chiến lược quốc gia phòng thủ dân sự được quy định như thế nào?",
  "metrics": {
    "mrr": 0.5,
    "map": 0.5,
    "p@1": 0.0,
    "r@1": 0.0,
    "ndcg@1": 0.0,
    "p@5": 0.2,
    "r@5": 1.0,
    "ndcg@5": 0.6309297535714575,
    "p@10": 0.1,
    "r@10": 1.0,
    "ndcg@10": 0.6309297535714575
  },
  "retrieved": [
    2544,
    2543,
    2557,
    2558,
    2560,
    2542,
    2577,
    2578,
    2545,
    2559
  ]
}