{
  "qid": 50921,
  "query": "Nguyên tắc tổ chức và hoạt động phòng thủ dân sự được quy định ra sao?",
  "metrics": {
    "mrr": 0.5,
    "map": 0.5,
    "p@1": 0.0,
    "r@1": 0.0,
    "ndcg@1": 0.0,
    "p@5": 0.2,
    "r@5": 1.0,
    "ndcg@5": 0.6309297535714575,
    "p@10": 0.1,
    "r@10": 1.0,
    "ndcg@10": 0.6309297535714575
  },
  "retrieved": [
    2578,
    2541,
    2564,
    2561,
    2559,
    2542,
    2557,
    2560,
    2562,
    2548
  ]
}