{
  "qid": 51101,
  "query": "Nhãn trên bao bì thuốc lá có được ghi bằng tiếng Anh không?",
  "metrics": {
    "mrr": 0.3333333333333333,
    "map": 0.3333333333333333,
    "p@1": 0.0,
    "r@1": 0.0,
    "ndcg@1": 0.0,
    "p@5": 0.2,
    "r@5": 1.0,
    "ndcg@5": 0.5,
    "p@10": 0.1,
    "r@10": 1.0,
    "ndcg@10": 0.5
  },
  "retrieved": [
    4941,
    14567,
    4940,
    4943,
    4938,
    4942,
    14568,
    1119,
    10388,
    5706
  ]
}