{
  "qid": 51154,
  "query": "Trong trường hợp đặc biệt ai có thể thay thế chức năng của thuyền trưởng để tiếp tục vận hành chuyến đi?",
  "metrics": {
    "mrr": 0.3333333333333333,
    "map": 0.3333333333333333,
    "p@1": 0.0,
    "r@1": 0.0,
    "ndcg@1": 0.0,
    "p@5": 0.2,
    "r@5": 1.0,
    "ndcg@5": 0.5,
    "p@10": 0.1,
    "r@10": 1.0,
    "ndcg@10": 0.5
  },
  "retrieved": [
    11632,
    3720,
    3779,
    11634,
    14482,
    11648,
    3721,
    11647,
    10386,
    3719
  ]
}