{
  "qid": 5194,
  "query": "Cơ quan điều tra có quyền quyết định khởi tố đối với những vụ án hình sự nào?",
  "metrics": {
    "mrr": 0.3333333333333333,
    "map": 0.3333333333333333,
    "p@1": 0.0,
    "r@1": 0.0,
    "ndcg@1": 0.0,
    "p@5": 0.2,
    "r@5": 1.0,
    "ndcg@5": 0.5,
    "p@10": 0.1,
    "r@10": 1.0,
    "ndcg@10": 0.5
  },
  "retrieved": [
    3569,
    10638,
    10630,
    10636,
    995,
    3570,
    10633,
    10642,
    10624,
    10631
  ]
}