{
  "qid": 5195,
  "query": "Quyết định khởi tố vụ án hình sự của cơ quan điều tra phải có những nội dung nào?",
  "metrics": {
    "mrr": 0.3333333333333333,
    "map": 0.3333333333333333,
    "p@1": 0.0,
    "r@1": 0.0,
    "ndcg@1": 0.0,
    "p@5": 0.2,
    "r@5": 1.0,
    "ndcg@5": 0.5,
    "p@10": 0.1,
    "r@10": 1.0,
    "ndcg@10": 0.5
  },
  "retrieved": [
    10633,
    10638,
    10631,
    10630,
    10641,
    10642,
    3569,
    10636,
    10643,
    10518
  ]
}