{
  "qid": 51969,
  "query": "Biệt phái công chức được thực hiện trong trường hợp nào?",
  "metrics": {
    "mrr": 0.5,
    "map": 0.5,
    "p@1": 0.0,
    "r@1": 0.0,
    "ndcg@1": 0.0,
    "p@5": 0.2,
    "r@5": 1.0,
    "ndcg@5": 0.6309297535714575,
    "p@10": 0.1,
    "r@10": 1.0,
    "ndcg@10": 0.6309297535714575
  },
  "retrieved": [
    13764,
    14234,
    13771,
    1503,
    13766,
    9473,
    7808,
    9478,
    13779,
    13753
  ]
}