{
  "qid": 52928,
  "query": "Toàn bộ hoặc một phần kết cấu hạ tầng cảng hàng không sân bay bị đóng tạm thời trong các trường hợp nào?",
  "metrics": {
    "mrr": 0.5,
    "map": 0.5,
    "p@1": 0.0,
    "r@1": 0.0,
    "ndcg@1": 0.0,
    "p@5": 0.2,
    "r@5": 1.0,
    "ndcg@5": 0.6309297535714575,
    "p@10": 0.1,
    "r@10": 1.0,
    "ndcg@10": 0.6309297535714575
  },
  "retrieved": [
    5922,
    5913,
    5916,
    5914,
    5915,
    5875,
    5874,
    5921,
    5876,
    5923
  ]
}