{
  "qid": 52973,
  "query": "Trình tự, thủ tục điều tra vụ việc phòng vệ thương mại tại Việt Nam được quy định như thế nào?",
  "metrics": {
    "mrr": 0.16666666666666666,
    "map": 0.16666666666666666,
    "p@1": 0.0,
    "r@1": 0.0,
    "ndcg@1": 0.0,
    "p@5": 0.0,
    "r@5": 0.0,
    "ndcg@5": 0.0,
    "p@10": 0.1,
    "r@10": 1.0,
    "ndcg@10": 0.3562071871080222
  },
  "retrieved": [
    5290,
    12848,
    5296,
    12861,
    12850,
    5293,
    5299,
    12928,
    5295,
    12940
  ]
}