{
  "qid": 53141,
  "query": "Biên bản về việc giữ người trong trường hợp khẩn cấp phải có chữ ký của những ai?",
  "metrics": {
    "mrr": 0.5,
    "map": 0.5,
    "p@1": 0.0,
    "r@1": 0.0,
    "ndcg@1": 0.0,
    "p@5": 0.2,
    "r@5": 1.0,
    "ndcg@5": 0.6309297535714575,
    "p@10": 0.1,
    "r@10": 1.0,
    "ndcg@10": 0.6309297535714575
  },
  "retrieved": [
    10610,
    10592,
    10587,
    7261,
    731,
    10670,
    10955,
    12739,
    10680,
    1514
  ]
}