{
  "qid": 53214,
  "query": "Xe ô tô khách sử dụng tem kiểm định giả thì có thể bị xử phạt bao nhiêu tiền?",
  "metrics": {
    "mrr": 0.3333333333333333,
    "map": 0.3333333333333333,
    "p@1": 0.0,
    "r@1": 0.0,
    "ndcg@1": 0.0,
    "p@5": 0.2,
    "r@5": 1.0,
    "ndcg@5": 0.5,
    "p@10": 0.1,
    "r@10": 1.0,
    "ndcg@10": 0.5
  },
  "retrieved": [
    10378,
    10328,
    10314,
    10334,
    10319,
    10325,
    10332,
    10333,
    14029,
    10318
  ]
}