{
  "qid": 53808,
  "query": "Quyết định kháng nghị theo thủ tục giám đốc thẩm đối với quyết định của Tòa án trong vụ án hình sự có những nội dung nào?",
  "metrics": {
    "mrr": 0.5,
    "map": 0.5,
    "p@1": 0.0,
    "r@1": 0.0,
    "ndcg@1": 0.0,
    "p@5": 0.2,
    "r@5": 1.0,
    "ndcg@5": 0.6309297535714575,
    "p@10": 0.1,
    "r@10": 1.0,
    "ndcg@10": 0.6309297535714575
  },
  "retrieved": [
    10857,
    10855,
    10844,
    10848,
    10861,
    10504,
    8905,
    10865,
    10854,
    10859
  ]
}