{
  "qid": 5382,
  "query": "Việc đề xuất phê chuẩn điều ước quốc tế được quy định như thế nào?",
  "metrics": {
    "mrr": 0.14285714285714285,
    "map": 0.14285714285714285,
    "p@1": 0.0,
    "r@1": 0.0,
    "ndcg@1": 0.0,
    "p@5": 0.0,
    "r@5": 0.0,
    "ndcg@5": 0.0,
    "p@10": 0.1,
    "r@10": 1.0,
    "ndcg@10": 0.3333333333333333
  },
  "retrieved": [
    12193,
    12189,
    12161,
    12181,
    12171,
    12185,
    12187,
    12221,
    12169,
    12212
  ]
}