{
  "qid": 54034,
  "query": "Doanh nghiệp bố trí Điểm kinh doanh casino không đáp ứng đầy đủ các điều kiện quy định sẽ bị xử phạt vi phạm hành chính thế nào?",
  "metrics": {
    "mrr": 0.2,
    "map": 0.2,
    "p@1": 0.0,
    "r@1": 0.0,
    "ndcg@1": 0.0,
    "p@5": 0.2,
    "r@5": 1.0,
    "ndcg@5": 0.38685280723454163,
    "p@10": 0.1,
    "r@10": 1.0,
    "ndcg@10": 0.38685280723454163
  },
  "retrieved": [
    3298,
    3297,
    3299,
    3290,
    3292,
    3291,
    3289,
    3295,
    11611,
    3304
  ]
}