{
  "qid": 54083,
  "query": "Thủ tục hợp pháp hóa lãnh sự đối với giấy ủy quyền từ nước ngoài chuyển vào Việt Nam được quy định ra sao?",
  "metrics": {
    "mrr": 0.5,
    "map": 0.5,
    "p@1": 0.0,
    "r@1": 0.0,
    "ndcg@1": 0.0,
    "p@5": 0.2,
    "r@5": 1.0,
    "ndcg@5": 0.6309297535714575,
    "p@10": 0.1,
    "r@10": 1.0,
    "ndcg@10": 0.6309297535714575
  },
  "retrieved": [
    13500,
    13505,
    13497,
    7962,
    13495,
    13512,
    13493,
    13508,
    7780,
    146
  ]
}