{
  "qid": 54174,
  "query": "Hồ sơ sinh xác định mức độ khuyết tật cho người bị cườm mắt chỉ thấy mờ mờ bao gồm những gì?",
  "metrics": {
    "mrr": 0.16666666666666666,
    "map": 0.16666666666666666,
    "p@1": 0.0,
    "r@1": 0.0,
    "ndcg@1": 0.0,
    "p@5": 0.0,
    "r@5": 0.0,
    "ndcg@5": 0.0,
    "p@10": 0.1,
    "r@10": 1.0,
    "ndcg@10": 0.3562071871080222
  },
  "retrieved": [
    1237,
    1239,
    1235,
    1236,
    1240,
    1238,
    1244,
    1247,
    1242,
    1245
  ]
}