{
  "qid": 54189,
  "query": "Doanh nghiệp muốn kinh doanh xuất khẩu gạo thì cần đáp ứng điều kiện gì?",
  "metrics": {
    "mrr": 0.3333333333333333,
    "map": 0.3333333333333333,
    "p@1": 0.0,
    "r@1": 0.0,
    "ndcg@1": 0.0,
    "p@5": 0.2,
    "r@5": 1.0,
    "ndcg@5": 0.5,
    "p@10": 0.1,
    "r@10": 1.0,
    "ndcg@10": 0.5
  },
  "retrieved": [
    12089,
    12091,
    12090,
    12094,
    12103,
    12108,
    12110,
    12092,
    12111,
    12105
  ]
}