{
  "qid": 54191,
  "query": "Không duy trì mức dự trữ lưu thông gạo đúng với quy định có bị thu hồi giấy chứng nhận kinh doanh xuất khẩu gạo hay không?",
  "metrics": {
    "mrr": 0.2,
    "map": 0.2,
    "p@1": 0.0,
    "r@1": 0.0,
    "ndcg@1": 0.0,
    "p@5": 0.2,
    "r@5": 1.0,
    "ndcg@5": 0.38685280723454163,
    "p@10": 0.1,
    "r@10": 1.0,
    "ndcg@10": 0.38685280723454163
  },
  "retrieved": [
    12090,
    12098,
    12101,
    12091,
    12094,
    12109,
    12108,
    12103,
    12110,
    12099
  ]
}