{
  "qid": 54614,
  "query": "Đài Tiếng nói Việt Nam có bao nhiêu Phó Tổng giám đốc?",
  "metrics": {
    "mrr": 0.3333333333333333,
    "map": 0.3333333333333333,
    "p@1": 0.0,
    "r@1": 0.0,
    "ndcg@1": 0.0,
    "p@5": 0.2,
    "r@5": 1.0,
    "ndcg@5": 0.5,
    "p@10": 0.1,
    "r@10": 1.0,
    "ndcg@10": 0.5
  },
  "retrieved": [
    3421,
    3420,
    3423,
    3702,
    3676,
    3705,
    11449,
    11784,
    1846,
    11774
  ]
}