{
  "qid": 5461,
  "query": "Hồ sơ, thủ tục cấp lại Thẻ công chứng viên được quy định như thế nào?",
  "metrics": {
    "mrr": 0.25,
    "map": 0.25,
    "p@1": 0.0,
    "r@1": 0.0,
    "ndcg@1": 0.0,
    "p@5": 0.2,
    "r@5": 1.0,
    "ndcg@5": 0.43067655807339306,
    "p@10": 0.1,
    "r@10": 1.0,
    "ndcg@10": 0.43067655807339306
  },
  "retrieved": [
    1637,
    1611,
    1610,
    1612,
    1636,
    1625,
    1633,
    1634,
    1609,
    1627
  ]
}