{
  "qid": 55174,
  "query": "Kết quả phong phẩm hoặc suy cử làm chức sắc tại các tổ chức tôn giáo bị hủy trong trường hợp nào?",
  "metrics": {
    "mrr": 0.5,
    "map": 0.5,
    "p@1": 0.0,
    "r@1": 0.0,
    "ndcg@1": 0.0,
    "p@5": 0.2,
    "r@5": 1.0,
    "ndcg@5": 0.6309297535714575,
    "p@10": 0.1,
    "r@10": 1.0,
    "ndcg@10": 0.6309297535714575
  },
  "retrieved": [
    2181,
    2162,
    2163,
    4261,
    2164,
    2153,
    2132,
    2150,
    2182,
    2138
  ]
}