{
  "qid": 5560,
  "query": "Có thể ủy quyền cho luật sư để khiếu nại đến Bộ tài chính nếu không thể đến trực tiếp trụ sở của Bộ hay không?",
  "metrics": {
    "mrr": 0.3333333333333333,
    "map": 0.3333333333333333,
    "p@1": 0.0,
    "r@1": 0.0,
    "ndcg@1": 0.0,
    "p@5": 0.2,
    "r@5": 1.0,
    "ndcg@5": 0.5,
    "p@10": 0.1,
    "r@10": 1.0,
    "ndcg@10": 0.5
  },
  "retrieved": [
    1716,
    6220,
    1712,
    635,
    2658,
    13029,
    13022,
    2652,
    2243,
    2524
  ]
}