{
  "qid": 55648,
  "query": "Các tài liệu kèm theo hợp đồng tư vấn xây dựng được sắp xếp theo thứ tự nào?",
  "metrics": {
    "mrr": 0.3333333333333333,
    "map": 0.3333333333333333,
    "p@1": 0.0,
    "r@1": 0.0,
    "ndcg@1": 0.0,
    "p@5": 0.2,
    "r@5": 1.0,
    "ndcg@5": 0.5,
    "p@10": 0.1,
    "r@10": 1.0,
    "ndcg@10": 0.5
  },
  "retrieved": [
    8579,
    8593,
    8580,
    9700,
    8594,
    7103,
    7102,
    13260,
    8604,
    8584
  ]
}