{
  "qid": 55917,
  "query": "Giải thi đấu thể thao quần chúng phải tuân theo nguyên tắc như thế nào?",
  "metrics": {
    "mrr": 0.3333333333333333,
    "map": 0.3333333333333333,
    "p@1": 0.0,
    "r@1": 0.0,
    "ndcg@1": 0.0,
    "p@5": 0.2,
    "r@5": 1.0,
    "ndcg@5": 0.5,
    "p@10": 0.1,
    "r@10": 1.0,
    "ndcg@10": 0.5
  },
  "retrieved": [
    9264,
    9265,
    9261,
    9266,
    9259,
    9260,
    9262,
    9258,
    9263,
    254
  ]
}