{
  "qid": 5605,
  "query": "Ai có quyền thay đổi Phó Thủ trưởng Cơ quan điều tra giải quyết nguồn tin về tội phạm?",
  "metrics": {
    "mrr": 0.25,
    "map": 0.25,
    "p@1": 0.0,
    "r@1": 0.0,
    "ndcg@1": 0.0,
    "p@5": 0.2,
    "r@5": 1.0,
    "ndcg@5": 0.43067655807339306,
    "p@10": 0.1,
    "r@10": 1.0,
    "ndcg@10": 0.43067655807339306
  },
  "retrieved": [
    995,
    996,
    997,
    10513,
    998,
    10517,
    10516,
    10622,
    988,
    999
  ]
}