{
  "qid": 5608,
  "query": "Thành viên cơ quan Việt Nam ở nước ngoài được hưởng nguyên sinh hoạt phí trong những ngày nghỉ hằng năm không?",
  "metrics": {
    "mrr": 0.3333333333333333,
    "map": 0.3333333333333333,
    "p@1": 0.0,
    "r@1": 0.0,
    "ndcg@1": 0.0,
    "p@5": 0.2,
    "r@5": 1.0,
    "ndcg@5": 0.5,
    "p@10": 0.1,
    "r@10": 1.0,
    "ndcg@10": 0.5
  },
  "retrieved": [
    7898,
    8799,
    8798,
    8797,
    8789,
    8792,
    8791,
    13882,
    8793,
    14088
  ]
}