{
  "qid": 5635,
  "query": "Hành vi lấn chiếm đất xây dựng nhà trên nền đất trống chưa sử dụng bị xử phạt như thế nào?",
  "metrics": {
    "mrr": 0.3333333333333333,
    "map": 0.3333333333333333,
    "p@1": 0.0,
    "r@1": 0.0,
    "ndcg@1": 0.0,
    "p@5": 0.2,
    "r@5": 1.0,
    "ndcg@5": 0.5,
    "p@10": 0.1,
    "r@10": 1.0,
    "ndcg@10": 0.5
  },
  "retrieved": [
    11105,
    11106,
    11102,
    11112,
    11111,
    11120,
    10318,
    11107,
    11114,
    11127
  ]
}