{
  "qid": 56422,
  "query": "Trong hoạt động xây dựng công trình tại địa phương thì đơn giá nhân công sẽ do cơ quan nào quy định?",
  "metrics": {
    "mrr": 0.25,
    "map": 0.25,
    "p@1": 0.0,
    "r@1": 0.0,
    "ndcg@1": 0.0,
    "p@5": 0.2,
    "r@5": 1.0,
    "ndcg@5": 0.43067655807339306,
    "p@10": 0.1,
    "r@10": 1.0,
    "ndcg@10": 0.43067655807339306
  },
  "retrieved": [
    6437,
    6436,
    13246,
    13248,
    5180,
    5182,
    13265,
    969,
    6426,
    5178
  ]
}