{
  "qid": 56666,
  "query": "Chứng từ kế toán của công ty trách nhiệm hữu hạn 2 thành viên chưa ghi đủ nội dung thì có được ký không?",
  "metrics": {
    "mrr": 0.5,
    "map": 0.5,
    "p@1": 0.0,
    "r@1": 0.0,
    "ndcg@1": 0.0,
    "p@5": 0.2,
    "r@5": 1.0,
    "ndcg@5": 0.6309297535714575,
    "p@10": 0.1,
    "r@10": 1.0,
    "ndcg@10": 0.6309297535714575
  },
  "retrieved": [
    2862,
    2863,
    13056,
    5827,
    11605,
    13052,
    2860,
    12293,
    14757,
    2054
  ]
}