{
  "qid": 56731,
  "query": "Trình tự, thủ tục hợp pháp hóa lãnh sự tại Bộ Ngoại giao như thế nào?",
  "metrics": {
    "mrr": 0.5,
    "map": 0.5,
    "p@1": 0.0,
    "r@1": 0.0,
    "ndcg@1": 0.0,
    "p@5": 0.2,
    "r@5": 1.0,
    "ndcg@5": 0.6309297535714575,
    "p@10": 0.1,
    "r@10": 1.0,
    "ndcg@10": 0.6309297535714575
  },
  "retrieved": [
    13496,
    13505,
    13498,
    146,
    13508,
    13492,
    7962,
    157,
    145,
    13511
  ]
}