{
  "qid": 56877,
  "query": "Hồ sơ đề nghị tạm đình chỉ chấp hành án phạt tù cho phạm nhân để xét xử giám đốc thẩm, tái thẩm bao gồm những gì?",
  "metrics": {
    "mrr": 0.25,
    "map": 0.25,
    "p@1": 0.0,
    "r@1": 0.0,
    "ndcg@1": 0.0,
    "p@5": 0.2,
    "r@5": 1.0,
    "ndcg@5": 0.43067655807339306,
    "p@10": 0.1,
    "r@10": 1.0,
    "ndcg@10": 0.43067655807339306
  },
  "retrieved": [
    3051,
    3048,
    3053,
    3052,
    4436,
    6649,
    6652,
    6650,
    3988,
    3054
  ]
}