{
  "qid": 57006,
  "query": "Trường hợp nào phải áp dụng biện pháp cưỡng chế cách ly y tế?",
  "metrics": {
    "mrr": 0.14285714285714285,
    "map": 0.14285714285714285,
    "p@1": 0.0,
    "r@1": 0.0,
    "ndcg@1": 0.0,
    "p@5": 0.0,
    "r@5": 0.0,
    "ndcg@5": 0.0,
    "p@10": 0.1,
    "r@10": 1.0,
    "ndcg@10": 0.3333333333333333
  },
  "retrieved": [
    10422,
    10414,
    10425,
    14552,
    10424,
    10426,
    10420,
    10416,
    10415,
    10417
  ]
}