{
  "qid": 57032,
  "query": "Có ưu tiên cho nữ trong việc xét thi đua, khen thưởng không?",
  "metrics": {
    "mrr": 0.3333333333333333,
    "map": 0.3333333333333333,
    "p@1": 0.0,
    "r@1": 0.0,
    "ndcg@1": 0.0,
    "p@5": 0.2,
    "r@5": 1.0,
    "ndcg@5": 0.5,
    "p@10": 0.1,
    "r@10": 1.0,
    "ndcg@10": 0.5
  },
  "retrieved": [
    3471,
    1134,
    7682,
    10015,
    5585,
    6282,
    7846,
    7721,
    1159,
    1160
  ]
}