{
  "qid": 57313,
  "query": "Các bước xác định giá trị tài sản là kết quả của nhiệm vụ khoa học và công nghệ?",
  "metrics": {
    "mrr": 0.5,
    "map": 0.5,
    "p@1": 0.0,
    "r@1": 0.0,
    "ndcg@1": 0.0,
    "p@5": 0.2,
    "r@5": 1.0,
    "ndcg@5": 0.6309297535714575,
    "p@10": 0.1,
    "r@10": 1.0,
    "ndcg@10": 0.6309297535714575
  },
  "retrieved": [
    13100,
    13096,
    13104,
    13102,
    13097,
    13098,
    13094,
    13095,
    13103,
    13099
  ]
}