{
  "qid": 57488,
  "query": "Công tác chuyển giao, tiếp nhận hồ sơ viên chức được pháp luật quy định như thế nào?",
  "metrics": {
    "mrr": 0.2,
    "map": 0.2,
    "p@1": 0.0,
    "r@1": 0.0,
    "ndcg@1": 0.0,
    "p@5": 0.2,
    "r@5": 1.0,
    "ndcg@5": 0.38685280723454163,
    "p@10": 0.1,
    "r@10": 1.0,
    "ndcg@10": 0.38685280723454163
  },
  "retrieved": [
    14688,
    14220,
    283,
    278,
    7808,
    1916,
    8008,
    8013,
    7805,
    14693
  ]
}