{
  "qid": 57485,
  "query": "Thời điểm người bào chữa tham gia tố tụng",
  "metrics": {
    "mrr": 0.2,
    "map": 0.2,
    "p@1": 0.0,
    "r@1": 0.0,
    "ndcg@1": 0.0,
    "p@5": 0.2,
    "r@5": 1.0,
    "ndcg@5": 0.38685280723454163,
    "p@10": 0.1,
    "r@10": 1.0,
    "ndcg@10": 0.38685280723454163
  },
  "retrieved": [
    6701,
    6698,
    6695,
    10556,
    10551,
    10549,
    10550,
    6699,
    13023,
    10558
  ]
}