{
  "qid": 57584,
  "query": "Người tham gia tố tụng không biết chữ thì việc lập biên bản được tiến hành như thế nào?",
  "metrics": {
    "mrr": 0.5,
    "map": 0.5,
    "p@1": 0.0,
    "r@1": 0.0,
    "ndcg@1": 0.0,
    "p@5": 0.2,
    "r@5": 1.0,
    "ndcg@5": 0.6309297535714575,
    "p@10": 0.1,
    "r@10": 1.0,
    "ndcg@10": 0.6309297535714575
  },
  "retrieved": [
    2536,
    10610,
    10655,
    2533,
    2535,
    2534,
    2532,
    10559,
    10560,
    10903
  ]
}