{
  "qid": 58161,
  "query": "Để được giảm chi phí đền bù đối với công chức cấp huyện đã được đào tạo sau đại học tự ý bỏ việc cần đáp ứng điều kiện gì?",
  "metrics": {
    "mrr": 0.14285714285714285,
    "map": 0.14285714285714285,
    "p@1": 0.0,
    "r@1": 0.0,
    "ndcg@1": 0.0,
    "p@5": 0.0,
    "r@5": 0.0,
    "ndcg@5": 0.0,
    "p@10": 0.1,
    "r@10": 1.0,
    "ndcg@10": 0.3333333333333333
  },
  "retrieved": [
    10989,
    10987,
    10990,
    10988,
    10984,
    10985,
    10986,
    11015,
    10983,
    5502
  ]
}