{
  "qid": 58218,
  "query": "Ai có thẩm quyền kháng nghị bản án phúc thẩm theo thủ tục giám đốc thẩm?",
  "metrics": {
    "mrr": 0.25,
    "map": 0.25,
    "p@1": 0.0,
    "r@1": 0.0,
    "ndcg@1": 0.0,
    "p@5": 0.2,
    "r@5": 1.0,
    "ndcg@5": 0.43067655807339306,
    "p@10": 0.1,
    "r@10": 1.0,
    "ndcg@10": 0.43067655807339306
  },
  "retrieved": [
    10504,
    10865,
    10854,
    10850,
    913,
    9242,
    12729,
    10937,
    4925,
    10848
  ]
}