{
  "qid": 58322,
  "query": "Thanh tra huyện có thẩm quyền thanh tra những lĩnh vực nào?",
  "metrics": {
    "mrr": 0.2,
    "map": 0.2,
    "p@1": 0.0,
    "r@1": 0.0,
    "ndcg@1": 0.0,
    "p@5": 0.2,
    "r@5": 1.0,
    "ndcg@5": 0.38685280723454163,
    "p@10": 0.1,
    "r@10": 1.0,
    "ndcg@10": 0.38685280723454163
  },
  "retrieved": [
    3099,
    9233,
    3105,
    3103,
    3104,
    4898,
    4896,
    4956,
    8207,
    8228
  ]
}