{
  "qid": 58427,
  "query": "Thẩm quyền bầu Chủ tịch Ủy ban nhân dân huyện tạm thời được quy định như thế nào?",
  "metrics": {
    "mrr": 0.3333333333333333,
    "map": 0.3333333333333333,
    "p@1": 0.0,
    "r@1": 0.0,
    "ndcg@1": 0.0,
    "p@5": 0.2,
    "r@5": 1.0,
    "ndcg@5": 0.5,
    "p@10": 0.1,
    "r@10": 1.0,
    "ndcg@10": 0.5
  },
  "retrieved": [
    8477,
    8478,
    8481,
    8205,
    8472,
    8471,
    8470,
    8480,
    8203,
    8476
  ]
}