{
  "qid": 5852,
  "query": "Điều kiện về yêu cầu đối ngoại đối với Đại sứ đặc mệnh toàn quyền trong trường hợp đặc biệt được quy định thế nào?",
  "metrics": {
    "mrr": 0.25,
    "map": 0.25,
    "p@1": 0.0,
    "r@1": 0.0,
    "ndcg@1": 0.0,
    "p@5": 0.2,
    "r@5": 1.0,
    "ndcg@5": 0.43067655807339306,
    "p@10": 0.1,
    "r@10": 1.0,
    "ndcg@10": 0.43067655807339306
  },
  "retrieved": [
    11738,
    11737,
    11741,
    11740,
    11739,
    11726,
    33,
    4467,
    2127,
    14498
  ]
}