{
  "qid": 59189,
  "query": "Nguyên tắc xếp lương chức danh nghề nghiệp Quản lý dự án đường thủy hạng 4 thế nào?",
  "metrics": {
    "mrr": 0.2,
    "map": 0.2,
    "p@1": 0.0,
    "r@1": 0.0,
    "ndcg@1": 0.0,
    "p@5": 0.2,
    "r@5": 1.0,
    "ndcg@5": 0.38685280723454163,
    "p@10": 0.1,
    "r@10": 1.0,
    "ndcg@10": 0.38685280723454163
  },
  "retrieved": [
    14249,
    3874,
    14270,
    7726,
    1536,
    14239,
    8457,
    8605,
    6460,
    3466
  ]
}