{
  "qid": 59203,
  "query": "Việc kiểm tra điều ước quốc tế bao gồm những nội dung nào?",
  "metrics": {
    "mrr": 0.2,
    "map": 0.2,
    "p@1": 0.0,
    "r@1": 0.0,
    "ndcg@1": 0.0,
    "p@5": 0.2,
    "r@5": 1.0,
    "ndcg@5": 0.38685280723454163,
    "p@10": 0.1,
    "r@10": 1.0,
    "ndcg@10": 0.38685280723454163
  },
  "retrieved": [
    12177,
    12229,
    12178,
    12170,
    12175,
    12174,
    12172,
    12176,
    12221,
    12161
  ]
}