{
  "qid": 59335,
  "query": "Cơ quan trực tiếp quản lý hệ thống thông tin giấy phép lái xe tại địa phương được quy định như thế nào?",
  "metrics": {
    "mrr": 0.1111111111111111,
    "map": 0.1111111111111111,
    "p@1": 0.0,
    "r@1": 0.0,
    "ndcg@1": 0.0,
    "p@5": 0.0,
    "r@5": 0.0,
    "ndcg@5": 0.0,
    "p@10": 0.1,
    "r@10": 1.0,
    "ndcg@10": 0.3010299956639812
  },
  "retrieved": [
    7118,
    7122,
    7114,
    7119,
    7115,
    7116,
    7113,
    7126,
    7121,
    7127
  ]
}