{
  "qid": 59428,
  "query": "Hồ sơ đề nghị cấp Giấy phép kinh doanh vận tải hàng hóa cần chuẩn bị những giấy tờ gì?",
  "metrics": {
    "mrr": 0.5,
    "map": 0.5,
    "p@1": 0.0,
    "r@1": 0.0,
    "ndcg@1": 0.0,
    "p@5": 0.2,
    "r@5": 1.0,
    "ndcg@5": 0.6309297535714575,
    "p@10": 0.1,
    "r@10": 1.0,
    "ndcg@10": 0.6309297535714575
  },
  "retrieved": [
    13135,
    13144,
    13143,
    13148,
    13145,
    9980,
    9096,
    10326,
    13129,
    10322
  ]
}