{
  "qid": 59442,
  "query": "Mỗi người hướng dẫn tập luyện môn Taekwondo được hướng dẫn tối đa bao nhiêu võ sinh trong một buổi tập?",
  "metrics": {
    "mrr": 0.14285714285714285,
    "map": 0.14285714285714285,
    "p@1": 0.0,
    "r@1": 0.0,
    "ndcg@1": 0.0,
    "p@5": 0.0,
    "r@5": 0.0,
    "ndcg@5": 0.0,
    "p@10": 0.1,
    "r@10": 1.0,
    "ndcg@10": 0.3333333333333333
  },
  "retrieved": [
    4414,
    4411,
    6616,
    11972,
    11971,
    4412,
    8781,
    4415,
    7748,
    3407
  ]
}