{
  "qid": 59493,
  "query": "Thủ tục tiếp nhận kiến nghị khởi tố được thực hiện thế nào?",
  "metrics": {
    "mrr": 0.3333333333333333,
    "map": 0.3333333333333333,
    "p@1": 0.0,
    "r@1": 0.0,
    "ndcg@1": 0.0,
    "p@5": 0.2,
    "r@5": 1.0,
    "ndcg@5": 0.5,
    "p@10": 0.1,
    "r@10": 1.0,
    "ndcg@10": 0.5
  },
  "retrieved": [
    990,
    10622,
    10623,
    1000,
    995,
    993,
    10533,
    996,
    989,
    999
  ]
}