{
  "qid": 59553,
  "query": "Điều kiện chứng chỉ tin học của giáo viên trung học cơ sở hạng II được pháp luật quy định như thế nào?",
  "metrics": {
    "mrr": 0.2,
    "map": 0.2,
    "p@1": 0.0,
    "r@1": 0.0,
    "ndcg@1": 0.0,
    "p@5": 0.2,
    "r@5": 1.0,
    "ndcg@5": 0.38685280723454163,
    "p@10": 0.1,
    "r@10": 1.0,
    "ndcg@10": 0.38685280723454163
  },
  "retrieved": [
    3852,
    3847,
    1537,
    1538,
    1533,
    1534,
    2820,
    1535,
    2815,
    1530
  ]
}