{
  "qid": 59572,
  "query": "Quy định về việc kỷ luật học sinh trường giáo dưỡng do cơ quan nhà nước nào ban hành?",
  "metrics": {
    "mrr": 0.5,
    "map": 0.5,
    "p@1": 0.0,
    "r@1": 0.0,
    "ndcg@1": 0.0,
    "p@5": 0.2,
    "r@5": 1.0,
    "ndcg@5": 0.6309297535714575,
    "p@10": 0.1,
    "r@10": 1.0,
    "ndcg@10": 0.6309297535714575
  },
  "retrieved": [
    1935,
    1970,
    7279,
    1930,
    1932,
    7280,
    7277,
    9728,
    2111,
    1929
  ]
}