{
  "qid": 59955,
  "query": "Trình tự thay thế người thực hiện trợ giúp pháp lý khi tham gia tố tụng như thế nào?",
  "metrics": {
    "mrr": 0.16666666666666666,
    "map": 0.16666666666666666,
    "p@1": 0.0,
    "r@1": 0.0,
    "ndcg@1": 0.0,
    "p@5": 0.0,
    "r@5": 0.0,
    "ndcg@5": 0.0,
    "p@10": 0.1,
    "r@10": 1.0,
    "ndcg@10": 0.3562071871080222
  },
  "retrieved": [
    2833,
    5481,
    13025,
    2829,
    2835,
    13023,
    9341,
    13019,
    2826,
    13030
  ]
}