{
  "qid": 59993,
  "query": "Phòng Tư pháp có chứng thực chữ ký người dịch khi người đó nhờ người khác dịch hồ sơ du học của mình không?",
  "metrics": {
    "mrr": 0.5,
    "map": 0.5,
    "p@1": 0.0,
    "r@1": 0.0,
    "ndcg@1": 0.0,
    "p@5": 0.2,
    "r@5": 1.0,
    "ndcg@5": 0.6309297535714575,
    "p@10": 0.1,
    "r@10": 1.0,
    "ndcg@10": 0.6309297535714575
  },
  "retrieved": [
    1431,
    1444,
    1439,
    1412,
    1432,
    1433,
    1628,
    3992,
    1435,
    7960
  ]
}