{
  "qid": 60098,
  "query": "Thời hạn quyết định áp dụng biện pháp tự vệ chính thức là bao nhiêu ngày?",
  "metrics": {
    "mrr": 0.3333333333333333,
    "map": 0.3333333333333333,
    "p@1": 0.0,
    "r@1": 0.0,
    "ndcg@1": 0.0,
    "p@5": 0.2,
    "r@5": 1.0,
    "ndcg@5": 0.5,
    "p@10": 0.1,
    "r@10": 1.0,
    "ndcg@10": 0.5
  },
  "retrieved": [
    5319,
    5318,
    12900,
    12916,
    12915,
    5305,
    12905,
    5290,
    12899,
    5296
  ]
}