{
  "qid": 60174,
  "query": "Doanh nghiệp kinh doanh đặt cược có phải cảnh báo người chơi đặt cược vượt quá khả năng thu nhập không?",
  "metrics": {
    "mrr": 0.5,
    "map": 0.5,
    "p@1": 0.0,
    "r@1": 0.0,
    "ndcg@1": 0.0,
    "p@5": 0.2,
    "r@5": 1.0,
    "ndcg@5": 0.6309297535714575,
    "p@10": 0.1,
    "r@10": 1.0,
    "ndcg@10": 0.6309297535714575
  },
  "retrieved": [
    11033,
    6486,
    6481,
    11032,
    6483,
    6477,
    6465,
    11031,
    6507,
    6467
  ]
}