{
  "qid": 60425,
  "query": "Thực hiện đánh giá chứng cứ thu thập được trong vụ án như thế nào?",
  "metrics": {
    "mrr": 0.16666666666666666,
    "map": 0.16666666666666666,
    "p@1": 0.0,
    "r@1": 0.0,
    "ndcg@1": 0.0,
    "p@5": 0.0,
    "r@5": 0.0,
    "ndcg@5": 0.0,
    "p@10": 0.1,
    "r@10": 1.0,
    "ndcg@10": 0.3562071871080222
  },
  "retrieved": [
    10565,
    10729,
    10558,
    10608,
    10704,
    10585,
    10727,
    7968,
    10886,
    6704
  ]
}