{
  "qid": 60691,
  "query": "Cuộc đấu giá do Hội đồng thực hiện phải có ít nhất bao nhiêu thành viên Hội đồng tham dự?",
  "metrics": {
    "mrr": 1.0,
    "map": 0.5,
    "p@1": 1.0,
    "r@1": 0.5,
    "ndcg@1": 1.0,
    "p@5": 0.2,
    "r@5": 0.5,
    "ndcg@5": 0.6131471927654584,
    "p@10": 0.1,
    "r@10": 0.5,
    "ndcg@10": 0.6131471927654584
  },
  "retrieved": [
    748,
    750,
    747,
    5214,
    700,
    731,
    762,
    2044,
    706,
    12997
  ]
}