{
  "qid": 60696,
  "query": "Các giấy tờ, tài liệu nào không được chứng nhận hợp pháp hóa lãnh sự?",
  "metrics": {
    "mrr": 0.5,
    "map": 0.5,
    "p@1": 0.0,
    "r@1": 0.0,
    "ndcg@1": 0.0,
    "p@5": 0.2,
    "r@5": 1.0,
    "ndcg@5": 0.6309297535714575,
    "p@10": 0.1,
    "r@10": 1.0,
    "ndcg@10": 0.6309297535714575
  },
  "retrieved": [
    13495,
    13501,
    155,
    148,
    13493,
    13505,
    7962,
    13500,
    13494,
    157
  ]
}