{
  "qid": 60719,
  "query": "Việc lập vi bằng phải gồm những nội dung chủ yếu nào?",
  "metrics": {
    "mrr": 0.5,
    "map": 0.5,
    "p@1": 0.0,
    "r@1": 0.0,
    "ndcg@1": 0.0,
    "p@5": 0.2,
    "r@5": 1.0,
    "ndcg@5": 0.6309297535714575,
    "p@10": 0.1,
    "r@10": 1.0,
    "ndcg@10": 0.6309297535714575
  },
  "retrieved": [
    8964,
    8966,
    8965,
    5859,
    5868,
    5858,
    8967,
    5860,
    8962,
    8968
  ]
}