{
  "qid": 61144,
  "query": "Bồi dưỡng cho cán bộ làm công tác phòng chống khủng bố nhằm mục đích gì?",
  "metrics": {
    "mrr": 0.2,
    "map": 0.2,
    "p@1": 0.0,
    "r@1": 0.0,
    "ndcg@1": 0.0,
    "p@5": 0.2,
    "r@5": 1.0,
    "ndcg@5": 0.38685280723454163,
    "p@10": 0.1,
    "r@10": 1.0,
    "ndcg@10": 0.38685280723454163
  },
  "retrieved": [
    2255,
    2250,
    2252,
    2246,
    2248,
    2253,
    2249,
    12610,
    10217,
    2919
  ]
}