{
  "qid": 61169,
  "query": "Văn bản ủy thác tư pháp về hình sự phải có những nội dung nào?",
  "metrics": {
    "mrr": 0.3333333333333333,
    "map": 0.3333333333333333,
    "p@1": 0.0,
    "r@1": 0.0,
    "ndcg@1": 0.0,
    "p@5": 0.2,
    "r@5": 1.0,
    "ndcg@5": 0.5,
    "p@10": 0.1,
    "r@10": 1.0,
    "ndcg@10": 0.5
  },
  "retrieved": [
    7982,
    7969,
    7974,
    7970,
    7968,
    7966,
    8019,
    7961,
    10962,
    7976
  ]
}