{
  "qid": 6134,
  "query": "Thẻ Chấp hành viên được cấp lại hiện nay được làm từ chất liệu gì và kích thước thẻ là bao nhiêu?",
  "metrics": {
    "mrr": 0.3333333333333333,
    "map": 0.3333333333333333,
    "p@1": 0.0,
    "r@1": 0.0,
    "ndcg@1": 0.0,
    "p@5": 0.2,
    "r@5": 1.0,
    "ndcg@5": 0.5,
    "p@10": 0.1,
    "r@10": 1.0,
    "ndcg@10": 0.5
  },
  "retrieved": [
    2394,
    2947,
    2382,
    5833,
    2314,
    2381,
    2380,
    6806,
    14127,
    3898
  ]
}