{
  "qid": 6153,
  "query": "Cơ quan nào có thẩm quyền cấp Giấy chứng nhận đăng ký hoạt động khoa học và công nghệ?",
  "metrics": {
    "mrr": 0.3333333333333333,
    "map": 0.3333333333333333,
    "p@1": 0.0,
    "r@1": 0.0,
    "ndcg@1": 0.0,
    "p@5": 0.2,
    "r@5": 1.0,
    "ndcg@5": 0.5,
    "p@10": 0.1,
    "r@10": 1.0,
    "ndcg@10": 0.5
  },
  "retrieved": [
    8238,
    8240,
    8236,
    8237,
    8276,
    7524,
    8248,
    7522,
    8244,
    3944
  ]
}