{
  "qid": 61587,
  "query": "Trong việc tiếp cận thông tin, công dân có các quyền và nghĩa vụ gì?",
  "metrics": {
    "mrr": 0.5,
    "map": 0.5,
    "p@1": 0.0,
    "r@1": 0.0,
    "ndcg@1": 0.0,
    "p@5": 0.2,
    "r@5": 1.0,
    "ndcg@5": 0.6309297535714575,
    "p@10": 0.1,
    "r@10": 1.0,
    "ndcg@10": 0.6309297535714575
  },
  "retrieved": [
    11698,
    11693,
    11686,
    11688,
    11716,
    11717,
    11718,
    11689,
    11699,
    10214
  ]
}