{
  "qid": 61585,
  "query": "Công dân được tiếp cận thông tin bằng các cách thức nào?",
  "metrics": {
    "mrr": 0.5,
    "map": 0.5,
    "p@1": 0.0,
    "r@1": 0.0,
    "ndcg@1": 0.0,
    "p@5": 0.2,
    "r@5": 1.0,
    "ndcg@5": 0.6309297535714575,
    "p@10": 0.1,
    "r@10": 1.0,
    "ndcg@10": 0.6309297535714575
  },
  "retrieved": [
    11698,
    11695,
    11686,
    11718,
    11688,
    11693,
    11716,
    11717,
    11699,
    11689
  ]
}