{
  "qid": 61641,
  "query": "Có quyền khiếu nại lại quyết định kỷ luật cán bộ, công chức hay không?",
  "metrics": {
    "mrr": 0.5,
    "map": 0.35,
    "p@1": 0.0,
    "r@1": 0.0,
    "ndcg@1": 0.0,
    "p@5": 0.2,
    "r@5": 0.5,
    "ndcg@5": 0.38685280723454163,
    "p@10": 0.2,
    "r@10": 1.0,
    "ndcg@10": 0.5640920940185894
  },
  "retrieved": [
    1702,
    1747,
    13782,
    1709,
    1751,
    1758,
    13779,
    1757,
    1752,
    1701
  ]
}