{
  "qid": 61840,
  "query": "Cơ quan nhà nước cấp tỉnh tổ chức ngày hưởng ứng khi đáp ứng những điều kiện nào?",
  "metrics": {
    "mrr": 0.2,
    "map": 0.2,
    "p@1": 0.0,
    "r@1": 0.0,
    "ndcg@1": 0.0,
    "p@5": 0.2,
    "r@5": 1.0,
    "ndcg@5": 0.38685280723454163,
    "p@10": 0.1,
    "r@10": 1.0,
    "ndcg@10": 0.38685280723454163
  },
  "retrieved": [
    13655,
    13640,
    13648,
    13643,
    13653,
    13642,
    986,
    6663,
    8754,
    1344
  ]
}