{
  "qid": 61847,
  "query": "Thủ tục kháng cáo của người bào chữa được thực hiện như thế nào?",
  "metrics": {
    "mrr": 0.2,
    "map": 0.2,
    "p@1": 0.0,
    "r@1": 0.0,
    "ndcg@1": 0.0,
    "p@5": 0.2,
    "r@5": 1.0,
    "ndcg@5": 0.38685280723454163,
    "p@10": 0.1,
    "r@10": 1.0,
    "ndcg@10": 0.38685280723454163
  },
  "retrieved": [
    10828,
    10737,
    10739,
    10808,
    10809,
    10834,
    10807,
    10743,
    10819,
    10732
  ]
}