{
  "qid": 62184,
  "query": "Thủ tục ủy thác tư pháp về dân sự ra nước ngoài được thực hiện thế nào?",
  "metrics": {
    "mrr": 0.5,
    "map": 0.5,
    "p@1": 0.0,
    "r@1": 0.0,
    "ndcg@1": 0.0,
    "p@5": 0.2,
    "r@5": 1.0,
    "ndcg@5": 0.6309297535714575,
    "p@10": 0.1,
    "r@10": 1.0,
    "ndcg@10": 0.6309297535714575
  },
  "retrieved": [
    7971,
    7969,
    7970,
    7966,
    7985,
    8022,
    7974,
    8017,
    7982,
    7961
  ]
}