{
  "qid": 62248,
  "query": "Việc ban hành quy chế, tiêu chí về thi đua khen thưởng trong thực hiện quy tắc ứng xử tại cơ sở y tế có phải trách nhiệm của Thủ trưởng Y tế bộ, ngành hay không?",
  "metrics": {
    "mrr": 0.3333333333333333,
    "map": 0.3333333333333333,
    "p@1": 0.0,
    "r@1": 0.0,
    "ndcg@1": 0.0,
    "p@5": 0.2,
    "r@5": 1.0,
    "ndcg@5": 0.5,
    "p@10": 0.1,
    "r@10": 1.0,
    "ndcg@10": 0.5
  },
  "retrieved": [
    7175,
    7179,
    7172,
    7171,
    7176,
    7177,
    7178,
    7173,
    7164,
    7180
  ]
}