{
  "qid": 62339,
  "query": "Doanh nghiệp FDI thực hiện điều chỉnh giấy phép kinh doanh theo trình tự thủ tục như thế nào?",
  "metrics": {
    "mrr": 0.25,
    "map": 0.25,
    "p@1": 0.0,
    "r@1": 0.0,
    "ndcg@1": 0.0,
    "p@5": 0.2,
    "r@5": 1.0,
    "ndcg@5": 0.43067655807339306,
    "p@10": 0.1,
    "r@10": 1.0,
    "ndcg@10": 0.43067655807339306
  },
  "retrieved": [
    14760,
    14762,
    9980,
    9947,
    9778,
    14758,
    3274,
    9775,
    3279,
    14759
  ]
}