{
  "qid": 62382,
  "query": "Số dịch vụ nhắn tin trong Cổng thông tin điện tử nhân đạo Quốc gia được quy định như thế nào?",
  "metrics": {
    "mrr": 0.2,
    "map": 0.2,
    "p@1": 0.0,
    "r@1": 0.0,
    "ndcg@1": 0.0,
    "p@5": 0.2,
    "r@5": 1.0,
    "ndcg@5": 0.38685280723454163,
    "p@10": 0.1,
    "r@10": 1.0,
    "ndcg@10": 0.38685280723454163
  },
  "retrieved": [
    9490,
    9494,
    9495,
    9496,
    9489,
    9486,
    9493,
    9484,
    9488,
    9492
  ]
}