{
  "qid": 62473,
  "query": "Người khuyết tật có được quyền định hướng nghề nghiệp sau khi học xong tại cơ sở giáo dục hòa nhập?",
  "metrics": {
    "mrr": 0.5,
    "map": 0.5,
    "p@1": 0.0,
    "r@1": 0.0,
    "ndcg@1": 0.0,
    "p@5": 0.2,
    "r@5": 1.0,
    "ndcg@5": 0.6309297535714575,
    "p@10": 0.1,
    "r@10": 1.0,
    "ndcg@10": 0.6309297535714575
  },
  "retrieved": [
    3432,
    3441,
    3431,
    3437,
    3428,
    3427,
    3446,
    3433,
    3435,
    11546
  ]
}