{
  "qid": 62565,
  "query": "Hồ sơ, tài liệu lưu trữ trong tàng thư căn cước công dân 12 số bao gồm những loại giấy tờ gì?",
  "metrics": {
    "mrr": 0.1111111111111111,
    "map": 0.1111111111111111,
    "p@1": 0.0,
    "r@1": 0.0,
    "ndcg@1": 0.0,
    "p@5": 0.0,
    "r@5": 0.0,
    "ndcg@5": 0.0,
    "p@10": 0.1,
    "r@10": 1.0,
    "ndcg@10": 0.3010299956639812
  },
  "retrieved": [
    12639,
    12644,
    12630,
    12640,
    12642,
    12643,
    12632,
    12635,
    12634,
    12641
  ]
}