{
  "qid": 62566,
  "query": "Tàng thư căn cước công dân 12 số do cơ quan nào có thẩm quyền quản lý và bảo quản?",
  "metrics": {
    "mrr": 0.5,
    "map": 0.5,
    "p@1": 0.0,
    "r@1": 0.0,
    "ndcg@1": 0.0,
    "p@5": 0.2,
    "r@5": 1.0,
    "ndcg@5": 0.6309297535714575,
    "p@10": 0.1,
    "r@10": 1.0,
    "ndcg@10": 0.6309297535714575
  },
  "retrieved": [
    12642,
    12633,
    12644,
    12643,
    12630,
    12637,
    12639,
    12632,
    12634,
    12635
  ]
}