{
  "qid": 62659,
  "query": "Vi bằng do thừa phát lại lập có thể được sử dụng thay cho văn bản công chứng, văn bản chứng thực không?",
  "metrics": {
    "mrr": 0.5,
    "map": 0.5,
    "p@1": 0.0,
    "r@1": 0.0,
    "ndcg@1": 0.0,
    "p@5": 0.2,
    "r@5": 1.0,
    "ndcg@5": 0.6309297535714575,
    "p@10": 0.1,
    "r@10": 1.0,
    "ndcg@10": 0.6309297535714575
  },
  "retrieved": [
    8965,
    8962,
    9416,
    5858,
    5860,
    8967,
    8966,
    5859,
    8968,
    8928
  ]
}