{
  "qid": 62688,
  "query": "Kết quả kiểm tra hoạt động đầu tư nước ngoài được báo cáo theo trình tự thế nào?",
  "metrics": {
    "mrr": 0.25,
    "map": 0.25,
    "p@1": 0.0,
    "r@1": 0.0,
    "ndcg@1": 0.0,
    "p@5": 0.2,
    "r@5": 1.0,
    "ndcg@5": 0.43067655807339306,
    "p@10": 0.1,
    "r@10": 1.0,
    "ndcg@10": 0.43067655807339306
  },
  "retrieved": [
    14749,
    9598,
    9616,
    9615,
    9597,
    8821,
    7893,
    9601,
    880,
    13053
  ]
}