{
  "qid": 62982,
  "query": "Lộ trình dán nhãn năng lượng đối với thiết bị gia dụng là quạt điện cụ thể thực hiện như thế nào?",
  "metrics": {
    "mrr": 0.2,
    "map": 0.2,
    "p@1": 0.0,
    "r@1": 0.0,
    "ndcg@1": 0.0,
    "p@5": 0.2,
    "r@5": 1.0,
    "ndcg@5": 0.38685280723454163,
    "p@10": 0.1,
    "r@10": 1.0,
    "ndcg@10": 0.38685280723454163
  },
  "retrieved": [
    4292,
    4296,
    4293,
    4295,
    4294,
    1999,
    1981,
    2000,
    1979,
    6444
  ]
}