{
  "qid": 63139,
  "query": "Không yêu cầu về trình độ ngoại ngữ, tin học đối với trợ giúp viên pháp lý?",
  "metrics": {
    "mrr": 0.25,
    "map": 0.25,
    "p@1": 0.0,
    "r@1": 0.0,
    "ndcg@1": 0.0,
    "p@5": 0.2,
    "r@5": 1.0,
    "ndcg@5": 0.43067655807339306,
    "p@10": 0.1,
    "r@10": 1.0,
    "ndcg@10": 0.43067655807339306
  },
  "retrieved": [
    8608,
    8609,
    13121,
    1045,
    14246,
    8606,
    6453,
    8611,
    6456,
    6452
  ]
}