{
  "qid": 64125,
  "query": "Cơ sở dữ liệu quốc gia về khoa học và công nghệ được xây dựng, quản lý theo nguyên tắc gì?",
  "metrics": {
    "mrr": 1.0,
    "map": 0.5,
    "p@1": 1.0,
    "r@1": 0.5,
    "ndcg@1": 1.0,
    "p@5": 0.2,
    "r@5": 0.5,
    "ndcg@5": 0.6131471927654584,
    "p@10": 0.1,
    "r@10": 0.5,
    "ndcg@10": 0.6131471927654584
  },
  "retrieved": [
    12778,
    12803,
    12802,
    12792,
    12799,
    12800,
    12801,
    12791,
    12782,
    12781
  ]
}