{
  "qid": 64147,
  "query": "Có được ngăn cản việc kiểm soát của các cơ quan quản lý nhà nước chuyên ngành tại cửa khẩu không?",
  "metrics": {
    "mrr": 0.16666666666666666,
    "map": 0.16666666666666666,
    "p@1": 0.0,
    "r@1": 0.0,
    "ndcg@1": 0.0,
    "p@5": 0.0,
    "r@5": 0.0,
    "ndcg@5": 0.0,
    "p@10": 0.1,
    "r@10": 1.0,
    "ndcg@10": 0.3562071871080222
  },
  "retrieved": [
    13707,
    13703,
    13693,
    9684,
    13719,
    13699,
    13698,
    13695,
    13694,
    13714
  ]
}