{
  "qid": 64507,
  "query": "Những loại giấy tờ, tài liệu nào không được hợp pháp hóa lãnh sự?",
  "metrics": {
    "mrr": 0.1111111111111111,
    "map": 0.1111111111111111,
    "p@1": 0.0,
    "r@1": 0.0,
    "ndcg@1": 0.0,
    "p@5": 0.0,
    "r@5": 0.0,
    "ndcg@5": 0.0,
    "p@10": 0.1,
    "r@10": 1.0,
    "ndcg@10": 0.3010299956639812
  },
  "retrieved": [
    13500,
    13512,
    13495,
    7962,
    13505,
    13493,
    155,
    13501,
    148,
    146
  ]
}