{
  "qid": 64603,
  "query": "Thực hiện giám sát tiêu hủy tiền nhằm mục đích gì?",
  "metrics": {
    "mrr": 0.2,
    "map": 0.2,
    "p@1": 0.0,
    "r@1": 0.0,
    "ndcg@1": 0.0,
    "p@5": 0.2,
    "r@5": 1.0,
    "ndcg@5": 0.38685280723454163,
    "p@10": 0.1,
    "r@10": 1.0,
    "ndcg@10": 0.38685280723454163
  },
  "retrieved": [
    7643,
    7642,
    7632,
    7633,
    7621,
    7636,
    7624,
    7623,
    7635,
    7634
  ]
}