{
  "qid": 64884,
  "query": "Nộp hồ sơ đề nghị cấp, cấp lại chứng chỉ hành nghề y được quy định như thế nào?",
  "metrics": {
    "mrr": 0.5,
    "map": 0.5,
    "p@1": 0.0,
    "r@1": 0.0,
    "ndcg@1": 0.0,
    "p@5": 0.2,
    "r@5": 1.0,
    "ndcg@5": 0.6309297535714575,
    "p@10": 0.1,
    "r@10": 1.0,
    "ndcg@10": 0.6309297535714575
  },
  "retrieved": [
    704,
    12357,
    701,
    12355,
    12356,
    703,
    712,
    12353,
    12354,
    765
  ]
}