{
  "qid": 64964,
  "query": "Kiêm nhiệm công tác đoàn thì giáo viên THPT có được giảm định mức tiết dạy hay không?",
  "metrics": {
    "mrr": 0.2,
    "map": 0.2,
    "p@1": 0.0,
    "r@1": 0.0,
    "ndcg@1": 0.0,
    "p@5": 0.2,
    "r@5": 1.0,
    "ndcg@5": 0.38685280723454163,
    "p@10": 0.1,
    "r@10": 1.0,
    "ndcg@10": 0.38685280723454163
  },
  "retrieved": [
    7148,
    8502,
    7147,
    14287,
    8500,
    8499,
    8501,
    8503,
    7318,
    2582
  ]
}