{
  "qid": 65035,
  "query": "Các loại chế độ báo cáo cơ quan hành chính nhà nước?",
  "metrics": {
    "mrr": 0.1111111111111111,
    "map": 0.1111111111111111,
    "p@1": 0.0,
    "r@1": 0.0,
    "ndcg@1": 0.0,
    "p@5": 0.0,
    "r@5": 0.0,
    "ndcg@5": 0.0,
    "p@10": 0.1,
    "r@10": 1.0,
    "ndcg@10": 0.3010299956639812
  },
  "retrieved": [
    10105,
    10109,
    10110,
    10106,
    10107,
    3609,
    10115,
    3608,
    10108,
    10121
  ]
}