{
  "qid": 65100,
  "query": "Người thu phí chứng thực tại cơ quan như công chức tư pháp hộ tịch có được trích phần trăm đối với người đi thu không?",
  "metrics": {
    "mrr": 0.1111111111111111,
    "map": 0.1111111111111111,
    "p@1": 0.0,
    "r@1": 0.0,
    "ndcg@1": 0.0,
    "p@5": 0.0,
    "r@5": 0.0,
    "ndcg@5": 0.0,
    "p@10": 0.1,
    "r@10": 1.0,
    "ndcg@10": 0.3010299956639812
  },
  "retrieved": [
    7894,
    8775,
    14507,
    14503,
    5139,
    7893,
    14497,
    6041,
    8776,
    11066
  ]
}