{
  "qid": 65564,
  "query": "Khi giải quyết thủ tục đăng ký hộ tịch tại Cơ quan đại diện lãnh sự của Việt Nam ở nước ngoài, công dân cần xuất trình những giấy tờ gì?",
  "metrics": {
    "mrr": 0.14285714285714285,
    "map": 0.14285714285714285,
    "p@1": 0.0,
    "r@1": 0.0,
    "ndcg@1": 0.0,
    "p@5": 0.0,
    "r@5": 0.0,
    "ndcg@5": 0.0,
    "p@10": 0.1,
    "r@10": 1.0,
    "ndcg@10": 0.3333333333333333
  },
  "retrieved": [
    2272,
    2271,
    2273,
    4582,
    2263,
    2275,
    2260,
    4576,
    2265,
    2262
  ]
}