{
  "qid": 66184,
  "query": "Việc bảo quản phương tiện bảo vệ cá nhân sẽ do người sử dụng lao động hay người lao động thực hiện?",
  "metrics": {
    "mrr": 0.5,
    "map": 0.5,
    "p@1": 0.0,
    "r@1": 0.0,
    "ndcg@1": 0.0,
    "p@5": 0.2,
    "r@5": 1.0,
    "ndcg@5": 0.6309297535714575,
    "p@10": 0.1,
    "r@10": 1.0,
    "ndcg@10": 0.6309297535714575
  },
  "retrieved": [
    4037,
    4041,
    4039,
    4038,
    1833,
    4040,
    13384,
    4042,
    6884,
    4035
  ]
}