{
  "qid": 66182,
  "query": "Việc xây dựng danh mục và trang cấp phương tiện bảo vệ cá nhân cho người lao động được thực hiện trong những trường hợp nào?",
  "metrics": {
    "mrr": 0.5,
    "map": 0.5,
    "p@1": 0.0,
    "r@1": 0.0,
    "ndcg@1": 0.0,
    "p@5": 0.2,
    "r@5": 1.0,
    "ndcg@5": 0.6309297535714575,
    "p@10": 0.1,
    "r@10": 1.0,
    "ndcg@10": 0.6309297535714575
  },
  "retrieved": [
    4037,
    4039,
    4040,
    4035,
    4044,
    3410,
    4038,
    4152,
    6882,
    6548
  ]
}