{
  "qid": 66568,
  "query": "Ngoại tệ là gì? Nguyên tắc tính trạng thái ngoại tệ được quy định như thế nào?",
  "metrics": {
    "mrr": 0.5,
    "map": 0.5,
    "p@1": 0.0,
    "r@1": 0.0,
    "ndcg@1": 0.0,
    "p@5": 0.2,
    "r@5": 1.0,
    "ndcg@5": 0.6309297535714575,
    "p@10": 0.1,
    "r@10": 1.0,
    "ndcg@10": 0.6309297535714575
  },
  "retrieved": [
    12840,
    7108,
    12837,
    12836,
    12834,
    12838,
    12844,
    12845,
    3266,
    12841
  ]
}