{
  "qid": 66614,
  "query": "Viên chức được phân loại dựa trên những căn cứ phân loại nào?",
  "metrics": {
    "mrr": 0.5,
    "map": 0.5,
    "p@1": 0.0,
    "r@1": 0.0,
    "ndcg@1": 0.0,
    "p@5": 0.2,
    "r@5": 1.0,
    "ndcg@5": 0.6309297535714575,
    "p@10": 0.1,
    "r@10": 1.0,
    "ndcg@10": 0.6309297535714575
  },
  "retrieved": [
    8320,
    14210,
    8322,
    8323,
    14613,
    8329,
    3466,
    12003,
    8842,
    13118
  ]
}