{
  "qid": 66738,
  "query": "Đơn vị sự nghiệp công lập có quyền hạn biệt phái viên chức hay không?",
  "metrics": {
    "mrr": 0.2,
    "map": 0.2,
    "p@1": 0.0,
    "r@1": 0.0,
    "ndcg@1": 0.0,
    "p@5": 0.2,
    "r@5": 1.0,
    "ndcg@5": 0.38685280723454163,
    "p@10": 0.1,
    "r@10": 1.0,
    "ndcg@10": 0.38685280723454163
  },
  "retrieved": [
    14227,
    14267,
    14264,
    14265,
    14273,
    14225,
    14232,
    12014,
    12010,
    12013
  ]
}