{
  "qid": 67301,
  "query": "Tàu biển thế chấp gồm những loại nào? Hồ sơ đăng ký thế chấp tàu biển gồm những giấy tờ nào?",
  "metrics": {
    "mrr": 0.14285714285714285,
    "map": 0.07142857142857142,
    "p@1": 0.0,
    "r@1": 0.0,
    "ndcg@1": 0.0,
    "p@5": 0.0,
    "r@5": 0.0,
    "ndcg@5": 0.0,
    "p@10": 0.1,
    "r@10": 0.5,
    "ndcg@10": 0.20438239758848611
  },
  "retrieved": [
    1283,
    11208,
    1280,
    11174,
    1282,
    1285,
    11201,
    11173,
    11233,
    1284
  ]
}