{
  "qid": 67553,
  "query": "Trình tự, thủ tục tháo dỡ, cưỡng chế xây dựng trái phép trên đất nông nghiệp như thế nào? Nếu phát hiện quả tang vi phạm thì có tháo dỡ được luôn không ạ?",
  "metrics": {
    "mrr": 0.3333333333333333,
    "map": 0.3333333333333333,
    "p@1": 0.0,
    "r@1": 0.0,
    "ndcg@1": 0.0,
    "p@5": 0.2,
    "r@5": 1.0,
    "ndcg@5": 0.5,
    "p@10": 0.1,
    "r@10": 1.0,
    "ndcg@10": 0.5
  },
  "retrieved": [
    10351,
    10349,
    3533,
    10352,
    10350,
    10302,
    3534,
    10310,
    11106,
    12042
  ]
}