{
  "qid": 67605,
  "query": "Để thi thăng hạng lên chức danh Tìm kiếm cứu nạn hàng hải từ hạng 3 lên hạng 2 thì viên chức cần đáp ứng những điều kiện gì?",
  "metrics": {
    "mrr": 0.2,
    "map": 0.2,
    "p@1": 0.0,
    "r@1": 0.0,
    "ndcg@1": 0.0,
    "p@5": 0.2,
    "r@5": 1.0,
    "ndcg@5": 0.38685280723454163,
    "p@10": 0.1,
    "r@10": 1.0,
    "ndcg@10": 0.38685280723454163
  },
  "retrieved": [
    13119,
    6924,
    3870,
    3873,
    14239,
    3876,
    14249,
    14236,
    14240,
    14246
  ]
}