{
  "qid": 67781,
  "query": "Để kinh doanh vận tải hàng hóa thì cần phải đáp ứng những điều kiện nào?",
  "metrics": {
    "mrr": 0.1111111111111111,
    "map": 0.1111111111111111,
    "p@1": 0.0,
    "r@1": 0.0,
    "ndcg@1": 0.0,
    "p@5": 0.0,
    "r@5": 0.0,
    "ndcg@5": 0.0,
    "p@10": 0.1,
    "r@10": 1.0,
    "ndcg@10": 0.3010299956639812
  },
  "retrieved": [
    13137,
    13135,
    13129,
    13138,
    10326,
    13161,
    13160,
    13162,
    13139,
    13149
  ]
}