{
  "qid": 68045,
  "query": "Hiệp sĩ bắt cướp bị thương thì được hưởng chế độ chính sách gì?",
  "metrics": {
    "mrr": 0.16666666666666666,
    "map": 0.16666666666666666,
    "p@1": 0.0,
    "r@1": 0.0,
    "ndcg@1": 0.0,
    "p@5": 0.0,
    "r@5": 0.0,
    "ndcg@5": 0.0,
    "p@10": 0.1,
    "r@10": 1.0,
    "ndcg@10": 0.3562071871080222
  },
  "retrieved": [
    13,
    1216,
    6075,
    2574,
    11844,
    6195,
    2958,
    4795,
    13785,
    8795
  ]
}