{
  "qid": 68170,
  "query": "Thời gian thông báo kết quả xét nghiệm HIV dương tính là bao lâu?",
  "metrics": {
    "mrr": 0.3333333333333333,
    "map": 0.3333333333333333,
    "p@1": 0.0,
    "r@1": 0.0,
    "ndcg@1": 0.0,
    "p@5": 0.2,
    "r@5": 1.0,
    "ndcg@5": 0.5,
    "p@10": 0.1,
    "r@10": 1.0,
    "ndcg@10": 0.5
  },
  "retrieved": [
    44,
    45,
    40,
    42,
    46,
    2760,
    49,
    47,
    48,
    2759
  ]
}