{
  "qid": 68253,
  "query": "Trách nhiệm giải quyết khiếu nại và phối hợp giải quyết khiếu nại được quy định như thế nào?",
  "metrics": {
    "mrr": 0.5,
    "map": 0.5,
    "p@1": 0.0,
    "r@1": 0.0,
    "ndcg@1": 0.0,
    "p@5": 0.2,
    "r@5": 1.0,
    "ndcg@5": 0.6309297535714575,
    "p@10": 0.1,
    "r@10": 1.0,
    "ndcg@10": 0.6309297535714575
  },
  "retrieved": [
    1746,
    1705,
    2211,
    1714,
    1193,
    1758,
    1766,
    1495,
    1732,
    6708
  ]
}