{
  "qid": 68554,
  "query": "Ai có thẩm quyền ra lệnh bắt bị can, bị cáo để tạm giam?",
  "metrics": {
    "mrr": 0.2,
    "map": 0.2,
    "p@1": 0.0,
    "r@1": 0.0,
    "ndcg@1": 0.0,
    "p@5": 0.2,
    "r@5": 1.0,
    "ndcg@5": 0.38685280723454163,
    "p@10": 0.1,
    "r@10": 1.0,
    "ndcg@10": 0.38685280723454163
  },
  "retrieved": [
    6686,
    10596,
    6703,
    10557,
    10590,
    12727,
    10586,
    10892,
    6683,
    10755
  ]
}