{
  "qid": 68953,
  "query": "Hồ sơ xin xác định mức độ khuyết tật đối với trẻ bị bại não bẩm sinh không có khả năng vận động gồm những gì?",
  "metrics": {
    "mrr": 0.3333333333333333,
    "map": 0.3333333333333333,
    "p@1": 0.0,
    "r@1": 0.0,
    "ndcg@1": 0.0,
    "p@5": 0.2,
    "r@5": 1.0,
    "ndcg@5": 0.5,
    "p@10": 0.1,
    "r@10": 1.0,
    "ndcg@10": 0.5
  },
  "retrieved": [
    3445,
    1239,
    1238,
    1236,
    1235,
    1237,
    1247,
    3431,
    3432,
    1244
  ]
}