{
  "qid": 69126,
  "query": "Tái bản xuất bản phẩm nhưng không có văn bản chấp thuận của tác giả thì nhà xuất bản bị xử phạt thế nào?",
  "metrics": {
    "mrr": 0.3333333333333333,
    "map": 0.3333333333333333,
    "p@1": 0.0,
    "r@1": 0.0,
    "ndcg@1": 0.0,
    "p@5": 0.2,
    "r@5": 1.0,
    "ndcg@5": 0.5,
    "p@10": 0.1,
    "r@10": 1.0,
    "ndcg@10": 0.5
  },
  "retrieved": [
    14928,
    1458,
    14924,
    14932,
    9921,
    14929,
    1462,
    5172,
    1467,
    1463
  ]
}