{
  "qid": 6953,
  "query": "Cơ quan nào có quyền thanh tra về việc đáp ứng các yêu cầu đối với điều kiện tập luyện môn Lân Sư Rồng trong nhà?",
  "metrics": {
    "mrr": 0.16666666666666666,
    "map": 0.16666666666666666,
    "p@1": 0.0,
    "r@1": 0.0,
    "ndcg@1": 0.0,
    "p@5": 0.0,
    "r@5": 0.0,
    "ndcg@5": 0.0,
    "p@10": 0.1,
    "r@10": 1.0,
    "ndcg@10": 0.3562071871080222
  },
  "retrieved": [
    4412,
    4414,
    4411,
    11972,
    6616,
    4415,
    11971,
    3407,
    257,
    4751
  ]
}