{
  "qid": 69748,
  "query": "Văn phòng đại diện của tổ chức khoa học và công nghệ là gì?",
  "metrics": {
    "mrr": 0.5,
    "map": 0.5,
    "p@1": 0.0,
    "r@1": 0.0,
    "ndcg@1": 0.0,
    "p@5": 0.2,
    "r@5": 1.0,
    "ndcg@5": 0.6309297535714575,
    "p@10": 0.1,
    "r@10": 1.0,
    "ndcg@10": 0.6309297535714575
  },
  "retrieved": [
    8248,
    8247,
    8249,
    8250,
    8251,
    8229,
    8244,
    2489,
    10070,
    3064
  ]
}