{
  "qid": 69794,
  "query": "Khi nào thì được coi là hàng hóa có xuất xứ không thuần túy?",
  "metrics": {
    "mrr": 0.3333333333333333,
    "map": 0.3333333333333333,
    "p@1": 0.0,
    "r@1": 0.0,
    "ndcg@1": 0.0,
    "p@5": 0.2,
    "r@5": 1.0,
    "ndcg@5": 0.5,
    "p@10": 0.1,
    "r@10": 1.0,
    "ndcg@10": 0.5
  },
  "retrieved": [
    2779,
    5522,
    2781,
    5523,
    2777,
    2783,
    2782,
    2780,
    1124,
    2804
  ]
}