{
  "qid": 70094,
  "query": "Có được tự thỏa thuận về chi phí lập vi bằng không?",
  "metrics": {
    "mrr": 0.5,
    "map": 0.5,
    "p@1": 0.0,
    "r@1": 0.0,
    "ndcg@1": 0.0,
    "p@5": 0.2,
    "r@5": 1.0,
    "ndcg@5": 0.6309297535714575,
    "p@10": 0.1,
    "r@10": 1.0,
    "ndcg@10": 0.6309297535714575
  },
  "retrieved": [
    8964,
    8990,
    8966,
    5868,
    5859,
    8965,
    8980,
    5860,
    8944,
    8967
  ]
}