{
  "qid": 70251,
  "query": "Thời gian áp dụng biện pháp cách ly y tế được pháp luật quy định như thế nào?",
  "metrics": {
    "mrr": 0.5,
    "map": 0.5,
    "p@1": 0.0,
    "r@1": 0.0,
    "ndcg@1": 0.0,
    "p@5": 0.2,
    "r@5": 1.0,
    "ndcg@5": 0.6309297535714575,
    "p@10": 0.1,
    "r@10": 1.0,
    "ndcg@10": 0.6309297535714575
  },
  "retrieved": [
    10422,
    10414,
    14552,
    10425,
    10426,
    10424,
    10420,
    10416,
    10417,
    10415
  ]
}