{
  "qid": 70289,
  "query": "Cấp C/O mẫu EUR.1 đối với hàng hóa xuất khẩu từ Việt Nam sang Anh theo UKVFTA được thực hiện ra sao?",
  "metrics": {
    "mrr": 0.5,
    "map": 0.5,
    "p@1": 0.0,
    "r@1": 0.0,
    "ndcg@1": 0.0,
    "p@5": 0.2,
    "r@5": 1.0,
    "ndcg@5": 0.6309297535714575,
    "p@10": 0.1,
    "r@10": 1.0,
    "ndcg@10": 0.6309297535714575
  },
  "retrieved": [
    2778,
    2795,
    2783,
    2790,
    5523,
    2808,
    2793,
    2800,
    2792,
    2777
  ]
}