{
  "qid": 70641,
  "query": "Khi thi đấu môn Khiêu vũ thể thao, cơ sở vật chất và trang thiết bị thi đấu được chuẩn bị gồm những gì?",
  "metrics": {
    "mrr": 0.5,
    "map": 0.5,
    "p@1": 0.0,
    "r@1": 0.0,
    "ndcg@1": 0.0,
    "p@5": 0.2,
    "r@5": 1.0,
    "ndcg@5": 0.6309297535714575,
    "p@10": 0.1,
    "r@10": 1.0,
    "ndcg@10": 0.6309297535714575
  },
  "retrieved": [
    257,
    7746,
    4411,
    254,
    6616,
    256,
    9261,
    12983,
    9262,
    7747
  ]
}