{
  "qid": 7105,
  "query": "Hướng dẫn viên du lịch có quyền thay đổi điểm đến du lịch khác so với trong hợp đồng không?",
  "metrics": {
    "mrr": 0.3333333333333333,
    "map": 0.3333333333333333,
    "p@1": 0.0,
    "r@1": 0.0,
    "ndcg@1": 0.0,
    "p@5": 0.2,
    "r@5": 1.0,
    "ndcg@5": 0.5,
    "p@10": 0.1,
    "r@10": 1.0,
    "ndcg@10": 0.5
  },
  "retrieved": [
    9780,
    9801,
    9808,
    9809,
    6607,
    6624,
    9783,
    9782,
    6609,
    9785
  ]
}