{
  "qid": 7126,
  "query": "Hội đồng xét xử vụ án hình sự được tạm ngừng phiên tòa trong các trường hợp nào?",
  "metrics": {
    "mrr": 0.5,
    "map": 0.5,
    "p@1": 0.0,
    "r@1": 0.0,
    "ndcg@1": 0.0,
    "p@5": 0.2,
    "r@5": 1.0,
    "ndcg@5": 0.6309297535714575,
    "p@10": 0.1,
    "r@10": 1.0,
    "ndcg@10": 0.6309297535714575
  },
  "retrieved": [
    10793,
    10728,
    10765,
    10727,
    10522,
    10803,
    10776,
    10767,
    10784,
    10774
  ]
}