{
  "qid": 71633,
  "query": "Giấy chứng nhận đủ điều kiện kinh doanh đặt cược bóng đá quốc tế được cấp khi doanh nghiệp phải đáp ứng những điều kiện gì?",
  "metrics": {
    "mrr": 0.5,
    "map": 0.5,
    "p@1": 0.0,
    "r@1": 0.0,
    "ndcg@1": 0.0,
    "p@5": 0.2,
    "r@5": 1.0,
    "ndcg@5": 0.6309297535714575,
    "p@10": 0.1,
    "r@10": 1.0,
    "ndcg@10": 0.6309297535714575
  },
  "retrieved": [
    6501,
    6502,
    6505,
    6476,
    6504,
    3247,
    6465,
    6542,
    6507,
    6533
  ]
}