{
  "qid": 71669,
  "query": "Giáo viên trung học cơ sở hạng II hiện nay đang có hệ số lương là bao nhiêu?",
  "metrics": {
    "mrr": 0.2,
    "map": 0.2,
    "p@1": 0.0,
    "r@1": 0.0,
    "ndcg@1": 0.0,
    "p@5": 0.2,
    "r@5": 1.0,
    "ndcg@5": 0.38685280723454163,
    "p@10": 0.1,
    "r@10": 1.0,
    "ndcg@10": 0.38685280723454163
  },
  "retrieved": [
    1537,
    3852,
    7726,
    3847,
    1536,
    8612,
    1534,
    6460,
    8457,
    1533
  ]
}