{
  "qid": 71809,
  "query": "Mối quan hệ giữa Hội đồng quản lý với người đứng đầu đơn vị sự nghiệp công lập được quy định ra sao?",
  "metrics": {
    "mrr": 0.25,
    "map": 0.25,
    "p@1": 0.0,
    "r@1": 0.0,
    "ndcg@1": 0.0,
    "p@5": 0.2,
    "r@5": 1.0,
    "ndcg@5": 0.43067655807339306,
    "p@10": 0.1,
    "r@10": 1.0,
    "ndcg@10": 0.43067655807339306
  },
  "retrieved": [
    3149,
    3146,
    14215,
    3155,
    3153,
    12004,
    13775,
    5542,
    5536,
    14254
  ]
}