{
  "qid": 71922,
  "query": "Xét tặng danh hiệu \"Lao động tiên tiến\" cho công chức viên chức cần đáp ứng những tiêu chuẩn gì?",
  "metrics": {
    "mrr": 0.5,
    "map": 0.5,
    "p@1": 0.0,
    "r@1": 0.0,
    "ndcg@1": 0.0,
    "p@5": 0.2,
    "r@5": 1.0,
    "ndcg@5": 0.6309297535714575,
    "p@10": 0.1,
    "r@10": 1.0,
    "ndcg@10": 0.6309297535714575
  },
  "retrieved": [
    7852,
    10024,
    7853,
    2088,
    8842,
    2087,
    8749,
    10014,
    1142,
    1143
  ]
}