{
  "qid": 7203,
  "query": "Rút lại giá đã trả, giá đã chấp nhập được quy định như thế nào?",
  "metrics": {
    "mrr": 0.5,
    "map": 0.5,
    "p@1": 0.0,
    "r@1": 0.0,
    "ndcg@1": 0.0,
    "p@5": 0.2,
    "r@5": 1.0,
    "ndcg@5": 0.6309297535714575,
    "p@10": 0.1,
    "r@10": 1.0,
    "ndcg@10": 0.6309297535714575
  },
  "retrieved": [
    739,
    737,
    692,
    728,
    729,
    736,
    738,
    730,
    745,
    727
  ]
}