{
  "qid": 72095,
  "query": "Thông tin dữ liệu có thuộc đối tượng được phép chuyển giao công nghệ hay không?",
  "metrics": {
    "mrr": 0.3333333333333333,
    "map": 0.3333333333333333,
    "p@1": 0.0,
    "r@1": 0.0,
    "ndcg@1": 0.0,
    "p@5": 0.2,
    "r@5": 1.0,
    "ndcg@5": 0.5,
    "p@10": 0.1,
    "r@10": 1.0,
    "ndcg@10": 0.5
  },
  "retrieved": [
    7548,
    7547,
    7495,
    12785,
    7546,
    7545,
    7529,
    7530,
    12787,
    7526
  ]
}