{
  "qid": 72130,
  "query": "Cơ quan nào có trách nhiệm lựa chọn tổ chức tư vấn lập quy hoạch cảng hàng không, sân bay?",
  "metrics": {
    "mrr": 0.5,
    "map": 0.5,
    "p@1": 0.0,
    "r@1": 0.0,
    "ndcg@1": 0.0,
    "p@5": 0.2,
    "r@5": 1.0,
    "ndcg@5": 0.6309297535714575,
    "p@10": 0.1,
    "r@10": 1.0,
    "ndcg@10": 0.6309297535714575
  },
  "retrieved": [
    5909,
    5886,
    5891,
    5882,
    5883,
    5892,
    5888,
    5885,
    5889,
    5908
  ]
}