{
  "qid": 72474,
  "query": "Thủ tục xử lý kỷ luật công chức được thực hiện như thế nào?",
  "metrics": {
    "mrr": 0.16666666666666666,
    "map": 0.16666666666666666,
    "p@1": 0.0,
    "r@1": 0.0,
    "ndcg@1": 0.0,
    "p@5": 0.0,
    "r@5": 0.0,
    "ndcg@5": 0.0,
    "p@10": 0.1,
    "r@10": 1.0,
    "ndcg@10": 0.3562071871080222
  },
  "retrieved": [
    13778,
    1747,
    13745,
    13744,
    13779,
    13765,
    2360,
    1702,
    13761,
    9482
  ]
}