{
  "qid": 725,
  "query": "Áp dụng hình thức kỷ luật khiển trách đối với viên chức trong trường hợp nào?",
  "metrics": {
    "mrr": 0.25,
    "map": 0.25,
    "p@1": 0.0,
    "r@1": 0.0,
    "ndcg@1": 0.0,
    "p@5": 0.2,
    "r@5": 1.0,
    "ndcg@5": 0.43067655807339306,
    "p@10": 0.1,
    "r@10": 1.0,
    "ndcg@10": 0.43067655807339306
  },
  "retrieved": [
    13749,
    13747,
    8224,
    13748,
    13755,
    13746,
    8170,
    3868,
    2069,
    8223
  ]
}