{
  "qid": 72662,
  "query": "Việc thành lập chi nhánh của tổ chức khoa học và công nghệ trong nước phải đáp ứng những điều kiện nào?",
  "metrics": {
    "mrr": 0.25,
    "map": 0.25,
    "p@1": 0.0,
    "r@1": 0.0,
    "ndcg@1": 0.0,
    "p@5": 0.2,
    "r@5": 1.0,
    "ndcg@5": 0.43067655807339306,
    "p@10": 0.1,
    "r@10": 1.0,
    "ndcg@10": 0.43067655807339306
  },
  "retrieved": [
    8251,
    8249,
    8250,
    8248,
    8247,
    8229,
    10070,
    10071,
    8246,
    2489
  ]
}