{
  "qid": 72679,
  "query": "Biện pháp kê biên tài sản bị hủy bỏ trong những trường hợp nào?",
  "metrics": {
    "mrr": 0.3333333333333333,
    "map": 0.3333333333333333,
    "p@1": 0.0,
    "r@1": 0.0,
    "ndcg@1": 0.0,
    "p@5": 0.2,
    "r@5": 1.0,
    "ndcg@5": 0.5,
    "p@10": 0.1,
    "r@10": 1.0,
    "ndcg@10": 0.5
  },
  "retrieved": [
    11191,
    11233,
    10607,
    11185,
    11228,
    11227,
    7827,
    10603,
    11175,
    11222
  ]
}