{
  "qid": 72759,
  "query": "Người tham gia tố tụng có được quyền khiếu nại khi không đồng ý với kết quả giải quyết yêu cầu, đề nghị của Cơ quan điều tra không?",
  "metrics": {
    "mrr": 0.5,
    "map": 0.5,
    "p@1": 0.0,
    "r@1": 0.0,
    "ndcg@1": 0.0,
    "p@5": 0.2,
    "r@5": 1.0,
    "ndcg@5": 0.6309297535714575,
    "p@10": 0.1,
    "r@10": 1.0,
    "ndcg@10": 0.6309297535714575
  },
  "retrieved": [
    10943,
    1001,
    10942,
    10944,
    10519,
    3570,
    10518,
    6708,
    10938,
    10702
  ]
}