{
  "qid": 72802,
  "query": "Cá nhân đặt tên giống thủy sản không đúng quy định thì sẽ bị xử phạt vi phạm hành chính thế nào?",
  "metrics": {
    "mrr": 0.25,
    "map": 0.25,
    "p@1": 0.0,
    "r@1": 0.0,
    "ndcg@1": 0.0,
    "p@5": 0.2,
    "r@5": 1.0,
    "ndcg@5": 0.43067655807339306,
    "p@10": 0.1,
    "r@10": 1.0,
    "ndcg@10": 0.43067655807339306
  },
  "retrieved": [
    4637,
    4541,
    14198,
    12022,
    11822,
    3304,
    11100,
    4604,
    14180,
    3290
  ]
}