{
  "qid": 72983,
  "query": "Thẩm quyền giải quyết khiếu nại về thi hành án được quy định như thế nào?",
  "metrics": {
    "mrr": 0.25,
    "map": 0.25,
    "p@1": 0.0,
    "r@1": 0.0,
    "ndcg@1": 0.0,
    "p@5": 0.2,
    "r@5": 1.0,
    "ndcg@5": 0.43067655807339306,
    "p@10": 0.1,
    "r@10": 1.0,
    "ndcg@10": 0.43067655807339306
  },
  "retrieved": [
    8996,
    2324,
    9481,
    2204,
    2200,
    2205,
    2206,
    2211,
    2226,
    2201
  ]
}