{
  "qid": 73067,
  "query": "Văn phòng Thừa phát lại có bắt buộc không niêm yết nội quy tiếp người yêu cầu không?",
  "metrics": {
    "mrr": 0.3333333333333333,
    "map": 0.3333333333333333,
    "p@1": 0.0,
    "r@1": 0.0,
    "ndcg@1": 0.0,
    "p@5": 0.2,
    "r@5": 1.0,
    "ndcg@5": 0.5,
    "p@10": 0.1,
    "r@10": 1.0,
    "ndcg@10": 0.5
  },
  "retrieved": [
    8990,
    9421,
    8944,
    8988,
    9425,
    8991,
    8980,
    9422,
    9412,
    8970
  ]
}