{
  "qid": 73213,
  "query": "Các lĩnh vực, đối tượng nào phải tiến hành báo cáo thống kê ngành tư pháp 6 tháng đầu năm 2023 là gì?",
  "metrics": {
    "mrr": 0.5,
    "map": 0.25,
    "p@1": 0.0,
    "r@1": 0.0,
    "ndcg@1": 0.0,
    "p@5": 0.2,
    "r@5": 0.5,
    "ndcg@5": 0.38685280723454163,
    "p@10": 0.1,
    "r@10": 0.5,
    "ndcg@10": 0.38685280723454163
  },
  "retrieved": [
    1013,
    3627,
    1012,
    344,
    12825,
    3643,
    2666,
    7928,
    1010,
    3642
  ]
}