{
  "qid": 73392,
  "query": "Nếu các cơ quan báo chí đăng, phát tin không chính xác về Hải quan thì Tổng cục Hải quan có quyền gì?",
  "metrics": {
    "mrr": 0.3333333333333333,
    "map": 0.3333333333333333,
    "p@1": 0.0,
    "r@1": 0.0,
    "ndcg@1": 0.0,
    "p@5": 0.2,
    "r@5": 1.0,
    "ndcg@5": 0.5,
    "p@10": 0.1,
    "r@10": 1.0,
    "ndcg@10": 0.5
  },
  "retrieved": [
    9741,
    9740,
    9736,
    9738,
    3646,
    14915,
    11705,
    3654,
    3653,
    3652
  ]
}