{
  "qid": 73490,
  "query": "Người bán hàng hóa có sử dụng hóa đơn điện tử có mã của cơ quan thuế phải gửi hóa đơn cho người mua vào thời điểm nào?",
  "metrics": {
    "mrr": 0.1111111111111111,
    "map": 0.1111111111111111,
    "p@1": 0.0,
    "r@1": 0.0,
    "ndcg@1": 0.0,
    "p@5": 0.0,
    "r@5": 0.0,
    "ndcg@5": 0.0,
    "p@10": 0.1,
    "r@10": 1.0,
    "ndcg@10": 0.3010299956639812
  },
  "retrieved": [
    14869,
    14856,
    14857,
    14870,
    14859,
    14874,
    14865,
    14889,
    14871,
    14876
  ]
}