{
  "qid": 73513,
  "query": "Cơ quan nào có thẩm quyền thu hồi giấy phép kinh doanh vận tải?",
  "metrics": {
    "mrr": 0.5,
    "map": 0.5,
    "p@1": 0.0,
    "r@1": 0.0,
    "ndcg@1": 0.0,
    "p@5": 0.2,
    "r@5": 1.0,
    "ndcg@5": 0.6309297535714575,
    "p@10": 0.1,
    "r@10": 1.0,
    "ndcg@10": 0.6309297535714575
  },
  "retrieved": [
    13148,
    13145,
    13127,
    13162,
    13135,
    13144,
    13143,
    13132,
    10334,
    13130
  ]
}