{
  "qid": 73638,
  "query": "Chủ thể nào có thẩm quyền ra quyết định khởi tố bị can?",
  "metrics": {
    "mrr": 0.25,
    "map": 0.25,
    "p@1": 0.0,
    "r@1": 0.0,
    "ndcg@1": 0.0,
    "p@5": 0.2,
    "r@5": 1.0,
    "ndcg@5": 0.43067655807339306,
    "p@10": 0.1,
    "r@10": 1.0,
    "ndcg@10": 0.43067655807339306
  },
  "retrieved": [
    10901,
    10903,
    10537,
    10656,
    10514,
    3553,
    12710,
    10519,
    10642,
    10902
  ]
}