{
  "qid": 73687,
  "query": "Thời hạn mở phiên tòa sơ thẩm xét xử vụ án hình sự là bao lâu?",
  "metrics": {
    "mrr": 0.1111111111111111,
    "map": 0.1111111111111111,
    "p@1": 0.0,
    "r@1": 0.0,
    "ndcg@1": 0.0,
    "p@5": 0.0,
    "r@5": 0.0,
    "ndcg@5": 0.0,
    "p@10": 0.1,
    "r@10": 1.0,
    "ndcg@10": 0.3010299956639812
  },
  "retrieved": [
    10732,
    10765,
    10930,
    10774,
    10825,
    10823,
    10766,
    10530,
    10754,
    10523
  ]
}