{
  "qid": 73744,
  "query": "Cơ quan nào có quyền thanh tra đối với các tổ chức, cá nhân khi tổ chức tập luyện và thi đấu môn Ô tô thể thao địa hình?",
  "metrics": {
    "mrr": 0.5,
    "map": 0.5,
    "p@1": 0.0,
    "r@1": 0.0,
    "ndcg@1": 0.0,
    "p@5": 0.2,
    "r@5": 1.0,
    "ndcg@5": 0.6309297535714575,
    "p@10": 0.1,
    "r@10": 1.0,
    "ndcg@10": 0.6309297535714575
  },
  "retrieved": [
    257,
    4415,
    254,
    4411,
    256,
    6616,
    255,
    4414,
    4412,
    3407
  ]
}