{
  "qid": 73967,
  "query": "Một số quy định khác đối với xe đạp vi phạm quy tắc giao thông có thể bị phạt là gì?",
  "metrics": {
    "mrr": 0.5,
    "map": 0.5,
    "p@1": 0.0,
    "r@1": 0.0,
    "ndcg@1": 0.0,
    "p@5": 0.2,
    "r@5": 1.0,
    "ndcg@5": 0.6309297535714575,
    "p@10": 0.1,
    "r@10": 1.0,
    "ndcg@10": 0.6309297535714575
  },
  "retrieved": [
    10306,
    10332,
    10345,
    10308,
    10309,
    10320,
    10331,
    10318,
    10328,
    10333
  ]
}