{
  "qid": 74472,
  "query": "Cơ quan nào có thẩm quyền thẩm định hồ sơ công nhận ngày truyền thống?",
  "metrics": {
    "mrr": 0.5,
    "map": 0.5,
    "p@1": 0.0,
    "r@1": 0.0,
    "ndcg@1": 0.0,
    "p@5": 0.2,
    "r@5": 1.0,
    "ndcg@5": 0.6309297535714575,
    "p@10": 0.1,
    "r@10": 1.0,
    "ndcg@10": 0.6309297535714575
  },
  "retrieved": [
    13647,
    13646,
    9771,
    13645,
    248,
    9767,
    12414,
    9770,
    9799,
    9793
  ]
}