{
  "qid": 74471,
  "query": "Điều kiện để được công nhận ngày truyền thống là gì?",
  "metrics": {
    "mrr": 0.25,
    "map": 0.25,
    "p@1": 0.0,
    "r@1": 0.0,
    "ndcg@1": 0.0,
    "p@5": 0.2,
    "r@5": 1.0,
    "ndcg@5": 0.43067655807339306,
    "p@10": 0.1,
    "r@10": 1.0,
    "ndcg@10": 0.43067655807339306
  },
  "retrieved": [
    13646,
    13645,
    13647,
    13644,
    3494,
    13640,
    13612,
    9770,
    4381,
    13656
  ]
}