{
  "qid": 74500,
  "query": "Trình tự thủ tục và thẩm quyền cấp Giấy phép kinh doanh dịch vụ lữ hành nội địa cho doanh nghiệp được quy định ra sao?",
  "metrics": {
    "mrr": 0.3333333333333333,
    "map": 0.3333333333333333,
    "p@1": 0.0,
    "r@1": 0.0,
    "ndcg@1": 0.0,
    "p@5": 0.2,
    "r@5": 1.0,
    "ndcg@5": 0.5,
    "p@10": 0.1,
    "r@10": 1.0,
    "ndcg@10": 0.5
  },
  "retrieved": [
    9774,
    9777,
    9775,
    9778,
    9773,
    6607,
    9780,
    6612,
    9779,
    6624
  ]
}