{
  "qid": 74519,
  "query": "Có được xét nâng bậc lương trước thời hạn khi viên chức nhận bằng khen của Ủy ban nhân dân tỉnh không?",
  "metrics": {
    "mrr": 0.5,
    "map": 0.5,
    "p@1": 0.0,
    "r@1": 0.0,
    "ndcg@1": 0.0,
    "p@5": 0.2,
    "r@5": 1.0,
    "ndcg@5": 0.6309297535714575,
    "p@10": 0.1,
    "r@10": 1.0,
    "ndcg@10": 0.6309297535714575
  },
  "retrieved": [
    8172,
    8171,
    14491,
    7559,
    8170,
    3868,
    7564,
    3886,
    3887,
    8612
  ]
}