{
  "qid": 74521,
  "query": "Thẩm quyền đề xuất ký điều ước quốc tế thuộc về cơ quan nào?",
  "metrics": {
    "mrr": 1.0,
    "map": 0.5,
    "p@1": 1.0,
    "r@1": 0.5,
    "ndcg@1": 1.0,
    "p@5": 0.2,
    "r@5": 0.5,
    "ndcg@5": 0.6131471927654584,
    "p@10": 0.1,
    "r@10": 0.5,
    "ndcg@10": 0.6131471927654584
  },
  "retrieved": [
    12170,
    12198,
    12229,
    12205,
    12174,
    12181,
    12183,
    12177,
    12173,
    12217
  ]
}