{
  "qid": 74523,
  "query": "Cơ quan nào có thẩm quyền quyết định ký điều ước quốc tế?",
  "metrics": {
    "mrr": 0.16666666666666666,
    "map": 0.16666666666666666,
    "p@1": 0.0,
    "r@1": 0.0,
    "ndcg@1": 0.0,
    "p@5": 0.0,
    "r@5": 0.0,
    "ndcg@5": 0.0,
    "p@10": 0.1,
    "r@10": 1.0,
    "ndcg@10": 0.3562071871080222
  },
  "retrieved": [
    12170,
    12171,
    12229,
    12198,
    12211,
    12172,
    12174,
    12230,
    12181,
    12217
  ]
}