{
  "qid": 74694,
  "query": "Phục chế tài nguyên thông tin là tài liệu in, tài liệu viết tay trên giấy của thư viện công lập được xử lý như thế nào?",
  "metrics": {
    "mrr": 0.2,
    "map": 0.2,
    "p@1": 0.0,
    "r@1": 0.0,
    "ndcg@1": 0.0,
    "p@5": 0.2,
    "r@5": 1.0,
    "ndcg@5": 0.38685280723454163,
    "p@10": 0.1,
    "r@10": 1.0,
    "ndcg@10": 0.38685280723454163
  },
  "retrieved": [
    2722,
    2730,
    2726,
    2723,
    2729,
    2732,
    2721,
    2725,
    2733,
    2747
  ]
}