{
  "qid": 75220,
  "query": "Có phải sinh hoạt phí của sĩ quan quân đội thuộc cơ quan Việt Nam ở nước ngoài được xác định dựa trên hệ số lương của sĩ quan?",
  "metrics": {
    "mrr": 0.25,
    "map": 0.25,
    "p@1": 0.0,
    "r@1": 0.0,
    "ndcg@1": 0.0,
    "p@5": 0.2,
    "r@5": 1.0,
    "ndcg@5": 0.43067655807339306,
    "p@10": 0.1,
    "r@10": 1.0,
    "ndcg@10": 0.43067655807339306
  },
  "retrieved": [
    9465,
    7561,
    9464,
    8792,
    11503,
    14491,
    14492,
    11499,
    8793,
    9467
  ]
}