{
  "qid": 75259,
  "query": "Sinh viên sư phạm được hỗ trợ những gì?",
  "metrics": {
    "mrr": 0.16666666666666666,
    "map": 0.16666666666666666,
    "p@1": 0.0,
    "r@1": 0.0,
    "ndcg@1": 0.0,
    "p@5": 0.0,
    "r@5": 0.0,
    "ndcg@5": 0.0,
    "p@10": 0.1,
    "r@10": 1.0,
    "ndcg@10": 0.3562071871080222
  },
  "retrieved": [
    14384,
    14385,
    14388,
    14391,
    14390,
    14383,
    14386,
    14392,
    14387,
    14380
  ]
}