{
  "qid": 75351,
  "query": "Góp vốn vào công ty cổ phần thì sử dụng hình thức thanh toán bằng Séc khi được không?",
  "metrics": {
    "mrr": 0.3333333333333333,
    "map": 0.3333333333333333,
    "p@1": 0.0,
    "r@1": 0.0,
    "ndcg@1": 0.0,
    "p@5": 0.2,
    "r@5": 1.0,
    "ndcg@5": 0.5,
    "p@10": 0.1,
    "r@10": 1.0,
    "ndcg@10": 0.5
  },
  "retrieved": [
    7355,
    7360,
    9471,
    7359,
    13056,
    7356,
    7358,
    7357,
    13054,
    13000
  ]
}