{
  "qid": 75522,
  "query": "Người đứng đầu Văn phòng Hội đồng Giáo sư nhà nước khi hết thời hạn bổ nhiệm, tính đến tháng đủ tuổi nghỉ hưu còn 29 tháng được bổ nhiệm lại thì thời hạn bổ nhiệm được tính như thế nào?",
  "metrics": {
    "mrr": 0.5,
    "map": 0.5,
    "p@1": 0.0,
    "r@1": 0.0,
    "ndcg@1": 0.0,
    "p@5": 0.2,
    "r@5": 1.0,
    "ndcg@5": 0.6309297535714575,
    "p@10": 0.1,
    "r@10": 1.0,
    "ndcg@10": 0.6309297535714575
  },
  "retrieved": [
    2334,
    14256,
    14260,
    14259,
    4394,
    14492,
    2396,
    14258,
    14254,
    670
  ]
}