{
  "qid": 75821,
  "query": "Cơ quan nào kiểm tra sức khỏe của vận động viên?",
  "metrics": {
    "mrr": 0.2,
    "map": 0.2,
    "p@1": 0.0,
    "r@1": 0.0,
    "ndcg@1": 0.0,
    "p@5": 0.2,
    "r@5": 1.0,
    "ndcg@5": 0.38685280723454163,
    "p@10": 0.1,
    "r@10": 1.0,
    "ndcg@10": 0.38685280723454163
  },
  "retrieved": [
    3143,
    3141,
    3136,
    3144,
    3142,
    586,
    9129,
    3133,
    1831,
    6932
  ]
}