{
  "qid": 75929,
  "query": "Khách hàng là người không cư trú khi muốn đề nghị bao thanh toán thì phải đáp ứng những điều kiện nào?",
  "metrics": {
    "mrr": 0.5,
    "map": 0.5,
    "p@1": 0.0,
    "r@1": 0.0,
    "ndcg@1": 0.0,
    "p@5": 0.2,
    "r@5": 1.0,
    "ndcg@5": 0.6309297535714575,
    "p@10": 0.1,
    "r@10": 1.0,
    "ndcg@10": 0.6309297535714575
  },
  "retrieved": [
    2438,
    2441,
    2433,
    2434,
    2442,
    2437,
    2440,
    2446,
    2444,
    2450
  ]
}