{
  "qid": 75928,
  "query": "Điều kiện bao thanh toán đối với khách hàng là người cư trú là gì?",
  "metrics": {
    "mrr": 0.5,
    "map": 0.5,
    "p@1": 0.0,
    "r@1": 0.0,
    "ndcg@1": 0.0,
    "p@5": 0.2,
    "r@5": 1.0,
    "ndcg@5": 0.6309297535714575,
    "p@10": 0.1,
    "r@10": 1.0,
    "ndcg@10": 0.6309297535714575
  },
  "retrieved": [
    2438,
    2441,
    2433,
    2434,
    2446,
    2444,
    2440,
    2437,
    2447,
    2439
  ]
}