{
  "qid": 75972,
  "query": "Hồ sơ thông báo cơ sở gia công, sản xuất hàng hóa xuất khẩu tại Chi cục Hải quan gồm những thành phần nào?",
  "metrics": {
    "mrr": 0.5,
    "map": 0.5,
    "p@1": 0.0,
    "r@1": 0.0,
    "ndcg@1": 0.0,
    "p@5": 0.2,
    "r@5": 1.0,
    "ndcg@5": 0.6309297535714575,
    "p@10": 0.1,
    "r@10": 1.0,
    "ndcg@10": 0.6309297535714575
  },
  "retrieved": [
    8357,
    8344,
    8343,
    8345,
    8347,
    8348,
    8313,
    8356,
    8346,
    8336
  ]
}