{
  "qid": 76059,
  "query": "Quá cảnh hàng hóa bằng đường hàng không được thực hiện theo quy định nào?",
  "metrics": {
    "mrr": 0.25,
    "map": 0.25,
    "p@1": 0.0,
    "r@1": 0.0,
    "ndcg@1": 0.0,
    "p@5": 0.2,
    "r@5": 1.0,
    "ndcg@5": 0.43067655807339306,
    "p@10": 0.1,
    "r@10": 1.0,
    "ndcg@10": 0.43067655807339306
  },
  "retrieved": [
    8368,
    8313,
    8350,
    5268,
    8372,
    8322,
    8341,
    2791,
    465,
    471
  ]
}