{
  "qid": 76319,
  "query": "Ai có trách nhiệm xây dựng kế hoạch thu nhận dữ liệu ảnh viễn thám hàng năm?",
  "metrics": {
    "mrr": 0.5,
    "map": 0.5,
    "p@1": 0.0,
    "r@1": 0.0,
    "ndcg@1": 0.0,
    "p@5": 0.2,
    "r@5": 1.0,
    "ndcg@5": 0.6309297535714575,
    "p@10": 0.1,
    "r@10": 1.0,
    "ndcg@10": 0.6309297535714575
  },
  "retrieved": [
    3581,
    3587,
    3584,
    3575,
    3599,
    3582,
    3589,
    3588,
    3585,
    3586
  ]
}