{
  "qid": 76343,
  "query": "Hồ sơ trình thẩm định quy hoạch có gồm các tài liệu về hệ thống sơ đồ, bản đồ, cơ sở dữ liệu về quy hoạch không?",
  "metrics": {
    "mrr": 0.5,
    "map": 0.5,
    "p@1": 0.0,
    "r@1": 0.0,
    "ndcg@1": 0.0,
    "p@5": 0.2,
    "r@5": 1.0,
    "ndcg@5": 0.6309297535714575,
    "p@10": 0.1,
    "r@10": 1.0,
    "ndcg@10": 0.6309297535714575
  },
  "retrieved": [
    1592,
    5897,
    5437,
    1591,
    1604,
    5398,
    5462,
    2418,
    5456,
    5438
  ]
}