{
  "qid": 76387,
  "query": "Chức danh nghề nghiệp bảo vệ thực vật hạng 2 được áp dụng hệ số lương viên chức loại nào?",
  "metrics": {
    "mrr": 0.25,
    "map": 0.25,
    "p@1": 0.0,
    "r@1": 0.0,
    "ndcg@1": 0.0,
    "p@5": 0.2,
    "r@5": 1.0,
    "ndcg@5": 0.43067655807339306,
    "p@10": 0.1,
    "r@10": 1.0,
    "ndcg@10": 0.43067655807339306
  },
  "retrieved": [
    1536,
    6460,
    8457,
    8612,
    7726,
    6463,
    1537,
    8458,
    7561,
    7562
  ]
}