{
  "qid": 76493,
  "query": "Các hình thức kỷ luật đối với công chức giữ chức vụ lãnh đạo, quản lý bao gồm những gì?",
  "metrics": {
    "mrr": 0.5,
    "map": 0.5,
    "p@1": 0.0,
    "r@1": 0.0,
    "ndcg@1": 0.0,
    "p@5": 0.2,
    "r@5": 1.0,
    "ndcg@5": 0.6309297535714575,
    "p@10": 0.1,
    "r@10": 1.0,
    "ndcg@10": 0.6309297535714575
  },
  "retrieved": [
    13753,
    13747,
    13779,
    13764,
    13749,
    13781,
    2360,
    13768,
    14256,
    13766
  ]
}