{
  "qid": 76714,
  "query": "Người sử dụng lao động có trách nhiệm bảo quản phương tiện bảo vệ cá nhân như thế nào?",
  "metrics": {
    "mrr": 0.5,
    "map": 0.5,
    "p@1": 0.0,
    "r@1": 0.0,
    "ndcg@1": 0.0,
    "p@5": 0.2,
    "r@5": 1.0,
    "ndcg@5": 0.6309297535714575,
    "p@10": 0.1,
    "r@10": 1.0,
    "ndcg@10": 0.6309297535714575
  },
  "retrieved": [
    4037,
    4041,
    4038,
    4039,
    1833,
    13384,
    4040,
    6884,
    4044,
    3405
  ]
}