{
  "qid": 76849,
  "query": "Thủ tục cấp Giấy chứng nhận đủ điều kiện kinh doanh đặt cược đua ngựa là gì?",
  "metrics": {
    "mrr": 0.14285714285714285,
    "map": 0.14285714285714285,
    "p@1": 0.0,
    "r@1": 0.0,
    "ndcg@1": 0.0,
    "p@5": 0.0,
    "r@5": 0.0,
    "ndcg@5": 0.0,
    "p@10": 0.1,
    "r@10": 1.0,
    "ndcg@10": 0.3333333333333333
  },
  "retrieved": [
    6542,
    6498,
    6494,
    6499,
    6496,
    6500,
    3272,
    6493,
    6487,
    6488
  ]
}