{
  "qid": 76882,
  "query": "Các biện pháp nghiệp vụ của Cảnh sát môi trường trong tổ chức phòng ngừa, đấu tranh phòng chống tội phạm là gì?",
  "metrics": {
    "mrr": 0.5,
    "map": 0.5,
    "p@1": 0.0,
    "r@1": 0.0,
    "ndcg@1": 0.0,
    "p@5": 0.2,
    "r@5": 1.0,
    "ndcg@5": 0.6309297535714575,
    "p@10": 0.1,
    "r@10": 1.0,
    "ndcg@10": 0.6309297535714575
  },
  "retrieved": [
    11827,
    11828,
    11836,
    11830,
    11825,
    11824,
    11837,
    11829,
    11835,
    11834
  ]
}