{
  "qid": 76993,
  "query": "Nghi thức tổ chức lễ kỷ niệm ngày truyền thống Mặt trận Tổ quốc Việt Nam như thế nào?",
  "metrics": {
    "mrr": 0.5,
    "map": 0.5,
    "p@1": 0.0,
    "r@1": 0.0,
    "ndcg@1": 0.0,
    "p@5": 0.2,
    "r@5": 1.0,
    "ndcg@5": 0.6309297535714575,
    "p@10": 0.1,
    "r@10": 1.0,
    "ndcg@10": 0.6309297535714575
  },
  "retrieved": [
    985,
    13652,
    13648,
    13643,
    10510,
    13651,
    1489,
    7185,
    13655,
    11755
  ]
}