{
  "qid": 7705,
  "query": "Cơ quan nào có thẩm quyền cấp Giấy tờ chứng minh tình trạng hôn nhân của người nước ngoài?",
  "metrics": {
    "mrr": 0.25,
    "map": 0.25,
    "p@1": 0.0,
    "r@1": 0.0,
    "ndcg@1": 0.0,
    "p@5": 0.2,
    "r@5": 1.0,
    "ndcg@5": 0.43067655807339306,
    "p@10": 0.1,
    "r@10": 1.0,
    "ndcg@10": 0.43067655807339306
  },
  "retrieved": [
    2263,
    2275,
    4565,
    4564,
    908,
    4586,
    2258,
    4585,
    4569,
    2257
  ]
}