{
  "qid": 77249,
  "query": "Người thi hành công vụ gây thiệt hại có phải hoàn trả cho ngân sách nhà nước số tiền mà Nhà nước đã bồi thường cho người bị thiệt hại không?",
  "metrics": {
    "mrr": 0.5,
    "map": 0.5,
    "p@1": 0.0,
    "r@1": 0.0,
    "ndcg@1": 0.0,
    "p@5": 0.2,
    "r@5": 1.0,
    "ndcg@5": 0.6309297535714575,
    "p@10": 0.1,
    "r@10": 1.0,
    "ndcg@10": 0.6309297535714575
  },
  "retrieved": [
    12756,
    12706,
    12757,
    12695,
    12758,
    8880,
    12759,
    12762,
    8885,
    12707
  ]
}