{
  "qid": 77392,
  "query": "Đề nghị giảm thời hạn chấp hành án phạt tù đối với phạm nhân phạm tội xâm phạm an ninh quốc gia thì cần cơ quan nào tham gia thẩm định?",
  "metrics": {
    "mrr": 0.3333333333333333,
    "map": 0.3333333333333333,
    "p@1": 0.0,
    "r@1": 0.0,
    "ndcg@1": 0.0,
    "p@5": 0.2,
    "r@5": 1.0,
    "ndcg@5": 0.5,
    "p@10": 0.1,
    "r@10": 1.0,
    "ndcg@10": 0.5
  },
  "retrieved": [
    3047,
    1890,
    1897,
    6652,
    3051,
    4437,
    1896,
    4436,
    6649,
    6650
  ]
}