{
  "qid": 77615,
  "query": "Hồ sơ đề nghị chứng nhận lãnh sự tại Bộ Ngoại giao gồm những gì?",
  "metrics": {
    "mrr": 0.5,
    "map": 0.5,
    "p@1": 0.0,
    "r@1": 0.0,
    "ndcg@1": 0.0,
    "p@5": 0.2,
    "r@5": 1.0,
    "ndcg@5": 0.6309297535714575,
    "p@10": 0.1,
    "r@10": 1.0,
    "ndcg@10": 0.6309297535714575
  },
  "retrieved": [
    13504,
    13502,
    13505,
    13496,
    13503,
    155,
    13500,
    118,
    7962,
    13508
  ]
}