{
  "qid": 77638,
  "query": "Thủ tục kiểm tra và công nhận biết tiếng Việt thành thạo trong khám bệnh, chữa bệnh được pháp luật quy định như thế nào?",
  "metrics": {
    "mrr": 0.3333333333333333,
    "map": 0.3333333333333333,
    "p@1": 0.0,
    "r@1": 0.0,
    "ndcg@1": 0.0,
    "p@5": 0.2,
    "r@5": 1.0,
    "ndcg@5": 0.5,
    "p@10": 0.1,
    "r@10": 1.0,
    "ndcg@10": 0.5
  },
  "retrieved": [
    12367,
    12368,
    12369,
    7753,
    12354,
    7754,
    7756,
    7757,
    14579,
    7760
  ]
}