{
  "qid": 77721,
  "query": "Các cuộc Điều tra thống kê do ngân sách địa phương bảo đảm có nội dung và mức chi như thế nào?",
  "metrics": {
    "mrr": 0.3333333333333333,
    "map": 0.3333333333333333,
    "p@1": 0.0,
    "r@1": 0.0,
    "ndcg@1": 0.0,
    "p@5": 0.2,
    "r@5": 1.0,
    "ndcg@5": 0.5,
    "p@10": 0.1,
    "r@10": 1.0,
    "ndcg@10": 0.5
  },
  "retrieved": [
    12400,
    12404,
    12402,
    4116,
    12399,
    12403,
    11164,
    12401,
    1061,
    7476
  ]
}