{
  "qid": 77819,
  "query": "Kiểm tra nội bộ về công tác bảo đảm an toàn thông tin trong hoạt động ngân hàng được quy định như thế nào?",
  "metrics": {
    "mrr": 0.14285714285714285,
    "map": 0.14285714285714285,
    "p@1": 0.0,
    "r@1": 0.0,
    "ndcg@1": 0.0,
    "p@5": 0.0,
    "r@5": 0.0,
    "ndcg@5": 0.0,
    "p@10": 0.1,
    "r@10": 1.0,
    "ndcg@10": 0.3333333333333333
  },
  "retrieved": [
    6837,
    6860,
    6847,
    6843,
    6844,
    6845,
    10243,
    6842,
    6840,
    6849
  ]
}