{
  "qid": 77852,
  "query": "Đối tượng có quyền nộp Hồ sơ yêu cầu rà soát việc áp dụng biện pháp chống trợ cấp là ai?",
  "metrics": {
    "mrr": 0.2,
    "map": 0.2,
    "p@1": 0.0,
    "r@1": 0.0,
    "ndcg@1": 0.0,
    "p@5": 0.2,
    "r@5": 1.0,
    "ndcg@5": 0.38685280723454163,
    "p@10": 0.1,
    "r@10": 1.0,
    "ndcg@10": 0.38685280723454163
  },
  "retrieved": [
    5305,
    12909,
    12912,
    12905,
    12906,
    12911,
    12914,
    12908,
    5290,
    5293
  ]
}