{
  "qid": 78018,
  "query": "Việc lựa chọn tổ chức tài chính tham gia kinh doanh sản phẩm phái sinh trên thị trường quốc tế cần thỏa mãn điều kiện nào?",
  "metrics": {
    "mrr": 0.25,
    "map": 0.25,
    "p@1": 0.0,
    "r@1": 0.0,
    "ndcg@1": 0.0,
    "p@5": 0.2,
    "r@5": 1.0,
    "ndcg@5": 0.43067655807339306,
    "p@10": 0.1,
    "r@10": 1.0,
    "ndcg@10": 0.43067655807339306
  },
  "retrieved": [
    627,
    612,
    617,
    619,
    611,
    616,
    610,
    618,
    615,
    620
  ]
}