{
  "qid": 78017,
  "query": "Hoạt động kinh doanh sản phẩm phái sinh lãi suất trên thị trường quốc tế được thực hiện trong phạm vi nào?",
  "metrics": {
    "mrr": 0.14285714285714285,
    "map": 0.14285714285714285,
    "p@1": 0.0,
    "r@1": 0.0,
    "ndcg@1": 0.0,
    "p@5": 0.0,
    "r@5": 0.0,
    "ndcg@5": 0.0,
    "p@10": 0.1,
    "r@10": 1.0,
    "ndcg@10": 0.3333333333333333
  },
  "retrieved": [
    612,
    627,
    617,
    619,
    610,
    616,
    618,
    611,
    615,
    623
  ]
}