{
  "qid": 78268,
  "query": "Ai quy định phương thức gửi báo cáo thống kê hình sự liên ngành của Tòa án quân sự?",
  "metrics": {
    "mrr": 0.3333333333333333,
    "map": 0.3333333333333333,
    "p@1": 0.0,
    "r@1": 0.0,
    "ndcg@1": 0.0,
    "p@5": 0.2,
    "r@5": 1.0,
    "ndcg@5": 0.5,
    "p@10": 0.1,
    "r@10": 1.0,
    "ndcg@10": 0.5
  },
  "retrieved": [
    5662,
    5658,
    5659,
    5660,
    5657,
    5663,
    5651,
    5649,
    13036,
    13037
  ]
}