{
  "qid": 78716,
  "query": "Quỹ hoạt động của Hội chữ thập đỏ có được dùng để bảo trợ các nạn nhân chất độc da cam hay không?",
  "metrics": {
    "mrr": 0.5,
    "map": 0.5,
    "p@1": 0.0,
    "r@1": 0.0,
    "ndcg@1": 0.0,
    "p@5": 0.2,
    "r@5": 1.0,
    "ndcg@5": 0.6309297535714575,
    "p@10": 0.1,
    "r@10": 1.0,
    "ndcg@10": 0.6309297535714575
  },
  "retrieved": [
    2964,
    2960,
    9339,
    9340,
    9338,
    9321,
    447,
    2687,
    2969,
    4066
  ]
}