{
  "qid": 78789,
  "query": "Tiền sử dụng giá trị tài sản là kết quả của nhiệm vụ khoa học và công nghệ gồm những số tiền nào?",
  "metrics": {
    "mrr": 0.3333333333333333,
    "map": 0.3333333333333333,
    "p@1": 0.0,
    "r@1": 0.0,
    "ndcg@1": 0.0,
    "p@5": 0.2,
    "r@5": 1.0,
    "ndcg@5": 0.5,
    "p@10": 0.1,
    "r@10": 1.0,
    "ndcg@10": 0.5
  },
  "retrieved": [
    13098,
    13100,
    13102,
    13096,
    13104,
    13097,
    7527,
    13101,
    13094,
    7526
  ]
}