{
  "qid": 78878,
  "query": "Các trường hợp nào sẽ phải điều chỉnh đồ án quy hoạch xây nông thôn?",
  "metrics": {
    "mrr": 0.25,
    "map": 0.25,
    "p@1": 0.0,
    "r@1": 0.0,
    "ndcg@1": 0.0,
    "p@5": 0.2,
    "r@5": 1.0,
    "ndcg@5": 0.43067655807339306,
    "p@10": 0.1,
    "r@10": 1.0,
    "ndcg@10": 0.43067655807339306
  },
  "retrieved": [
    5487,
    2411,
    2416,
    2417,
    2399,
    2422,
    2418,
    5488,
    12683,
    2414
  ]
}