{
  "qid": 79110,
  "query": "Giấy chứng nhận đăng ký chuyển giao công nghệ có hiệu lực khi nào?",
  "metrics": {
    "mrr": 0.3333333333333333,
    "map": 0.3333333333333333,
    "p@1": 0.0,
    "r@1": 0.0,
    "ndcg@1": 0.0,
    "p@5": 0.2,
    "r@5": 1.0,
    "ndcg@5": 0.5,
    "p@10": 0.1,
    "r@10": 1.0,
    "ndcg@10": 0.5
  },
  "retrieved": [
    7515,
    7524,
    7523,
    7521,
    14759,
    7091,
    8240,
    7522,
    1691,
    8236
  ]
}