{
  "qid": 79562,
  "query": "Đăng ký hợp tác xã sau khi hợp nhất có giống với thủ tục đăng ký thành lập mới không?",
  "metrics": {
    "mrr": 0.16666666666666666,
    "map": 0.16666666666666666,
    "p@1": 0.0,
    "r@1": 0.0,
    "ndcg@1": 0.0,
    "p@5": 0.0,
    "r@5": 0.0,
    "ndcg@5": 0.0,
    "p@10": 0.1,
    "r@10": 1.0,
    "ndcg@10": 0.3562071871080222
  },
  "retrieved": [
    7794,
    11954,
    11960,
    11958,
    11956,
    3077,
    3075,
    7790,
    11957,
    11961
  ]
}