{
  "qid": 79703,
  "query": "Những hành vi của hướng dẫn viên du lịch dẫn đến thu hồi thẻ hướng dẫn viên du lịch?",
  "metrics": {
    "mrr": 0.25,
    "map": 0.25,
    "p@1": 0.0,
    "r@1": 0.0,
    "ndcg@1": 0.0,
    "p@5": 0.2,
    "r@5": 1.0,
    "ndcg@5": 0.43067655807339306,
    "p@10": 0.1,
    "r@10": 1.0,
    "ndcg@10": 0.43067655807339306
  },
  "retrieved": [
    9801,
    9803,
    9805,
    9807,
    9802,
    6607,
    6626,
    6624,
    9808,
    6623
  ]
}