{
  "qid": 7974,
  "query": "Cơ quan tiến hành tố tụng quyết định áp dụng biện pháp đặt tiền để đảm bảo đối với bị can trong những trường hợp nào?",
  "metrics": {
    "mrr": 0.3333333333333333,
    "map": 0.3333333333333333,
    "p@1": 0.0,
    "r@1": 0.0,
    "ndcg@1": 0.0,
    "p@5": 0.2,
    "r@5": 1.0,
    "ndcg@5": 0.5,
    "p@10": 0.1,
    "r@10": 1.0,
    "ndcg@10": 0.5
  },
  "retrieved": [
    6703,
    6678,
    6683,
    6688,
    6685,
    6682,
    6681,
    6686,
    6677,
    10586
  ]
}