{
  "qid": 80046,
  "query": "Hợp đồng dịch vụ xác minh điều kiện thi hành án phải có những nội dung gì?",
  "metrics": {
    "mrr": 0.5,
    "map": 0.5,
    "p@1": 0.0,
    "r@1": 0.0,
    "ndcg@1": 0.0,
    "p@5": 0.2,
    "r@5": 1.0,
    "ndcg@5": 0.6309297535714575,
    "p@10": 0.1,
    "r@10": 1.0,
    "ndcg@10": 0.6309297535714575
  },
  "retrieved": [
    8975,
    8970,
    9417,
    8971,
    8980,
    8990,
    9412,
    8981,
    8959,
    8956
  ]
}