{
  "qid": 80118,
  "query": "Giảng viên giáo dục nghề nghiệp chính hiện nay được áp dụng hệ số lương viên chức loại mấy nhóm nào?",
  "metrics": {
    "mrr": 0.16666666666666666,
    "map": 0.16666666666666666,
    "p@1": 0.0,
    "r@1": 0.0,
    "ndcg@1": 0.0,
    "p@5": 0.0,
    "r@5": 0.0,
    "ndcg@5": 0.0,
    "p@10": 0.1,
    "r@10": 1.0,
    "ndcg@10": 0.3562071871080222
  },
  "retrieved": [
    7726,
    3846,
    2814,
    1529,
    1537,
    1536,
    8457,
    6460,
    5968,
    7724
  ]
}