{
  "qid": 80451,
  "query": "Thay đổi nội dung đăng ký Văn phòng Thừa phát lại thực hiện như thế nào?",
  "metrics": {
    "mrr": 0.3333333333333333,
    "map": 0.3333333333333333,
    "p@1": 0.0,
    "r@1": 0.0,
    "ndcg@1": 0.0,
    "p@5": 0.2,
    "r@5": 1.0,
    "ndcg@5": 0.5,
    "p@10": 0.1,
    "r@10": 1.0,
    "ndcg@10": 0.5
  },
  "retrieved": [
    8954,
    8994,
    8950,
    8953,
    8948,
    5867,
    11178,
    8952,
    8956,
    8957
  ]
}