{
  "qid": 80668,
  "query": "Nguyên tắc chung về sử dụng dịch vụ công nghệ thông tin của bên thứ ba trong hoạt động ngân hàng được quy định như thế nào?",
  "metrics": {
    "mrr": 0.3333333333333333,
    "map": 0.3333333333333333,
    "p@1": 0.0,
    "r@1": 0.0,
    "ndcg@1": 0.0,
    "p@5": 0.2,
    "r@5": 1.0,
    "ndcg@5": 0.5,
    "p@10": 0.1,
    "r@10": 1.0,
    "ndcg@10": 0.5
  },
  "retrieved": [
    10238,
    5344,
    10222,
    14884,
    10066,
    13323,
    10223,
    7125,
    10062,
    10206
  ]
}