{
  "qid": 8103,
  "query": "Đội trưởng Đội Quản lý thị trường có thẩm quyền xử phạt cơ sở mua bán thức ăn thủy sản không có dụng cụ bảo quản thức ăn không?",
  "metrics": {
    "mrr": 0.14285714285714285,
    "map": 0.14285714285714285,
    "p@1": 0.0,
    "r@1": 0.0,
    "ndcg@1": 0.0,
    "p@5": 0.0,
    "r@5": 0.0,
    "ndcg@5": 0.0,
    "p@10": 0.1,
    "r@10": 1.0,
    "ndcg@10": 0.3333333333333333
  },
  "retrieved": [
    14184,
    8096,
    2995,
    14185,
    4541,
    2996,
    4637,
    5,
    9661,
    9249
  ]
}