{
  "qid": 81071,
  "query": "Thời hạn giám định là bao lâu?",
  "metrics": {
    "mrr": 0.25,
    "map": 0.25,
    "p@1": 0.0,
    "r@1": 0.0,
    "ndcg@1": 0.0,
    "p@5": 0.2,
    "r@5": 1.0,
    "ndcg@5": 0.43067655807339306,
    "p@10": 0.1,
    "r@10": 1.0,
    "ndcg@10": 0.43067655807339306
  },
  "retrieved": [
    1008,
    1010,
    10682,
    10685,
    7931,
    1009,
    1006,
    10690,
    7928,
    4009
  ]
}