{
  "qid": 81116,
  "query": "Trách nhiệm bảo mật thông tin do cá nhân cung cấp của Cơ quan điều tra được quy định như thế nào?",
  "metrics": {
    "mrr": 0.3333333333333333,
    "map": 0.3333333333333333,
    "p@1": 0.0,
    "r@1": 0.0,
    "ndcg@1": 0.0,
    "p@5": 0.2,
    "r@5": 1.0,
    "ndcg@5": 0.5,
    "p@10": 0.1,
    "r@10": 1.0,
    "ndcg@10": 0.5
  },
  "retrieved": [
    5298,
    12856,
    12858,
    5290,
    12940,
    12938,
    12937,
    5293,
    5296,
    12850
  ]
}