{
  "qid": 81249,
  "query": "Người nước ngoài có được mang tiền trả thưởng bằng ngoại tệ khi tham gia các trò chơi tại Điểm kinh doanh casino ra nước ngoài không?",
  "metrics": {
    "mrr": 0.5,
    "map": 0.5,
    "p@1": 0.0,
    "r@1": 0.0,
    "ndcg@1": 0.0,
    "p@5": 0.2,
    "r@5": 1.0,
    "ndcg@5": 0.6309297535714575,
    "p@10": 0.1,
    "r@10": 1.0,
    "ndcg@10": 0.6309297535714575
  },
  "retrieved": [
    3266,
    3259,
    3248,
    3250,
    12837,
    11319,
    12845,
    3267,
    3249,
    12838
  ]
}