{
  "qid": 8135,
  "query": "Tiêu chuẩn về trình độ đào tạo, bồi dưỡng của giáo viên mầm non khi thăng hạng II được pháp luật quy định như thế nào?",
  "metrics": {
    "mrr": 0.3333333333333333,
    "map": 0.3333333333333333,
    "p@1": 0.0,
    "r@1": 0.0,
    "ndcg@1": 0.0,
    "p@5": 0.2,
    "r@5": 1.0,
    "ndcg@5": 0.5,
    "p@10": 0.1,
    "r@10": 1.0,
    "ndcg@10": 0.5
  },
  "retrieved": [
    1537,
    1538,
    1532,
    2817,
    2820,
    1535,
    1533,
    2815,
    1530,
    1534
  ]
}