{
  "qid": 81392,
  "query": "Nguyên tắc xử lý, giải quyết đơn tố cáo về thi hành án dân sự được quy định như thế nào?",
  "metrics": {
    "mrr": 0.5,
    "map": 0.5,
    "p@1": 0.0,
    "r@1": 0.0,
    "ndcg@1": 0.0,
    "p@5": 0.2,
    "r@5": 1.0,
    "ndcg@5": 0.6309297535714575,
    "p@10": 0.1,
    "r@10": 1.0,
    "ndcg@10": 0.6309297535714575
  },
  "retrieved": [
    2200,
    2201,
    2212,
    2206,
    2222,
    2223,
    2224,
    2204,
    12541,
    2198
  ]
}