{
  "qid": 81442,
  "query": "Tài khoản lưu ký chứng khoán có sai sót thì Tổng công ty lưu ký và bù trừ chứng khoán Việt Nam có được phép điều chỉnh không?",
  "metrics": {
    "mrr": 0.5,
    "map": 0.5,
    "p@1": 0.0,
    "r@1": 0.0,
    "ndcg@1": 0.0,
    "p@5": 0.2,
    "r@5": 1.0,
    "ndcg@5": 0.6309297535714575,
    "p@10": 0.1,
    "r@10": 1.0,
    "ndcg@10": 0.6309297535714575
  },
  "retrieved": [
    14966,
    14960,
    14963,
    14958,
    5073,
    14962,
    14959,
    14968,
    14977,
    5064
  ]
}