{
  "qid": 81478,
  "query": "Khởi tố vụ án hình sự được thực hiện dựa vào những căn cứ nào?",
  "metrics": {
    "mrr": 0.14285714285714285,
    "map": 0.14285714285714285,
    "p@1": 0.0,
    "r@1": 0.0,
    "ndcg@1": 0.0,
    "p@5": 0.0,
    "r@5": 0.0,
    "ndcg@5": 0.0,
    "p@10": 0.1,
    "r@10": 1.0,
    "ndcg@10": 0.3333333333333333
  },
  "retrieved": [
    10638,
    10633,
    3569,
    10631,
    10642,
    10630,
    10620,
    10513,
    995,
    10517
  ]
}