{
  "qid": 82021,
  "query": "Kiểm tra ban đầu đối với tàu biển nước ngoài hoạt động trong vùng nước cảng biển Việt Nam sẽ kiểm tra những nội dung gì?",
  "metrics": {
    "mrr": 0.14285714285714285,
    "map": 0.14285714285714285,
    "p@1": 0.0,
    "r@1": 0.0,
    "ndcg@1": 0.0,
    "p@5": 0.0,
    "r@5": 0.0,
    "ndcg@5": 0.0,
    "p@10": 0.1,
    "r@10": 1.0,
    "ndcg@10": 0.3333333333333333
  },
  "retrieved": [
    7662,
    7674,
    7673,
    7663,
    7660,
    7677,
    7666,
    7667,
    7671,
    9088
  ]
}