{
  "qid": 82029,
  "query": "Đồn biên phòng là gì? Đồn biên phòng thuộc vùng sâu, vùng xa được tổ chức như thế nào?",
  "metrics": {
    "mrr": 0.2,
    "map": 0.2,
    "p@1": 0.0,
    "r@1": 0.0,
    "ndcg@1": 0.0,
    "p@5": 0.2,
    "r@5": 1.0,
    "ndcg@5": 0.38685280723454163,
    "p@10": 0.1,
    "r@10": 1.0,
    "ndcg@10": 0.38685280723454163
  },
  "retrieved": [
    13977,
    13976,
    13973,
    13974,
    13975,
    445,
    13019,
    9683,
    9682,
    9680
  ]
}