{
  "qid": 82520,
  "query": "Hoạt động kiểm soát nội bộ Ngân hàng nhà nước sẽ gồm những nội dung nào?",
  "metrics": {
    "mrr": 0.16666666666666666,
    "map": 0.16666666666666666,
    "p@1": 0.0,
    "r@1": 0.0,
    "ndcg@1": 0.0,
    "p@5": 0.0,
    "r@5": 0.0,
    "ndcg@5": 0.0,
    "p@10": 0.1,
    "r@10": 1.0,
    "ndcg@10": 0.3562071871080222
  },
  "retrieved": [
    6843,
    6844,
    6860,
    6837,
    6840,
    6842,
    6847,
    6845,
    6861,
    6836
  ]
}