{
  "qid": 82692,
  "query": "Điều kiện cấp Giấy phép kinh doanh sản phẩm, dịch vụ an toàn thông tin mạng là gì?",
  "metrics": {
    "mrr": 0.25,
    "map": 0.25,
    "p@1": 0.0,
    "r@1": 0.0,
    "ndcg@1": 0.0,
    "p@5": 0.2,
    "r@5": 1.0,
    "ndcg@5": 0.43067655807339306,
    "p@10": 0.1,
    "r@10": 1.0,
    "ndcg@10": 0.43067655807339306
  },
  "retrieved": [
    12149,
    12156,
    12145,
    12150,
    12155,
    12152,
    12153,
    12148,
    12151,
    12146
  ]
}