{
  "qid": 82780,
  "query": "Trách nhiệm của người điều khiển xe tra nạp nhiên liệu hàng không cho tàu bay quy định ra sao?",
  "metrics": {
    "mrr": 0.5,
    "map": 0.5,
    "p@1": 0.0,
    "r@1": 0.0,
    "ndcg@1": 0.0,
    "p@5": 0.2,
    "r@5": 1.0,
    "ndcg@5": 0.6309297535714575,
    "p@10": 0.1,
    "r@10": 1.0,
    "ndcg@10": 0.6309297535714575
  },
  "retrieved": [
    4362,
    4361,
    4358,
    4367,
    4348,
    4365,
    4333,
    4366,
    4372,
    4364
  ]
}