{
  "qid": 83029,
  "query": "Khi ký kết và thực hiện điều ước quốc tế phải đảm bảo nguyên tắc gì?",
  "metrics": {
    "mrr": 0.2,
    "map": 0.2,
    "p@1": 0.0,
    "r@1": 0.0,
    "ndcg@1": 0.0,
    "p@5": 0.2,
    "r@5": 1.0,
    "ndcg@5": 0.38685280723454163,
    "p@10": 0.1,
    "r@10": 1.0,
    "ndcg@10": 0.38685280723454163
  },
  "retrieved": [
    12173,
    12159,
    12175,
    12222,
    12160,
    7959,
    12225,
    12229,
    12236,
    12234
  ]
}