{
  "qid": 83433,
  "query": "Xếp lương viên chức là kiến trúc sư có trình độ thạc sĩ sau khi hết thời gian tập sự như thế nào?",
  "metrics": {
    "mrr": 0.25,
    "map": 0.25,
    "p@1": 0.0,
    "r@1": 0.0,
    "ndcg@1": 0.0,
    "p@5": 0.2,
    "r@5": 1.0,
    "ndcg@5": 0.43067655807339306,
    "p@10": 0.1,
    "r@10": 1.0,
    "ndcg@10": 0.43067655807339306
  },
  "retrieved": [
    1536,
    7787,
    8457,
    6460,
    7785,
    14230,
    14231,
    14228,
    7561,
    8458
  ]
}