{
  "qid": 83552,
  "query": "Tự ý sử dụng đất trồng lúa để xây dựng nhà mồ cho cả dòng họ thì bị xử phạt như thế nào?",
  "metrics": {
    "mrr": 0.25,
    "map": 0.25,
    "p@1": 0.0,
    "r@1": 0.0,
    "ndcg@1": 0.0,
    "p@5": 0.2,
    "r@5": 1.0,
    "ndcg@5": 0.43067655807339306,
    "p@10": 0.1,
    "r@10": 1.0,
    "ndcg@10": 0.43067655807339306
  },
  "retrieved": [
    11106,
    11119,
    11117,
    11102,
    10351,
    12102,
    10310,
    11105,
    1564,
    1590
  ]
}