{
  "qid": 83776,
  "query": "Thời hiệu khiếu nại được quy định như thế nào?",
  "metrics": {
    "mrr": 0.3333333333333333,
    "map": 0.3333333333333333,
    "p@1": 0.0,
    "r@1": 0.0,
    "ndcg@1": 0.0,
    "p@5": 0.2,
    "r@5": 1.0,
    "ndcg@5": 0.5,
    "p@10": 0.1,
    "r@10": 1.0,
    "ndcg@10": 0.5
  },
  "retrieved": [
    4810,
    4816,
    1709,
    10939,
    11401,
    1491,
    7208,
    13745,
    4809,
    6223
  ]
}