{
  "qid": 83827,
  "query": "Người khuyết tật khi tham gia học giáo dục hòa nhập thì có những quyền gì?",
  "metrics": {
    "mrr": 0.3333333333333333,
    "map": 0.3333333333333333,
    "p@1": 0.0,
    "r@1": 0.0,
    "ndcg@1": 0.0,
    "p@5": 0.2,
    "r@5": 1.0,
    "ndcg@5": 0.5,
    "p@10": 0.1,
    "r@10": 1.0,
    "ndcg@10": 0.5
  },
  "retrieved": [
    3431,
    3437,
    3441,
    3432,
    3440,
    3427,
    3428,
    3435,
    3434,
    3433
  ]
}