{
  "qid": 83856,
  "query": "Chỉ định cửa khẩu xuất khẩu, nhập khẩu là biện pháp thế nào?",
  "metrics": {
    "mrr": 0.5,
    "map": 0.5,
    "p@1": 0.0,
    "r@1": 0.0,
    "ndcg@1": 0.0,
    "p@5": 0.2,
    "r@5": 1.0,
    "ndcg@5": 0.6309297535714575,
    "p@10": 0.1,
    "r@10": 1.0,
    "ndcg@10": 0.6309297535714575
  },
  "retrieved": [
    5247,
    5246,
    5248,
    5238,
    5250,
    5245,
    5249,
    5251,
    9678,
    5277
  ]
}