{
  "qid": 84024,
  "query": "Quy trình xử lý hồ sơ thay đổi địa chỉ doanh nghiệp của Cơ quan thuế?",
  "metrics": {
    "mrr": 0.25,
    "map": 0.25,
    "p@1": 0.0,
    "r@1": 0.0,
    "ndcg@1": 0.0,
    "p@5": 0.2,
    "r@5": 1.0,
    "ndcg@5": 0.43067655807339306,
    "p@10": 0.1,
    "r@10": 1.0,
    "ndcg@10": 0.43067655807339306
  },
  "retrieved": [
    11957,
    13339,
    11950,
    11951,
    11954,
    894,
    11958,
    11952,
    897,
    13337
  ]
}