{
  "qid": 84409,
  "query": "Cơ sở giáo dục hòa nhập phải xây dựng môi trường như thế nào?",
  "metrics": {
    "mrr": 0.5,
    "map": 0.5,
    "p@1": 0.0,
    "r@1": 0.0,
    "ndcg@1": 0.0,
    "p@5": 0.2,
    "r@5": 1.0,
    "ndcg@5": 0.6309297535714575,
    "p@10": 0.1,
    "r@10": 1.0,
    "ndcg@10": 0.6309297535714575
  },
  "retrieved": [
    3446,
    3431,
    3432,
    3443,
    3427,
    3433,
    3437,
    3428,
    3430,
    3442
  ]
}