{
  "qid": 84405,
  "query": "Có phải xây dựng kế hoạch tuyển dụng, báo cáo cơ quan có thẩm quyền quản lý viên chức phê duyệt hay không?",
  "metrics": {
    "mrr": 0.5,
    "map": 0.5,
    "p@1": 0.0,
    "r@1": 0.0,
    "ndcg@1": 0.0,
    "p@5": 0.2,
    "r@5": 1.0,
    "ndcg@5": 0.6309297535714575,
    "p@10": 0.1,
    "r@10": 1.0,
    "ndcg@10": 0.6309297535714575
  },
  "retrieved": [
    1539,
    14211,
    3846,
    1531,
    14274,
    6463,
    3467,
    12014,
    14268,
    4644
  ]
}