{
  "qid": 84603,
  "query": "Hội đồng Thi đua, Khen thưởng Ủy ban Dân tộc có những nhiệm vụ và quyền hạn gì?",
  "metrics": {
    "mrr": 0.14285714285714285,
    "map": 0.14285714285714285,
    "p@1": 0.0,
    "r@1": 0.0,
    "ndcg@1": 0.0,
    "p@5": 0.0,
    "r@5": 0.0,
    "ndcg@5": 0.0,
    "p@10": 0.1,
    "r@10": 1.0,
    "ndcg@10": 0.3333333333333333
  },
  "retrieved": [
    2080,
    2110,
    2082,
    2086,
    2097,
    2107,
    2096,
    2094,
    10017,
    2089
  ]
}