{
  "qid": 84902,
  "query": "Tổng cục Tiêu chuẩn Đo lường Chất lượng là tổ chức thuộc Bộ nào? Tổng cục Tiêu chuẩn Đo lường Chất lượng có tư cách pháp nhân không?",
  "metrics": {
    "mrr": 0.5,
    "map": 0.5,
    "p@1": 0.0,
    "r@1": 0.0,
    "ndcg@1": 0.0,
    "p@5": 0.2,
    "r@5": 1.0,
    "ndcg@5": 0.6309297535714575,
    "p@10": 0.1,
    "r@10": 1.0,
    "ndcg@10": 0.6309297535714575
  },
  "retrieved": [
    8806,
    8804,
    12790,
    8805,
    14809,
    2610,
    4198,
    2611,
    14851,
    7006
  ]
}