{
  "qid": 84959,
  "query": "Hội đồng kiểm tra kết quả tập sự hành nghề công chứng do ai thành lập và có bao nhiêu thành viên?",
  "metrics": {
    "mrr": 0.5,
    "map": 0.5,
    "p@1": 0.0,
    "r@1": 0.0,
    "ndcg@1": 0.0,
    "p@5": 0.2,
    "r@5": 1.0,
    "ndcg@5": 0.6309297535714575,
    "p@10": 0.1,
    "r@10": 1.0,
    "ndcg@10": 0.6309297535714575
  },
  "retrieved": [
    4231,
    4217,
    4227,
    6579,
    5848,
    4200,
    4215,
    700,
    4207,
    4228
  ]
}