{
  "qid": 85063,
  "query": "Việc quyết định miễn nhiệm đối với viên chức bị xử lý kỷ luật cảnh cáo hai lần trong cùng một thời hạn bổ nhiệm như thế nào?",
  "metrics": {
    "mrr": 0.25,
    "map": 0.25,
    "p@1": 0.0,
    "r@1": 0.0,
    "ndcg@1": 0.0,
    "p@5": 0.2,
    "r@5": 1.0,
    "ndcg@5": 0.43067655807339306,
    "p@10": 0.1,
    "r@10": 1.0,
    "ndcg@10": 0.43067655807339306
  },
  "retrieved": [
    3868,
    2360,
    8170,
    14262,
    13747,
    9473,
    13051,
    8224,
    4130,
    14270
  ]
}