{
  "qid": 85478,
  "query": "Xây dựng công trình không phải nhà ở trên đất nông nghiệp không thực hiện chuyển mục đích sử dụng có thể bị xử phạt hành chính như thế nào?",
  "metrics": {
    "mrr": 0.3333333333333333,
    "map": 0.3333333333333333,
    "p@1": 0.0,
    "r@1": 0.0,
    "ndcg@1": 0.0,
    "p@5": 0.2,
    "r@5": 1.0,
    "ndcg@5": 0.5,
    "p@10": 0.1,
    "r@10": 1.0,
    "ndcg@10": 0.5
  },
  "retrieved": [
    11105,
    11106,
    11102,
    10351,
    11101,
    10310,
    3535,
    10349,
    11119,
    11126
  ]
}