{
  "qid": 85648,
  "query": "Hồ sơ, thủ tục đề nghị cấp giấy phép xuất bản tài liệu không kinh doanh như thế nào?",
  "metrics": {
    "mrr": 0.25,
    "map": 0.25,
    "p@1": 0.0,
    "r@1": 0.0,
    "ndcg@1": 0.0,
    "p@5": 0.2,
    "r@5": 1.0,
    "ndcg@5": 0.43067655807339306,
    "p@10": 0.1,
    "r@10": 1.0,
    "ndcg@10": 0.43067655807339306
  },
  "retrieved": [
    1467,
    14924,
    14929,
    1461,
    1464,
    7737,
    1463,
    1466,
    14931,
    1456
  ]
}