{
  "qid": 8589,
  "query": "Hợp đồng lao động trong lĩnh vực nông lâm nghiệp phải có những nội dung gì?",
  "metrics": {
    "mrr": 0.1111111111111111,
    "map": 0.1111111111111111,
    "p@1": 0.0,
    "r@1": 0.0,
    "ndcg@1": 0.0,
    "p@5": 0.0,
    "r@5": 0.0,
    "ndcg@5": 0.0,
    "p@10": 0.1,
    "r@10": 1.0,
    "ndcg@10": 0.3010299956639812
  },
  "retrieved": [
    7216,
    11542,
    11545,
    7214,
    7217,
    7219,
    7218,
    1395,
    13179,
    9006
  ]
}