{
  "qid": 86450,
  "query": "Dịch vụ mua sắm đạt tiêu chuẩn phục vụ khách du lịch tại các cơ sở kinh doanh du lịch phải đảm bảo những tiêu chuẩn nào?",
  "metrics": {
    "mrr": 0.5,
    "map": 0.5,
    "p@1": 0.0,
    "r@1": 0.0,
    "ndcg@1": 0.0,
    "p@5": 0.2,
    "r@5": 1.0,
    "ndcg@5": 0.6309297535714575,
    "p@10": 0.1,
    "r@10": 1.0,
    "ndcg@10": 0.6309297535714575
  },
  "retrieved": [
    9799,
    6614,
    6624,
    9795,
    6607,
    9793,
    6626,
    9796,
    6617,
    6616
  ]
}