{
  "qid": 86465,
  "query": "Người đe dọa truyền HIV cho người khác bị xử phạt vi phạm hành chính thế nào?",
  "metrics": {
    "mrr": 0.5,
    "map": 0.5,
    "p@1": 0.0,
    "r@1": 0.0,
    "ndcg@1": 0.0,
    "p@5": 0.2,
    "r@5": 1.0,
    "ndcg@5": 0.6309297535714575,
    "p@10": 0.1,
    "r@10": 1.0,
    "ndcg@10": 0.6309297535714575
  },
  "retrieved": [
    14544,
    14565,
    3290,
    3535,
    3534,
    14542,
    14171,
    11611,
    3301,
    4633
  ]
}