{
  "qid": 86563,
  "query": "Thời hạn triển khai thủ tục bổ nhiệm lại viên chức giữ chức danh lãnh đạo tại đơn vị trực thuộc Bộ Tài chính là bao lâu?",
  "metrics": {
    "mrr": 0.16666666666666666,
    "map": 0.16666666666666666,
    "p@1": 0.0,
    "r@1": 0.0,
    "ndcg@1": 0.0,
    "p@5": 0.0,
    "r@5": 0.0,
    "ndcg@5": 0.0,
    "p@10": 0.1,
    "r@10": 1.0,
    "ndcg@10": 0.3562071871080222
  },
  "retrieved": [
    14492,
    670,
    7556,
    9464,
    7560,
    2357,
    2334,
    9465,
    14210,
    928
  ]
}