{
  "qid": 86589,
  "query": "Chủ xe đã tham gia hợp tác xã thì có cần phải đăng ký kinh doanh vận tải không?",
  "metrics": {
    "mrr": 0.2,
    "map": 0.2,
    "p@1": 0.0,
    "r@1": 0.0,
    "ndcg@1": 0.0,
    "p@5": 0.2,
    "r@5": 1.0,
    "ndcg@5": 0.38685280723454163,
    "p@10": 0.1,
    "r@10": 1.0,
    "ndcg@10": 0.38685280723454163
  },
  "retrieved": [
    13146,
    13130,
    13131,
    13148,
    13139,
    2825,
    13129,
    13159,
    13160,
    10326
  ]
}