{
  "qid": 86882,
  "query": "Những bản án nào sẽ được thi hành ngay mặc dù chưa có hiệu lực?",
  "metrics": {
    "mrr": 0.5,
    "map": 0.5,
    "p@1": 0.0,
    "r@1": 0.0,
    "ndcg@1": 0.0,
    "p@5": 0.2,
    "r@5": 1.0,
    "ndcg@5": 0.6309297535714575,
    "p@10": 0.1,
    "r@10": 1.0,
    "ndcg@10": 0.6309297535714575
  },
  "retrieved": [
    8977,
    10840,
    10969,
    1014,
    10850,
    10849,
    12746,
    10859,
    10505,
    10968
  ]
}