{
  "qid": 8695,
  "query": "Chế độ báo cáo công tác dân tộc đột xuất được thực hiện khi nào?",
  "metrics": {
    "mrr": 0.2,
    "map": 0.2,
    "p@1": 0.0,
    "r@1": 0.0,
    "ndcg@1": 0.0,
    "p@5": 0.2,
    "r@5": 1.0,
    "ndcg@5": 0.38685280723454163,
    "p@10": 0.1,
    "r@10": 1.0,
    "ndcg@10": 0.38685280723454163
  },
  "retrieved": [
    2528,
    1303,
    2529,
    6797,
    1315,
    2526,
    4754,
    1308,
    2637,
    6802
  ]
}