{
  "qid": 87054,
  "query": "Thủ tục thành lập văn phòng đại diện tại Việt Nam của tổ chức du lịch nước ngoài được quy định như thế nào?",
  "metrics": {
    "mrr": 0.25,
    "map": 0.25,
    "p@1": 0.0,
    "r@1": 0.0,
    "ndcg@1": 0.0,
    "p@5": 0.2,
    "r@5": 1.0,
    "ndcg@5": 0.43067655807339306,
    "p@10": 0.1,
    "r@10": 1.0,
    "ndcg@10": 0.43067655807339306
  },
  "retrieved": [
    141,
    8249,
    8250,
    9812,
    6032,
    9787,
    2489,
    14923,
    8251,
    1472
  ]
}