{
  "qid": 87067,
  "query": "Người đứng đầu đơn vị sự nghiệp có trách nhiệm gì về bố trí và phân công công tác đối với viên chức?",
  "metrics": {
    "mrr": 0.16666666666666666,
    "map": 0.16666666666666666,
    "p@1": 0.0,
    "r@1": 0.0,
    "ndcg@1": 0.0,
    "p@5": 0.0,
    "r@5": 0.0,
    "ndcg@5": 0.0,
    "p@10": 0.1,
    "r@10": 1.0,
    "ndcg@10": 0.3562071871080222
  },
  "retrieved": [
    14228,
    14231,
    14229,
    13775,
    14227,
    14233,
    13771,
    14254,
    14232,
    10995
  ]
}