{
  "qid": 87091,
  "query": "Doanh nghiệp viễn thông khi nhận được quyết định mở Cổng Thông tin điện tử nhân đạo quốc gia phải có trách nhiệm gì?",
  "metrics": {
    "mrr": 0.16666666666666666,
    "map": 0.16666666666666666,
    "p@1": 0.0,
    "r@1": 0.0,
    "ndcg@1": 0.0,
    "p@5": 0.0,
    "r@5": 0.0,
    "ndcg@5": 0.0,
    "p@10": 0.1,
    "r@10": 1.0,
    "ndcg@10": 0.3562071871080222
  },
  "retrieved": [
    9484,
    9496,
    9486,
    9493,
    9490,
    9494,
    9488,
    9495,
    9491,
    9489
  ]
}