{
  "qid": 87182,
  "query": "Có thể thực hiện trưng cầu giám định tình trạng tâm thần đối với bị cáo trong những trường hợp nào?",
  "metrics": {
    "mrr": 0.5,
    "map": 0.5,
    "p@1": 0.0,
    "r@1": 0.0,
    "ndcg@1": 0.0,
    "p@5": 0.2,
    "r@5": 1.0,
    "ndcg@5": 0.6309297535714575,
    "p@10": 0.1,
    "r@10": 1.0,
    "ndcg@10": 0.6309297535714575
  },
  "retrieved": [
    10919,
    10683,
    10545,
    1006,
    10918,
    1011,
    10577,
    10687,
    10911,
    1008
  ]
}