{
  "qid": 87400,
  "query": "Thanh tra viên chuyên ngành hàng hải được quyền xử phạt người hút thuốc ở nơi cấm hút thuốc trên tàu thuyền không?",
  "metrics": {
    "mrr": 0.2,
    "map": 0.2,
    "p@1": 0.0,
    "r@1": 0.0,
    "ndcg@1": 0.0,
    "p@5": 0.2,
    "r@5": 1.0,
    "ndcg@5": 0.38685280723454163,
    "p@10": 0.1,
    "r@10": 1.0,
    "ndcg@10": 0.38685280723454163
  },
  "retrieved": [
    14566,
    4539,
    1117,
    6754,
    4637,
    7771,
    3191,
    4363,
    13077,
    1828
  ]
}