{
  "qid": 8760,
  "query": "Thành viên Hội đồng kiểm tra kết quả tập sự hành nghề công chứng có bao nhiêu người?",
  "metrics": {
    "mrr": 0.5,
    "map": 0.5,
    "p@1": 0.0,
    "r@1": 0.0,
    "ndcg@1": 0.0,
    "p@5": 0.2,
    "r@5": 1.0,
    "ndcg@5": 0.6309297535714575,
    "p@10": 0.1,
    "r@10": 1.0,
    "ndcg@10": 0.6309297535714575
  },
  "retrieved": [
    4231,
    4217,
    4200,
    6579,
    4227,
    5848,
    4215,
    4228,
    4208,
    700
  ]
}