{
  "qid": 87622,
  "query": "Doanh nghiệp kinh doanh dịch vụ lữ hành nội địa có quyền mua bảo hiểm cho khách du lịch trong thời gian thực hiện chương trình du lịch không?",
  "metrics": {
    "mrr": 0.5,
    "map": 0.5,
    "p@1": 0.0,
    "r@1": 0.0,
    "ndcg@1": 0.0,
    "p@5": 0.2,
    "r@5": 1.0,
    "ndcg@5": 0.6309297535714575,
    "p@10": 0.1,
    "r@10": 1.0,
    "ndcg@10": 0.6309297535714575
  },
  "retrieved": [
    9783,
    9780,
    9782,
    9786,
    9790,
    9784,
    9801,
    9773,
    9774,
    9785
  ]
}