{
  "qid": 8763,
  "query": "Hội đồng kiểm tra kết quả tập sự hành nghề công chứng có được sử dụng con dấu của Bộ Tư pháp để thực hiện nhiệm vụ không?",
  "metrics": {
    "mrr": 0.3333333333333333,
    "map": 0.3333333333333333,
    "p@1": 0.0,
    "r@1": 0.0,
    "ndcg@1": 0.0,
    "p@5": 0.2,
    "r@5": 1.0,
    "ndcg@5": 0.5,
    "p@10": 0.1,
    "r@10": 1.0,
    "ndcg@10": 0.5
  },
  "retrieved": [
    4217,
    4227,
    5847,
    6579,
    4231,
    4215,
    5848,
    4228,
    4226,
    700
  ]
}