{
  "qid": 87898,
  "query": "Tiêu chuẩn bổ nhiệm chỉ huy trưởng Ban chỉ huy quân sự cấp xã được định như thế nào?",
  "metrics": {
    "mrr": 0.5,
    "map": 0.5,
    "p@1": 0.0,
    "r@1": 0.0,
    "ndcg@1": 0.0,
    "p@5": 0.2,
    "r@5": 1.0,
    "ndcg@5": 0.6309297535714575,
    "p@10": 0.1,
    "r@10": 1.0,
    "ndcg@10": 0.6309297535714575
  },
  "retrieved": [
    316,
    314,
    315,
    305,
    318,
    7340,
    2562,
    7332,
    304,
    308
  ]
}