{
  "qid": 87913,
  "query": "Ai có quyền quyết định công nhận danh hiệu Tập thể lao động tiên tiến ngành Kiểm sát nhân dân?",
  "metrics": {
    "mrr": 0.5,
    "map": 0.5,
    "p@1": 0.0,
    "r@1": 0.0,
    "ndcg@1": 0.0,
    "p@5": 0.2,
    "r@5": 1.0,
    "ndcg@5": 0.6309297535714575,
    "p@10": 0.1,
    "r@10": 1.0,
    "ndcg@10": 0.6309297535714575
  },
  "retrieved": [
    1369,
    1354,
    8862,
    1331,
    1342,
    8749,
    1156,
    7704,
    1335,
    3497
  ]
}