{
  "qid": 88109,
  "query": "Người được cấp Thẻ nhân viên tư vấn phòng chống bạo lực gia đình phải đáp ứng những tiêu chuẩn gì?",
  "metrics": {
    "mrr": 0.25,
    "map": 0.25,
    "p@1": 0.0,
    "r@1": 0.0,
    "ndcg@1": 0.0,
    "p@5": 0.2,
    "r@5": 1.0,
    "ndcg@5": 0.43067655807339306,
    "p@10": 0.1,
    "r@10": 1.0,
    "ndcg@10": 0.43067655807339306
  },
  "retrieved": [
    8041,
    1687,
    1696,
    1695,
    1699,
    1692,
    1697,
    1689,
    8040,
    1688
  ]
}