{
  "qid": 88661,
  "query": "Thủ trưởng cơ quan điều tra có trách nhiệm giải quyết nguồn tin về tội phạm không?",
  "metrics": {
    "mrr": 0.5,
    "map": 0.5,
    "p@1": 0.0,
    "r@1": 0.0,
    "ndcg@1": 0.0,
    "p@5": 0.2,
    "r@5": 1.0,
    "ndcg@5": 0.6309297535714575,
    "p@10": 0.1,
    "r@10": 1.0,
    "ndcg@10": 0.6309297535714575
  },
  "retrieved": [
    998,
    10513,
    995,
    10625,
    10622,
    10626,
    10623,
    10636,
    10514,
    992
  ]
}