{
  "qid": 88685,
  "query": "Chủ tịch Ủy ban nhân dân cấp xã có quyền xử phạt người trực tiếp bán thuốc thú y không có Chứng chỉ hành nghề thú y không?",
  "metrics": {
    "mrr": 0.25,
    "map": 0.25,
    "p@1": 0.0,
    "r@1": 0.0,
    "ndcg@1": 0.0,
    "p@5": 0.2,
    "r@5": 1.0,
    "ndcg@5": 0.43067655807339306,
    "p@10": 0.1,
    "r@10": 1.0,
    "ndcg@10": 0.43067655807339306
  },
  "retrieved": [
    4712,
    11063,
    9664,
    4637,
    4716,
    4710,
    14198,
    9662,
    4540,
    9663
  ]
}