{
  "qid": 8902,
  "query": "Tổ chức kiểm tra kiến thức pháp luật về bán hàng đa cấp theo quy trình nào?",
  "metrics": {
    "mrr": 0.5,
    "map": 0.5,
    "p@1": 0.0,
    "r@1": 0.0,
    "ndcg@1": 0.0,
    "p@5": 0.2,
    "r@5": 1.0,
    "ndcg@5": 0.6309297535714575,
    "p@10": 0.1,
    "r@10": 1.0,
    "ndcg@10": 0.6309297535714575
  },
  "retrieved": [
    12950,
    12947,
    12949,
    12944,
    12943,
    12946,
    12945,
    12948,
    13305,
    13311
  ]
}