{
  "qid": 89034,
  "query": "Quy trình vận chuyển tiền mặt, tài sản quý, giấy tờ có giá trong ngành Ngân hàng được pháp luật quy định như thế nào?",
  "metrics": {
    "mrr": 0.1111111111111111,
    "map": 0.1111111111111111,
    "p@1": 0.0,
    "r@1": 0.0,
    "ndcg@1": 0.0,
    "p@5": 0.0,
    "r@5": 0.0,
    "ndcg@5": 0.0,
    "p@10": 0.1,
    "r@10": 1.0,
    "ndcg@10": 0.3010299956639812
  },
  "retrieved": [
    418,
    424,
    419,
    423,
    416,
    369,
    440,
    387,
    415,
    436
  ]
}