{
  "qid": 89072,
  "query": "Khi việc phong tỏa tài khoản thanh toán gây thiệt hại cho khách hàng, ngân hàng nhà nước có phải bồi thường thiệt hại?",
  "metrics": {
    "mrr": 0.5,
    "map": 0.5,
    "p@1": 0.0,
    "r@1": 0.0,
    "ndcg@1": 0.0,
    "p@5": 0.2,
    "r@5": 1.0,
    "ndcg@5": 0.6309297535714575,
    "p@10": 0.1,
    "r@10": 1.0,
    "ndcg@10": 0.6309297535714575
  },
  "retrieved": [
    10906,
    10443,
    10606,
    3532,
    197,
    10445,
    10607,
    14534,
    14982,
    2449
  ]
}