{
  "qid": 89244,
  "query": "Kê khai mẫu C/O như thế nào?",
  "metrics": {
    "mrr": 0.5,
    "map": 0.5,
    "p@1": 0.0,
    "r@1": 0.0,
    "ndcg@1": 0.0,
    "p@5": 0.2,
    "r@5": 1.0,
    "ndcg@5": 0.6309297535714575,
    "p@10": 0.1,
    "r@10": 1.0,
    "ndcg@10": 0.6309297535714575
  },
  "retrieved": [
    5523,
    5524,
    5526,
    7553,
    5517,
    8652,
    14880,
    11629,
    14372,
    14377
  ]
}