{
  "qid": 89363,
  "query": "Quản lý mã hóa đối với hệ thống thông tin trong hoạt động ngân hàng được quy định như thế nào?",
  "metrics": {
    "mrr": 0.5,
    "map": 0.5,
    "p@1": 0.0,
    "r@1": 0.0,
    "ndcg@1": 0.0,
    "p@5": 0.2,
    "r@5": 1.0,
    "ndcg@5": 0.6309297535714575,
    "p@10": 0.1,
    "r@10": 1.0,
    "ndcg@10": 0.6309297535714575
  },
  "retrieved": [
    12794,
    10229,
    10228,
    10198,
    10121,
    10214,
    10215,
    11229,
    11237,
    10159
  ]
}