{
  "qid": 89618,
  "query": "Ghi sai những thông tin phải ghi trên xuất bản phẩm thì nhà xuất bản sẽ bị xử phạt vi phạm hành chính thế nào?",
  "metrics": {
    "mrr": 0.3333333333333333,
    "map": 0.3333333333333333,
    "p@1": 0.0,
    "r@1": 0.0,
    "ndcg@1": 0.0,
    "p@5": 0.2,
    "r@5": 1.0,
    "ndcg@5": 0.5,
    "p@10": 0.1,
    "r@10": 1.0,
    "ndcg@10": 0.5
  },
  "retrieved": [
    14923,
    14904,
    14926,
    14924,
    14929,
    14931,
    14925,
    3290,
    14928,
    1467
  ]
}