{
  "qid": 89752,
  "query": "Thuyết minh hồ sơ đồ án quy hoạch chung xây dựng xã gồm những nội dung gì?",
  "metrics": {
    "mrr": 0.14285714285714285,
    "map": 0.14285714285714285,
    "p@1": 0.0,
    "r@1": 0.0,
    "ndcg@1": 0.0,
    "p@5": 0.0,
    "r@5": 0.0,
    "ndcg@5": 0.0,
    "p@10": 0.1,
    "r@10": 1.0,
    "ndcg@10": 0.3333333333333333
  },
  "retrieved": [
    2411,
    2413,
    2404,
    2418,
    2407,
    2401,
    2406,
    2414,
    12676,
    2417
  ]
}