{
  "qid": 89990,
  "query": "Ban Cơ yếu Chính phủ có những nhiệm vụ và quyền hạn gì trong việc Giúp Bộ trưởng Bộ Quốc phòng?",
  "metrics": {
    "mrr": 0.5,
    "map": 0.5,
    "p@1": 0.0,
    "r@1": 0.0,
    "ndcg@1": 0.0,
    "p@5": 0.2,
    "r@5": 1.0,
    "ndcg@5": 0.6309297535714575,
    "p@10": 0.1,
    "r@10": 1.0,
    "ndcg@10": 0.6309297535714575
  },
  "retrieved": [
    4770,
    4785,
    5041,
    4775,
    7557,
    7565,
    7560,
    4781,
    7158,
    4777
  ]
}