{
  "qid": 9039,
  "query": "Ngân hàng thương mại có những nghĩa vụ gì trong hoạt động chiết khấu công cụ chuyển nhượng đối với khách hàng?",
  "metrics": {
    "mrr": 0.25,
    "map": 0.25,
    "p@1": 0.0,
    "r@1": 0.0,
    "ndcg@1": 0.0,
    "p@5": 0.2,
    "r@5": 1.0,
    "ndcg@5": 0.43067655807339306,
    "p@10": 0.1,
    "r@10": 1.0,
    "ndcg@10": 0.43067655807339306
  },
  "retrieved": [
    4016,
    4025,
    4014,
    4027,
    4026,
    4021,
    4018,
    4013,
    4022,
    4023
  ]
}