{
  "qid": 90469,
  "query": "Lực lượng chuyên trách trong Công an nhân dân có phải lực lượng nồng cốt trong việc phòng thủ dân sự không?",
  "metrics": {
    "mrr": 0.14285714285714285,
    "map": 0.14285714285714285,
    "p@1": 0.0,
    "r@1": 0.0,
    "ndcg@1": 0.0,
    "p@5": 0.0,
    "r@5": 0.0,
    "ndcg@5": 0.0,
    "p@10": 0.1,
    "r@10": 1.0,
    "ndcg@10": 0.3333333333333333
  },
  "retrieved": [
    2578,
    2553,
    2559,
    2566,
    2565,
    2577,
    2563,
    2552,
    2541,
    2548
  ]
}