{
  "qid": 90508,
  "query": "Kinh phí tổ chức kỷ niệm ngày Truyền thống lực lượng Thanh niên xung phong được lấy từ đâu?",
  "metrics": {
    "mrr": 0.2,
    "map": 0.2,
    "p@1": 0.0,
    "r@1": 0.0,
    "ndcg@1": 0.0,
    "p@5": 0.2,
    "r@5": 1.0,
    "ndcg@5": 0.38685280723454163,
    "p@10": 0.1,
    "r@10": 1.0,
    "ndcg@10": 0.38685280723454163
  },
  "retrieved": [
    13734,
    13729,
    13736,
    11039,
    13648,
    11042,
    13730,
    13722,
    13724,
    13732
  ]
}