{
  "qid": 90611,
  "query": "Hồ sơ đăng ký thế chấp tàu bay bao gồm những gì?",
  "metrics": {
    "mrr": 0.16666666666666666,
    "map": 0.16666666666666666,
    "p@1": 0.0,
    "r@1": 0.0,
    "ndcg@1": 0.0,
    "p@5": 0.0,
    "r@5": 0.0,
    "ndcg@5": 0.0,
    "p@10": 0.1,
    "r@10": 1.0,
    "ndcg@10": 0.3562071871080222
  },
  "retrieved": [
    1282,
    11200,
    1285,
    1280,
    11174,
    11194,
    1284,
    11173,
    5818,
    11233
  ]
}