{
  "qid": 90698,
  "query": "Hướng dẫn viên khi hành nghề có phải mang theo giấy tờ phân công nhiệm vụ không?",
  "metrics": {
    "mrr": 0.5,
    "map": 0.5,
    "p@1": 0.0,
    "r@1": 0.0,
    "ndcg@1": 0.0,
    "p@5": 0.2,
    "r@5": 1.0,
    "ndcg@5": 0.6309297535714575,
    "p@10": 0.1,
    "r@10": 1.0,
    "ndcg@10": 0.6309297535714575
  },
  "retrieved": [
    9801,
    9808,
    9807,
    9804,
    9802,
    9806,
    9805,
    9809,
    9803,
    6626
  ]
}