{
  "qid": 90709,
  "query": "Viên chức được bổ nhiệm chức danh nghề nghiệp kỹ sư hạng 3 có hệ số lương viên chức loại mấy hiện nay?",
  "metrics": {
    "mrr": 0.25,
    "map": 0.25,
    "p@1": 0.0,
    "r@1": 0.0,
    "ndcg@1": 0.0,
    "p@5": 0.2,
    "r@5": 1.0,
    "ndcg@5": 0.43067655807339306,
    "p@10": 0.1,
    "r@10": 1.0,
    "ndcg@10": 0.43067655807339306
  },
  "retrieved": [
    1536,
    6460,
    8457,
    8612,
    7726,
    7562,
    7561,
    7785,
    14249,
    7787
  ]
}