{
  "qid": 90717,
  "query": "Kinh phí mua bảo hiểm trách nhiệm trong khám chữa bệnh được lấy từ đâu?",
  "metrics": {
    "mrr": 0.5,
    "map": 0.5,
    "p@1": 0.0,
    "r@1": 0.0,
    "ndcg@1": 0.0,
    "p@5": 0.2,
    "r@5": 1.0,
    "ndcg@5": 0.6309297535714575,
    "p@10": 0.1,
    "r@10": 1.0,
    "ndcg@10": 0.6309297535714575
  },
  "retrieved": [
    11340,
    11087,
    5778,
    13958,
    2573,
    11343,
    11086,
    11093,
    11089,
    11085
  ]
}