{
  "qid": 9085,
  "query": "Có được phép lập vi bằng về hiện trạng thực tế tại khu quân sự hay không?",
  "metrics": {
    "mrr": 0.16666666666666666,
    "map": 0.16666666666666666,
    "p@1": 0.0,
    "r@1": 0.0,
    "ndcg@1": 0.0,
    "p@5": 0.0,
    "r@5": 0.0,
    "ndcg@5": 0.0,
    "p@10": 0.1,
    "r@10": 1.0,
    "ndcg@10": 0.3562071871080222
  },
  "retrieved": [
    11637,
    11627,
    11641,
    11655,
    11644,
    8963,
    11654,
    11643,
    11653,
    11621
  ]
}