{
  "qid": 90855,
  "query": "Khi thuyết minh hồ sơ thiết kế kiến trúc cơ sở là thuyết minh những nội dung gì?",
  "metrics": {
    "mrr": 0.3333333333333333,
    "map": 0.3333333333333333,
    "p@1": 0.0,
    "r@1": 0.0,
    "ndcg@1": 0.0,
    "p@5": 0.2,
    "r@5": 1.0,
    "ndcg@5": 0.5,
    "p@10": 0.1,
    "r@10": 1.0,
    "ndcg@10": 0.5
  },
  "retrieved": [
    3806,
    456,
    3807,
    3809,
    3805,
    3808,
    3804,
    3810,
    3811,
    2411
  ]
}