{
  "qid": 91176,
  "query": "Phó hiệu trưởng kiêm chủ tịch công đoàn có được giảm định mức tiết dạy không?",
  "metrics": {
    "mrr": 0.5,
    "map": 0.41666666666666663,
    "p@1": 0.0,
    "r@1": 0.0,
    "ndcg@1": 0.0,
    "p@5": 0.2,
    "r@5": 0.5,
    "ndcg@5": 0.38685280723454163,
    "p@10": 0.2,
    "r@10": 1.0,
    "ndcg@10": 0.6052602440527057
  },
  "retrieved": [
    8499,
    8501,
    8502,
    7148,
    8500,
    8503,
    6360,
    7147,
    8194,
    14287
  ]
}