{
  "qid": 91181,
  "query": "Kế hoạch bảo vệ cưỡng chế thi hành án dân sự bao gồm những nội dung gì?",
  "metrics": {
    "mrr": 0.5,
    "map": 0.5,
    "p@1": 0.0,
    "r@1": 0.0,
    "ndcg@1": 0.0,
    "p@5": 0.2,
    "r@5": 1.0,
    "ndcg@5": 0.6309297535714575,
    "p@10": 0.1,
    "r@10": 1.0,
    "ndcg@10": 0.6309297535714575
  },
  "retrieved": [
    3022,
    3023,
    3024,
    3019,
    3029,
    3020,
    3025,
    3028,
    3030,
    3027
  ]
}