{
  "qid": 91193,
  "query": "Cơ quan nào có quyền lập biên bản bắt người trong trường hợp phạm tội quả tang?",
  "metrics": {
    "mrr": 0.5,
    "map": 0.5,
    "p@1": 0.0,
    "r@1": 0.0,
    "ndcg@1": 0.0,
    "p@5": 0.2,
    "r@5": 1.0,
    "ndcg@5": 0.6309297535714575,
    "p@10": 0.1,
    "r@10": 1.0,
    "ndcg@10": 0.6309297535714575
  },
  "retrieved": [
    10535,
    10588,
    10590,
    10592,
    10487,
    10587,
    10536,
    10594,
    10586,
    10514
  ]
}