{
  "qid": 91627,
  "query": "Bổ sung thông tin người cha trên Giấy khai sinh do đại sứ quán Việt Nam cấp được pháp luật quy định như thế nào?",
  "metrics": {
    "mrr": 0.3333333333333333,
    "map": 0.3333333333333333,
    "p@1": 0.0,
    "r@1": 0.0,
    "ndcg@1": 0.0,
    "p@5": 0.2,
    "r@5": 1.0,
    "ndcg@5": 0.5,
    "p@10": 0.1,
    "r@10": 1.0,
    "ndcg@10": 0.5
  },
  "retrieved": [
    4569,
    4572,
    2265,
    2262,
    4563,
    4568,
    4562,
    3130,
    4560,
    5136
  ]
}