{
  "qid": 91656,
  "query": "Trường hợp nào người giám định phải từ chối tham gia tố tụng hoặc bị thay đổi?",
  "metrics": {
    "mrr": 0.16666666666666666,
    "map": 0.16666666666666666,
    "p@1": 0.0,
    "r@1": 0.0,
    "ndcg@1": 0.0,
    "p@5": 0.0,
    "r@5": 0.0,
    "ndcg@5": 0.0,
    "p@10": 0.1,
    "r@10": 1.0,
    "ndcg@10": 0.3562071871080222
  },
  "retrieved": [
    10545,
    10934,
    10577,
    1011,
    1012,
    10526,
    10793,
    10688,
    1006,
    1008
  ]
}