{
  "qid": 91863,
  "query": "Tổ chức sau khi được cấp chứng nhận đăng ký hoạt động tôn giáo cần thực hiện những hoạt động nào?",
  "metrics": {
    "mrr": 0.3333333333333333,
    "map": 0.3333333333333333,
    "p@1": 0.0,
    "r@1": 0.0,
    "ndcg@1": 0.0,
    "p@5": 0.2,
    "r@5": 1.0,
    "ndcg@5": 0.5,
    "p@10": 0.1,
    "r@10": 1.0,
    "ndcg@10": 0.5
  },
  "retrieved": [
    2197,
    2146,
    2150,
    2173,
    2164,
    2175,
    2178,
    2147,
    2155,
    2152
  ]
}