{
  "qid": 92098,
  "query": "Khuyến mại rượu bia cho người chưa đủ 18 tuổi thì tổ chức sẽ bị xử phạt vi phạm hành chính bao nhiêu tiền?",
  "metrics": {
    "mrr": 0.5,
    "map": 0.5,
    "p@1": 0.0,
    "r@1": 0.0,
    "ndcg@1": 0.0,
    "p@5": 0.2,
    "r@5": 1.0,
    "ndcg@5": 0.6309297535714575,
    "p@10": 0.1,
    "r@10": 1.0,
    "ndcg@10": 0.6309297535714575
  },
  "retrieved": [
    14571,
    14573,
    14572,
    14574,
    14576,
    14577,
    14578,
    14575,
    6529,
    11879
  ]
}