{
  "qid": 92503,
  "query": "Thời hiệu khiếu nại quyết định kỷ luật cán bộ, công chức như thế nào?",
  "metrics": {
    "mrr": 0.5,
    "map": 0.5,
    "p@1": 0.0,
    "r@1": 0.0,
    "ndcg@1": 0.0,
    "p@5": 0.2,
    "r@5": 1.0,
    "ndcg@5": 0.6309297535714575,
    "p@10": 0.1,
    "r@10": 1.0,
    "ndcg@10": 0.6309297535714575
  },
  "retrieved": [
    13745,
    1709,
    1751,
    1757,
    1718,
    3868,
    1747,
    13782,
    1702,
    11401
  ]
}