{
  "qid": 92864,
  "query": "Có thể gửi hồ sơ đề nghị chứng nhận lãnh sự qua đường bưu điện tại bất kỳ bưu điện nào đúng không?",
  "metrics": {
    "mrr": 0.3333333333333333,
    "map": 0.3333333333333333,
    "p@1": 0.0,
    "r@1": 0.0,
    "ndcg@1": 0.0,
    "p@5": 0.2,
    "r@5": 1.0,
    "ndcg@5": 0.5,
    "p@10": 0.1,
    "r@10": 1.0,
    "ndcg@10": 0.5
  },
  "retrieved": [
    13499,
    13497,
    150,
    154,
    2260,
    13505,
    13504,
    153,
    12111,
    141
  ]
}