{
  "qid": 93016,
  "query": "Bổ nhiệm vào chức danh nghề nghiệp giáo viên THPT hạng 2 như thế nào?",
  "metrics": {
    "mrr": 0.14285714285714285,
    "map": 0.14285714285714285,
    "p@1": 0.0,
    "r@1": 0.0,
    "ndcg@1": 0.0,
    "p@5": 0.0,
    "r@5": 0.0,
    "ndcg@5": 0.0,
    "p@10": 0.1,
    "r@10": 1.0,
    "ndcg@10": 0.3333333333333333
  },
  "retrieved": [
    1537,
    2820,
    1535,
    1538,
    2815,
    1530,
    3852,
    1532,
    1534,
    2817
  ]
}