{
  "qid": 93735,
  "query": "Trong thời gian tập sự thì viên chức có được hưởng lương không?",
  "metrics": {
    "mrr": 0.2,
    "map": 0.2,
    "p@1": 0.0,
    "r@1": 0.0,
    "ndcg@1": 0.0,
    "p@5": 0.2,
    "r@5": 1.0,
    "ndcg@5": 0.38685280723454163,
    "p@10": 0.1,
    "r@10": 1.0,
    "ndcg@10": 0.38685280723454163
  },
  "retrieved": [
    6460,
    8457,
    7561,
    1536,
    14230,
    8612,
    7562,
    7556,
    7726,
    8458
  ]
}