{
  "qid": 93810,
  "query": "Thẩm định hồ sơ công nhận ngày truyền thống của cơ quan nhà nước cấp tỉnh bao gồm những nội dung nào?",
  "metrics": {
    "mrr": 0.5,
    "map": 0.5,
    "p@1": 0.0,
    "r@1": 0.0,
    "ndcg@1": 0.0,
    "p@5": 0.2,
    "r@5": 1.0,
    "ndcg@5": 0.6309297535714575,
    "p@10": 0.1,
    "r@10": 1.0,
    "ndcg@10": 0.6309297535714575
  },
  "retrieved": [
    13647,
    13646,
    9771,
    9767,
    9799,
    9770,
    12414,
    9793,
    13645,
    13655
  ]
}