{
  "qid": 94075,
  "query": "Đối với hệ thống thông tin trong hoạt động ngân hàng thì việc quản lý quá trình phát triển phần mềm được thực hiện như thế nào?",
  "metrics": {
    "mrr": 0.5,
    "map": 0.5,
    "p@1": 0.0,
    "r@1": 0.0,
    "ndcg@1": 0.0,
    "p@5": 0.2,
    "r@5": 1.0,
    "ndcg@5": 0.6309297535714575,
    "p@10": 0.1,
    "r@10": 1.0,
    "ndcg@10": 0.6309297535714575
  },
  "retrieved": [
    10197,
    10230,
    10196,
    10192,
    10200,
    7880,
    10206,
    2474,
    6842,
    10072
  ]
}