{
  "qid": 94322,
  "query": "Hành vi che, dán biển số xe ô tô để trốn tránh phạt nguội sẽ bị xử lý như thế nào?",
  "metrics": {
    "mrr": 0.3333333333333333,
    "map": 0.3333333333333333,
    "p@1": 0.0,
    "r@1": 0.0,
    "ndcg@1": 0.0,
    "p@5": 0.2,
    "r@5": 1.0,
    "ndcg@5": 0.5,
    "p@10": 0.1,
    "r@10": 1.0,
    "ndcg@10": 0.5
  },
  "retrieved": [
    10333,
    10328,
    10314,
    10331,
    10334,
    10321,
    10332,
    10319,
    10325,
    10326
  ]
}