{
  "qid": 94379,
  "query": "Mở sổ, ghi sổ, khóa sổ và lưu trữ sổ kế toán của doanh nghiệp siêu nhỏ phải tuân thủ những nguyên tắc nào?",
  "metrics": {
    "mrr": 0.5,
    "map": 0.5,
    "p@1": 0.0,
    "r@1": 0.0,
    "ndcg@1": 0.0,
    "p@5": 0.2,
    "r@5": 1.0,
    "ndcg@5": 0.6309297535714575,
    "p@10": 0.1,
    "r@10": 1.0,
    "ndcg@10": 0.6309297535714575
  },
  "retrieved": [
    5827,
    2870,
    9147,
    2868,
    12083,
    5869,
    1632,
    5826,
    1631,
    2883
  ]
}