{
  "qid": 94574,
  "query": "Cơ quan nào có thẩm quyền phê duyệt phương án cắm mốc chỉ giới xác định phạm vi bảo vệ đập thủy điện?",
  "metrics": {
    "mrr": 0.5,
    "map": 0.5,
    "p@1": 0.0,
    "r@1": 0.0,
    "ndcg@1": 0.0,
    "p@5": 0.2,
    "r@5": 1.0,
    "ndcg@5": 0.6309297535714575,
    "p@10": 0.1,
    "r@10": 1.0,
    "ndcg@10": 0.6309297535714575
  },
  "retrieved": [
    14000,
    14001,
    14010,
    14008,
    13994,
    13995,
    14007,
    13985,
    13999,
    14006
  ]
}