{
  "qid": 94816,
  "query": "Người tập sự hành nghề Thừa phát lại phải đảm bảo thời gian tập sự ít nhất bao nhiêu giờ mỗi ngày?",
  "metrics": {
    "mrr": 0.3333333333333333,
    "map": 0.3333333333333333,
    "p@1": 0.0,
    "r@1": 0.0,
    "ndcg@1": 0.0,
    "p@5": 0.2,
    "r@5": 1.0,
    "ndcg@5": 0.5,
    "p@10": 0.1,
    "r@10": 1.0,
    "ndcg@10": 0.5
  },
  "retrieved": [
    5837,
    5838,
    5841,
    5842,
    5839,
    5836,
    8934,
    8935,
    5844,
    4212
  ]
}