{
  "qid": 94844,
  "query": "Nội dung ghi trên mẫu bảng thanh toán tiền làm thêm giờ áp dụng cho doanh nghiệp nhỏ và vừa có được phép ghi tắt không?",
  "metrics": {
    "mrr": 0.14285714285714285,
    "map": 0.14285714285714285,
    "p@1": 0.0,
    "r@1": 0.0,
    "ndcg@1": 0.0,
    "p@5": 0.0,
    "r@5": 0.0,
    "ndcg@5": 0.0,
    "p@10": 0.1,
    "r@10": 1.0,
    "ndcg@10": 0.3333333333333333
  },
  "retrieved": [
    12119,
    9707,
    8590,
    8538,
    13199,
    11553,
    2862,
    5711,
    13738,
    10466
  ]
}