{
  "qid": 95023,
  "query": "Người chưa đủ tuổi quy định nhưng uống rượu bia bị xử phạt như thế nào?",
  "metrics": {
    "mrr": 1.0,
    "map": 0.7,
    "p@1": 1.0,
    "r@1": 0.5,
    "ndcg@1": 1.0,
    "p@5": 0.4,
    "r@5": 1.0,
    "ndcg@5": 0.8503449055347546,
    "p@10": 0.2,
    "r@10": 1.0,
    "ndcg@10": 0.8503449055347546
  },
  "retrieved": [
    14571,
    14575,
    14574,
    14576,
    14572,
    14577,
    1668,
    14573,
    14578,
    11875
  ]
}