{
  "qid": 9507,
  "query": "Trưởng đoàn thanh tra của Cục Xuất bản được quyền xử phạt Nhà xuất bản không gửi thông báo đến Bộ Thông tin và Truyền thông khi thay đổi trụ sở làm việc không?",
  "metrics": {
    "mrr": 0.5,
    "map": 0.5,
    "p@1": 0.0,
    "r@1": 0.0,
    "ndcg@1": 0.0,
    "p@5": 0.2,
    "r@5": 1.0,
    "ndcg@5": 0.6309297535714575,
    "p@10": 0.1,
    "r@10": 1.0,
    "ndcg@10": 0.6309297535714575
  },
  "retrieved": [
    14198,
    4637,
    7741,
    3304,
    14923,
    11127,
    1473,
    14904,
    14903,
    14906
  ]
}