{
  "qid": 95152,
  "query": "Phạm tội trộm cắp tài sản có được đặt tiền để tại ngoại không?",
  "metrics": {
    "mrr": 0.1111111111111111,
    "map": 0.1111111111111111,
    "p@1": 0.0,
    "r@1": 0.0,
    "ndcg@1": 0.0,
    "p@5": 0.0,
    "r@5": 0.0,
    "ndcg@5": 0.0,
    "p@10": 0.1,
    "r@10": 1.0,
    "ndcg@10": 0.3010299956639812
  },
  "retrieved": [
    6683,
    9241,
    9239,
    9240,
    10904,
    3557,
    10606,
    10975,
    10599,
    726
  ]
}