{
  "qid": 95190,
  "query": "Việc lập báo cáo công tác bảo vệ môi trường là trách nhiệm của ai?",
  "metrics": {
    "mrr": 0.5,
    "map": 0.5,
    "p@1": 0.0,
    "r@1": 0.0,
    "ndcg@1": 0.0,
    "p@5": 0.2,
    "r@5": 1.0,
    "ndcg@5": 0.6309297535714575,
    "p@10": 0.1,
    "r@10": 1.0,
    "ndcg@10": 0.6309297535714575
  },
  "retrieved": [
    2492,
    2496,
    9090,
    2493,
    2498,
    2494,
    2495,
    13252,
    8715,
    13253
  ]
}