{
  "qid": 95446,
  "query": "Sử dụng công nghệ để hỏa táng không bảo đảm yêu cầu xử lý chất thải thì nhà hỏa táng bị phạt bao nhiêu tiền?",
  "metrics": {
    "mrr": 0.3333333333333333,
    "map": 0.3333333333333333,
    "p@1": 0.0,
    "r@1": 0.0,
    "ndcg@1": 0.0,
    "p@5": 0.2,
    "r@5": 1.0,
    "ndcg@5": 0.5,
    "p@10": 0.1,
    "r@10": 1.0,
    "ndcg@10": 0.5
  },
  "retrieved": [
    7611,
    2677,
    14557,
    1557,
    11769,
    11795,
    14564,
    11670,
    7610,
    14184
  ]
}