{
  "qid": 95617,
  "query": "Có bắt buộc phải lập chứng từ kế toán khi phát sinh nghiệp vụ kinh tế tài chính?",
  "metrics": {
    "mrr": 0.5,
    "map": 0.5,
    "p@1": 0.0,
    "r@1": 0.0,
    "ndcg@1": 0.0,
    "p@5": 0.2,
    "r@5": 1.0,
    "ndcg@5": 0.6309297535714575,
    "p@10": 0.1,
    "r@10": 1.0,
    "ndcg@10": 0.6309297535714575
  },
  "retrieved": [
    2860,
    2862,
    2868,
    12081,
    2849,
    2847,
    12083,
    2848,
    9146,
    11337
  ]
}