{
  "qid": 95764,
  "query": "Yêu cầu đối với việc đầu tư xây dựng cảng hàng không sân bay mới là gì?",
  "metrics": {
    "mrr": 0.2,
    "map": 0.2,
    "p@1": 0.0,
    "r@1": 0.0,
    "ndcg@1": 0.0,
    "p@5": 0.2,
    "r@5": 1.0,
    "ndcg@5": 0.38685280723454163,
    "p@10": 0.1,
    "r@10": 1.0,
    "ndcg@10": 0.38685280723454163
  },
  "retrieved": [
    5923,
    5872,
    5924,
    5910,
    5917,
    5920,
    5919,
    5876,
    5911,
    5921
  ]
}