{
  "qid": 95783,
  "query": "Phụ cấp độc hại nguy hiểm đối với các đối tượng làm việc trong lĩnh vực phát thanh, truyền hình được tính như thế nào?",
  "metrics": {
    "mrr": 0.3333333333333333,
    "map": 0.3333333333333333,
    "p@1": 0.0,
    "r@1": 0.0,
    "ndcg@1": 0.0,
    "p@5": 0.2,
    "r@5": 1.0,
    "ndcg@5": 0.5,
    "p@10": 0.1,
    "r@10": 1.0,
    "ndcg@10": 0.5
  },
  "retrieved": [
    8059,
    663,
    8066,
    14095,
    13846,
    666,
    11854,
    11852,
    8067,
    11503
  ]
}