{
  "qid": 95787,
  "query": "Quyết định thanh tra chuyên ngành phải bao gồm những nội dung gì và có phải thực hiện công bố quyết định này không?",
  "metrics": {
    "mrr": 0.25,
    "map": 0.25,
    "p@1": 0.0,
    "r@1": 0.0,
    "ndcg@1": 0.0,
    "p@5": 0.2,
    "r@5": 1.0,
    "ndcg@5": 0.43067655807339306,
    "p@10": 0.1,
    "r@10": 1.0,
    "ndcg@10": 0.43067655807339306
  },
  "retrieved": [
    13391,
    4970,
    7027,
    7022,
    14298,
    7035,
    4983,
    4968,
    4969,
    7011
  ]
}