{
  "qid": 95865,
  "query": "Lập kế hoạch sử dụng đất năm đầu của quy hoạch sử dụng đất cấp huyện có phải là hoạt động trong lập quy hoạch sử dụng đất cấp huyện không?",
  "metrics": {
    "mrr": 0.3333333333333333,
    "map": 0.3333333333333333,
    "p@1": 0.0,
    "r@1": 0.0,
    "ndcg@1": 0.0,
    "p@5": 0.2,
    "r@5": 1.0,
    "ndcg@5": 0.5,
    "p@10": 0.1,
    "r@10": 1.0,
    "ndcg@10": 0.5
  },
  "retrieved": [
    1604,
    1572,
    1586,
    1605,
    1596,
    1559,
    1597,
    5437,
    1591,
    1562
  ]
}