{
  "qid": 95881,
  "query": "Tạm đình chỉ hành nghề thừa phát lại trong trường hợp nào?",
  "metrics": {
    "mrr": 0.2,
    "map": 0.2,
    "p@1": 0.0,
    "r@1": 0.0,
    "ndcg@1": 0.0,
    "p@5": 0.2,
    "r@5": 1.0,
    "ndcg@5": 0.38685280723454163,
    "p@10": 0.1,
    "r@10": 1.0,
    "ndcg@10": 0.38685280723454163
  },
  "retrieved": [
    5837,
    5838,
    5839,
    8934,
    8938,
    5842,
    5841,
    5836,
    8935,
    8955
  ]
}