{
  "qid": 96463,
  "query": "Ban Chỉ đạo thống kê hình sự liên ngành cấp cao có nhiệm vụ và quyền hạn như thế nào?",
  "metrics": {
    "mrr": 0.3333333333333333,
    "map": 0.3333333333333333,
    "p@1": 0.0,
    "r@1": 0.0,
    "ndcg@1": 0.0,
    "p@5": 0.2,
    "r@5": 1.0,
    "ndcg@5": 0.5,
    "p@10": 0.1,
    "r@10": 1.0,
    "ndcg@10": 0.5
  },
  "retrieved": [
    5662,
    5664,
    5663,
    5657,
    5665,
    5658,
    5660,
    5652,
    5661,
    5651
  ]
}