{
  "qid": 96497,
  "query": "Người trúng đấu giá từ chối ký biên bản đấu giá tài sản thì xử lý như thế nào?",
  "metrics": {
    "mrr": 0.5,
    "map": 0.45,
    "p@1": 0.0,
    "r@1": 0.0,
    "ndcg@1": 0.0,
    "p@5": 0.4,
    "r@5": 1.0,
    "ndcg@5": 0.6240505200038379,
    "p@10": 0.2,
    "r@10": 1.0,
    "ndcg@10": 0.6240505200038379
  },
  "retrieved": [
    733,
    731,
    739,
    726,
    735,
    738,
    732,
    759,
    694,
    693
  ]
}