{
  "qid": 97347,
  "query": "Công ty kinh doanh vận tải hành khách sử dụng hợp đồng điện tử có bắt buộc phải gửi hóa đơn điện tử của chuyến đi cho khách hàng không?",
  "metrics": {
    "mrr": 0.16666666666666666,
    "map": 0.16666666666666666,
    "p@1": 0.0,
    "r@1": 0.0,
    "ndcg@1": 0.0,
    "p@5": 0.0,
    "r@5": 0.0,
    "ndcg@5": 0.0,
    "p@10": 0.1,
    "r@10": 1.0,
    "ndcg@10": 0.3562071871080222
  },
  "retrieved": [
    13129,
    13132,
    13159,
    13133,
    13161,
    13142,
    13156,
    13130,
    10326,
    13139
  ]
}