{
  "qid": 97346,
  "query": "Xe ô tô của công ty kinh doanh vận tải hành khách sử dụng hợp đồng điện tử cần đáp ứng điều kiện gì?",
  "metrics": {
    "mrr": 0.3333333333333333,
    "map": 0.3333333333333333,
    "p@1": 0.0,
    "r@1": 0.0,
    "ndcg@1": 0.0,
    "p@5": 0.2,
    "r@5": 1.0,
    "ndcg@5": 0.5,
    "p@10": 0.1,
    "r@10": 1.0,
    "ndcg@10": 0.5
  },
  "retrieved": [
    13129,
    13161,
    13139,
    13137,
    13149,
    13133,
    10326,
    13130,
    10321,
    13162
  ]
}