{
  "qid": 97447,
  "query": "Giáo viên tiểu học hạng II phải đạt tiêu chuẩn nào?",
  "metrics": {
    "mrr": 0.14285714285714285,
    "map": 0.14285714285714285,
    "p@1": 0.0,
    "r@1": 0.0,
    "ndcg@1": 0.0,
    "p@5": 0.0,
    "r@5": 0.0,
    "ndcg@5": 0.0,
    "p@10": 0.1,
    "r@10": 1.0,
    "ndcg@10": 0.3333333333333333
  },
  "retrieved": [
    2820,
    1538,
    1537,
    2815,
    3852,
    1535,
    2817,
    3847,
    1530,
    12978
  ]
}