{
  "qid": 97442,
  "query": "Viên chức sử dụng chứng chỉ tin học giả bị xử lý kỷ luật như nào?",
  "metrics": {
    "mrr": 0.2,
    "map": 0.2,
    "p@1": 0.0,
    "r@1": 0.0,
    "ndcg@1": 0.0,
    "p@5": 0.2,
    "r@5": 1.0,
    "ndcg@5": 0.38685280723454163,
    "p@10": 0.1,
    "r@10": 1.0,
    "ndcg@10": 0.38685280723454163
  },
  "retrieved": [
    13748,
    1039,
    13755,
    8937,
    13749,
    13746,
    13771,
    13778,
    13769,
    13753
  ]
}