{
  "qid": 97587,
  "query": "Doanh nghiệp kinh doanh casino không xây dựng và ban hành Quy chế quản lý nội bộ bị xử phạt vi phạm hành chính thế nào?",
  "metrics": {
    "mrr": 0.5,
    "map": 0.5,
    "p@1": 0.0,
    "r@1": 0.0,
    "ndcg@1": 0.0,
    "p@5": 0.2,
    "r@5": 1.0,
    "ndcg@5": 0.6309297535714575,
    "p@10": 0.1,
    "r@10": 1.0,
    "ndcg@10": 0.6309297535714575
  },
  "retrieved": [
    3297,
    3292,
    3264,
    3290,
    3291,
    3298,
    3299,
    3295,
    6528,
    3289
  ]
}