{
  "qid": 97604,
  "query": "Kiến nghị khởi tố vụ án hình sự được phục hồi giải quyết khi nào?",
  "metrics": {
    "mrr": 0.14285714285714285,
    "map": 0.14285714285714285,
    "p@1": 0.0,
    "r@1": 0.0,
    "ndcg@1": 0.0,
    "p@5": 0.0,
    "r@5": 0.0,
    "ndcg@5": 0.0,
    "p@10": 0.1,
    "r@10": 1.0,
    "ndcg@10": 0.3333333333333333
  },
  "retrieved": [
    995,
    989,
    10636,
    10635,
    10624,
    10516,
    10626,
    1002,
    10630,
    1000
  ]
}