{
  "qid": 98033,
  "query": "Sau khi hết thời gian tập sự kiến trúc sư có trình độ đào tạo tiến sĩ được xếp lương như thế nào?",
  "metrics": {
    "mrr": 0.3333333333333333,
    "map": 0.3333333333333333,
    "p@1": 0.0,
    "r@1": 0.0,
    "ndcg@1": 0.0,
    "p@5": 0.2,
    "r@5": 1.0,
    "ndcg@5": 0.5,
    "p@10": 0.1,
    "r@10": 1.0,
    "ndcg@10": 0.5
  },
  "retrieved": [
    1536,
    8457,
    6460,
    14230,
    14228,
    14210,
    8458,
    14271,
    7726,
    14231
  ]
}