{
  "qid": 98084,
  "query": "Thành viên cơ quan Việt Nam ở nước ngoài có được hỗ trợ mua bảo hiểm khám chữa bệnh ở nước ngoài không?",
  "metrics": {
    "mrr": 0.25,
    "map": 0.25,
    "p@1": 0.0,
    "r@1": 0.0,
    "ndcg@1": 0.0,
    "p@5": 0.2,
    "r@5": 1.0,
    "ndcg@5": 0.43067655807339306,
    "p@10": 0.1,
    "r@10": 1.0,
    "ndcg@10": 0.43067655807339306
  },
  "retrieved": [
    7898,
    8800,
    7899,
    8796,
    8789,
    8799,
    8797,
    11096,
    7897,
    11632
  ]
}