{
  "qid": 98327,
  "query": "Giấy tờ, tài liệu nào liên quan đến lưu trữ trong tàng thư Căn cước công dân chín số?",
  "metrics": {
    "mrr": 0.1111111111111111,
    "map": 0.1111111111111111,
    "p@1": 0.0,
    "r@1": 0.0,
    "ndcg@1": 0.0,
    "p@5": 0.0,
    "r@5": 0.0,
    "ndcg@5": 0.0,
    "p@10": 0.1,
    "r@10": 1.0,
    "ndcg@10": 0.3010299956639812
  },
  "retrieved": [
    12644,
    12639,
    12630,
    12642,
    12640,
    12632,
    12635,
    12643,
    12634,
    12637
  ]
}