{
  "qid": 98477,
  "query": "Ban quản lý cơ sở tín ngưỡng thông báo đến cơ quan nhà nước các khoản thu từ việc tổ chức lễ hội tín ngưỡng trong bao lâu?",
  "metrics": {
    "mrr": 0.5,
    "map": 0.5,
    "p@1": 0.0,
    "r@1": 0.0,
    "ndcg@1": 0.0,
    "p@5": 0.2,
    "r@5": 1.0,
    "ndcg@5": 0.6309297535714575,
    "p@10": 0.1,
    "r@10": 1.0,
    "ndcg@10": 0.6309297535714575
  },
  "retrieved": [
    2143,
    2145,
    2144,
    2142,
    2141,
    13405,
    2169,
    2140,
    2139,
    2136
  ]
}