{
  "qid": 98790,
  "query": "Điều kiện đăng ký dự tuyển viên chức hiện nay là gì? Đơn vị tuyển dụng có thể bổ sung thêm điều kiện khác không?",
  "metrics": {
    "mrr": 0.3333333333333333,
    "map": 0.3333333333333333,
    "p@1": 0.0,
    "r@1": 0.0,
    "ndcg@1": 0.0,
    "p@5": 0.2,
    "r@5": 1.0,
    "ndcg@5": 0.5,
    "p@10": 0.1,
    "r@10": 1.0,
    "ndcg@10": 0.5
  },
  "retrieved": [
    14223,
    14221,
    14212,
    14224,
    4188,
    14215,
    14222,
    14211,
    14225,
    4847
  ]
}