{
  "qid": 98874,
  "query": "Tin báo về tội phạm có phải là căn cứ để khởi tố vụ án hình sự không?",
  "metrics": {
    "mrr": 0.16666666666666666,
    "map": 0.16666666666666666,
    "p@1": 0.0,
    "r@1": 0.0,
    "ndcg@1": 0.0,
    "p@5": 0.0,
    "r@5": 0.0,
    "ndcg@5": 0.0,
    "p@10": 0.1,
    "r@10": 1.0,
    "ndcg@10": 0.3562071871080222
  },
  "retrieved": [
    989,
    995,
    10635,
    10621,
    1002,
    10620,
    10624,
    10636,
    10517,
    10516
  ]
}