{
  "qid": 98891,
  "query": "Khiếu nại quyết định ban hành không đúng thẩm quyền theo Luật khiếu nại 2011 có được giải quyết lại từ đầu không?",
  "metrics": {
    "mrr": 0.3333333333333333,
    "map": 0.3333333333333333,
    "p@1": 0.0,
    "r@1": 0.0,
    "ndcg@1": 0.0,
    "p@5": 0.2,
    "r@5": 1.0,
    "ndcg@5": 0.5,
    "p@10": 0.1,
    "r@10": 1.0,
    "ndcg@10": 0.5
  },
  "retrieved": [
    1718,
    1757,
    1733,
    1714,
    1744,
    1707,
    1756,
    2243,
    1499,
    647
  ]
}