{
  "qid": 98914,
  "query": "Muốn được bổ nhiệm Thừa phát lại thì có bắt buộc phải tham gia khóa đào tạo thừa phát lại hay không?",
  "metrics": {
    "mrr": 0.5,
    "map": 0.5,
    "p@1": 0.0,
    "r@1": 0.0,
    "ndcg@1": 0.0,
    "p@5": 0.2,
    "r@5": 1.0,
    "ndcg@5": 0.6309297535714575,
    "p@10": 0.1,
    "r@10": 1.0,
    "ndcg@10": 0.6309297535714575
  },
  "retrieved": [
    8933,
    8932,
    8992,
    8934,
    5831,
    5829,
    5834,
    5833,
    1615,
    1607
  ]
}