{
  "qid": 99116,
  "query": "Lệnh bắt bị can để tạm giam phải ghi rõ những thông tin gì?",
  "metrics": {
    "mrr": 0.5,
    "map": 0.5,
    "p@1": 0.0,
    "r@1": 0.0,
    "ndcg@1": 0.0,
    "p@5": 0.2,
    "r@5": 1.0,
    "ndcg@5": 0.6309297535714575,
    "p@10": 0.1,
    "r@10": 1.0,
    "ndcg@10": 0.6309297535714575
  },
  "retrieved": [
    10591,
    10590,
    10596,
    6686,
    10708,
    6703,
    10586,
    12727,
    10514,
    6683
  ]
}