{
  "qid": 99266,
  "query": "Giảng viên giáo dục nghề nghiệp thực hành có mã số chức danh nghề nghiệp như thế nào?",
  "metrics": {
    "mrr": 0.5,
    "map": 0.5,
    "p@1": 0.0,
    "r@1": 0.0,
    "ndcg@1": 0.0,
    "p@5": 0.2,
    "r@5": 1.0,
    "ndcg@5": 0.6309297535714575,
    "p@10": 0.1,
    "r@10": 1.0,
    "ndcg@10": 0.6309297535714575
  },
  "retrieved": [
    8734,
    12977,
    12978,
    7726,
    13119,
    1538,
    2820,
    3852,
    1535,
    1534
  ]
}