{
  "qid": 99388,
  "query": "Nguyên tắc điều trị cho trại viên nhiễm HIV/AIDS tại cơ sở giáo dục bắt buộc được quy định như thế nào?",
  "metrics": {
    "mrr": 0.1111111111111111,
    "map": 0.1111111111111111,
    "p@1": 0.0,
    "r@1": 0.0,
    "ndcg@1": 0.0,
    "p@5": 0.0,
    "r@5": 0.0,
    "ndcg@5": 0.0,
    "p@10": 0.1,
    "r@10": 1.0,
    "ndcg@10": 0.3010299956639812
  },
  "retrieved": [
    1947,
    2758,
    2125,
    9228,
    1928,
    2765,
    9221,
    14562,
    2113,
    2111
  ]
}