{
  "qid": 99555,
  "query": "Tốt nghiệp những chuyên ngành nào thì có thể trở đấu giá viên?",
  "metrics": {
    "mrr": 0.5,
    "map": 0.5,
    "p@1": 0.0,
    "r@1": 0.0,
    "ndcg@1": 0.0,
    "p@5": 0.2,
    "r@5": 1.0,
    "ndcg@5": 0.6309297535714575,
    "p@10": 0.1,
    "r@10": 1.0,
    "ndcg@10": 0.6309297535714575
  },
  "retrieved": [
    701,
    697,
    700,
    6568,
    9802,
    705,
    764,
    706,
    711,
    6565
  ]
}