{
  "qid": 99600,
  "query": "Viên chức có được cấp Chứng chỉ hành nghề đấu giá hay không?",
  "metrics": {
    "mrr": 0.2,
    "map": 0.2,
    "p@1": 0.0,
    "r@1": 0.0,
    "ndcg@1": 0.0,
    "p@5": 0.2,
    "r@5": 1.0,
    "ndcg@5": 0.38685280723454163,
    "p@10": 0.1,
    "r@10": 1.0,
    "ndcg@10": 0.38685280723454163
  },
  "retrieved": [
    704,
    703,
    701,
    6589,
    702,
    715,
    240,
    6568,
    8937,
    1457
  ]
}