{
  "qid": 99697,
  "query": "Việc bổ nhiệm viên chức vào chức danh nghề nghiệp viên chức sau kết thúc thời gian tập sự được quy định ra sao?",
  "metrics": {
    "mrr": 0.14285714285714285,
    "map": 0.14285714285714285,
    "p@1": 0.0,
    "r@1": 0.0,
    "ndcg@1": 0.0,
    "p@5": 0.0,
    "r@5": 0.0,
    "ndcg@5": 0.0,
    "p@10": 0.1,
    "r@10": 1.0,
    "ndcg@10": 0.3333333333333333
  },
  "retrieved": [
    1536,
    8457,
    6460,
    14228,
    8458,
    7562,
    14231,
    8612,
    7561,
    14209
  ]
}