{
  "qid": 99863,
  "query": "Việc kiểm đếm số phiếu bầu cử cho từng người ứng cử ra sao?",
  "metrics": {
    "mrr": 0.2,
    "map": 0.2,
    "p@1": 0.0,
    "r@1": 0.0,
    "ndcg@1": 0.0,
    "p@5": 0.2,
    "r@5": 1.0,
    "ndcg@5": 0.38685280723454163,
    "p@10": 0.1,
    "r@10": 1.0,
    "ndcg@10": 0.38685280723454163
  },
  "retrieved": [
    1549,
    1550,
    1547,
    1548,
    1551,
    1545,
    1554,
    1552,
    1553,
    1542
  ]
}