{
  "qid": 100568,
  "query": "Quân nhân phục viên cần phải chuẩn bị những giấy tờ gì khi đi khám bệnh, chữa bệnh ở các bệnh viện quân y?",
  "metrics": {
    "mrr": 0.16666666666666666,
    "map": 0.16666666666666666,
    "p@1": 0.0,
    "r@1": 0.0,
    "ndcg@1": 0.0,
    "p@5": 0.0,
    "r@5": 0.0,
    "ndcg@5": 0.0,
    "p@10": 0.1,
    "r@10": 1.0,
    "ndcg@10": 0.3562071871080222
  },
  "retrieved": [
    12076,
    12069,
    14777,
    12068,
    12074,
    12070,
    2425,
    12071,
    14785,
    12067
  ]
}