{
  "qid": 100569,
  "query": "Quân nhân phục viên khi khám bệnh, chữa bệnh ở các bệnh viện quân y được hưởng quyền lợi gì và có trách nhiệm như thế nào?",
  "metrics": {
    "mrr": 0.3333333333333333,
    "map": 0.3333333333333333,
    "p@1": 0.0,
    "r@1": 0.0,
    "ndcg@1": 0.0,
    "p@5": 0.2,
    "r@5": 1.0,
    "ndcg@5": 0.5,
    "p@10": 0.1,
    "r@10": 1.0,
    "ndcg@10": 0.5
  },
  "retrieved": [
    12069,
    12076,
    12071,
    14777,
    12067,
    12074,
    12068,
    2425,
    14778,
    11812
  ]
}