{
  "qid": 100505,
  "query": "Cửa hàng kinh doanh trò chơi điện tử không có internet không được kinh doanh những trò chơi có nội dung nào?",
  "metrics": {
    "mrr": 0.2,
    "map": 0.2,
    "p@1": 0.0,
    "r@1": 0.0,
    "ndcg@1": 0.0,
    "p@5": 0.2,
    "r@5": 1.0,
    "ndcg@5": 0.38685280723454163,
    "p@10": 0.1,
    "r@10": 1.0,
    "ndcg@10": 0.38685280723454163
  },
  "retrieved": [
    7945,
    7949,
    7952,
    3248,
    7947,
    3250,
    7951,
    3256,
    7950,
    3263
  ]
}