{
  "qid": 101018,
  "query": "Thẩm quyền xử phạt của Thanh tra chuyên ngành cơ yếu theo Nghị định 37/2022/NĐ-CP?",
  "metrics": {
    "mrr": 0.16666666666666666,
    "map": 0.16666666666666666,
    "p@1": 0.0,
    "r@1": 0.0,
    "ndcg@1": 0.0,
    "p@5": 0.0,
    "r@5": 0.0,
    "ndcg@5": 0.0,
    "p@10": 0.1,
    "r@10": 1.0,
    "ndcg@10": 0.3562071871080222
  },
  "retrieved": [
    13396,
    11127,
    7011,
    11133,
    14850,
    4637,
    11466,
    4966,
    7557,
    4265
  ]
}