{
  "qid": 101031,
  "query": "Mức sinh hoạt phí cơ sở áp dụng chung cho tất cả các cơ quan Việt Nam ở nước ngoài là bao nhiêu đô la Mỹ?",
  "metrics": {
    "mrr": 0.5,
    "map": 0.5,
    "p@1": 0.0,
    "r@1": 0.0,
    "ndcg@1": 0.0,
    "p@5": 0.2,
    "r@5": 1.0,
    "ndcg@5": 0.6309297535714575,
    "p@10": 0.1,
    "r@10": 1.0,
    "ndcg@10": 0.6309297535714575
  },
  "retrieved": [
    8792,
    8793,
    8794,
    8795,
    8800,
    7898,
    8791,
    2177,
    2138,
    14502
  ]
}