{
  "qid": 101121,
  "query": "Cơ sở sản xuất thuốc muốn đăng ký bảo mật dữ liệu thử nghiệm thì hồ sơ đăng ký bảo mật thuốc gồm những gì?",
  "metrics": {
    "mrr": 0.25,
    "map": 0.25,
    "p@1": 0.0,
    "r@1": 0.0,
    "ndcg@1": 0.0,
    "p@5": 0.2,
    "r@5": 1.0,
    "ndcg@5": 0.43067655807339306,
    "p@10": 0.1,
    "r@10": 1.0,
    "ndcg@10": 0.43067655807339306
  },
  "retrieved": [
    4733,
    4726,
    4724,
    4728,
    4729,
    4731,
    4730,
    4736,
    4735,
    4737
  ]
}