{
  "qid": 101315,
  "query": "Nhà đầu tư nước ngoài là cá nhân được phép sở hữu cổ phần tương đương 10% vốn điều lệ của tổ chức tín dụng Việt Nam không?",
  "metrics": {
    "mrr": 0.5,
    "map": 0.5,
    "p@1": 0.0,
    "r@1": 0.0,
    "ndcg@1": 0.0,
    "p@5": 0.2,
    "r@5": 1.0,
    "ndcg@5": 0.6309297535714575,
    "p@10": 0.1,
    "r@10": 1.0,
    "ndcg@10": 0.6309297535714575
  },
  "retrieved": [
    330,
    327,
    329,
    334,
    328,
    6814,
    331,
    321,
    323,
    326
  ]
}