{
  "qid": 101522,
  "query": "Ai quy định phương thức gửi báo cáo thống kê hình sự liên ngành của Viện kiểm sát quân sự?",
  "metrics": {
    "mrr": 0.5,
    "map": 0.5,
    "p@1": 0.0,
    "r@1": 0.0,
    "ndcg@1": 0.0,
    "p@5": 0.2,
    "r@5": 1.0,
    "ndcg@5": 0.6309297535714575,
    "p@10": 0.1,
    "r@10": 1.0,
    "ndcg@10": 0.6309297535714575
  },
  "retrieved": [
    5658,
    5659,
    5660,
    5662,
    5657,
    5651,
    5649,
    5664,
    5661,
    5653
  ]
}