{
  "qid": 10182,
  "query": "Khi mất Thẻ Thừa phát lại phải chuẩn bị giấy tờ gì để đề nghị cấp lại Thẻ Thừa phát lại?",
  "metrics": {
    "mrr": 0.5,
    "map": 0.5,
    "p@1": 0.0,
    "r@1": 0.0,
    "ndcg@1": 0.0,
    "p@5": 0.2,
    "r@5": 1.0,
    "ndcg@5": 0.6309297535714575,
    "p@10": 0.1,
    "r@10": 1.0,
    "ndcg@10": 0.6309297535714575
  },
  "retrieved": [
    5863,
    8941,
    9427,
    5838,
    8994,
    8971,
    3970,
    8948,
    8959,
    8947
  ]
}