{
  "qid": 101897,
  "query": "Đồng thời làm người phiên dịch và người bào chữa trong cùng một vụ án hình sự có được không?",
  "metrics": {
    "mrr": 0.3333333333333333,
    "map": 0.3333333333333333,
    "p@1": 0.0,
    "r@1": 0.0,
    "ndcg@1": 0.0,
    "p@5": 0.2,
    "r@5": 1.0,
    "ndcg@5": 0.5,
    "p@10": 0.1,
    "r@10": 1.0,
    "ndcg@10": 0.5
  },
  "retrieved": [
    10612,
    10549,
    10526,
    10546,
    10522,
    10737,
    10550,
    10661,
    10545,
    2537
  ]
}