{
  "qid": 102005,
  "query": "Phạm vi bảo hiểm trách nhiệm trong khám bệnh, chữa bệnh được quy định thế nào?",
  "metrics": {
    "mrr": 0.16666666666666666,
    "map": 0.16666666666666666,
    "p@1": 0.0,
    "r@1": 0.0,
    "ndcg@1": 0.0,
    "p@5": 0.0,
    "r@5": 0.0,
    "ndcg@5": 0.0,
    "p@10": 0.1,
    "r@10": 1.0,
    "ndcg@10": 0.3562071871080222
  },
  "retrieved": [
    11082,
    11083,
    11089,
    11086,
    11087,
    11081,
    11085,
    11088,
    11093,
    11078
  ]
}