{
  "qid": 102374,
  "query": "Mức đền bù chi phí đào tạo của viên chức khi không tiếp tục làm việc được quy định ra sao?",
  "metrics": {
    "mrr": 0.25,
    "map": 0.25,
    "p@1": 0.0,
    "r@1": 0.0,
    "ndcg@1": 0.0,
    "p@5": 0.2,
    "r@5": 1.0,
    "ndcg@5": 0.43067655807339306,
    "p@10": 0.1,
    "r@10": 1.0,
    "ndcg@10": 0.43067655807339306
  },
  "retrieved": [
    10984,
    10989,
    10987,
    10985,
    10986,
    10990,
    11015,
    10991,
    1056,
    10988
  ]
}