{
  "qid": 102553,
  "query": "Quy định xử lý về việc cấp sự cố trong quá trình thi công xây dựng và khai thác, sử dụng công trình ra sao?",
  "metrics": {
    "mrr": 0.5,
    "map": 0.5,
    "p@1": 0.0,
    "r@1": 0.0,
    "ndcg@1": 0.0,
    "p@5": 0.2,
    "r@5": 1.0,
    "ndcg@5": 0.6309297535714575,
    "p@10": 0.1,
    "r@10": 1.0,
    "ndcg@10": 0.6309297535714575
  },
  "retrieved": [
    6914,
    6912,
    459,
    6917,
    6871,
    6874,
    6883,
    6918,
    6882,
    6915
  ]
}