{
  "qid": 102618,
  "query": "Người thân của thành viên Hội đồng giám sát cuộc đua có thể tham gia đặt cược đua chó hay không?",
  "metrics": {
    "mrr": 0.1111111111111111,
    "map": 0.1111111111111111,
    "p@1": 0.0,
    "r@1": 0.0,
    "ndcg@1": 0.0,
    "p@5": 0.0,
    "r@5": 0.0,
    "ndcg@5": 0.0,
    "p@10": 0.1,
    "r@10": 1.0,
    "ndcg@10": 0.3010299956639812
  },
  "retrieved": [
    11030,
    11026,
    6492,
    11029,
    6489,
    6491,
    6487,
    6488,
    6470,
    6484
  ]
}