{
  "qid": 102649,
  "query": "Người tập sự hành nghề đấu giá có bắt buộc phải lập báo cáo kết quả tập sự hay không?",
  "metrics": {
    "mrr": 0.5,
    "map": 0.5,
    "p@1": 0.0,
    "r@1": 0.0,
    "ndcg@1": 0.0,
    "p@5": 0.2,
    "r@5": 1.0,
    "ndcg@5": 0.6309297535714575,
    "p@10": 0.1,
    "r@10": 1.0,
    "ndcg@10": 0.6309297535714575
  },
  "retrieved": [
    6578,
    6572,
    700,
    4226,
    6573,
    6565,
    6570,
    6568,
    6564,
    6569
  ]
}