{
  "qid": 102874,
  "query": "Để có thể xác định hàng hóa nhập khẩu vào Việt Nam có bán phá giá không thì cần thực hiện những gì?",
  "metrics": {
    "mrr": 0.25,
    "map": 0.25,
    "p@1": 0.0,
    "r@1": 0.0,
    "ndcg@1": 0.0,
    "p@5": 0.2,
    "r@5": 1.0,
    "ndcg@5": 0.43067655807339306,
    "p@10": 0.1,
    "r@10": 1.0,
    "ndcg@10": 0.43067655807339306
  },
  "retrieved": [
    5300,
    12871,
    12874,
    5303,
    12870,
    12875,
    12879,
    5294,
    12884,
    12882
  ]
}