{
  "qid": 103089,
  "query": "Chức danh nghề nghiệp bác sĩ cao cấp được áp dụng hệ số lương viên chức loại nào?",
  "metrics": {
    "mrr": 0.5,
    "map": 0.5,
    "p@1": 0.0,
    "r@1": 0.0,
    "ndcg@1": 0.0,
    "p@5": 0.2,
    "r@5": 1.0,
    "ndcg@5": 0.6309297535714575,
    "p@10": 0.1,
    "r@10": 1.0,
    "ndcg@10": 0.6309297535714575
  },
  "retrieved": [
    12615,
    8612,
    8458,
    7726,
    12605,
    1536,
    8457,
    7561,
    6460,
    7785
  ]
}