{
  "qid": 103466,
  "query": "Chức danh nghề nghiệp giảng viên cao đẳng sư phạm được áp dụng hệ số lương của viên chức loại nào?",
  "metrics": {
    "mrr": 0.3333333333333333,
    "map": 0.3333333333333333,
    "p@1": 0.0,
    "r@1": 0.0,
    "ndcg@1": 0.0,
    "p@5": 0.2,
    "r@5": 1.0,
    "ndcg@5": 0.5,
    "p@10": 0.1,
    "r@10": 1.0,
    "ndcg@10": 0.5
  },
  "retrieved": [
    8732,
    7726,
    1536,
    8457,
    6460,
    8612,
    8458,
    3455,
    7561,
    7562
  ]
}