{
  "qid": 103626,
  "query": "Cán bộ Quân đội là nhà hoạt động văn hóa tiêu biểu khi mất được tổ chức Lễ tang cấp cao thì tin buồn được đăng ở đâu?",
  "metrics": {
    "mrr": 0.5,
    "map": 0.5,
    "p@1": 0.0,
    "r@1": 0.0,
    "ndcg@1": 0.0,
    "p@5": 0.2,
    "r@5": 1.0,
    "ndcg@5": 0.6309297535714575,
    "p@10": 0.1,
    "r@10": 1.0,
    "ndcg@10": 0.6309297535714575
  },
  "retrieved": [
    11774,
    11783,
    11758,
    11788,
    11784,
    11797,
    11762,
    11751,
    13408,
    11796
  ]
}