{
  "qid": 103994,
  "query": "Bộ Công thương có trách nhiệm gì tại cơ quan đại diện hoạt động trong lĩnh vực thương mại?",
  "metrics": {
    "mrr": 0.3333333333333333,
    "map": 0.3333333333333333,
    "p@1": 0.0,
    "r@1": 0.0,
    "ndcg@1": 0.0,
    "p@5": 0.2,
    "r@5": 1.0,
    "ndcg@5": 0.5,
    "p@10": 0.1,
    "r@10": 1.0,
    "ndcg@10": 0.5
  },
  "retrieved": [
    11729,
    11728,
    11730,
    6036,
    11742,
    12940,
    487,
    11726,
    12850,
    12938
  ]
}