{
  "qid": 103980,
  "query": "Xuất xứ hàng hóa từ Việt Nam nhập khẩu vào Liên minh châu Âu sẽ được hưởng ưu đãi khi nào?",
  "metrics": {
    "mrr": 0.16666666666666666,
    "map": 0.16666666666666666,
    "p@1": 0.0,
    "r@1": 0.0,
    "ndcg@1": 0.0,
    "p@5": 0.0,
    "r@5": 0.0,
    "ndcg@5": 0.0,
    "p@10": 0.1,
    "r@10": 1.0,
    "ndcg@10": 0.3562071871080222
  },
  "retrieved": [
    2798,
    5521,
    2810,
    2803,
    2809,
    2793,
    2780,
    2801,
    5256,
    2800
  ]
}