{
  "qid": 104158,
  "query": "Trưởng đoàn thanh tra chuyên ngành của Bộ Giao thông vận tải có quyền xử phạt hãng hàng không không xây dựng kế hoạch giám sát nhiên liệu không?",
  "metrics": {
    "mrr": 0.16666666666666666,
    "map": 0.16666666666666666,
    "p@1": 0.0,
    "r@1": 0.0,
    "ndcg@1": 0.0,
    "p@5": 0.0,
    "r@5": 0.0,
    "ndcg@5": 0.0,
    "p@10": 0.1,
    "r@10": 1.0,
    "ndcg@10": 0.3562071871080222
  },
  "retrieved": [
    4366,
    4340,
    4363,
    4367,
    7436,
    4637,
    12971,
    10377,
    7487,
    2931
  ]
}