{
  "qid": 104412,
  "query": "Viên chức cần đạt những tiêu chuẩn, điều kiện nào để được bổ nhiệm vị trí viên chức quản lý?",
  "metrics": {
    "mrr": 0.5,
    "map": 0.5,
    "p@1": 0.0,
    "r@1": 0.0,
    "ndcg@1": 0.0,
    "p@5": 0.2,
    "r@5": 1.0,
    "ndcg@5": 0.6309297535714575,
    "p@10": 0.1,
    "r@10": 1.0,
    "ndcg@10": 0.6309297535714575
  },
  "retrieved": [
    2030,
    14251,
    2334,
    8613,
    14269,
    12617,
    8458,
    6463,
    3466,
    6462
  ]
}