{
  "qid": 104413,
  "query": "Viên chức được bổ nhiệm vị trí quản lý có thời hạn giữ chức vụ quản lý trong bao lâu?",
  "metrics": {
    "mrr": 0.5,
    "map": 0.5,
    "p@1": 0.0,
    "r@1": 0.0,
    "ndcg@1": 0.0,
    "p@5": 0.2,
    "r@5": 1.0,
    "ndcg@5": 0.6309297535714575,
    "p@10": 0.1,
    "r@10": 1.0,
    "ndcg@10": 0.6309297535714575
  },
  "retrieved": [
    2334,
    14250,
    14251,
    2357,
    14210,
    14256,
    14258,
    14254,
    670,
    2335
  ]
}