{
  "qid": 104427,
  "query": "Các chứng từ kế toán của doanh nghiệp bắt buộc phải có những chữ ký của ai trên các chứng từ kế toán?",
  "metrics": {
    "mrr": 0.5,
    "map": 0.5,
    "p@1": 0.0,
    "r@1": 0.0,
    "ndcg@1": 0.0,
    "p@5": 0.2,
    "r@5": 1.0,
    "ndcg@5": 0.6309297535714575,
    "p@10": 0.1,
    "r@10": 1.0,
    "ndcg@10": 0.6309297535714575
  },
  "retrieved": [
    2862,
    2863,
    5827,
    12081,
    2860,
    375,
    2865,
    12079,
    11339,
    5749
  ]
}