{
  "qid": 104454,
  "query": "Lực lượng chuyên trách bảo vệ rừng gồm có những thành viên nào?",
  "metrics": {
    "mrr": 0.3333333333333333,
    "map": 0.3333333333333333,
    "p@1": 0.0,
    "r@1": 0.0,
    "ndcg@1": 0.0,
    "p@5": 0.2,
    "r@5": 1.0,
    "ndcg@5": 0.5,
    "p@10": 0.1,
    "r@10": 1.0,
    "ndcg@10": 0.5
  },
  "retrieved": [
    1220,
    1219,
    1218,
    1205,
    1221,
    7049,
    1223,
    1222,
    1204,
    7051
  ]
}