{
  "qid": 104575,
  "query": "Thời hạn biệt phái viên chức được quy định như thế nào? Có thể biệt phái viên chức nhà nước trên 03 năm hay không?",
  "metrics": {
    "mrr": 0.25,
    "map": 0.25,
    "p@1": 0.0,
    "r@1": 0.0,
    "ndcg@1": 0.0,
    "p@5": 0.2,
    "r@5": 1.0,
    "ndcg@5": 0.43067655807339306,
    "p@10": 0.1,
    "r@10": 1.0,
    "ndcg@10": 0.43067655807339306
  },
  "retrieved": [
    9465,
    13771,
    9464,
    14234,
    14268,
    14273,
    4130,
    11730,
    1142,
    9473
  ]
}