{
  "qid": 104893,
  "query": "Chứng chỉ hành nghề lưu trữ có giá trị bao lâu? Khi nào sẽ nhận được Chứng chỉ?",
  "metrics": {
    "mrr": 0.2,
    "map": 0.24285714285714285,
    "p@1": 0.0,
    "r@1": 0.0,
    "ndcg@1": 0.0,
    "p@5": 0.2,
    "r@5": 0.5,
    "ndcg@5": 0.23719771276929622,
    "p@10": 0.2,
    "r@10": 1.0,
    "ndcg@10": 0.4415801103577823
  },
  "retrieved": [
    239,
    240,
    242,
    241,
    238,
    90,
    235,
    9368,
    9378,
    9374
  ]
}