{
  "qid": 104892,
  "query": "Quy định hiện nay về thời gian làm việc trong lĩnh vực lưu trữ đối với người đăng ký cấp Chứng chỉ hành nghề lưu trữ ra sao?",
  "metrics": {
    "mrr": 0.3333333333333333,
    "map": 0.3333333333333333,
    "p@1": 0.0,
    "r@1": 0.0,
    "ndcg@1": 0.0,
    "p@5": 0.2,
    "r@5": 1.0,
    "ndcg@5": 0.5,
    "p@10": 0.1,
    "r@10": 1.0,
    "ndcg@10": 0.5
  },
  "retrieved": [
    9371,
    239,
    237,
    238,
    9374,
    242,
    9368,
    240,
    89,
    241
  ]
}