{
  "qid": 105123,
  "query": "Chứng từ kế toán được lập dưới dạng điện tử không và được lưu trữ như thế nào?",
  "metrics": {
    "mrr": 0.2,
    "map": 0.2,
    "p@1": 0.0,
    "r@1": 0.0,
    "ndcg@1": 0.0,
    "p@5": 0.2,
    "r@5": 1.0,
    "ndcg@5": 0.38685280723454163,
    "p@10": 0.1,
    "r@10": 1.0,
    "ndcg@10": 0.38685280723454163
  },
  "retrieved": [
    2861,
    2870,
    7572,
    2862,
    2883,
    2868,
    13327,
    2863,
    5827,
    13331
  ]
}