{
  "qid": 105422,
  "query": "Khi thực hiện phương thức chiết khấu mua có kỳ hạn công cụ chuyển nhượng, giấy tờ có giá khác cần tuân thủ nguyên tắc gì?",
  "metrics": {
    "mrr": 0.3333333333333333,
    "map": 0.3333333333333333,
    "p@1": 0.0,
    "r@1": 0.0,
    "ndcg@1": 0.0,
    "p@5": 0.2,
    "r@5": 1.0,
    "ndcg@5": 0.5,
    "p@10": 0.1,
    "r@10": 1.0,
    "ndcg@10": 0.5
  },
  "retrieved": [
    4021,
    4020,
    4016,
    4025,
    4014,
    4026,
    4027,
    4022,
    4015,
    159
  ]
}