{
  "qid": 107062,
  "query": "Mức bình quân tiền lương tháng đóng BHXH được quy định thế nào?",
  "metrics": {
    "mrr": 0.5,
    "map": 0.5,
    "p@1": 0.0,
    "r@1": 0.0,
    "ndcg@1": 0.0,
    "p@5": 0.2,
    "r@5": 1.0,
    "ndcg@5": 0.6309297535714575,
    "p@10": 0.1,
    "r@10": 1.0,
    "ndcg@10": 0.6309297535714575
  },
  "retrieved": [
    13959,
    14095,
    14096,
    13958,
    11860,
    14097,
    14094,
    13960,
    11852,
    14112
  ]
}