{
  "qid": 10715,
  "query": "Mỗi người hướng dẫn tập luyện môn Lặn biển thể thao giải trí được hướng dẫn tối đa bao nhiêu người lặn biển trong một lần lặn?",
  "metrics": {
    "mrr": 0.5,
    "map": 0.5,
    "p@1": 0.0,
    "r@1": 0.0,
    "ndcg@1": 0.0,
    "p@5": 0.2,
    "r@5": 1.0,
    "ndcg@5": 0.6309297535714575,
    "p@10": 0.1,
    "r@10": 1.0,
    "ndcg@10": 0.6309297535714575
  },
  "retrieved": [
    4414,
    5628,
    4167,
    11622,
    9020,
    6039,
    6616,
    4415,
    4411,
    11971
  ]
}