{
  "qid": 107588,
  "query": "Doanh nghiệp kinh doanh casino thay đổi người quản lý, điều hành Điểm kinh doanh nhưng thông báo đến cơ quan quản lý nhà nước không đúng thời hạn bị xử phạt thế nào?",
  "metrics": {
    "mrr": 0.3333333333333333,
    "map": 0.3333333333333333,
    "p@1": 0.0,
    "r@1": 0.0,
    "ndcg@1": 0.0,
    "p@5": 0.2,
    "r@5": 1.0,
    "ndcg@5": 0.5,
    "p@10": 0.1,
    "r@10": 1.0,
    "ndcg@10": 0.5
  },
  "retrieved": [
    3267,
    3248,
    3292,
    3270,
    3271,
    3252,
    3307,
    3277,
    3308,
    3276
  ]
}