{
  "qid": 10769,
  "query": "Công tác điều tra việc bán phá giá được thực hiện trong thời gian bao lâu?",
  "metrics": {
    "mrr": 0.25,
    "map": 0.25,
    "p@1": 0.0,
    "r@1": 0.0,
    "ndcg@1": 0.0,
    "p@5": 0.2,
    "r@5": 1.0,
    "ndcg@5": 0.43067655807339306,
    "p@10": 0.1,
    "r@10": 1.0,
    "ndcg@10": 0.43067655807339306
  },
  "retrieved": [
    12867,
    5300,
    12912,
    12881,
    12882,
    5303,
    12884,
    12911,
    12892,
    12879
  ]
}