{
  "qid": 107883,
  "query": "Cá nhân khi nhận được lệnh điều động, huy động khẩn cấp trong hoạt động kiểm ngư thì phải có trách nhiệm gì?",
  "metrics": {
    "mrr": 0.5,
    "map": 0.5,
    "p@1": 0.0,
    "r@1": 0.0,
    "ndcg@1": 0.0,
    "p@5": 0.2,
    "r@5": 1.0,
    "ndcg@5": 0.6309297535714575,
    "p@10": 0.1,
    "r@10": 1.0,
    "ndcg@10": 0.6309297535714575
  },
  "retrieved": [
    11743,
    11749,
    11748,
    11747,
    11744,
    11745,
    11746,
    10587,
    10535,
    12037
  ]
}