{
  "qid": 10791,
  "query": "Tác giả ngành Nông nghiệp và Phát triển nông thôn được trao tặng Giải thưởng Bông lúa vàng Việt Nam cần đáp ứng các điều kiện gì?",
  "metrics": {
    "mrr": 0.3333333333333333,
    "map": 0.3333333333333333,
    "p@1": 0.0,
    "r@1": 0.0,
    "ndcg@1": 0.0,
    "p@5": 0.2,
    "r@5": 1.0,
    "ndcg@5": 0.5,
    "p@10": 0.1,
    "r@10": 1.0,
    "ndcg@10": 0.5
  },
  "retrieved": [
    6201,
    8738,
    6202,
    6198,
    6208,
    6200,
    6206,
    6209,
    6212,
    8753
  ]
}