{
  "qid": 107929,
  "query": "Văn bản điện tử đi của Bộ Giao thông vận tải quản lý dựa theo nguyên tắc nào?",
  "metrics": {
    "mrr": 0.5,
    "map": 0.5,
    "p@1": 0.0,
    "r@1": 0.0,
    "ndcg@1": 0.0,
    "p@5": 0.2,
    "r@5": 1.0,
    "ndcg@5": 0.6309297535714575,
    "p@10": 0.1,
    "r@10": 1.0,
    "ndcg@10": 0.6309297535714575
  },
  "retrieved": [
    13133,
    1256,
    13129,
    13156,
    13159,
    13146,
    7119,
    13148,
    3895,
    7926
  ]
}