{
  "qid": 107951,
  "query": "Xin cấp thẻ bảo hiểm y tế cùng lúc với đăng ký khai sinh cho trẻ em mới sinh có được không?",
  "metrics": {
    "mrr": 0.16666666666666666,
    "map": 0.16666666666666666,
    "p@1": 0.0,
    "r@1": 0.0,
    "ndcg@1": 0.0,
    "p@5": 0.0,
    "r@5": 0.0,
    "ndcg@5": 0.0,
    "p@10": 0.1,
    "r@10": 1.0,
    "ndcg@10": 0.3562071871080222
  },
  "retrieved": [
    5136,
    5131,
    5137,
    5140,
    5133,
    5135,
    4584,
    14443,
    5134,
    4560
  ]
}