{
  "qid": 108087,
  "query": "Ai sẽ chịu trách nhiệm khi xảy ra tai nạn trong quá trình thi công công trình?",
  "metrics": {
    "mrr": 0.3333333333333333,
    "map": 0.3333333333333333,
    "p@1": 0.0,
    "r@1": 0.0,
    "ndcg@1": 0.0,
    "p@5": 0.2,
    "r@5": 1.0,
    "ndcg@5": 0.5,
    "p@10": 0.1,
    "r@10": 1.0,
    "ndcg@10": 0.5
  },
  "retrieved": [
    6882,
    6917,
    6883,
    9714,
    10354,
    6916,
    2494,
    10311,
    6888,
    14797
  ]
}