{
  "qid": 1080,
  "query": "Chứng từ kế toán được quy định như thế nào?",
  "metrics": {
    "mrr": 0.2,
    "map": 0.2,
    "p@1": 0.0,
    "r@1": 0.0,
    "ndcg@1": 0.0,
    "p@5": 0.2,
    "r@5": 1.0,
    "ndcg@5": 0.38685280723454163,
    "p@10": 0.1,
    "r@10": 1.0,
    "ndcg@10": 0.38685280723454163
  },
  "retrieved": [
    2863,
    2862,
    2860,
    2865,
    12081,
    11339,
    9147,
    375,
    9146,
    5749
  ]
}