{
  "qid": 108339,
  "query": "Người dân tự ý xây dựng nhà ở trên đất nông nghiệp của Ủy ban chưa thực hiện giao đất thì bị xử phạt hành chính như thế nào?",
  "metrics": {
    "mrr": 0.3333333333333333,
    "map": 0.3333333333333333,
    "p@1": 0.0,
    "r@1": 0.0,
    "ndcg@1": 0.0,
    "p@5": 0.2,
    "r@5": 1.0,
    "ndcg@5": 0.5,
    "p@10": 0.1,
    "r@10": 1.0,
    "ndcg@10": 0.5
  },
  "retrieved": [
    4746,
    11106,
    11102,
    11105,
    11101,
    1590,
    1580,
    14681,
    7051,
    11127
  ]
}