{
  "qid": 108699,
  "query": "Người kinh doanh dịch vụ ăn uống vi phạm an toàn thực phẩm bị phạt 2.000.000 đồng có đúng quy định không?",
  "metrics": {
    "mrr": 0.25,
    "map": 0.25,
    "p@1": 0.0,
    "r@1": 0.0,
    "ndcg@1": 0.0,
    "p@5": 0.2,
    "r@5": 1.0,
    "ndcg@5": 0.43067655807339306,
    "p@10": 0.1,
    "r@10": 1.0,
    "ndcg@10": 0.43067655807339306
  },
  "retrieved": [
    14184,
    14182,
    14187,
    14185,
    14183,
    14178,
    14555,
    14839,
    14177,
    14191
  ]
}