{
  "qid": 108700,
  "query": "Nhân viên ngành hàng không cần có chứng chỉ chuyên môn hay không?",
  "metrics": {
    "mrr": 0.25,
    "map": 0.25,
    "p@1": 0.0,
    "r@1": 0.0,
    "ndcg@1": 0.0,
    "p@5": 0.2,
    "r@5": 1.0,
    "ndcg@5": 0.43067655807339306,
    "p@10": 0.1,
    "r@10": 1.0,
    "ndcg@10": 0.43067655807339306
  },
  "retrieved": [
    12955,
    6401,
    6409,
    12960,
    10365,
    10360,
    10366,
    12963,
    12961,
    6399
  ]
}