{
  "qid": 109121,
  "query": "Việc áp dụng biện pháp hạn ngạch thuế quan nhập khẩu đối với thuốc lá nguyên liệu phải đảm bảo những nguyên tắc nào?",
  "metrics": {
    "mrr": 0.5,
    "map": 0.5,
    "p@1": 0.0,
    "r@1": 0.0,
    "ndcg@1": 0.0,
    "p@5": 0.2,
    "r@5": 1.0,
    "ndcg@5": 0.6309297535714575,
    "p@10": 0.1,
    "r@10": 1.0,
    "ndcg@10": 0.6309297535714575
  },
  "retrieved": [
    1381,
    5244,
    1382,
    5243,
    12901,
    5245,
    5314,
    5241,
    5242,
    5266
  ]
}