{
  "qid": 109366,
  "query": "Điều tra viên có được là người đại diện của bị hại trong cùng một vụ án hình sự hay không?",
  "metrics": {
    "mrr": 0.25,
    "map": 0.125,
    "p@1": 0.0,
    "r@1": 0.0,
    "ndcg@1": 0.0,
    "p@5": 0.2,
    "r@5": 0.5,
    "ndcg@5": 0.2640681225725909,
    "p@10": 0.1,
    "r@10": 0.5,
    "ndcg@10": 0.2640681225725909
  },
  "retrieved": [
    10514,
    10632,
    10634,
    10526,
    10745,
    10663,
    10893,
    10737,
    10912,
    2833
  ]
}