{
  "qid": 109578,
  "query": "Trợ giúp viên pháp lý hạng III phải đáp ứng các tiêu chuẩn nào theo quy định hiện nay?",
  "metrics": {
    "mrr": 0.25,
    "map": 0.25,
    "p@1": 0.0,
    "r@1": 0.0,
    "ndcg@1": 0.0,
    "p@5": 0.2,
    "r@5": 1.0,
    "ndcg@5": 0.43067655807339306,
    "p@10": 0.1,
    "r@10": 1.0,
    "ndcg@10": 0.43067655807339306
  },
  "retrieved": [
    8608,
    8606,
    8611,
    8609,
    3875,
    1538,
    8605,
    6924,
    1537,
    8607
  ]
}