{
  "qid": 109681,
  "query": "Muốn kinh doanh vận tải bằng xe ô tô đối với ô tô chở hàng nông sản tải trọng 850kg thì xin giấy phép ở cơ quan nào?",
  "metrics": {
    "mrr": 0.2,
    "map": 0.2,
    "p@1": 0.0,
    "r@1": 0.0,
    "ndcg@1": 0.0,
    "p@5": 0.2,
    "r@5": 1.0,
    "ndcg@5": 0.38685280723454163,
    "p@10": 0.1,
    "r@10": 1.0,
    "ndcg@10": 0.38685280723454163
  },
  "retrieved": [
    10331,
    13129,
    10326,
    13135,
    13143,
    10321,
    13162,
    13127,
    13139,
    13137
  ]
}