{
  "qid": 109680,
  "query": "Kinh doanh vận tải bằng xe ô tô đối với ô tô chở hàng nông sản tải trọng 850kg thì gắn phù hiệu gì?",
  "metrics": {
    "mrr": 0.25,
    "map": 0.25,
    "p@1": 0.0,
    "r@1": 0.0,
    "ndcg@1": 0.0,
    "p@5": 0.2,
    "r@5": 1.0,
    "ndcg@5": 0.43067655807339306,
    "p@10": 0.1,
    "r@10": 1.0,
    "ndcg@10": 0.43067655807339306
  },
  "retrieved": [
    10321,
    10326,
    10333,
    13135,
    13162,
    13148,
    13129,
    13127,
    10331,
    10322
  ]
}