{
  "qid": 109914,
  "query": "Kế toán trưởng có trách nhiệm như thế nào?",
  "metrics": {
    "mrr": 0.5,
    "map": 0.5,
    "p@1": 0.0,
    "r@1": 0.0,
    "ndcg@1": 0.0,
    "p@5": 0.2,
    "r@5": 1.0,
    "ndcg@5": 0.6309297535714575,
    "p@10": 0.1,
    "r@10": 1.0,
    "ndcg@10": 0.6309297535714575
  },
  "retrieved": [
    4397,
    2897,
    2899,
    4399,
    2895,
    2893,
    5826,
    2892,
    2891,
    4396
  ]
}