{
  "qid": 110467,
  "query": "Ai là người có quyền yêu cầu giám định?",
  "metrics": {
    "mrr": 0.25,
    "map": 0.25,
    "p@1": 0.0,
    "r@1": 0.0,
    "ndcg@1": 0.0,
    "p@5": 0.2,
    "r@5": 1.0,
    "ndcg@5": 0.43067655807339306,
    "p@10": 0.1,
    "r@10": 1.0,
    "ndcg@10": 0.43067655807339306
  },
  "retrieved": [
    2665,
    2667,
    2666,
    10684,
    2664,
    10690,
    2663,
    10793,
    2668,
    10545
  ]
}