{
  "qid": 110560,
  "query": "Khi lấy lời khai người đại diện theo pháp luật của pháp nhân thương mại trong vụ án hình sự thì có được ghi âm ghi hình không?",
  "metrics": {
    "mrr": 0.14285714285714285,
    "map": 0.14285714285714285,
    "p@1": 0.0,
    "r@1": 0.0,
    "ndcg@1": 0.0,
    "p@5": 0.0,
    "r@5": 0.0,
    "ndcg@5": 0.0,
    "p@10": 0.1,
    "r@10": 1.0,
    "ndcg@10": 0.3333333333333333
  },
  "retrieved": [
    3558,
    3559,
    3560,
    3557,
    3553,
    3561,
    10910,
    3554,
    3555,
    2537
  ]
}