{
  "qid": 110620,
  "query": "Áp dụng hình thức kỷ luật hạ bậc lương đối với công chức không giữ chức vụ lãnh đạo, quản lý",
  "metrics": {
    "mrr": 0.16666666666666666,
    "map": 0.16666666666666666,
    "p@1": 0.0,
    "r@1": 0.0,
    "ndcg@1": 0.0,
    "p@5": 0.0,
    "r@5": 0.0,
    "ndcg@5": 0.0,
    "p@10": 0.1,
    "r@10": 1.0,
    "ndcg@10": 0.3562071871080222
  },
  "retrieved": [
    13753,
    13779,
    13747,
    13781,
    13764,
    13749,
    7560,
    2360,
    2069,
    9465
  ]
}