{
  "qid": 110726,
  "query": "Trường hợp nào quân nhân chuyên nghiệp có thể nghỉ phép nhưng lại không bị trừ ngày phép năm?",
  "metrics": {
    "mrr": 0.25,
    "map": 0.25,
    "p@1": 0.0,
    "r@1": 0.0,
    "ndcg@1": 0.0,
    "p@5": 0.2,
    "r@5": 1.0,
    "ndcg@5": 0.43067655807339306,
    "p@10": 0.1,
    "r@10": 1.0,
    "ndcg@10": 0.43067655807339306
  },
  "retrieved": [
    13882,
    13889,
    13887,
    13883,
    13880,
    6943,
    6944,
    13884,
    13888,
    13881
  ]
}