{
  "qid": 110845,
  "query": "Cục trưởng Cục An ninh kinh tế có quyền đình chỉ hoạt động có thời hạn đối với cơ sở trợ giúp xã hội không?",
  "metrics": {
    "mrr": 0.3333333333333333,
    "map": 0.3333333333333333,
    "p@1": 0.0,
    "r@1": 0.0,
    "ndcg@1": 0.0,
    "p@5": 0.2,
    "r@5": 1.0,
    "ndcg@5": 0.5,
    "p@10": 0.1,
    "r@10": 1.0,
    "ndcg@10": 0.5
  },
  "retrieved": [
    14940,
    10061,
    4637,
    8053,
    8996,
    13950,
    1895,
    14198,
    101,
    9430
  ]
}