{
  "qid": 111245,
  "query": "Trường hợp nào sẽ áp dụng hình thức xử lý kỷ luật hạ bậc lương đối với công chức?",
  "metrics": {
    "mrr": 0.1111111111111111,
    "map": 0.1111111111111111,
    "p@1": 0.0,
    "r@1": 0.0,
    "ndcg@1": 0.0,
    "p@5": 0.0,
    "r@5": 0.0,
    "ndcg@5": 0.0,
    "p@10": 0.1,
    "r@10": 1.0,
    "ndcg@10": 0.3010299956639812
  },
  "retrieved": [
    13753,
    13779,
    2069,
    13747,
    3868,
    8224,
    8170,
    13781,
    13749,
    13778
  ]
}