{
  "qid": 111243,
  "query": "Các chức danh nghề nghiệp viên chức chuyên ngành thư viện làm việc trong các đơn vị sự nghiệp công lập có hệ số lương như thế nào?",
  "metrics": {
    "mrr": 0.25,
    "map": 0.25,
    "p@1": 0.0,
    "r@1": 0.0,
    "ndcg@1": 0.0,
    "p@5": 0.2,
    "r@5": 1.0,
    "ndcg@5": 0.43067655807339306,
    "p@10": 0.1,
    "r@10": 1.0,
    "ndcg@10": 0.43067655807339306
  },
  "retrieved": [
    8457,
    6463,
    12013,
    1536,
    13116,
    6460,
    7457,
    12587,
    14265,
    12010
  ]
}