{
  "qid": 112138,
  "query": "Doanh nghiệp chế xuất nước ngoài có được tạm nhập khẩu, tái xuất hàng hóa vào Việt Nam hay không?",
  "metrics": {
    "mrr": 0.5,
    "map": 0.5,
    "p@1": 0.0,
    "r@1": 0.0,
    "ndcg@1": 0.0,
    "p@5": 0.2,
    "r@5": 1.0,
    "ndcg@5": 0.6309297535714575,
    "p@10": 0.1,
    "r@10": 1.0,
    "ndcg@10": 0.6309297535714575
  },
  "retrieved": [
    8360,
    5264,
    8392,
    5262,
    8342,
    5226,
    8357,
    13358,
    12272,
    5286
  ]
}