{
  "qid": 112395,
  "query": "Xử phạt đối với hành vi vi phạm về chỉ tiêu tuyển sinh ra sao?",
  "metrics": {
    "mrr": 0.5,
    "map": 0.25,
    "p@1": 0.0,
    "r@1": 0.0,
    "ndcg@1": 0.0,
    "p@5": 0.2,
    "r@5": 0.5,
    "ndcg@5": 0.38685280723454163,
    "p@10": 0.1,
    "r@10": 0.5,
    "ndcg@10": 0.38685280723454163
  },
  "retrieved": [
    4609,
    4611,
    10366,
    9831,
    4610,
    9830,
    4634,
    11610,
    4614,
    14190
  ]
}