{
  "qid": 112376,
  "query": "Cơ sở giáo dục đại học không thành lập hội đồng trường thì bị xử phạt vi phạm hành chính bao nhiêu tiền?",
  "metrics": {
    "mrr": 0.3333333333333333,
    "map": 0.3333333333333333,
    "p@1": 0.0,
    "r@1": 0.0,
    "ndcg@1": 0.0,
    "p@5": 0.2,
    "r@5": 1.0,
    "ndcg@5": 0.5,
    "p@10": 0.1,
    "r@10": 1.0,
    "ndcg@10": 0.5
  },
  "retrieved": [
    4608,
    4603,
    4604,
    4636,
    4606,
    4635,
    4617,
    11100,
    498,
    4625
  ]
}