{
  "qid": 112695,
  "query": "Nội dung dự toán xây dựng công trình bao gồm các nội dung gì?",
  "metrics": {
    "mrr": 0.25,
    "map": 0.25,
    "p@1": 0.0,
    "r@1": 0.0,
    "ndcg@1": 0.0,
    "p@5": 0.2,
    "r@5": 1.0,
    "ndcg@5": 0.43067655807339306,
    "p@10": 0.1,
    "r@10": 1.0,
    "ndcg@10": 0.43067655807339306
  },
  "retrieved": [
    13235,
    13237,
    3414,
    13233,
    8585,
    6427,
    13243,
    5478,
    3418,
    13820
  ]
}