{
  "qid": 112949,
  "query": "Tòa án có được quyền yêu cầu trả hồ sơ vụ án hình sự để điều tra bổ sung hay không?",
  "metrics": {
    "mrr": 0.3333333333333333,
    "map": 0.3333333333333333,
    "p@1": 0.0,
    "r@1": 0.0,
    "ndcg@1": 0.0,
    "p@5": 0.2,
    "r@5": 1.0,
    "ndcg@5": 0.5,
    "p@10": 0.1,
    "r@10": 1.0,
    "ndcg@10": 0.5
  },
  "retrieved": [
    10638,
    10919,
    10723,
    10757,
    10918,
    4919,
    10522,
    10929,
    10640,
    10713
  ]
}