{
  "qid": 113360,
  "query": "Khi kết hôn có bắt buộc phải theo tôn giáo của chồng không?",
  "metrics": {
    "mrr": 0.1111111111111111,
    "map": 0.05555555555555555,
    "p@1": 0.0,
    "r@1": 0.0,
    "ndcg@1": 0.0,
    "p@5": 0.0,
    "r@5": 0.0,
    "ndcg@5": 0.0,
    "p@10": 0.1,
    "r@10": 0.5,
    "ndcg@10": 0.18457569677956817
  },
  "retrieved": [
    4586,
    907,
    1964,
    2764,
    13883,
    2275,
    909,
    2758,
    2136,
    2263
  ]
}