{
  "qid": 113428,
  "query": "Người nghỉ hưu từ ngày 01/7/2023 có tham gia BHXH bắt buộc thì tính lương hưu thế nào?",
  "metrics": {
    "mrr": 0.2,
    "map": 0.2,
    "p@1": 0.0,
    "r@1": 0.0,
    "ndcg@1": 0.0,
    "p@5": 0.2,
    "r@5": 1.0,
    "ndcg@5": 0.38685280723454163,
    "p@10": 0.1,
    "r@10": 1.0,
    "ndcg@10": 0.38685280723454163
  },
  "retrieved": [
    13959,
    13958,
    11857,
    795,
    14095,
    14097,
    798,
    14093,
    11498,
    11855
  ]
}