{
  "qid": 113846,
  "query": "Người được giao thực hiện nhiệm vụ thanh tra chuyên ngành trường tiểu học cần có những tiêu chuẩn gì?",
  "metrics": {
    "mrr": 0.5,
    "map": 0.5,
    "p@1": 0.0,
    "r@1": 0.0,
    "ndcg@1": 0.0,
    "p@5": 0.2,
    "r@5": 1.0,
    "ndcg@5": 0.6309297535714575,
    "p@10": 0.1,
    "r@10": 1.0,
    "ndcg@10": 0.6309297535714575
  },
  "retrieved": [
    2817,
    7012,
    1538,
    2814,
    4267,
    13396,
    4956,
    7001,
    7005,
    914
  ]
}