{
  "qid": 114038,
  "query": "Quyết định đình chỉ xét xử phúc thẩm vụ án hình sự có nội dung thế nào?",
  "metrics": {
    "mrr": 0.3333333333333333,
    "map": 0.3333333333333333,
    "p@1": 0.0,
    "r@1": 0.0,
    "ndcg@1": 0.0,
    "p@5": 0.2,
    "r@5": 1.0,
    "ndcg@5": 0.5,
    "p@10": 0.1,
    "r@10": 1.0,
    "ndcg@10": 0.5
  },
  "retrieved": [
    10807,
    10932,
    10825,
    10823,
    10832,
    12728,
    10836,
    6090,
    3978,
    10839
  ]
}