{
  "qid": 114058,
  "query": "Nhiệm vụ của bác sĩ y học dự phòng chính là gì?",
  "metrics": {
    "mrr": 0.3333333333333333,
    "map": 0.3333333333333333,
    "p@1": 0.0,
    "r@1": 0.0,
    "ndcg@1": 0.0,
    "p@5": 0.2,
    "r@5": 1.0,
    "ndcg@5": 0.5,
    "p@10": 0.1,
    "r@10": 1.0,
    "ndcg@10": 0.5
  },
  "retrieved": [
    12605,
    12615,
    12610,
    12617,
    12608,
    12329,
    12609,
    12607,
    12327,
    857
  ]
}