{
  "qid": 114130,
  "query": "Người chơi casino được dùng tài khoản ngân hàng để đổi tiền chơi không?",
  "metrics": {
    "mrr": 0.3333333333333333,
    "map": 0.3333333333333333,
    "p@1": 0.0,
    "r@1": 0.0,
    "ndcg@1": 0.0,
    "p@5": 0.2,
    "r@5": 1.0,
    "ndcg@5": 0.5,
    "p@10": 0.1,
    "r@10": 1.0,
    "ndcg@10": 0.5
  },
  "retrieved": [
    12837,
    12845,
    12839,
    12840,
    3266,
    12838,
    3298,
    12834,
    11312,
    3279
  ]
}