{
  "qid": 114159,
  "query": "Thời hạn thanh toán số tiền mua, bán nợ có bắt buộc ghi trong hợp đồng mua, bán nợ hay không?",
  "metrics": {
    "mrr": 0.3333333333333333,
    "map": 0.3333333333333333,
    "p@1": 0.0,
    "r@1": 0.0,
    "ndcg@1": 0.0,
    "p@5": 0.2,
    "r@5": 1.0,
    "ndcg@5": 0.5,
    "p@10": 0.1,
    "r@10": 1.0,
    "ndcg@10": 0.5
  },
  "retrieved": [
    13449,
    2434,
    9557,
    9547,
    9553,
    9549,
    2445,
    13440,
    2444,
    9561
  ]
}