{
  "qid": 114202,
  "query": "Viện kiểm sát nhân dân tối cao gửi quyết định kháng nghị tái thẩm đối với quyết định của Tòa trong vụ án hình sự được thực hiện như thế nào?",
  "metrics": {
    "mrr": 0.25,
    "map": 0.25,
    "p@1": 0.0,
    "r@1": 0.0,
    "ndcg@1": 0.0,
    "p@5": 0.2,
    "r@5": 1.0,
    "ndcg@5": 0.43067655807339306,
    "p@10": 0.1,
    "r@10": 1.0,
    "ndcg@10": 0.43067655807339306
  },
  "retrieved": [
    10844,
    3988,
    4925,
    10857,
    3978,
    10859,
    7983,
    10878,
    10863,
    1348
  ]
}