{
  "qid": 115039,
  "query": "Các chức vụ tương đương với hạ sĩ quan Quân đội nhân dân Việt Nam giữ chức vụ Tiểu đội trưởng là gì?",
  "metrics": {
    "mrr": 0.25,
    "map": 0.25,
    "p@1": 0.0,
    "r@1": 0.0,
    "ndcg@1": 0.0,
    "p@5": 0.2,
    "r@5": 1.0,
    "ndcg@5": 0.43067655807339306,
    "p@10": 0.1,
    "r@10": 1.0,
    "ndcg@10": 0.43067655807339306
  },
  "retrieved": [
    7339,
    7332,
    7328,
    7338,
    7336,
    7341,
    11485,
    7334,
    11492,
    8194
  ]
}