{
  "qid": 115037,
  "query": "Cấp bậc quân hàm cao nhất đối với chức vụ của hạ sĩ quan Quân đội nhân dân Việt Nam là cấp bậc gì?",
  "metrics": {
    "mrr": 0.25,
    "map": 0.225,
    "p@1": 0.0,
    "r@1": 0.0,
    "ndcg@1": 0.0,
    "p@5": 0.2,
    "r@5": 0.5,
    "ndcg@5": 0.2640681225725909,
    "p@10": 0.2,
    "r@10": 1.0,
    "ndcg@10": 0.44130740935663865
  },
  "retrieved": [
    7332,
    7328,
    7341,
    7331,
    7330,
    14491,
    7334,
    7340,
    7329,
    7339
  ]
}