{
  "qid": 115124,
  "query": "Cá nhân được tặng danh hiệu thi đua khen thưởng trong ngành Văn hóa Thể thao và Du lịch có những quyền lợi và nghĩa vụ gì?",
  "metrics": {
    "mrr": 0.14285714285714285,
    "map": 0.14285714285714285,
    "p@1": 0.0,
    "r@1": 0.0,
    "ndcg@1": 0.0,
    "p@5": 0.0,
    "r@5": 0.0,
    "ndcg@5": 0.0,
    "p@10": 0.1,
    "r@10": 1.0,
    "ndcg@10": 0.3333333333333333
  },
  "retrieved": [
    7845,
    7842,
    7858,
    7853,
    7859,
    594,
    7846,
    6285,
    7848,
    7843
  ]
}