{
  "qid": 115116,
  "query": "Bồi dưỡng công chức trong cơ quan của Đảng Cộng sản Việt Nam được đánh giá chất lượng như thế nào?",
  "metrics": {
    "mrr": 0.5,
    "map": 0.5,
    "p@1": 0.0,
    "r@1": 0.0,
    "ndcg@1": 0.0,
    "p@5": 0.2,
    "r@5": 1.0,
    "ndcg@5": 0.6309297535714575,
    "p@10": 0.1,
    "r@10": 1.0,
    "ndcg@10": 0.6309297535714575
  },
  "retrieved": [
    10996,
    11007,
    12809,
    10978,
    12808,
    12817,
    12819,
    12810,
    1034,
    11008
  ]
}