{
  "qid": 115125,
  "query": "Người được bổ nhiệm chức danh trợ giúp viên pháp lý hạng 1 sẽ được hưởng hệ số lương viên chức bao nhiêu?",
  "metrics": {
    "mrr": 0.2,
    "map": 0.2,
    "p@1": 0.0,
    "r@1": 0.0,
    "ndcg@1": 0.0,
    "p@5": 0.2,
    "r@5": 1.0,
    "ndcg@5": 0.38685280723454163,
    "p@10": 0.1,
    "r@10": 1.0,
    "ndcg@10": 0.38685280723454163
  },
  "retrieved": [
    8611,
    6460,
    8606,
    8457,
    8612,
    8608,
    1536,
    8613,
    8605,
    1537
  ]
}