{
  "qid": 115251,
  "query": "Những phương tiện nào bắt buộc phải gắn camera hành trình?",
  "metrics": {
    "mrr": 0.25,
    "map": 0.25,
    "p@1": 0.0,
    "r@1": 0.0,
    "ndcg@1": 0.0,
    "p@5": 0.2,
    "r@5": 1.0,
    "ndcg@5": 0.43067655807339306,
    "p@10": 0.1,
    "r@10": 1.0,
    "ndcg@10": 0.43067655807339306
  },
  "retrieved": [
    9790,
    13149,
    10326,
    13138,
    3286,
    2825,
    108,
    10321,
    10333,
    419
  ]
}