{
  "qid": 115349,
  "query": "Tự ý chuyển mục đích sử dụng đất từ đất trồng cây hàng năm sang đất ở thì bị xử phạt vi phạm hành chính ra sao?",
  "metrics": {
    "mrr": 0.1111111111111111,
    "map": 0.1111111111111111,
    "p@1": 0.0,
    "r@1": 0.0,
    "ndcg@1": 0.0,
    "p@5": 0.0,
    "r@5": 0.0,
    "ndcg@5": 0.0,
    "p@10": 0.1,
    "r@10": 1.0,
    "ndcg@10": 0.3010299956639812
  },
  "retrieved": [
    11106,
    1564,
    11105,
    1580,
    1590,
    10351,
    11119,
    1591,
    11102,
    11117
  ]
}