{
  "qid": 115426,
  "query": "Tổ chức không báo cáo về các trường hợp trang thiết bị y tế có lỗi thì bị xử phạt vi phạm hành chính thế nào?",
  "metrics": {
    "mrr": 0.3333333333333333,
    "map": 0.3333333333333333,
    "p@1": 0.0,
    "r@1": 0.0,
    "ndcg@1": 0.0,
    "p@5": 0.2,
    "r@5": 1.0,
    "ndcg@5": 0.5,
    "p@10": 0.1,
    "r@10": 1.0,
    "ndcg@10": 0.5
  },
  "retrieved": [
    14542,
    14616,
    14620,
    14615,
    14544,
    3290,
    14596,
    14617,
    788,
    9190
  ]
}