{
  "qid": 115438,
  "query": "Cơ quan đầu mối xử lý nhiễu có hại có trách nhiệm gì về đài quân sự phục vụ mục đích quốc phòng an ninh?",
  "metrics": {
    "mrr": 0.25,
    "map": 0.25,
    "p@1": 0.0,
    "r@1": 0.0,
    "ndcg@1": 0.0,
    "p@5": 0.2,
    "r@5": 1.0,
    "ndcg@5": 0.43067655807339306,
    "p@10": 0.1,
    "r@10": 1.0,
    "ndcg@10": 0.43067655807339306
  },
  "retrieved": [
    12527,
    12531,
    12528,
    12530,
    12532,
    12525,
    12533,
    12534,
    12529,
    14284
  ]
}