{
  "qid": 115861,
  "query": "Ai sẽ được ưu tiên trong tuyển dụng công chức vào làm việc trong các đơn vị thuộc Thanh tra Chính phủ?",
  "metrics": {
    "mrr": 0.2,
    "map": 0.2,
    "p@1": 0.0,
    "r@1": 0.0,
    "ndcg@1": 0.0,
    "p@5": 0.2,
    "r@5": 1.0,
    "ndcg@5": 0.38685280723454163,
    "p@10": 0.1,
    "r@10": 1.0,
    "ndcg@10": 0.38685280723454163
  },
  "retrieved": [
    14224,
    14217,
    4127,
    981,
    14213,
    4847,
    14274,
    4130,
    6929,
    2028
  ]
}