{
  "qid": 115801,
  "query": "Người sử dụng đất chuyển đổi mục đích sử dụng đất đối với đất nông nghiệp trồng lúa mà không xin phép thì bị xử phạt như thế nào?",
  "metrics": {
    "mrr": 0.1111111111111111,
    "map": 0.1111111111111111,
    "p@1": 0.0,
    "r@1": 0.0,
    "ndcg@1": 0.0,
    "p@5": 0.0,
    "r@5": 0.0,
    "ndcg@5": 0.0,
    "p@10": 0.1,
    "r@10": 1.0,
    "ndcg@10": 0.3010299956639812
  },
  "retrieved": [
    11119,
    11106,
    1590,
    11117,
    1580,
    1589,
    1564,
    1579,
    11102,
    1563
  ]
}