{
  "qid": 116059,
  "query": "Nhiệm vụ và quyền hạn của Thừa phát lại trong tổ chức thi hành án được quy định ra sao?",
  "metrics": {
    "mrr": 0.5,
    "map": 0.5,
    "p@1": 0.0,
    "r@1": 0.0,
    "ndcg@1": 0.0,
    "p@5": 0.2,
    "r@5": 1.0,
    "ndcg@5": 0.6309297535714575,
    "p@10": 0.1,
    "r@10": 1.0,
    "ndcg@10": 0.6309297535714575
  },
  "retrieved": [
    8945,
    8978,
    5847,
    8982,
    8979,
    8981,
    8971,
    8985,
    8986,
    9000
  ]
}