{
  "qid": 116186,
  "query": "Thanh tra viên chuyên ngành hàng hải được quyền xử phạt tổ chức kinh doanh vận tải đa phương thức không có giấy phép do cơ quan có thẩm quyền cấp theo quy định không?",
  "metrics": {
    "mrr": 0.2,
    "map": 0.2,
    "p@1": 0.0,
    "r@1": 0.0,
    "ndcg@1": 0.0,
    "p@5": 0.2,
    "r@5": 1.0,
    "ndcg@5": 0.38685280723454163,
    "p@10": 0.1,
    "r@10": 1.0,
    "ndcg@10": 0.38685280723454163
  },
  "retrieved": [
    13145,
    10379,
    13148,
    3304,
    4637,
    7031,
    11127,
    14198,
    13941,
    13143
  ]
}