{
  "qid": 116157,
  "query": "Khi nhận ra sai phạm về diện tích đất đấu giá có thể khiếu nại không?",
  "metrics": {
    "mrr": 0.2,
    "map": 0.2,
    "p@1": 0.0,
    "r@1": 0.0,
    "ndcg@1": 0.0,
    "p@5": 0.2,
    "r@5": 1.0,
    "ndcg@5": 0.38685280723454163,
    "p@10": 0.1,
    "r@10": 1.0,
    "ndcg@10": 0.38685280723454163
  },
  "retrieved": [
    1591,
    1580,
    746,
    11101,
    762,
    11105,
    7226,
    11102,
    1584,
    14670
  ]
}