{
  "qid": 116352,
  "query": "Giấy tờ có giá có mệnh giá cụ thể là bao nhiêu?",
  "metrics": {
    "mrr": 1.0,
    "map": 0.5,
    "p@1": 1.0,
    "r@1": 0.5,
    "ndcg@1": 1.0,
    "p@5": 0.2,
    "r@5": 0.5,
    "ndcg@5": 0.6131471927654584,
    "p@10": 0.1,
    "r@10": 0.5,
    "ndcg@10": 0.6131471927654584
  },
  "retrieved": [
    1652,
    173,
    4016,
    159,
    1662,
    163,
    4014,
    1661,
    4025,
    1658
  ]
}