{
  "qid": 11637,
  "query": "Việc quản lý và sử dụng phí được quy định như thế nào?",
  "metrics": {
    "mrr": 0.5,
    "map": 0.5,
    "p@1": 0.0,
    "r@1": 0.0,
    "ndcg@1": 0.0,
    "p@5": 0.2,
    "r@5": 1.0,
    "ndcg@5": 0.6309297535714575,
    "p@10": 0.1,
    "r@10": 1.0,
    "ndcg@10": 0.6309297535714575
  },
  "retrieved": [
    11065,
    8776,
    11066,
    14540,
    14040,
    8775,
    14051,
    10161,
    10313,
    11970
  ]
}