{
  "qid": 116366,
  "query": "Cơ quan nào có quyền cấp Giấy chứng nhận đăng ký hoạt động cho cơ sở tư vấn về phòng chống bạo lực gia đình?",
  "metrics": {
    "mrr": 0.25,
    "map": 0.25,
    "p@1": 0.0,
    "r@1": 0.0,
    "ndcg@1": 0.0,
    "p@5": 0.2,
    "r@5": 1.0,
    "ndcg@5": 0.43067655807339306,
    "p@10": 0.1,
    "r@10": 1.0,
    "ndcg@10": 0.43067655807339306
  },
  "retrieved": [
    1694,
    8044,
    8042,
    8043,
    8046,
    1689,
    1691,
    1690,
    1697,
    1687
  ]
}