{
  "qid": 116436,
  "query": "Cá nhân trong Quân đội nhân dân gian dối trong việc kê khai thành tích để được khen thưởng thì bị xử lý như thế nào?",
  "metrics": {
    "mrr": 0.3333333333333333,
    "map": 0.3333333333333333,
    "p@1": 0.0,
    "r@1": 0.0,
    "ndcg@1": 0.0,
    "p@5": 0.2,
    "r@5": 1.0,
    "ndcg@5": 0.5,
    "p@10": 0.1,
    "r@10": 1.0,
    "ndcg@10": 0.5
  },
  "retrieved": [
    3504,
    1376,
    1378,
    1150,
    1321,
    5991,
    7721,
    1358,
    3885,
    1161
  ]
}