{
  "qid": 11680,
  "query": "Thủ tục thành lập Hội đồng quản lý trong đơn vị sự nghiệp công lập thuộc lĩnh vực giao thông vận tải được thực hiện ra sao?",
  "metrics": {
    "mrr": 0.14285714285714285,
    "map": 0.07142857142857142,
    "p@1": 0.0,
    "r@1": 0.0,
    "ndcg@1": 0.0,
    "p@5": 0.0,
    "r@5": 0.0,
    "ndcg@5": 0.0,
    "p@10": 0.1,
    "r@10": 0.5,
    "ndcg@10": 0.20438239758848611
  },
  "retrieved": [
    5529,
    5545,
    5528,
    3156,
    3149,
    3150,
    5531,
    3146,
    3148,
    3151
  ]
}