{
  "qid": 116903,
  "query": "Niên hạn sử dụng của tàu thủy lưu trú du lịch được phép nhập khẩu được quy định như thế nào?",
  "metrics": {
    "mrr": 0.5,
    "map": 0.5833333333333333,
    "p@1": 0.0,
    "r@1": 0.0,
    "ndcg@1": 0.0,
    "p@5": 0.4,
    "r@5": 1.0,
    "ndcg@5": 0.6934264036172708,
    "p@10": 0.2,
    "r@10": 1.0,
    "ndcg@10": 0.6934264036172708
  },
  "retrieved": [
    13518,
    13517,
    13520,
    13528,
    13516,
    9791,
    13521,
    9792,
    9793,
    13519
  ]
}