{
  "qid": 117169,
  "query": "Biện pháp ngăn chặn để bảo đảm cho việc xem xét yêu cầu dẫn độ bị hủy bỏ trong trường hợp nào?",
  "metrics": {
    "mrr": 0.5,
    "map": 0.5,
    "p@1": 0.0,
    "r@1": 0.0,
    "ndcg@1": 0.0,
    "p@5": 0.2,
    "r@5": 1.0,
    "ndcg@5": 0.6309297535714575,
    "p@10": 0.1,
    "r@10": 1.0,
    "ndcg@10": 0.6309297535714575
  },
  "retrieved": [
    10970,
    10974,
    10972,
    10973,
    7996,
    10586,
    10602,
    10971,
    11227,
    6703
  ]
}