{
  "qid": 11717,
  "query": "Điều kiện đối với người thực hiện đề nghị cấp Chứng chỉ hành nghề lưu trữ là gì?",
  "metrics": {
    "mrr": 0.1111111111111111,
    "map": 0.1111111111111111,
    "p@1": 0.0,
    "r@1": 0.0,
    "ndcg@1": 0.0,
    "p@5": 0.0,
    "r@5": 0.0,
    "ndcg@5": 0.0,
    "p@10": 0.1,
    "r@10": 1.0,
    "ndcg@10": 0.3010299956639812
  },
  "retrieved": [
    239,
    242,
    240,
    237,
    241,
    238,
    90,
    235,
    236,
    9370
  ]
}