{
  "qid": 117246,
  "query": "Người đang tập sự hành nghề Thừa phát lại có được ký vào vi bằng hay chưa?",
  "metrics": {
    "mrr": 0.5,
    "map": 0.5,
    "p@1": 0.0,
    "r@1": 0.0,
    "ndcg@1": 0.0,
    "p@5": 0.2,
    "r@5": 1.0,
    "ndcg@5": 0.6309297535714575,
    "p@10": 0.1,
    "r@10": 1.0,
    "ndcg@10": 0.6309297535714575
  },
  "retrieved": [
    5829,
    5841,
    5835,
    5837,
    8965,
    5842,
    8935,
    8934,
    5838,
    5853
  ]
}