{
  "qid": 117214,
  "query": "Việc đăng ký liên hiệp hợp tác xã mới sau khi tách được thực hiện như thế nào?",
  "metrics": {
    "mrr": 0.3333333333333333,
    "map": 0.3333333333333333,
    "p@1": 0.0,
    "r@1": 0.0,
    "ndcg@1": 0.0,
    "p@5": 0.2,
    "r@5": 1.0,
    "ndcg@5": 0.5,
    "p@10": 0.1,
    "r@10": 1.0,
    "ndcg@10": 0.5
  },
  "retrieved": [
    3066,
    3064,
    3077,
    3057,
    3059,
    3078,
    12078,
    3080,
    6792,
    3081
  ]
}