{
  "qid": 117247,
  "query": "Sau khi kết thúc thời gian tập sự hành nghề Thừa phát lại thì sẽ được bổ nhiệm làm Thừa phát lại đúng không?",
  "metrics": {
    "mrr": 0.1111111111111111,
    "map": 0.1111111111111111,
    "p@1": 0.0,
    "r@1": 0.0,
    "ndcg@1": 0.0,
    "p@5": 0.0,
    "r@5": 0.0,
    "ndcg@5": 0.0,
    "p@10": 0.1,
    "r@10": 1.0,
    "ndcg@10": 0.3010299956639812
  },
  "retrieved": [
    5836,
    5837,
    8936,
    5838,
    5841,
    8934,
    8935,
    5842,
    8932,
    5829
  ]
}