{
  "qid": 11730,
  "query": "Giáo viên làm Chủ tịch công đoàn được giảm định mức tiết dạy, giờ dạy như thế nào?",
  "metrics": {
    "mrr": 0.5,
    "map": 0.5,
    "p@1": 0.0,
    "r@1": 0.0,
    "ndcg@1": 0.0,
    "p@5": 0.2,
    "r@5": 1.0,
    "ndcg@5": 0.6309297535714575,
    "p@10": 0.1,
    "r@10": 1.0,
    "ndcg@10": 0.6309297535714575
  },
  "retrieved": [
    8499,
    8501,
    8500,
    8502,
    7148,
    7147,
    8503,
    6360,
    14287,
    4612
  ]
}