{
  "qid": 117387,
  "query": "Dịch vụ vui chơi giải trí có phải là một trong những loại hình du lịch không?",
  "metrics": {
    "mrr": 0.5,
    "map": 0.5,
    "p@1": 0.0,
    "r@1": 0.0,
    "ndcg@1": 0.0,
    "p@5": 0.2,
    "r@5": 1.0,
    "ndcg@5": 0.6309297535714575,
    "p@10": 0.1,
    "r@10": 1.0,
    "ndcg@10": 0.6309297535714575
  },
  "retrieved": [
    3269,
    9797,
    3248,
    6039,
    7946,
    9746,
    1847,
    3273,
    1848,
    3249
  ]
}