{
  "qid": 117498,
  "query": "Trưởng đoàn thanh tra của Cục Báo chí có quyền xử phạt cơ quan báo chí không thực hiện chế độ báo cáo định kỳ theo quy định không?",
  "metrics": {
    "mrr": 0.3333333333333333,
    "map": 0.3333333333333333,
    "p@1": 0.0,
    "r@1": 0.0,
    "ndcg@1": 0.0,
    "p@5": 0.2,
    "r@5": 1.0,
    "ndcg@5": 0.5,
    "p@10": 0.1,
    "r@10": 1.0,
    "ndcg@10": 0.5
  },
  "retrieved": [
    14198,
    9740,
    4637,
    9737,
    9735,
    9923,
    3657,
    14935,
    14903,
    14922
  ]
}