{
  "qid": 117659,
  "query": "Trưởng đoàn thanh tra chuyên ngành của Bộ Khoa học và Công nghệ có quyền xử phạt tổ chức khai báo không đầy đủ thông tin của thiết bị hạt nhân theo quy định không?",
  "metrics": {
    "mrr": 0.16666666666666666,
    "map": 0.16666666666666666,
    "p@1": 0.0,
    "r@1": 0.0,
    "ndcg@1": 0.0,
    "p@5": 0.0,
    "r@5": 0.0,
    "ndcg@5": 0.0,
    "p@10": 0.1,
    "r@10": 1.0,
    "ndcg@10": 0.3562071871080222
  },
  "retrieved": [
    6933,
    12023,
    6934,
    6937,
    12019,
    4637,
    12053,
    6935,
    1224,
    12060
  ]
}