{
  "qid": 117816,
  "query": "Chủ tàu biển Việt Nam có trách nhiệm gì đối với học viên thực tập trên tàu?",
  "metrics": {
    "mrr": 0.3333333333333333,
    "map": 0.3333333333333333,
    "p@1": 0.0,
    "r@1": 0.0,
    "ndcg@1": 0.0,
    "p@5": 0.2,
    "r@5": 1.0,
    "ndcg@5": 0.5,
    "p@10": 0.1,
    "r@10": 1.0,
    "ndcg@10": 0.5
  },
  "retrieved": [
    3783,
    3782,
    3781,
    3780,
    3719,
    3779,
    3778,
    13951,
    13945,
    3744
  ]
}