{
  "qid": 117953,
  "query": "Đài Tiếng nói Việt Nam chịu sự quản lý của cơ quan nhà nước nào theo quy định hiện nay?",
  "metrics": {
    "mrr": 0.5,
    "map": 0.5,
    "p@1": 0.0,
    "r@1": 0.0,
    "ndcg@1": 0.0,
    "p@5": 0.2,
    "r@5": 1.0,
    "ndcg@5": 0.6309297535714575,
    "p@10": 0.1,
    "r@10": 1.0,
    "ndcg@10": 0.6309297535714575
  },
  "retrieved": [
    3421,
    3420,
    3676,
    3702,
    11784,
    3705,
    11449,
    11774,
    1846,
    11758
  ]
}