{
  "qid": 118105,
  "query": "Việc thẩm định hồ sơ yêu cầu áp dụng biện pháp chống bán phá giá thực hiện theo các nội dung gì?",
  "metrics": {
    "mrr": 0.3333333333333333,
    "map": 0.3333333333333333,
    "p@1": 0.0,
    "r@1": 0.0,
    "ndcg@1": 0.0,
    "p@5": 0.2,
    "r@5": 1.0,
    "ndcg@5": 0.5,
    "p@10": 0.1,
    "r@10": 1.0,
    "ndcg@10": 0.5
  },
  "retrieved": [
    12891,
    12905,
    5302,
    12911,
    12909,
    12906,
    12910,
    12912,
    12877,
    12875
  ]
}