{
  "qid": 118466,
  "query": "Có đăng ký khai sinh tại cơ quan đại diện Việt Nam ở nước ngoài được không?",
  "metrics": {
    "mrr": 0.25,
    "map": 0.25,
    "p@1": 0.0,
    "r@1": 0.0,
    "ndcg@1": 0.0,
    "p@5": 0.2,
    "r@5": 1.0,
    "ndcg@5": 0.43067655807339306,
    "p@10": 0.1,
    "r@10": 1.0,
    "ndcg@10": 0.43067655807339306
  },
  "retrieved": [
    2265,
    2262,
    4584,
    2258,
    4575,
    4560,
    2257,
    2270,
    4561,
    4568
  ]
}