{
  "qid": 118462,
  "query": "Khi thực hiện nhiệm vụ vũ trang canh gác, lực lượng cảnh sát nhân dân được trang bị những gì?",
  "metrics": {
    "mrr": 0.5,
    "map": 0.5,
    "p@1": 0.0,
    "r@1": 0.0,
    "ndcg@1": 0.0,
    "p@5": 0.2,
    "r@5": 1.0,
    "ndcg@5": 0.6309297535714575,
    "p@10": 0.1,
    "r@10": 1.0,
    "ndcg@10": 0.6309297535714575
  },
  "retrieved": [
    97,
    105,
    102,
    95,
    98,
    112,
    15,
    104,
    109,
    110
  ]
}