{
  "qid": 118638,
  "query": "Một UBND ở đô thị thì có tối đa bao nhiêu Phó chủ tịch UBND?",
  "metrics": {
    "mrr": 0.25,
    "map": 0.25,
    "p@1": 0.0,
    "r@1": 0.0,
    "ndcg@1": 0.0,
    "p@5": 0.2,
    "r@5": 1.0,
    "ndcg@5": 0.43067655807339306,
    "p@10": 0.1,
    "r@10": 1.0,
    "ndcg@10": 0.43067655807339306
  },
  "retrieved": [
    14994,
    3532,
    9351,
    8473,
    14694,
    14687,
    14691,
    14688,
    14696,
    4121
  ]
}