{
  "qid": 118648,
  "query": "Cá nhân muốn hoạt động dịch vụ lưu trữ thì cần phải đáp ứng những điều kiện nào?",
  "metrics": {
    "mrr": 0.5,
    "map": 0.5,
    "p@1": 0.0,
    "r@1": 0.0,
    "ndcg@1": 0.0,
    "p@5": 0.2,
    "r@5": 1.0,
    "ndcg@5": 0.6309297535714575,
    "p@10": 0.1,
    "r@10": 1.0,
    "ndcg@10": 0.6309297535714575
  },
  "retrieved": [
    8423,
    89,
    9368,
    9375,
    9373,
    9372,
    9376,
    9378,
    9374,
    13351
  ]
}