{
  "qid": 118609,
  "query": "Hồ sơ trình thẩm định quy hoạch sử dụng đất an ninh bao gồm các giấy tờ nào?",
  "metrics": {
    "mrr": 0.25,
    "map": 0.25,
    "p@1": 0.0,
    "r@1": 0.0,
    "ndcg@1": 0.0,
    "p@5": 0.2,
    "r@5": 1.0,
    "ndcg@5": 0.43067655807339306,
    "p@10": 0.1,
    "r@10": 1.0,
    "ndcg@10": 0.43067655807339306
  },
  "retrieved": [
    14404,
    1604,
    5431,
    5897,
    14405,
    1592,
    14727,
    5900,
    5898,
    5891
  ]
}