{
  "qid": 118602,
  "query": "Trưởng đoàn thanh tra chuyên ngành của Bộ Giao thông vận tải có quyền xử phạt tổ chức kinh doanh vận chuyển hàng không khi chưa được cấp quyền vận chuyển không?",
  "metrics": {
    "mrr": 0.5,
    "map": 0.5,
    "p@1": 0.0,
    "r@1": 0.0,
    "ndcg@1": 0.0,
    "p@5": 0.2,
    "r@5": 1.0,
    "ndcg@5": 0.6309297535714575,
    "p@10": 0.1,
    "r@10": 1.0,
    "ndcg@10": 0.6309297535714575
  },
  "retrieved": [
    13141,
    4637,
    13148,
    13135,
    13149,
    10363,
    13133,
    10369,
    10326,
    13129
  ]
}