{
  "qid": 118732,
  "query": "Hợp tác xã muốn được xếp loại tốt thì phải đạt bao nhiêu điểm?",
  "metrics": {
    "mrr": 0.5,
    "map": 0.5,
    "p@1": 0.0,
    "r@1": 0.0,
    "ndcg@1": 0.0,
    "p@5": 0.2,
    "r@5": 1.0,
    "ndcg@5": 0.6309297535714575,
    "p@10": 0.1,
    "r@10": 1.0,
    "ndcg@10": 0.6309297535714575
  },
  "retrieved": [
    9878,
    1390,
    9877,
    9879,
    9873,
    7794,
    3076,
    3067,
    1386,
    3063
  ]
}