{
  "qid": 118743,
  "query": "Tiếp viên hàng không cần phải có những tiêu chuẩn gì?",
  "metrics": {
    "mrr": 0.25,
    "map": 0.25,
    "p@1": 0.0,
    "r@1": 0.0,
    "ndcg@1": 0.0,
    "p@5": 0.2,
    "r@5": 1.0,
    "ndcg@5": 0.43067655807339306,
    "p@10": 0.1,
    "r@10": 1.0,
    "ndcg@10": 0.43067655807339306
  },
  "retrieved": [
    12957,
    10394,
    10397,
    12959,
    4341,
    4343,
    12970,
    2938,
    4358,
    4338
  ]
}