{
  "qid": 119213,
  "query": "Việc thí nghiệm vật liệu công trình được thực hiện thế nào?",
  "metrics": {
    "mrr": 0.5,
    "map": 0.5,
    "p@1": 0.0,
    "r@1": 0.0,
    "ndcg@1": 0.0,
    "p@5": 0.2,
    "r@5": 1.0,
    "ndcg@5": 0.6309297535714575,
    "p@10": 0.1,
    "r@10": 1.0,
    "ndcg@10": 0.6309297535714575
  },
  "retrieved": [
    6629,
    6873,
    6881,
    6880,
    6631,
    9704,
    6882,
    9705,
    6871,
    4537
  ]
}