{
  "qid": 119447,
  "query": "Khi Điều tra viên tiến hành điều tra hỏi cung bị can thì ai có nhiệm vụ ghi lại biên bản hỏi cung?",
  "metrics": {
    "mrr": 0.25,
    "map": 0.25,
    "p@1": 0.0,
    "r@1": 0.0,
    "ndcg@1": 0.0,
    "p@5": 0.2,
    "r@5": 1.0,
    "ndcg@5": 0.43067655807339306,
    "p@10": 0.1,
    "r@10": 1.0,
    "ndcg@10": 0.43067655807339306
  },
  "retrieved": [
    10660,
    10661,
    3557,
    10515,
    3559,
    6705,
    3558,
    3561,
    10514,
    10550
  ]
}