{
  "qid": 120135,
  "query": "Cán bộ điều tra được phân công tiến hành điều tra vụ án hình sự có những quyền hạn và nhiệm vụ gì?",
  "metrics": {
    "mrr": 0.5,
    "map": 0.5,
    "p@1": 0.0,
    "r@1": 0.0,
    "ndcg@1": 0.0,
    "p@5": 0.2,
    "r@5": 1.0,
    "ndcg@5": 0.6309297535714575,
    "p@10": 0.1,
    "r@10": 1.0,
    "ndcg@10": 0.6309297535714575
  },
  "retrieved": [
    10517,
    10515,
    10513,
    10516,
    10638,
    10643,
    10522,
    10641,
    10514,
    10518
  ]
}