{
  "qid": 120140,
  "query": "Việc kiểm tra gia cầm sau khi giết mổ được quy định như thế nào?",
  "metrics": {
    "mrr": 0.1111111111111111,
    "map": 0.1111111111111111,
    "p@1": 0.0,
    "r@1": 0.0,
    "ndcg@1": 0.0,
    "p@5": 0.0,
    "r@5": 0.0,
    "ndcg@5": 0.0,
    "p@10": 0.1,
    "r@10": 1.0,
    "ndcg@10": 0.3010299956639812
  },
  "retrieved": [
    9629,
    9654,
    9630,
    9657,
    9653,
    9627,
    9655,
    9631,
    9628,
    9623
  ]
}