{
  "qid": 120475,
  "query": "Kiểm tra động vật sau khi giết mổ gia súc nuôi được pháp luật quy định như thế nào?",
  "metrics": {
    "mrr": 0.5,
    "map": 0.5,
    "p@1": 0.0,
    "r@1": 0.0,
    "ndcg@1": 0.0,
    "p@5": 0.2,
    "r@5": 1.0,
    "ndcg@5": 0.6309297535714575,
    "p@10": 0.1,
    "r@10": 1.0,
    "ndcg@10": 0.6309297535714575
  },
  "retrieved": [
    9627,
    9628,
    9657,
    9623,
    9658,
    9652,
    9655,
    9663,
    9656,
    9624
  ]
}