{
  "qid": 120587,
  "query": "Hồ sơ và trình tự thủ tục cấp Giấy phép cho công ty kinh doanh du lịch quốc tế được phép luật quy định như thế nào?",
  "metrics": {
    "mrr": 1.0,
    "map": 0.5,
    "p@1": 1.0,
    "r@1": 0.5,
    "ndcg@1": 1.0,
    "p@5": 0.2,
    "r@5": 0.5,
    "ndcg@5": 0.6131471927654584,
    "p@10": 0.1,
    "r@10": 0.5,
    "ndcg@10": 0.6131471927654584
  },
  "retrieved": [
    9775,
    6607,
    6612,
    9778,
    9777,
    9779,
    9780,
    9803,
    9781,
    13906
  ]
}