{
  "qid": 120586,
  "query": "Công ty kinh doanh du lịch quốc tế có được phép khai thác các tour du lịch nội địa không?",
  "metrics": {
    "mrr": 0.5,
    "map": 0.5,
    "p@1": 0.0,
    "r@1": 0.0,
    "ndcg@1": 0.0,
    "p@5": 0.2,
    "r@5": 1.0,
    "ndcg@5": 0.6309297535714575,
    "p@10": 0.1,
    "r@10": 1.0,
    "ndcg@10": 0.6309297535714575
  },
  "retrieved": [
    9801,
    9773,
    6609,
    9747,
    13517,
    6610,
    9774,
    6607,
    6624,
    13518
  ]
}