{
  "qid": 121046,
  "query": "Công chức lãnh đạo bị kỷ luật nhiều lần có thể bị miễn nhiệm hay không?",
  "metrics": {
    "mrr": 0.16666666666666666,
    "map": 0.16666666666666666,
    "p@1": 0.0,
    "r@1": 0.0,
    "ndcg@1": 0.0,
    "p@5": 0.0,
    "r@5": 0.0,
    "ndcg@5": 0.0,
    "p@10": 0.1,
    "r@10": 1.0,
    "ndcg@10": 0.3562071871080222
  },
  "retrieved": [
    2360,
    14263,
    13764,
    13753,
    2361,
    14262,
    13747,
    13781,
    13768,
    13766
  ]
}