{
  "qid": 121075,
  "query": "Quy định về Đề án thành lập Hội đồng quản lý đơn vị sự nghiệp công lập thuộc Ngân hàng Nhà nước Việt Nam như thế nào?",
  "metrics": {
    "mrr": 0.3333333333333333,
    "map": 0.3333333333333333,
    "p@1": 0.0,
    "r@1": 0.0,
    "ndcg@1": 0.0,
    "p@5": 0.2,
    "r@5": 1.0,
    "ndcg@5": 0.5,
    "p@10": 0.1,
    "r@10": 1.0,
    "ndcg@10": 0.5
  },
  "retrieved": [
    3149,
    3156,
    3150,
    5545,
    5532,
    12004,
    3147,
    5531,
    3151,
    4888
  ]
}