{
  "qid": 121240,
  "query": "Cơ quan nào xây dựng kế hoạch giáo dục hòa nhập đối với người khuyết tật?",
  "metrics": {
    "mrr": 0.5,
    "map": 0.5,
    "p@1": 0.0,
    "r@1": 0.0,
    "ndcg@1": 0.0,
    "p@5": 0.2,
    "r@5": 1.0,
    "ndcg@5": 0.6309297535714575,
    "p@10": 0.1,
    "r@10": 1.0,
    "ndcg@10": 0.6309297535714575
  },
  "retrieved": [
    3437,
    3444,
    3431,
    3435,
    3433,
    3432,
    3445,
    3443,
    3446,
    3427
  ]
}