{
  "qid": 121389,
  "query": "Hệ số lương của viên chức chuyên ngành quản lý dự án hàng hải ra sao?",
  "metrics": {
    "mrr": 0.5,
    "map": 0.5,
    "p@1": 0.0,
    "r@1": 0.0,
    "ndcg@1": 0.0,
    "p@5": 0.2,
    "r@5": 1.0,
    "ndcg@5": 0.6309297535714575,
    "p@10": 0.1,
    "r@10": 1.0,
    "ndcg@10": 0.6309297535714575
  },
  "retrieved": [
    8457,
    1536,
    8458,
    6460,
    7562,
    7561,
    7726,
    8612,
    4526,
    7563
  ]
}