{
  "qid": 121584,
  "query": "Cơ sở dữ liệu đất đai cấp tỉnh xây dựng sẽ bao gồm những nội dung nào?",
  "metrics": {
    "mrr": 0.2,
    "map": 0.2,
    "p@1": 0.0,
    "r@1": 0.0,
    "ndcg@1": 0.0,
    "p@5": 0.2,
    "r@5": 1.0,
    "ndcg@5": 0.38685280723454163,
    "p@10": 0.1,
    "r@10": 1.0,
    "ndcg@10": 0.38685280723454163
  },
  "retrieved": [
    5399,
    5400,
    5475,
    5479,
    5398,
    5432,
    5429,
    5477,
    5396,
    5428
  ]
}