{
  "qid": 121653,
  "query": "Tiêu chuẩn của vị trí kế toán tại Đơn vị sự nghiệp công lập như thế nào?",
  "metrics": {
    "mrr": 1.0,
    "map": 0.5,
    "p@1": 1.0,
    "r@1": 0.5,
    "ndcg@1": 1.0,
    "p@5": 0.2,
    "r@5": 0.5,
    "ndcg@5": 0.6131471927654584,
    "p@10": 0.1,
    "r@10": 0.5,
    "ndcg@10": 0.6131471927654584
  },
  "retrieved": [
    9164,
    12080,
    4392,
    4389,
    3156,
    14228,
    13116,
    12085,
    14211,
    2895
  ]
}