{
  "qid": 121737,
  "query": "Thương nhân kinh doanh khách sạn nổi cần đáp ứng các điều kiện nào?",
  "metrics": {
    "mrr": 0.2,
    "map": 0.2,
    "p@1": 0.0,
    "r@1": 0.0,
    "ndcg@1": 0.0,
    "p@5": 0.2,
    "r@5": 1.0,
    "ndcg@5": 0.38685280723454163,
    "p@10": 0.1,
    "r@10": 1.0,
    "ndcg@10": 0.38685280723454163
  },
  "retrieved": [
    13517,
    13518,
    13520,
    12091,
    9792,
    12090,
    12094,
    12089,
    12110,
    5262
  ]
}