{
  "qid": 121912,
  "query": "Những văn bản quy phạm pháp luật nào thuộc thẩm quyền rà soát, hệ thống hóa của Thanh tra Chính phủ?",
  "metrics": {
    "mrr": 0.25,
    "map": 0.25,
    "p@1": 0.0,
    "r@1": 0.0,
    "ndcg@1": 0.0,
    "p@5": 0.2,
    "r@5": 1.0,
    "ndcg@5": 0.43067655807339306,
    "p@10": 0.1,
    "r@10": 1.0,
    "ndcg@10": 0.43067655807339306
  },
  "retrieved": [
    6328,
    6355,
    6325,
    6327,
    6322,
    6354,
    6323,
    6353,
    6326,
    558
  ]
}