{
  "qid": 122203,
  "query": "Phân phối vé đặt cược qua các phương thức nào?",
  "metrics": {
    "mrr": 0.5,
    "map": 0.5,
    "p@1": 0.0,
    "r@1": 0.0,
    "ndcg@1": 0.0,
    "p@5": 0.2,
    "r@5": 1.0,
    "ndcg@5": 0.6309297535714575,
    "p@10": 0.1,
    "r@10": 1.0,
    "ndcg@10": 0.6309297535714575
  },
  "retrieved": [
    6476,
    6475,
    6479,
    6477,
    6494,
    6496,
    6501,
    6474,
    6472,
    11033
  ]
}