{
  "qid": 122255,
  "query": "Nhà nghỉ du lịch có phải thực hiện niêm yết giá phòng không?",
  "metrics": {
    "mrr": 1.0,
    "map": 0.75,
    "p@1": 1.0,
    "r@1": 0.5,
    "ndcg@1": 1.0,
    "p@5": 0.4,
    "r@5": 1.0,
    "ndcg@5": 0.8772153153380493,
    "p@10": 0.2,
    "r@10": 1.0,
    "ndcg@10": 0.8772153153380493
  },
  "retrieved": [
    9791,
    9792,
    6614,
    9796,
    332,
    6392,
    3371,
    8641,
    6042,
    8647
  ]
}