{
  "qid": 122300,
  "query": "Trường hợp nào Hội đồng xét xử phúc thẩm ra quyết định hủy bản án sơ thẩm và đình chỉ vụ án?",
  "metrics": {
    "mrr": 0.5,
    "map": 0.5,
    "p@1": 0.0,
    "r@1": 0.0,
    "ndcg@1": 0.0,
    "p@5": 0.2,
    "r@5": 1.0,
    "ndcg@5": 0.6309297535714575,
    "p@10": 0.1,
    "r@10": 1.0,
    "ndcg@10": 0.6309297535714575
  },
  "retrieved": [
    10832,
    10836,
    12728,
    10835,
    10865,
    10837,
    10807,
    10873,
    10868,
    10825
  ]
}