{
  "qid": 12269,
  "query": "Đối với Lễ Tang cấp Nhà nước thì việc đưa tin buồn được thực hiện dưới danh nghĩa cơ quan nào?",
  "metrics": {
    "mrr": 0.16666666666666666,
    "map": 0.16666666666666666,
    "p@1": 0.0,
    "r@1": 0.0,
    "ndcg@1": 0.0,
    "p@5": 0.0,
    "r@5": 0.0,
    "ndcg@5": 0.0,
    "p@10": 0.1,
    "r@10": 1.0,
    "ndcg@10": 0.3562071871080222
  },
  "retrieved": [
    11774,
    11757,
    11758,
    11752,
    11806,
    11771,
    11756,
    11770,
    11796,
    11760
  ]
}