{
  "qid": 122894,
  "query": "Trình tự thủ tục cấp lại giấy phép kinh doanh dịch vụ lữ hành nội địa cho doanh nghiệp được thực hiện thế nào?",
  "metrics": {
    "mrr": 0.5,
    "map": 0.5,
    "p@1": 0.0,
    "r@1": 0.0,
    "ndcg@1": 0.0,
    "p@5": 0.2,
    "r@5": 1.0,
    "ndcg@5": 0.6309297535714575,
    "p@10": 0.1,
    "r@10": 1.0,
    "ndcg@10": 0.6309297535714575
  },
  "retrieved": [
    9774,
    9777,
    9779,
    9778,
    6612,
    9775,
    6607,
    9781,
    9780,
    9773
  ]
}