{
  "qid": 122816,
  "query": "Tổ chức lấy ý kiến của cán bộ chủ chốt về nhân sự được giới thiệu trong quy trình bổ nhiệm chức danh người đứng đầu Báo Giáo dục và Thời đại như thế nào?",
  "metrics": {
    "mrr": 0.5,
    "map": 0.5,
    "p@1": 0.0,
    "r@1": 0.0,
    "ndcg@1": 0.0,
    "p@5": 0.2,
    "r@5": 1.0,
    "ndcg@5": 0.6309297535714575,
    "p@10": 0.1,
    "r@10": 1.0,
    "ndcg@10": 0.6309297535714575
  },
  "retrieved": [
    14258,
    14253,
    2345,
    2339,
    2341,
    2349,
    2352,
    2346,
    2358,
    2342
  ]
}