{
  "qid": 123123,
  "query": "Ai có quyền quyết định tiếp nhận chuyển giao người đang chấp hành hình phạt tù ở nước ngoài về Việt Nam?",
  "metrics": {
    "mrr": 0.14285714285714285,
    "map": 0.07142857142857142,
    "p@1": 0.0,
    "r@1": 0.0,
    "ndcg@1": 0.0,
    "p@5": 0.0,
    "r@5": 0.0,
    "ndcg@5": 0.0,
    "p@10": 0.1,
    "r@10": 0.5,
    "ndcg@10": 0.20438239758848611
  },
  "retrieved": [
    8005,
    8013,
    293,
    8006,
    280,
    8004,
    8011,
    8020,
    291,
    283
  ]
}