{
  "qid": 123417,
  "query": "Người được cấp Chứng chỉ hành nghề lưu trữ có được tự ý sửa chữa Chứng chỉ khi bị hư hỏng không?",
  "metrics": {
    "mrr": 0.5,
    "map": 0.5,
    "p@1": 0.0,
    "r@1": 0.0,
    "ndcg@1": 0.0,
    "p@5": 0.2,
    "r@5": 1.0,
    "ndcg@5": 0.6309297535714575,
    "p@10": 0.1,
    "r@10": 1.0,
    "ndcg@10": 0.6309297535714575
  },
  "retrieved": [
    240,
    241,
    239,
    9370,
    242,
    238,
    14021,
    90,
    235,
    12352
  ]
}