{
  "qid": 123664,
  "query": "Viện trưởng sử dụng kết quả ghi âm sao chép ra thành một bản khác có được không?",
  "metrics": {
    "mrr": 0.2,
    "map": 0.2,
    "p@1": 0.0,
    "r@1": 0.0,
    "ndcg@1": 0.0,
    "p@5": 0.2,
    "r@5": 1.0,
    "ndcg@5": 0.38685280723454163,
    "p@10": 0.1,
    "r@10": 1.0,
    "ndcg@10": 0.38685280723454163
  },
  "retrieved": [
    1350,
    1363,
    3570,
    10885,
    3559,
    1348,
    13862,
    10876,
    45,
    10944
  ]
}