{
  "qid": 12370,
  "query": "Chủ tịch Ủy ban nhân dân cấp xã có quyền xử phạt người sử dụng thuốc thú y không theo hướng dẫn của cơ quan quản lý chuyên ngành thú y không?",
  "metrics": {
    "mrr": 0.16666666666666666,
    "map": 0.16666666666666666,
    "p@1": 0.0,
    "r@1": 0.0,
    "ndcg@1": 0.0,
    "p@5": 0.0,
    "r@5": 0.0,
    "ndcg@5": 0.0,
    "p@10": 0.1,
    "r@10": 1.0,
    "ndcg@10": 0.3562071871080222
  },
  "retrieved": [
    4712,
    11063,
    9664,
    4716,
    9663,
    4637,
    9662,
    9657,
    9651,
    4710
  ]
}