{
  "qid": 123722,
  "query": "Các cá nhân, tổ chức được thực hiện kinh doanh dịch vụ phát thanh, truyền hình dưới các hình thức nào?",
  "metrics": {
    "mrr": 0.14285714285714285,
    "map": 0.14285714285714285,
    "p@1": 0.0,
    "r@1": 0.0,
    "ndcg@1": 0.0,
    "p@5": 0.0,
    "r@5": 0.0,
    "ndcg@5": 0.0,
    "p@10": 0.1,
    "r@10": 1.0,
    "ndcg@10": 0.3333333333333333
  },
  "retrieved": [
    6376,
    6375,
    6392,
    6370,
    14918,
    6368,
    6369,
    6371,
    6386,
    6373
  ]
}