{
  "qid": 123754,
  "query": "Hoạt động chuyển giao công nghệ từ Việt Nam ra nước ngoài bị hạn chế trong những trường hợp nào?",
  "metrics": {
    "mrr": 0.5,
    "map": 0.5,
    "p@1": 0.0,
    "r@1": 0.0,
    "ndcg@1": 0.0,
    "p@5": 0.2,
    "r@5": 1.0,
    "ndcg@5": 0.6309297535714575,
    "p@10": 0.1,
    "r@10": 1.0,
    "ndcg@10": 0.6309297535714575
  },
  "retrieved": [
    7519,
    7501,
    7522,
    7516,
    7517,
    7492,
    7549,
    7494,
    7544,
    7545
  ]
}