{
  "qid": 1237,
  "query": "Thương nhân kinh doanh phà cao tốc với sức chứa 50 khách hoạt động vận tải khách du lịch gắn biển hiệu vận tải khách du lịch ở đâu?",
  "metrics": {
    "mrr": 0.5,
    "map": 0.5,
    "p@1": 0.0,
    "r@1": 0.0,
    "ndcg@1": 0.0,
    "p@5": 0.2,
    "r@5": 1.0,
    "ndcg@5": 0.6309297535714575,
    "p@10": 0.1,
    "r@10": 1.0,
    "ndcg@10": 0.6309297535714575
  },
  "retrieved": [
    13162,
    9790,
    13131,
    9789,
    13139,
    9788,
    13132,
    13148,
    13129,
    9818
  ]
}