{
  "qid": 123721,
  "query": "Các loại dịch vụ phát thanh, truyền hình nào mà tổ chức, cá nhân có thể kinh doanh?",
  "metrics": {
    "mrr": 0.3333333333333333,
    "map": 0.3333333333333333,
    "p@1": 0.0,
    "r@1": 0.0,
    "ndcg@1": 0.0,
    "p@5": 0.2,
    "r@5": 1.0,
    "ndcg@5": 0.5,
    "p@10": 0.1,
    "r@10": 1.0,
    "ndcg@10": 0.5
  },
  "retrieved": [
    6392,
    6368,
    6369,
    6376,
    6371,
    6386,
    6373,
    14918,
    6391,
    6370
  ]
}