{
  "qid": 123879,
  "query": "Tòa án xét xử phúc thẩm có được xem xét các quyết định không bị kháng cáo không?",
  "metrics": {
    "mrr": 0.5,
    "map": 0.5,
    "p@1": 0.0,
    "r@1": 0.0,
    "ndcg@1": 0.0,
    "p@5": 0.2,
    "r@5": 1.0,
    "ndcg@5": 0.6309297535714575,
    "p@10": 0.1,
    "r@10": 1.0,
    "ndcg@10": 0.6309297535714575
  },
  "retrieved": [
    10839,
    10822,
    10821,
    10825,
    10504,
    10809,
    10737,
    10823,
    10819,
    10807
  ]
}