{
  "qid": 123909,
  "query": "Công chức đang bị tạm giam có thuộc trường hợp chưa phải xem xét xử lý kỷ luật không?",
  "metrics": {
    "mrr": 0.3333333333333333,
    "map": 0.3333333333333333,
    "p@1": 0.0,
    "r@1": 0.0,
    "ndcg@1": 0.0,
    "p@5": 0.2,
    "r@5": 1.0,
    "ndcg@5": 0.5,
    "p@10": 0.1,
    "r@10": 1.0,
    "ndcg@10": 0.5
  },
  "retrieved": [
    13781,
    4440,
    13743,
    6650,
    8170,
    183,
    1890,
    10942,
    6647,
    10971
  ]
}