{
  "qid": 124490,
  "query": "Ai có trách nhiệm xác định hành lang bảo vệ công trình hạ tầng thu nhận dữ liệu ảnh viễn thám?",
  "metrics": {
    "mrr": 0.3333333333333333,
    "map": 0.3333333333333333,
    "p@1": 0.0,
    "r@1": 0.0,
    "ndcg@1": 0.0,
    "p@5": 0.2,
    "r@5": 1.0,
    "ndcg@5": 0.5,
    "p@10": 0.1,
    "r@10": 1.0,
    "ndcg@10": 0.5
  },
  "retrieved": [
    3584,
    3585,
    3581,
    3582,
    3586,
    3600,
    3579,
    3575,
    3576,
    3599
  ]
}