{
  "qid": 124411,
  "query": "Doanh nghiệp kinh doanh trò chơi điện tử có thưởng cho người nước ngoài có trách nhiệm gì trong công tác phòng chống rửa tiền?",
  "metrics": {
    "mrr": 0.3333333333333333,
    "map": 0.3333333333333333,
    "p@1": 0.0,
    "r@1": 0.0,
    "ndcg@1": 0.0,
    "p@5": 0.2,
    "r@5": 1.0,
    "ndcg@5": 0.5,
    "p@10": 0.1,
    "r@10": 1.0,
    "ndcg@10": 0.5
  },
  "retrieved": [
    12844,
    3248,
    3267,
    3256,
    3262,
    3250,
    3268,
    3259,
    7945,
    6486
  ]
}