{
  "qid": 124571,
  "query": "Xe tải 2,5 tấn để chở hàng hóa của gia đình có phải gắn thiết bị giám sát hành trình hay không?",
  "metrics": {
    "mrr": 0.25,
    "map": 0.25,
    "p@1": 0.0,
    "r@1": 0.0,
    "ndcg@1": 0.0,
    "p@5": 0.2,
    "r@5": 1.0,
    "ndcg@5": 0.43067655807339306,
    "p@10": 0.1,
    "r@10": 1.0,
    "ndcg@10": 0.43067655807339306
  },
  "retrieved": [
    10321,
    10322,
    10326,
    13138,
    10302,
    13135,
    13129,
    13132,
    11474,
    5270
  ]
}