{
  "qid": 124551,
  "query": "Các trường hợp quy định về mức phụ cấp của nhà giáo?",
  "metrics": {
    "mrr": 0.3333333333333333,
    "map": 0.3333333333333333,
    "p@1": 0.0,
    "r@1": 0.0,
    "ndcg@1": 0.0,
    "p@5": 0.2,
    "r@5": 1.0,
    "ndcg@5": 0.5,
    "p@10": 0.1,
    "r@10": 1.0,
    "ndcg@10": 0.5
  },
  "retrieved": [
    13835,
    13843,
    13842,
    13847,
    13839,
    13845,
    8463,
    8466,
    8462,
    8464
  ]
}