{
  "qid": 124683,
  "query": "Để được bổ nhiệm Thừa phát lại có bắt buộc phải tham dự kỳ kiểm tra kết quả tập sự hành nghề Thừa phát lại hay không?",
  "metrics": {
    "mrr": 0.1111111111111111,
    "map": 0.1111111111111111,
    "p@1": 0.0,
    "r@1": 0.0,
    "ndcg@1": 0.0,
    "p@5": 0.0,
    "r@5": 0.0,
    "ndcg@5": 0.0,
    "p@10": 0.1,
    "r@10": 1.0,
    "ndcg@10": 0.3010299956639812
  },
  "retrieved": [
    5848,
    8935,
    5853,
    5841,
    5829,
    8936,
    5842,
    5846,
    8932,
    4215
  ]
}