{
  "qid": 124745,
  "query": "Hình thức khen thưởng của Tòa án nhân dân gồm các hình thức nào hiện nay?",
  "metrics": {
    "mrr": 0.16666666666666666,
    "map": 0.16666666666666666,
    "p@1": 0.0,
    "r@1": 0.0,
    "ndcg@1": 0.0,
    "p@5": 0.0,
    "r@5": 0.0,
    "ndcg@5": 0.0,
    "p@10": 0.1,
    "r@10": 1.0,
    "ndcg@10": 0.3562071871080222
  },
  "retrieved": [
    1156,
    1130,
    1163,
    1159,
    1173,
    1151,
    1162,
    1160,
    1136,
    1357
  ]
}