{
  "qid": 1256,
  "query": "Phương thức trả giá lên trong đấu giá tài sản phải được quy định tại đâu và có buộc phải công khai không?",
  "metrics": {
    "mrr": 0.3333333333333333,
    "map": 0.3333333333333333,
    "p@1": 0.0,
    "r@1": 0.0,
    "ndcg@1": 0.0,
    "p@5": 0.2,
    "r@5": 1.0,
    "ndcg@5": 0.5,
    "p@10": 0.1,
    "r@10": 1.0,
    "ndcg@10": 0.5
  },
  "retrieved": [
    745,
    692,
    727,
    728,
    739,
    736,
    738,
    729,
    730,
    737
  ]
}