{
  "qid": 125723,
  "query": "Bảo tàng Dân tộc học Việt Nam được để lại bao nhiêu phần trăm số tiền phí thu được để trang trải chi phí?",
  "metrics": {
    "mrr": 0.3333333333333333,
    "map": 0.3333333333333333,
    "p@1": 0.0,
    "r@1": 0.0,
    "ndcg@1": 0.0,
    "p@5": 0.2,
    "r@5": 1.0,
    "ndcg@5": 0.5,
    "p@10": 0.1,
    "r@10": 1.0,
    "ndcg@10": 0.5
  },
  "retrieved": [
    11066,
    6041,
    8776,
    14540,
    8775,
    14040,
    14507,
    5809,
    2979,
    14503
  ]
}