{
  "qid": 125806,
  "query": "Mức lương của viên chức địa chính viên hạng II là bao nhiêu?",
  "metrics": {
    "mrr": 0.5,
    "map": 0.5,
    "p@1": 0.0,
    "r@1": 0.0,
    "ndcg@1": 0.0,
    "p@5": 0.2,
    "r@5": 1.0,
    "ndcg@5": 0.6309297535714575,
    "p@10": 0.1,
    "r@10": 1.0,
    "ndcg@10": 0.6309297535714575
  },
  "retrieved": [
    8612,
    1536,
    7726,
    14270,
    8457,
    6460,
    8623,
    1537,
    14249,
    8611
  ]
}