{
  "qid": 125809,
  "query": "Gia hạn thời hạn giải quyết nguồn tin về tội phạm được thực hiện trong thời gian nào?",
  "metrics": {
    "mrr": 0.5,
    "map": 0.5,
    "p@1": 0.0,
    "r@1": 0.0,
    "ndcg@1": 0.0,
    "p@5": 0.2,
    "r@5": 1.0,
    "ndcg@5": 0.6309297535714575,
    "p@10": 0.1,
    "r@10": 1.0,
    "ndcg@10": 0.6309297535714575
  },
  "retrieved": [
    997,
    10624,
    10636,
    10649,
    10651,
    12727,
    10754,
    1000,
    10626,
    10642
  ]
}