{
  "qid": 125929,
  "query": "Thẩm quyền điều tra của Quân đội, Công an? Chủ thể nào có quyền lực lớn hơn?",
  "metrics": {
    "mrr": 0.25,
    "map": 0.25,
    "p@1": 0.0,
    "r@1": 0.0,
    "ndcg@1": 0.0,
    "p@5": 0.2,
    "r@5": 1.0,
    "ndcg@5": 0.43067655807339306,
    "p@10": 0.1,
    "r@10": 1.0,
    "ndcg@10": 0.43067655807339306
  },
  "retrieved": [
    10953,
    10641,
    3564,
    10640,
    10627,
    10956,
    10702,
    5658,
    3885,
    11380
  ]
}