{
  "qid": 126146,
  "query": "Hồ sơ đăng ký tổ chức lễ hội có quy mô cấp tỉnh gồm có những giấy tờ gì?",
  "metrics": {
    "mrr": 0.5,
    "map": 0.5,
    "p@1": 0.0,
    "r@1": 0.0,
    "ndcg@1": 0.0,
    "p@5": 0.2,
    "r@5": 1.0,
    "ndcg@5": 0.6309297535714575,
    "p@10": 0.1,
    "r@10": 1.0,
    "ndcg@10": 0.6309297535714575
  },
  "retrieved": [
    2144,
    13414,
    13415,
    2143,
    13424,
    13413,
    13419,
    13409,
    144,
    13420
  ]
}