{
  "qid": 126288,
  "query": "Nhiệm vụ cộng tác viên công tác xã hội cấp xã được quy định ra sao?",
  "metrics": {
    "mrr": 0.2,
    "map": 0.2,
    "p@1": 0.0,
    "r@1": 0.0,
    "ndcg@1": 0.0,
    "p@5": 0.2,
    "r@5": 1.0,
    "ndcg@5": 0.38685280723454163,
    "p@10": 0.1,
    "r@10": 1.0,
    "ndcg@10": 0.38685280723454163
  },
  "retrieved": [
    7132,
    7129,
    7133,
    7134,
    7131,
    2842,
    2839,
    7130,
    2686,
    2838
  ]
}