{
  "qid": 126625,
  "query": "Doanh nghiệp được sử dụng hóa đơn điện tử không có mã của cơ quan thuế khi nào?",
  "metrics": {
    "mrr": 0.3333333333333333,
    "map": 0.3333333333333333,
    "p@1": 0.0,
    "r@1": 0.0,
    "ndcg@1": 0.0,
    "p@5": 0.2,
    "r@5": 1.0,
    "ndcg@5": 0.5,
    "p@10": 0.1,
    "r@10": 1.0,
    "ndcg@10": 0.5
  },
  "retrieved": [
    14867,
    14865,
    14874,
    14869,
    14856,
    14872,
    14866,
    14870,
    14857,
    14875
  ]
}