{
  "qid": 126895,
  "query": "Có được đăng ký khai sinh cho con riêng trong giai đoạn ly thân?",
  "metrics": {
    "mrr": 0.16666666666666666,
    "map": 0.16666666666666666,
    "p@1": 0.0,
    "r@1": 0.0,
    "ndcg@1": 0.0,
    "p@5": 0.0,
    "r@5": 0.0,
    "ndcg@5": 0.0,
    "p@10": 0.1,
    "r@10": 1.0,
    "ndcg@10": 0.3562071871080222
  },
  "retrieved": [
    4572,
    13966,
    4563,
    3130,
    2262,
    4568,
    4561,
    4562,
    4560,
    4569
  ]
}