{
  "qid": 127022,
  "query": "Người được cấp Chứng chỉ hành nghề lưu trữ sẽ được hành nghề trong phạm vi cả nước hay chỉ nơi mình đăng ký thường trú?",
  "metrics": {
    "mrr": 0.3333333333333333,
    "map": 0.3333333333333333,
    "p@1": 0.0,
    "r@1": 0.0,
    "ndcg@1": 0.0,
    "p@5": 0.2,
    "r@5": 1.0,
    "ndcg@5": 0.5,
    "p@10": 0.1,
    "r@10": 1.0,
    "ndcg@10": 0.5
  },
  "retrieved": [
    238,
    242,
    241,
    235,
    237,
    9374,
    239,
    9368,
    240,
    9378
  ]
}