{
  "qid": 127020,
  "query": "Điều kiện để được cấp Chứng chỉ hành nghề lưu trữ? Những người nào không được cấp Chứng chỉ hành nghề lưu trữ?",
  "metrics": {
    "mrr": 0.16666666666666666,
    "map": 0.16666666666666666,
    "p@1": 0.0,
    "r@1": 0.0,
    "ndcg@1": 0.0,
    "p@5": 0.0,
    "r@5": 0.0,
    "ndcg@5": 0.0,
    "p@10": 0.1,
    "r@10": 1.0,
    "ndcg@10": 0.3562071871080222
  },
  "retrieved": [
    239,
    240,
    242,
    241,
    238,
    90,
    235,
    9368,
    9374,
    9378
  ]
}