{
  "qid": 127329,
  "query": "Rà soát các tài liệu, dữ liệu được thu thập cho việc xây dựng cơ sở dữ liệu quy hoạch, kế hoạch sử dụng đất cấp huyện được thực hiện ra sao?",
  "metrics": {
    "mrr": 0.5,
    "map": 0.5,
    "p@1": 0.0,
    "r@1": 0.0,
    "ndcg@1": 0.0,
    "p@5": 0.2,
    "r@5": 1.0,
    "ndcg@5": 0.6309297535714575,
    "p@10": 0.1,
    "r@10": 1.0,
    "ndcg@10": 0.6309297535714575
  },
  "retrieved": [
    5437,
    5438,
    5456,
    5398,
    5441,
    1586,
    5462,
    5447,
    1562,
    1572
  ]
}