{
  "qid": 127830,
  "query": "Nhân viên bảo vệ tại các doanh nghiệp nhà nước cần phải đáp ứng những yêu cầu gì?",
  "metrics": {
    "mrr": 0.16666666666666666,
    "map": 0.16666666666666666,
    "p@1": 0.0,
    "r@1": 0.0,
    "ndcg@1": 0.0,
    "p@5": 0.0,
    "r@5": 0.0,
    "ndcg@5": 0.0,
    "p@10": 0.1,
    "r@10": 1.0,
    "ndcg@10": 0.3562071871080222
  },
  "retrieved": [
    6075,
    6070,
    3251,
    6076,
    11641,
    6068,
    8496,
    436,
    11143,
    14335
  ]
}