{
  "qid": 12791,
  "query": "Giáo viên trung học phổ thông hạng 2 phải có thời gian giữ chức danh giáo viên trung học phổ thông hạng 3 trong bao lâu thì mới được dự thi xét thăng hạng?",
  "metrics": {
    "mrr": 0.1111111111111111,
    "map": 0.1111111111111111,
    "p@1": 0.0,
    "r@1": 0.0,
    "ndcg@1": 0.0,
    "p@5": 0.0,
    "r@5": 0.0,
    "ndcg@5": 0.0,
    "p@10": 0.1,
    "r@10": 1.0,
    "ndcg@10": 0.3010299956639812
  },
  "retrieved": [
    4644,
    1538,
    1539,
    1532,
    2820,
    1535,
    6924,
    13119,
    1533,
    2817
  ]
}