{
  "qid": 12792,
  "query": "Hệ số lương của giáo viên trung học phổ thông hạng 2 được quy định như thế nào?",
  "metrics": {
    "mrr": 0.2,
    "map": 0.2,
    "p@1": 0.0,
    "r@1": 0.0,
    "ndcg@1": 0.0,
    "p@5": 0.2,
    "r@5": 1.0,
    "ndcg@5": 0.38685280723454163,
    "p@10": 0.1,
    "r@10": 1.0,
    "ndcg@10": 0.38685280723454163
  },
  "retrieved": [
    7726,
    1539,
    1537,
    4644,
    1536,
    6460,
    8612,
    8457,
    1531,
    3846
  ]
}