{
  "qid": 128848,
  "query": "Kết quả đăng ký giao dịch bảo đảm được trả cho người đăng ký bằng những phương thức nào?",
  "metrics": {
    "mrr": 0.5,
    "map": 0.5,
    "p@1": 0.0,
    "r@1": 0.0,
    "ndcg@1": 0.0,
    "p@5": 0.2,
    "r@5": 1.0,
    "ndcg@5": 0.6309297535714575,
    "p@10": 0.1,
    "r@10": 1.0,
    "ndcg@10": 0.6309297535714575
  },
  "retrieved": [
    11228,
    11187,
    13582,
    13453,
    11226,
    13583,
    8436,
    13338,
    8437,
    13335
  ]
}