{
  "qid": 129185,
  "query": "Thẩm quyền áp dụng biện pháp quản lý theo điều kiện xuất khẩu, nhập khẩu như thế nào?",
  "metrics": {
    "mrr": 0.25,
    "map": 0.25,
    "p@1": 0.0,
    "r@1": 0.0,
    "ndcg@1": 0.0,
    "p@5": 0.2,
    "r@5": 1.0,
    "ndcg@5": 0.43067655807339306,
    "p@10": 0.1,
    "r@10": 1.0,
    "ndcg@10": 0.43067655807339306
  },
  "retrieved": [
    5252,
    5238,
    5242,
    5254,
    5251,
    5247,
    5246,
    5249,
    5243,
    5235
  ]
}