{
  "qid": 129104,
  "query": "Chánh Thanh tra Sở Tài nguyên và Môi trường được quyền xử phạt người sử dụng nước mặn cho nuôi trồng thủy sản ở ngoài vùng quy hoạch gây xâm nhập mặn nguồn nước không?",
  "metrics": {
    "mrr": 0.14285714285714285,
    "map": 0.14285714285714285,
    "p@1": 0.0,
    "r@1": 0.0,
    "ndcg@1": 0.0,
    "p@5": 0.0,
    "r@5": 0.0,
    "ndcg@5": 0.0,
    "p@10": 0.1,
    "r@10": 1.0,
    "ndcg@10": 0.3333333333333333
  },
  "retrieved": [
    11127,
    8554,
    9875,
    1568,
    11615,
    14198,
    4637,
    3688,
    3686,
    3687
  ]
}