{
  "qid": 129299,
  "query": "Khi xác minh nội dung tố cáo trong thi hành án dân sự, làm việc trực tiếp với người bị tố cáo như thế nào?",
  "metrics": {
    "mrr": 0.25,
    "map": 0.25,
    "p@1": 0.0,
    "r@1": 0.0,
    "ndcg@1": 0.0,
    "p@5": 0.2,
    "r@5": 1.0,
    "ndcg@5": 0.43067655807339306,
    "p@10": 0.1,
    "r@10": 1.0,
    "ndcg@10": 0.43067655807339306
  },
  "retrieved": [
    2212,
    12541,
    2200,
    2215,
    2198,
    1512,
    2222,
    2324,
    2224,
    6155
  ]
}