{
  "qid": 129675,
  "query": "Viên chức được bổ nhiệm vào chức danh Giáo viên tiểu học hạng 1 được áp dụng hệ số lương nào?",
  "metrics": {
    "mrr": 0.25,
    "map": 0.25,
    "p@1": 0.0,
    "r@1": 0.0,
    "ndcg@1": 0.0,
    "p@5": 0.2,
    "r@5": 1.0,
    "ndcg@5": 0.43067655807339306,
    "p@10": 0.1,
    "r@10": 1.0,
    "ndcg@10": 0.43067655807339306
  },
  "retrieved": [
    1537,
    7726,
    2820,
    1536,
    8457,
    6460,
    8612,
    1538,
    1539,
    2815
  ]
}