{
  "qid": 129970,
  "query": "Người tham gia tố tụng hình sự bắt buộc phải giữ bí mật điều tra?",
  "metrics": {
    "mrr": 0.3333333333333333,
    "map": 0.3333333333333333,
    "p@1": 0.0,
    "r@1": 0.0,
    "ndcg@1": 0.0,
    "p@5": 0.2,
    "r@5": 1.0,
    "ndcg@5": 0.5,
    "p@10": 0.1,
    "r@10": 1.0,
    "ndcg@10": 0.5
  },
  "retrieved": [
    1933,
    1934,
    10654,
    1935,
    10785,
    10551,
    2532,
    12701,
    10478,
    10518
  ]
}