{
  "qid": 129960,
  "query": "Trình tự, thủ tục công nhận tổ chức tôn giáo gồm những gì?",
  "metrics": {
    "mrr": 0.5,
    "map": 0.5,
    "p@1": 0.0,
    "r@1": 0.0,
    "ndcg@1": 0.0,
    "p@5": 0.2,
    "r@5": 1.0,
    "ndcg@5": 0.6309297535714575,
    "p@10": 0.1,
    "r@10": 1.0,
    "ndcg@10": 0.6309297535714575
  },
  "retrieved": [
    2160,
    2152,
    2161,
    2197,
    4265,
    2172,
    2147,
    13405,
    2155,
    2181
  ]
}