{
  "qid": 130119,
  "query": "Người phụ trách kế toán có thể thay thế vị trí kế toán trưởng hay không?",
  "metrics": {
    "mrr": 0.1111111111111111,
    "map": 0.1111111111111111,
    "p@1": 0.0,
    "r@1": 0.0,
    "ndcg@1": 0.0,
    "p@5": 0.0,
    "r@5": 0.0,
    "ndcg@5": 0.0,
    "p@10": 0.1,
    "r@10": 1.0,
    "ndcg@10": 0.3010299956639812
  },
  "retrieved": [
    4396,
    4399,
    4388,
    4395,
    4394,
    2891,
    4389,
    4390,
    2895,
    4393
  ]
}