{
  "qid": 130261,
  "query": "Hoạt động cơ yếu là gì? Người làm việc trong tổ chức cơ yếu là ai?",
  "metrics": {
    "mrr": 0.3333333333333333,
    "map": 0.16666666666666666,
    "p@1": 0.0,
    "r@1": 0.0,
    "ndcg@1": 0.0,
    "p@5": 0.2,
    "r@5": 0.5,
    "ndcg@5": 0.3065735963827292,
    "p@10": 0.1,
    "r@10": 0.5,
    "ndcg@10": 0.3065735963827292
  },
  "retrieved": [
    4775,
    4768,
    4787,
    5033,
    7555,
    4766,
    4794,
    4765,
    5032,
    10233
  ]
}