{
  "qid": 130262,
  "query": "Nghĩa vụ, trách nhiệm của người làm việc trong tổ chức cơ yếu là gì?",
  "metrics": {
    "mrr": 0.5,
    "map": 0.5,
    "p@1": 0.0,
    "r@1": 0.0,
    "ndcg@1": 0.0,
    "p@5": 0.2,
    "r@5": 1.0,
    "ndcg@5": 0.6309297535714575,
    "p@10": 0.1,
    "r@10": 1.0,
    "ndcg@10": 0.6309297535714575
  },
  "retrieved": [
    4765,
    4788,
    4787,
    5033,
    7560,
    4800,
    7555,
    4766,
    4794,
    4798
  ]
}