{
  "qid": 130373,
  "query": "Việc vui chơi giải trí cho phạm nhân được pháp luật quy định như thế nào?",
  "metrics": {
    "mrr": 0.5,
    "map": 0.5,
    "p@1": 0.0,
    "r@1": 0.0,
    "ndcg@1": 0.0,
    "p@5": 0.2,
    "r@5": 1.0,
    "ndcg@5": 0.6309297535714575,
    "p@10": 0.1,
    "r@10": 1.0,
    "ndcg@10": 0.6309297535714575
  },
  "retrieved": [
    1848,
    1847,
    3269,
    14450,
    1837,
    1849,
    1835,
    9797,
    7946,
    3248
  ]
}