{
  "qid": 130500,
  "query": "Mức lương của viên chức thiết bị, thí nghiệm ở trường trung học phổ thông năm 2023 như thế nào?",
  "metrics": {
    "mrr": 0.2,
    "map": 0.2,
    "p@1": 0.0,
    "r@1": 0.0,
    "ndcg@1": 0.0,
    "p@5": 0.2,
    "r@5": 1.0,
    "ndcg@5": 0.38685280723454163,
    "p@10": 0.1,
    "r@10": 1.0,
    "ndcg@10": 0.38685280723454163
  },
  "retrieved": [
    8809,
    1539,
    8813,
    7785,
    7787,
    3846,
    7782,
    8811,
    7786,
    1531
  ]
}