{
  "qid": 130676,
  "query": "Thương nhân kinh doanh khách sạn nghỉ dưỡng có phải treo biển công nhận hạng cơ sở lưu trú tại khách sạn không?",
  "metrics": {
    "mrr": 0.5,
    "map": 0.5,
    "p@1": 0.0,
    "r@1": 0.0,
    "ndcg@1": 0.0,
    "p@5": 0.2,
    "r@5": 1.0,
    "ndcg@5": 0.6309297535714575,
    "p@10": 0.1,
    "r@10": 1.0,
    "ndcg@10": 0.6309297535714575
  },
  "retrieved": [
    9793,
    9796,
    9792,
    9791,
    9795,
    13517,
    13518,
    9752,
    6624,
    13520
  ]
}