{
  "qid": 130985,
  "query": "Quyết định giải quyết khiếu nại lần đầu được quy định ra sao?",
  "metrics": {
    "mrr": 0.2,
    "map": 0.2,
    "p@1": 0.0,
    "r@1": 0.0,
    "ndcg@1": 0.0,
    "p@5": 0.2,
    "r@5": 1.0,
    "ndcg@5": 0.38685280723454163,
    "p@10": 0.1,
    "r@10": 1.0,
    "ndcg@10": 0.38685280723454163
  },
  "retrieved": [
    1733,
    1714,
    1718,
    1487,
    1731,
    1754,
    1732,
    1707,
    1757,
    1751
  ]
}