{
  "qid": 130924,
  "query": "Có những hình thức đấu thầu mua lại công cụ nợ nào?",
  "metrics": {
    "mrr": 0.2,
    "map": 0.2,
    "p@1": 0.0,
    "r@1": 0.0,
    "ndcg@1": 0.0,
    "p@5": 0.2,
    "r@5": 1.0,
    "ndcg@5": 0.38685280723454163,
    "p@10": 0.1,
    "r@10": 1.0,
    "ndcg@10": 0.38685280723454163
  },
  "retrieved": [
    13432,
    13461,
    13429,
    13433,
    13436,
    13451,
    13450,
    13445,
    13439,
    13437
  ]
}