{
  "qid": 131061,
  "query": "Quản lý dự án hàng hải hạng 1 là ai? Quản lý dự án hàng hải hạng 1 hưởng mức lương thế nào?",
  "metrics": {
    "mrr": 0.14285714285714285,
    "map": 0.14285714285714285,
    "p@1": 0.0,
    "r@1": 0.0,
    "ndcg@1": 0.0,
    "p@5": 0.0,
    "r@5": 0.0,
    "ndcg@5": 0.0,
    "p@10": 0.1,
    "r@10": 1.0,
    "ndcg@10": 0.3333333333333333
  },
  "retrieved": [
    3874,
    3738,
    6460,
    3763,
    14270,
    8612,
    1536,
    8457,
    14249,
    7789
  ]
}