{
  "qid": 131210,
  "query": "Biển hiệu nhà riêng người đứng đầu cơ quan đại diện ngoại giao được làm bằng đồng hay bạc?",
  "metrics": {
    "mrr": 0.3333333333333333,
    "map": 0.3333333333333333,
    "p@1": 0.0,
    "r@1": 0.0,
    "ndcg@1": 0.0,
    "p@5": 0.2,
    "r@5": 1.0,
    "ndcg@5": 0.5,
    "p@10": 0.1,
    "r@10": 1.0,
    "ndcg@10": 0.5
  },
  "retrieved": [
    21,
    18,
    23,
    26,
    22,
    19,
    1398,
    5376,
    1414,
    1415
  ]
}