{
  "qid": 131291,
  "query": "Tự ý chuyển mục đích sử dụng đất nông nghiệp có xây dựng nhà kính để xây dựng nhà ở có thể bị phạt như thế nào?",
  "metrics": {
    "mrr": 0.16666666666666666,
    "map": 0.16666666666666666,
    "p@1": 0.0,
    "r@1": 0.0,
    "ndcg@1": 0.0,
    "p@5": 0.0,
    "r@5": 0.0,
    "ndcg@5": 0.0,
    "p@10": 0.1,
    "r@10": 1.0,
    "ndcg@10": 0.3562071871080222
  },
  "retrieved": [
    11105,
    11106,
    11119,
    7229,
    11121,
    11102,
    11117,
    1590,
    1084,
    3578
  ]
}