{
  "qid": 13141,
  "query": "Hình thức xử lý kỷ luật công chức khi nhận tiền của người dân?",
  "metrics": {
    "mrr": 0.2,
    "map": 0.2,
    "p@1": 0.0,
    "r@1": 0.0,
    "ndcg@1": 0.0,
    "p@5": 0.2,
    "r@5": 1.0,
    "ndcg@5": 0.38685280723454163,
    "p@10": 0.1,
    "r@10": 1.0,
    "ndcg@10": 0.38685280723454163
  },
  "retrieved": [
    4094,
    13764,
    13779,
    13778,
    13753,
    13747,
    13749,
    13767,
    3868,
    8224
  ]
}