{
  "qid": 131761,
  "query": "Cửa hàng xăng dầu khi lập phiếu thu sau khi xuất hóa đơn bán hàng có phải cung cấp phiếu thu cho bên mua không?",
  "metrics": {
    "mrr": 0.1111111111111111,
    "map": 0.1111111111111111,
    "p@1": 0.0,
    "r@1": 0.0,
    "ndcg@1": 0.0,
    "p@5": 0.0,
    "r@5": 0.0,
    "ndcg@5": 0.0,
    "p@10": 0.1,
    "r@10": 1.0,
    "ndcg@10": 0.3010299956639812
  },
  "retrieved": [
    14858,
    14860,
    10399,
    10408,
    10396,
    8123,
    11994,
    11995,
    5748,
    10397
  ]
}