{
  "qid": 131868,
  "query": "Khi tổ chức thi hành án Thừa phát lại có được tạm giữ tài sản của người phải thi hành án hay không?",
  "metrics": {
    "mrr": 0.5,
    "map": 0.5,
    "p@1": 0.0,
    "r@1": 0.0,
    "ndcg@1": 0.0,
    "p@5": 0.2,
    "r@5": 1.0,
    "ndcg@5": 0.6309297535714575,
    "p@10": 0.1,
    "r@10": 1.0,
    "ndcg@10": 0.6309297535714575
  },
  "retrieved": [
    8983,
    8978,
    8986,
    8984,
    8970,
    8976,
    11185,
    8982,
    8979,
    8981
  ]
}