{
  "qid": 132058,
  "query": "Quy định về tiêu chuẩn và điều kiện để có thể làm kế toán trưởng trong doanh nghiệp quốc phòng an ninh hiện nay ra sao?",
  "metrics": {
    "mrr": 0.16666666666666666,
    "map": 0.16666666666666666,
    "p@1": 0.0,
    "r@1": 0.0,
    "ndcg@1": 0.0,
    "p@5": 0.0,
    "r@5": 0.0,
    "ndcg@5": 0.0,
    "p@10": 0.1,
    "r@10": 1.0,
    "ndcg@10": 0.3562071871080222
  },
  "retrieved": [
    2899,
    2895,
    2897,
    5875,
    2483,
    2896,
    8051,
    4390,
    2477,
    4992
  ]
}