{
  "qid": 132220,
  "query": "Việc kiểm nghiệm mẫu giám sát an toàn thực phẩm nông lâm thủy sản được thực hiện như thế nào?",
  "metrics": {
    "mrr": 0.5,
    "map": 0.5,
    "p@1": 0.0,
    "r@1": 0.0,
    "ndcg@1": 0.0,
    "p@5": 0.2,
    "r@5": 1.0,
    "ndcg@5": 0.6309297535714575,
    "p@10": 0.1,
    "r@10": 1.0,
    "ndcg@10": 0.6309297535714575
  },
  "retrieved": [
    8522,
    8521,
    8519,
    8526,
    8525,
    8512,
    8505,
    8506,
    8504,
    8508
  ]
}