{
  "qid": 132318,
  "query": "Nộp hồ sơ đề nghị cấp giấy xác nhận nội dung quảng cáo thuốc ở đâu?",
  "metrics": {
    "mrr": 0.3333333333333333,
    "map": 0.3333333333333333,
    "p@1": 0.0,
    "r@1": 0.0,
    "ndcg@1": 0.0,
    "p@5": 0.2,
    "r@5": 1.0,
    "ndcg@5": 0.5,
    "p@10": 0.1,
    "r@10": 1.0,
    "ndcg@10": 0.5
  },
  "retrieved": [
    9521,
    9539,
    9538,
    9531,
    12277,
    14608,
    9523,
    9541,
    9526,
    7779
  ]
}