{
  "qid": 133181,
  "query": "Nhà tu hành là người nước ngoài có được quyền giảng đạo tại các cơ sở tôn giáo ở Việt Nam hay không?",
  "metrics": {
    "mrr": 1.0,
    "map": 0.75,
    "p@1": 1.0,
    "r@1": 0.5,
    "ndcg@1": 1.0,
    "p@5": 0.4,
    "r@5": 1.0,
    "ndcg@5": 0.8772153153380493,
    "p@10": 0.2,
    "r@10": 1.0,
    "ndcg@10": 0.8772153153380493
  },
  "retrieved": [
    2138,
    2178,
    2182,
    2136,
    2139,
    2193,
    2180,
    2132,
    4261,
    2165
  ]
}