{
  "qid": 133130,
  "query": "Cơ quan nào có thẩm quyền chứng nhận lãnh sự ở trong nước?",
  "metrics": {
    "mrr": 0.14285714285714285,
    "map": 0.14285714285714285,
    "p@1": 0.0,
    "r@1": 0.0,
    "ndcg@1": 0.0,
    "p@5": 0.0,
    "r@5": 0.0,
    "ndcg@5": 0.0,
    "p@10": 0.1,
    "r@10": 1.0,
    "ndcg@10": 0.3333333333333333
  },
  "retrieved": [
    13496,
    13508,
    154,
    155,
    13500,
    13497,
    145,
    13507,
    13492,
    13509
  ]
}