{
  "qid": 133303,
  "query": "Giảng viên tham gia công tác đào tạo nghiệp vụ kiểm sát thực hiện những nhiệm vụ cụ thể nào trong việc nghiên cứu khoa học và công nghệ?",
  "metrics": {
    "mrr": 0.25,
    "map": 0.25,
    "p@1": 0.0,
    "r@1": 0.0,
    "ndcg@1": 0.0,
    "p@5": 0.2,
    "r@5": 1.0,
    "ndcg@5": 0.43067655807339306,
    "p@10": 0.1,
    "r@10": 1.0,
    "ndcg@10": 0.43067655807339306
  },
  "retrieved": [
    532,
    527,
    3457,
    1047,
    11011,
    502,
    505,
    500,
    13857,
    503
  ]
}