{
  "qid": 133845,
  "query": "Quỹ tín dụng nhân dân cần đáp ứng điều kiện gì để thành lập phòng giao dịch?",
  "metrics": {
    "mrr": 0.2,
    "map": 0.2,
    "p@1": 0.0,
    "r@1": 0.0,
    "ndcg@1": 0.0,
    "p@5": 0.2,
    "r@5": 1.0,
    "ndcg@5": 0.38685280723454163,
    "p@10": 0.1,
    "r@10": 1.0,
    "ndcg@10": 0.38685280723454163
  },
  "retrieved": [
    10091,
    10103,
    10093,
    10090,
    10067,
    10059,
    10095,
    10104,
    10062,
    10092
  ]
}