{
  "qid": 13390,
  "query": "Nhiệm vụ học tập, bồi dưỡng nâng cao trình độ của giảng viên trong các cơ sở đào tạo, bồi dưỡng cán bộ, công chức, viên chức được quy định như thế nào?",
  "metrics": {
    "mrr": 0.5,
    "map": 0.5,
    "p@1": 0.0,
    "r@1": 0.0,
    "ndcg@1": 0.0,
    "p@5": 0.2,
    "r@5": 1.0,
    "ndcg@5": 0.6309297535714575,
    "p@10": 0.1,
    "r@10": 1.0,
    "ndcg@10": 0.6309297535714575
  },
  "retrieved": [
    11019,
    1049,
    11007,
    1052,
    11011,
    11004,
    11017,
    1041,
    5502,
    1040
  ]
}