{
  "qid": 134,
  "query": "Người yêu cầu lập vi bằng có thể đề nghị văn phòng thừa phát lại cung cấp bản sao vi bằng?",
  "metrics": {
    "mrr": 0.1111111111111111,
    "map": 0.1111111111111111,
    "p@1": 0.0,
    "r@1": 0.0,
    "ndcg@1": 0.0,
    "p@5": 0.0,
    "r@5": 0.0,
    "ndcg@5": 0.0,
    "p@10": 0.1,
    "r@10": 1.0,
    "ndcg@10": 0.3010299956639812
  },
  "retrieved": [
    8965,
    8966,
    5860,
    8967,
    5868,
    5859,
    5858,
    8990,
    8968,
    8962
  ]
}