{
  "qid": 13420,
  "query": "Nhiệm vụ lập quy hoạch cảng hàng không sân bay gồm các nội dung nào?",
  "metrics": {
    "mrr": 0.3333333333333333,
    "map": 0.3333333333333333,
    "p@1": 0.0,
    "r@1": 0.0,
    "ndcg@1": 0.0,
    "p@5": 0.2,
    "r@5": 1.0,
    "ndcg@5": 0.5,
    "p@10": 0.1,
    "r@10": 1.0,
    "ndcg@10": 0.5
  },
  "retrieved": [
    5892,
    5891,
    5890,
    5889,
    5883,
    5886,
    5885,
    5882,
    5884,
    5888
  ]
}