{
  "qid": 134366,
  "query": "Sổ kế toán phải mở vào thời điểm nào của kỳ kế toán năm?",
  "metrics": {
    "mrr": 0.3333333333333333,
    "map": 0.3333333333333333,
    "p@1": 0.0,
    "r@1": 0.0,
    "ndcg@1": 0.0,
    "p@5": 0.2,
    "r@5": 1.0,
    "ndcg@5": 0.5,
    "p@10": 0.1,
    "r@10": 1.0,
    "ndcg@10": 0.5
  },
  "retrieved": [
    2870,
    2856,
    5827,
    2883,
    2873,
    2850,
    12083,
    5776,
    5780,
    11034
  ]
}