{
  "qid": 134856,
  "query": "Việc rút kháng nghị phúc thẩm vụ án hình sự được thực hiện như thế nào?",
  "metrics": {
    "mrr": 0.2,
    "map": 0.2,
    "p@1": 0.0,
    "r@1": 0.0,
    "ndcg@1": 0.0,
    "p@5": 0.2,
    "r@5": 1.0,
    "ndcg@5": 0.38685280723454163,
    "p@10": 0.1,
    "r@10": 1.0,
    "ndcg@10": 0.38685280723454163
  },
  "retrieved": [
    10831,
    10825,
    10924,
    10743,
    10819,
    10839,
    8153,
    10807,
    10504,
    10737
  ]
}