{
  "qid": 135173,
  "query": "Cơ quan nào có thẩm quyền tiếp nhận mẫu NA1 Tờ đề nghị cấp thị thực Việt Nam cho người nước ngoài tại Việt Nam?",
  "metrics": {
    "mrr": 0.5,
    "map": 0.5,
    "p@1": 0.0,
    "r@1": 0.0,
    "ndcg@1": 0.0,
    "p@5": 0.2,
    "r@5": 1.0,
    "ndcg@5": 0.6309297535714575,
    "p@10": 0.1,
    "r@10": 1.0,
    "ndcg@10": 0.6309297535714575
  },
  "retrieved": [
    4253,
    4252,
    4254,
    13505,
    2963,
    4257,
    11637,
    444,
    4055,
    6998
  ]
}