{
  "qid": 135128,
  "query": "Trường hợp bên cung cấp dịch vụ không giải quyết khiếu nại trong thời hạn giải quyết khiếu nại thì xử lý thế nào?",
  "metrics": {
    "mrr": 0.5,
    "map": 0.5,
    "p@1": 0.0,
    "r@1": 0.0,
    "ndcg@1": 0.0,
    "p@5": 0.2,
    "r@5": 1.0,
    "ndcg@5": 0.6309297535714575,
    "p@10": 0.1,
    "r@10": 1.0,
    "ndcg@10": 0.6309297535714575
  },
  "retrieved": [
    4814,
    4804,
    4805,
    4811,
    4816,
    4813,
    4818,
    1492,
    4807,
    2206
  ]
}