{
  "qid": 135295,
  "query": "Công chức được giao nhiệm vụ giám sát hoạt động của Đoàn kiểm tra thuế có những nhiệm vụ và quyền hạn gì?",
  "metrics": {
    "mrr": 0.3333333333333333,
    "map": 0.3333333333333333,
    "p@1": 0.0,
    "r@1": 0.0,
    "ndcg@1": 0.0,
    "p@5": 0.2,
    "r@5": 1.0,
    "ndcg@5": 0.5,
    "p@10": 0.1,
    "r@10": 1.0,
    "ndcg@10": 0.5
  },
  "retrieved": [
    5122,
    5119,
    5123,
    5121,
    5118,
    5115,
    5111,
    5128,
    5124,
    13375
  ]
}