{
  "qid": 135481,
  "query": "Giáo viên giáo dục nghề nghiệp lý thuyết hạng 3 có những nhiệm vụ gì?",
  "metrics": {
    "mrr": 0.14285714285714285,
    "map": 0.14285714285714285,
    "p@1": 0.0,
    "r@1": 0.0,
    "ndcg@1": 0.0,
    "p@5": 0.0,
    "r@5": 0.0,
    "ndcg@5": 0.0,
    "p@10": 0.1,
    "r@10": 1.0,
    "ndcg@10": 0.3333333333333333
  },
  "retrieved": [
    12978,
    1532,
    12977,
    1538,
    2817,
    1533,
    3457,
    1534,
    7726,
    1539
  ]
}