{
  "qid": 13553,
  "query": "Thời hạn thực hiện và thời điểm có hiệu lực của hợp đồng chuyển giao công nghệ thiết bị kèm công nghệ cao là khi nào?",
  "metrics": {
    "mrr": 0.3333333333333333,
    "map": 0.3333333333333333,
    "p@1": 0.0,
    "r@1": 0.0,
    "ndcg@1": 0.0,
    "p@5": 0.2,
    "r@5": 1.0,
    "ndcg@5": 0.5,
    "p@10": 0.1,
    "r@10": 1.0,
    "ndcg@10": 0.5
  },
  "retrieved": [
    12786,
    7500,
    7515,
    7510,
    7521,
    7514,
    7497,
    7496,
    7493,
    7494
  ]
}