{
  "qid": 135770,
  "query": "Viên chức được bổ nhiệm chức danh giáo viên giáo dục nghề nghiệp hạng 2 được xếp hệ số lương là bao nhiêu?",
  "metrics": {
    "mrr": 0.5,
    "map": 0.5,
    "p@1": 0.0,
    "r@1": 0.0,
    "ndcg@1": 0.0,
    "p@5": 0.2,
    "r@5": 1.0,
    "ndcg@5": 0.6309297535714575,
    "p@10": 0.1,
    "r@10": 1.0,
    "ndcg@10": 0.6309297535714575
  },
  "retrieved": [
    7726,
    1536,
    6460,
    8457,
    8612,
    1539,
    1537,
    7562,
    7561,
    14249
  ]
}