{
  "qid": 135836,
  "query": "Văn phòng Thừa phát lại có nghĩa vụ tạo điều kiện cho Thừa phát lại tham gia bồi dưỡng nghiệp vụ không?",
  "metrics": {
    "mrr": 0.5,
    "map": 0.5,
    "p@1": 0.0,
    "r@1": 0.0,
    "ndcg@1": 0.0,
    "p@5": 0.2,
    "r@5": 1.0,
    "ndcg@5": 0.6309297535714575,
    "p@10": 0.1,
    "r@10": 1.0,
    "ndcg@10": 0.6309297535714575
  },
  "retrieved": [
    8942,
    8944,
    5834,
    8954,
    8943,
    8953,
    5842,
    5841,
    8956,
    8955
  ]
}