{
  "qid": 135934,
  "query": "Trang phục của người tham dự lễ kỷ niệm ngày thành lập của cơ quan nhà nước cấp bộ khuyến khích phải đảm bảo những yêu cầu nào?",
  "metrics": {
    "mrr": 0.25,
    "map": 0.25,
    "p@1": 0.0,
    "r@1": 0.0,
    "ndcg@1": 0.0,
    "p@5": 0.2,
    "r@5": 1.0,
    "ndcg@5": 0.43067655807339306,
    "p@10": 0.1,
    "r@10": 1.0,
    "ndcg@10": 0.43067655807339306
  },
  "retrieved": [
    13648,
    4196,
    13651,
    13650,
    13652,
    6045,
    13655,
    13643,
    2078,
    6208
  ]
}