{
  "qid": 13592,
  "query": "Cán bộ, công chức giám sát, kiểm tra thực hiện dân chủ trong cơ quan hành chính thông qua hình thức nào?",
  "metrics": {
    "mrr": 0.5,
    "map": 0.5,
    "p@1": 0.0,
    "r@1": 0.0,
    "ndcg@1": 0.0,
    "p@5": 0.2,
    "r@5": 1.0,
    "ndcg@5": 0.6309297535714575,
    "p@10": 0.1,
    "r@10": 1.0,
    "ndcg@10": 0.6309297535714575
  },
  "retrieved": [
    4124,
    4135,
    805,
    806,
    1702,
    1701,
    13741,
    4133,
    4036,
    10106
  ]
}