{
  "qid": 136088,
  "query": "Xử lý thế nào trong trường hợp tiếp nhận tin báo về tội phạm không thuộc thẩm quyền giải quyết?",
  "metrics": {
    "mrr": 0.3333333333333333,
    "map": 0.3333333333333333,
    "p@1": 0.0,
    "r@1": 0.0,
    "ndcg@1": 0.0,
    "p@5": 0.2,
    "r@5": 1.0,
    "ndcg@5": 0.5,
    "p@10": 0.1,
    "r@10": 1.0,
    "ndcg@10": 0.5
  },
  "retrieved": [
    994,
    10622,
    10623,
    1000,
    998,
    990,
    991,
    995,
    993,
    10533
  ]
}