{
  "qid": 136204,
  "query": "Khi thực hiện chương trình đào tạo thực hành đối với điều dưỡng viên thì cơ sở thực hành có những trách nhiệm gì cần thực hiện?",
  "metrics": {
    "mrr": 0.25,
    "map": 0.25,
    "p@1": 0.0,
    "r@1": 0.0,
    "ndcg@1": 0.0,
    "p@5": 0.2,
    "r@5": 1.0,
    "ndcg@5": 0.43067655807339306,
    "p@10": 0.1,
    "r@10": 1.0,
    "ndcg@10": 0.43067655807339306
  },
  "retrieved": [
    6975,
    13631,
    13621,
    13625,
    13622,
    13623,
    13619,
    13624,
    13633,
    13627
  ]
}