{
  "qid": 136298,
  "query": "Người lao động bị bệnh nhập viện thì đủ điều kiện hưởng bảo hiểm xã hội chế độ ốm đau không?",
  "metrics": {
    "mrr": 0.3333333333333333,
    "map": 0.3333333333333333,
    "p@1": 0.0,
    "r@1": 0.0,
    "ndcg@1": 0.0,
    "p@5": 0.2,
    "r@5": 1.0,
    "ndcg@5": 0.5,
    "p@10": 0.1,
    "r@10": 1.0,
    "ndcg@10": 0.5
  },
  "retrieved": [
    11847,
    11846,
    11845,
    14089,
    14090,
    14108,
    11865,
    11848,
    2573,
    11844
  ]
}