{
  "qid": 136345,
  "query": "Khi hết thời gian tập sự, người tập sự phải báo cáo kết quả tập sự những nội dung gì?",
  "metrics": {
    "mrr": 0.25,
    "map": 0.25,
    "p@1": 0.0,
    "r@1": 0.0,
    "ndcg@1": 0.0,
    "p@5": 0.2,
    "r@5": 1.0,
    "ndcg@5": 0.43067655807339306,
    "p@10": 0.1,
    "r@10": 1.0,
    "ndcg@10": 0.43067655807339306
  },
  "retrieved": [
    4207,
    5836,
    6573,
    14231,
    6572,
    4208,
    5841,
    5842,
    4215,
    6578
  ]
}