{
  "qid": 136588,
  "query": "Sổ kế toán được hiểu như thế nào?",
  "metrics": {
    "mrr": 0.16666666666666666,
    "map": 0.16666666666666666,
    "p@1": 0.0,
    "r@1": 0.0,
    "ndcg@1": 0.0,
    "p@5": 0.0,
    "r@5": 0.0,
    "ndcg@5": 0.0,
    "p@10": 0.1,
    "r@10": 1.0,
    "ndcg@10": 0.3562071871080222
  },
  "retrieved": [
    2870,
    5827,
    12083,
    2869,
    2871,
    2868,
    5825,
    5826,
    2885,
    9147
  ]
}