{
  "qid": 136628,
  "query": "Góp vốn bằng công nghệ có phải lập hợp đồng chuyển giao công nghệ không?",
  "metrics": {
    "mrr": 1.0,
    "map": 0.6,
    "p@1": 1.0,
    "r@1": 0.5,
    "ndcg@1": 1.0,
    "p@5": 0.2,
    "r@5": 0.5,
    "ndcg@5": 0.6131471927654584,
    "p@10": 0.2,
    "r@10": 1.0,
    "ndcg@10": 0.7903864795495061
  },
  "retrieved": [
    7496,
    7499,
    7518,
    7537,
    7507,
    7522,
    8273,
    7521,
    7503,
    7513
  ]
}