{
  "qid": 136943,
  "query": "Nội dung của vi bằng là gì?",
  "metrics": {
    "mrr": 0.25,
    "map": 0.25,
    "p@1": 0.0,
    "r@1": 0.0,
    "ndcg@1": 0.0,
    "p@5": 0.2,
    "r@5": 1.0,
    "ndcg@5": 0.43067655807339306,
    "p@10": 0.1,
    "r@10": 1.0,
    "ndcg@10": 0.43067655807339306
  },
  "retrieved": [
    5859,
    5858,
    8964,
    8966,
    8967,
    8968,
    8965,
    5860,
    8962,
    5868
  ]
}