{
  "qid": 136945,
  "query": "Các chứng từ kế toán áp dụng cho Công ty chứng khoán được lập bằng máy vi tính phải đảm bảo nội dung nào?",
  "metrics": {
    "mrr": 0.25,
    "map": 0.25,
    "p@1": 0.0,
    "r@1": 0.0,
    "ndcg@1": 0.0,
    "p@5": 0.2,
    "r@5": 1.0,
    "ndcg@5": 0.43067655807339306,
    "p@10": 0.1,
    "r@10": 1.0,
    "ndcg@10": 0.43067655807339306
  },
  "retrieved": [
    2871,
    7410,
    9147,
    2860,
    7382,
    11339,
    2862,
    2865,
    5080,
    14978
  ]
}