{
  "qid": 137094,
  "query": "Tổ chức kinh doanh căn hộ du lịch cần làm gì khi có sự thay đổi về cơ sở vật chất kỹ thuật, dịch vụ?",
  "metrics": {
    "mrr": 0.5,
    "map": 0.25,
    "p@1": 0.0,
    "r@1": 0.0,
    "ndcg@1": 0.0,
    "p@5": 0.2,
    "r@5": 0.5,
    "ndcg@5": 0.38685280723454163,
    "p@10": 0.1,
    "r@10": 0.5,
    "ndcg@10": 0.38685280723454163
  },
  "retrieved": [
    9792,
    9795,
    9769,
    9788,
    9748,
    6617,
    9793,
    6616,
    9810,
    9799
  ]
}