{
  "qid": 137242,
  "query": "Đối với Điều ước quốc tế mà Việt Nam tham gia có bắt buộc phải áp dụng toàn bộ nội dung của Điều ước không?",
  "metrics": {
    "mrr": 0.5,
    "map": 0.5,
    "p@1": 0.0,
    "r@1": 0.0,
    "ndcg@1": 0.0,
    "p@5": 0.2,
    "r@5": 1.0,
    "ndcg@5": 0.6309297535714575,
    "p@10": 0.1,
    "r@10": 1.0,
    "ndcg@10": 0.6309297535714575
  },
  "retrieved": [
    12173,
    12163,
    12188,
    12177,
    12161,
    12172,
    14707,
    11426,
    12210,
    5331
  ]
}