{
  "qid": 137360,
  "query": "Khi thực hiện chiết khấu công cụ chuyển nhượng với ngân hàng thương mại thì khách hàng có những quyền và nghĩa vụ gì?",
  "metrics": {
    "mrr": 0.5,
    "map": 0.5,
    "p@1": 0.0,
    "r@1": 0.0,
    "ndcg@1": 0.0,
    "p@5": 0.2,
    "r@5": 1.0,
    "ndcg@5": 0.6309297535714575,
    "p@10": 0.1,
    "r@10": 1.0,
    "ndcg@10": 0.6309297535714575
  },
  "retrieved": [
    4027,
    4026,
    4014,
    4018,
    4016,
    4025,
    4021,
    4013,
    4023,
    4022
  ]
}