{
  "qid": 137484,
  "query": "Kiểm lâm cấp tỉnh là tổ chức hành chính thuộc cơ quan nào?",
  "metrics": {
    "mrr": 0.25,
    "map": 0.25,
    "p@1": 0.0,
    "r@1": 0.0,
    "ndcg@1": 0.0,
    "p@5": 0.2,
    "r@5": 1.0,
    "ndcg@5": 0.43067655807339306,
    "p@10": 0.1,
    "r@10": 1.0,
    "ndcg@10": 0.43067655807339306
  },
  "retrieved": [
    1213,
    1214,
    1210,
    1212,
    1211,
    1207,
    14425,
    11371,
    1221,
    14423
  ]
}