{
  "qid": 137535,
  "query": "Trường hợp nào khi điều chỉnh đề cương và dự toán chi tiết đối với hoạt động ứng dụng công nghệ thông tin cần phải được thẩm định?",
  "metrics": {
    "mrr": 0.25,
    "map": 0.25,
    "p@1": 0.0,
    "r@1": 0.0,
    "ndcg@1": 0.0,
    "p@5": 0.2,
    "r@5": 1.0,
    "ndcg@5": 0.43067655807339306,
    "p@10": 0.1,
    "r@10": 1.0,
    "ndcg@10": 0.43067655807339306
  },
  "retrieved": [
    3796,
    3799,
    3802,
    3801,
    3798,
    3797,
    6022,
    3800,
    3795,
    3794
  ]
}