{
  "qid": 1380,
  "query": "Hồ sơ đăng ký hoạt động của doanh nghiệp đấu giá tư nhân cần những gì?",
  "metrics": {
    "mrr": 0.5,
    "map": 0.5,
    "p@1": 0.0,
    "r@1": 0.0,
    "ndcg@1": 0.0,
    "p@5": 0.2,
    "r@5": 1.0,
    "ndcg@5": 0.6309297535714575,
    "p@10": 0.1,
    "r@10": 1.0,
    "ndcg@10": 0.6309297535714575
  },
  "retrieved": [
    710,
    712,
    715,
    716,
    713,
    765,
    719,
    6588,
    714,
    717
  ]
}