{
  "qid": 138181,
  "query": "Viên chức được cử đi biệt phái tối đa bao nhiêu lần? Khoảng cách giữa các lần biệt phái của viên chức là bao lâu?",
  "metrics": {
    "mrr": 0.25,
    "map": 0.25,
    "p@1": 0.0,
    "r@1": 0.0,
    "ndcg@1": 0.0,
    "p@5": 0.2,
    "r@5": 1.0,
    "ndcg@5": 0.43067655807339306,
    "p@10": 0.1,
    "r@10": 1.0,
    "ndcg@10": 0.43067655807339306
  },
  "retrieved": [
    13771,
    9464,
    9473,
    14234,
    9465,
    1142,
    14268,
    4130,
    11014,
    7852
  ]
}