{
  "qid": 138279,
  "query": "Kể từ ngày nhận được quyết định hành chính hoặc biết được quyết định hành chính thì thời hiệu khiếu nại là bao nhiêu ngày?",
  "metrics": {
    "mrr": 0.3333333333333333,
    "map": 0.3333333333333333,
    "p@1": 0.0,
    "r@1": 0.0,
    "ndcg@1": 0.0,
    "p@5": 0.2,
    "r@5": 1.0,
    "ndcg@5": 0.5,
    "p@10": 0.1,
    "r@10": 1.0,
    "ndcg@10": 0.5
  },
  "retrieved": [
    1711,
    13745,
    1709,
    1493,
    1707,
    1740,
    1718,
    1713,
    1746,
    1735
  ]
}