{
  "qid": 138482,
  "query": "Xe đi làm nhiệm vụ khẩn cấp bao gồm những xe nào?",
  "metrics": {
    "mrr": 0.5,
    "map": 0.5,
    "p@1": 0.0,
    "r@1": 0.0,
    "ndcg@1": 0.0,
    "p@5": 0.2,
    "r@5": 1.0,
    "ndcg@5": 0.6309297535714575,
    "p@10": 0.1,
    "r@10": 1.0,
    "ndcg@10": 0.6309297535714575
  },
  "retrieved": [
    12313,
    12307,
    12306,
    12309,
    3969,
    10303,
    10304,
    13133,
    13129,
    11793
  ]
}