{
  "qid": 13841,
  "query": "Tiết lộ thông tin về việc xác định lại giới tính của người khác sẽ bị xử phạt vi phạm hành chính thế nào?",
  "metrics": {
    "mrr": 0.5,
    "map": 0.5,
    "p@1": 0.0,
    "r@1": 0.0,
    "ndcg@1": 0.0,
    "p@5": 0.2,
    "r@5": 1.0,
    "ndcg@5": 0.6309297535714575,
    "p@10": 0.1,
    "r@10": 1.0,
    "ndcg@10": 0.6309297535714575
  },
  "retrieved": [
    14639,
    14586,
    10654,
    14638,
    6555,
    6556,
    6560,
    10376,
    3963,
    14170
  ]
}