{
  "qid": 138514,
  "query": "Chức danh nghề nghiệp dược sĩ hạng 4 được áp dụng hệ số lương viên chức nào?",
  "metrics": {
    "mrr": 0.25,
    "map": 0.25,
    "p@1": 0.0,
    "r@1": 0.0,
    "ndcg@1": 0.0,
    "p@5": 0.2,
    "r@5": 1.0,
    "ndcg@5": 0.43067655807339306,
    "p@10": 0.1,
    "r@10": 1.0,
    "ndcg@10": 0.43067655807339306
  },
  "retrieved": [
    1536,
    6460,
    8457,
    8612,
    7726,
    1537,
    14239,
    7785,
    8732,
    1538
  ]
}