{
  "qid": 138673,
  "query": "Quyết định kháng nghị theo thủ tục giám đốc thẩm đối với bản án hình sự sẽ có những nội dung chính nào?",
  "metrics": {
    "mrr": 0.5,
    "map": 0.5,
    "p@1": 0.0,
    "r@1": 0.0,
    "ndcg@1": 0.0,
    "p@5": 0.2,
    "r@5": 1.0,
    "ndcg@5": 0.6309297535714575,
    "p@10": 0.1,
    "r@10": 1.0,
    "ndcg@10": 0.6309297535714575
  },
  "retrieved": [
    10856,
    10855,
    10850,
    10857,
    10844,
    10848,
    10871,
    9242,
    10504,
    10854
  ]
}