{
  "qid": 138738,
  "query": "Người bị bắt trong trường hợp phạm tội quả tang thì có những quyền gì?",
  "metrics": {
    "mrr": 0.3333333333333333,
    "map": 0.3333333333333333,
    "p@1": 0.0,
    "r@1": 0.0,
    "ndcg@1": 0.0,
    "p@5": 0.2,
    "r@5": 1.0,
    "ndcg@5": 0.5,
    "p@10": 0.1,
    "r@10": 1.0,
    "ndcg@10": 0.5
  },
  "retrieved": [
    10588,
    10487,
    10535,
    10536,
    10594,
    10586,
    10590,
    10924,
    10893,
    107
  ]
}