{
  "qid": 139531,
  "query": "Lời khai nhận tội của bị cáo trong vụ án hình sự có phải chứng cứ duy nhất để buộc tội hay không?",
  "metrics": {
    "mrr": 1.0,
    "map": 0.5,
    "p@1": 1.0,
    "r@1": 0.5,
    "ndcg@1": 1.0,
    "p@5": 0.2,
    "r@5": 0.5,
    "ndcg@5": 0.6131471927654584,
    "p@10": 0.1,
    "r@10": 0.5,
    "ndcg@10": 0.6131471927654584
  },
  "retrieved": [
    10575,
    10503,
    10786,
    10492,
    10737,
    10798,
    10550,
    2519,
    10803,
    10799
  ]
}