{
  "qid": 139980,
  "query": "Người tập sự hành nghề đấu giá có được quyền yêu cầu thay đổi đấu giá viên hướng dẫn tập sự cho mình hay không?",
  "metrics": {
    "mrr": 0.5,
    "map": 0.5,
    "p@1": 0.0,
    "r@1": 0.0,
    "ndcg@1": 0.0,
    "p@5": 0.2,
    "r@5": 1.0,
    "ndcg@5": 0.6309297535714575,
    "p@10": 0.1,
    "r@10": 1.0,
    "ndcg@10": 0.6309297535714575
  },
  "retrieved": [
    700,
    6573,
    6576,
    6568,
    706,
    6565,
    6575,
    6572,
    4226,
    6571
  ]
}