{
  "qid": 140200,
  "query": "Việc thực hiện dân chủ trong hoạt động của cơ quan hành chính đối với cán bộ, công chức phải đảm bảo các yêu cầu gì?",
  "metrics": {
    "mrr": 0.25,
    "map": 0.25,
    "p@1": 0.0,
    "r@1": 0.0,
    "ndcg@1": 0.0,
    "p@5": 0.2,
    "r@5": 1.0,
    "ndcg@5": 0.43067655807339306,
    "p@10": 0.1,
    "r@10": 1.0,
    "ndcg@10": 0.43067655807339306
  },
  "retrieved": [
    4124,
    805,
    1702,
    4126,
    10987,
    13741,
    10106,
    806,
    4127,
    5946
  ]
}