{
  "qid": 140981,
  "query": "Ban Tôn giáo Chính phủ có quyền thanh tra việc thực hiện quy định của pháp luật với các nội dung gì?",
  "metrics": {
    "mrr": 0.25,
    "map": 0.25,
    "p@1": 0.0,
    "r@1": 0.0,
    "ndcg@1": 0.0,
    "p@5": 0.2,
    "r@5": 1.0,
    "ndcg@5": 0.43067655807339306,
    "p@10": 0.1,
    "r@10": 1.0,
    "ndcg@10": 0.43067655807339306
  },
  "retrieved": [
    4262,
    4266,
    4268,
    4261,
    4267,
    4271,
    4269,
    4260,
    4270,
    4263
  ]
}