{
  "qid": 140998,
  "query": "Khi nào việc tương trợ tư pháp dân sự được áp dụng pháp luật nước ngoài?",
  "metrics": {
    "mrr": 0.14285714285714285,
    "map": 0.14285714285714285,
    "p@1": 0.0,
    "r@1": 0.0,
    "ndcg@1": 0.0,
    "p@5": 0.0,
    "r@5": 0.0,
    "ndcg@5": 0.0,
    "p@10": 0.1,
    "r@10": 1.0,
    "ndcg@10": 0.3333333333333333
  },
  "retrieved": [
    8017,
    8960,
    7971,
    7956,
    7966,
    8989,
    7958,
    8021,
    7960,
    7961
  ]
}