{
  "qid": 141084,
  "query": "Hiến chương của tổ chức tôn giáo phải có những nội dung nào quy định về chức sắc?",
  "metrics": {
    "mrr": 0.5,
    "map": 0.5,
    "p@1": 0.0,
    "r@1": 0.0,
    "ndcg@1": 0.0,
    "p@5": 0.2,
    "r@5": 1.0,
    "ndcg@5": 0.6309297535714575,
    "p@10": 0.1,
    "r@10": 1.0,
    "ndcg@10": 0.6309297535714575
  },
  "retrieved": [
    2182,
    2153,
    2166,
    2162,
    2154,
    2137,
    2132,
    2163,
    4261,
    2175
  ]
}