{
  "qid": 14101,
  "query": "Thành viên Hội đồng quản lý đơn vị sự nghiệp công lập thuộc bộ Tư pháp có bắt buộc phải là công chức, viên chức không?",
  "metrics": {
    "mrr": 0.5,
    "map": 0.5,
    "p@1": 0.0,
    "r@1": 0.0,
    "ndcg@1": 0.0,
    "p@5": 0.2,
    "r@5": 1.0,
    "ndcg@5": 0.6309297535714575,
    "p@10": 0.1,
    "r@10": 1.0,
    "ndcg@10": 0.6309297535714575
  },
  "retrieved": [
    13775,
    5542,
    14215,
    5537,
    14220,
    14227,
    3153,
    10995,
    3154,
    12004
  ]
}