{
  "qid": 142064,
  "query": "Xe ô tô kinh doanh vận tải hành khách cần đáp ứng những điều kiện gì theo quy định?",
  "metrics": {
    "mrr": 0.5,
    "map": 0.5,
    "p@1": 0.0,
    "r@1": 0.0,
    "ndcg@1": 0.0,
    "p@5": 0.2,
    "r@5": 1.0,
    "ndcg@5": 0.6309297535714575,
    "p@10": 0.1,
    "r@10": 1.0,
    "ndcg@10": 0.6309297535714575
  },
  "retrieved": [
    13137,
    13139,
    13129,
    13161,
    10326,
    13149,
    13162,
    13130,
    13133,
    13156
  ]
}