{
  "qid": 142775,
  "query": "Nhiệm vụ của Hội đồng phối hợp liên ngành địa phương được quy định như thế nào?",
  "metrics": {
    "mrr": 0.5,
    "map": 0.5,
    "p@1": 0.0,
    "r@1": 0.0,
    "ndcg@1": 0.0,
    "p@5": 0.2,
    "r@5": 1.0,
    "ndcg@5": 0.6309297535714575,
    "p@10": 0.1,
    "r@10": 1.0,
    "ndcg@10": 0.6309297535714575
  },
  "retrieved": [
    13038,
    13037,
    13034,
    13040,
    13036,
    13035,
    13041,
    13033,
    5660,
    5663
  ]
}