{
  "qid": 143096,
  "query": "Yêu cầu khi sử dụng dịch vụ của bên thứ ba cho các hệ thống thông tin từ cấp độ 3 trở lên trong hoạt động ngân hàng được quy định như thế nào?",
  "metrics": {
    "mrr": 0.5,
    "map": 0.5,
    "p@1": 0.0,
    "r@1": 0.0,
    "ndcg@1": 0.0,
    "p@5": 0.2,
    "r@5": 1.0,
    "ndcg@5": 0.6309297535714575,
    "p@10": 0.1,
    "r@10": 1.0,
    "ndcg@10": 0.6309297535714575
  },
  "retrieved": [
    10195,
    10223,
    10216,
    10237,
    10242,
    10232,
    10220,
    10213,
    10212,
    10215
  ]
}