{
  "qid": 143134,
  "query": "Trường hợp nào được từ chối cung cấp thông tin xác minh điều kiện thi hành án dân sự?",
  "metrics": {
    "mrr": 0.5,
    "map": 0.5,
    "p@1": 0.0,
    "r@1": 0.0,
    "ndcg@1": 0.0,
    "p@5": 0.2,
    "r@5": 1.0,
    "ndcg@5": 0.6309297535714575,
    "p@10": 0.1,
    "r@10": 1.0,
    "ndcg@10": 0.6309297535714575
  },
  "retrieved": [
    8971,
    8972,
    8970,
    8976,
    9417,
    8990,
    3977,
    8986,
    3999,
    8974
  ]
}