{
  "qid": 143822,
  "query": "Hồ sơ thiết kế kiến trúc phải đảm bảo yêu cầu gì?",
  "metrics": {
    "mrr": 0.5,
    "map": 0.5,
    "p@1": 0.0,
    "r@1": 0.0,
    "ndcg@1": 0.0,
    "p@5": 0.2,
    "r@5": 1.0,
    "ndcg@5": 0.6309297535714575,
    "p@10": 0.1,
    "r@10": 1.0,
    "ndcg@10": 0.6309297535714575
  },
  "retrieved": [
    3804,
    3805,
    3806,
    3803,
    3807,
    456,
    3813,
    3811,
    3810,
    3808
  ]
}