{
  "qid": 143861,
  "query": "Mức hệ số lương cao nhất của Quản lý dự án đường thủy hạng 3 là bao nhiêu?",
  "metrics": {
    "mrr": 0.5,
    "map": 0.5,
    "p@1": 0.0,
    "r@1": 0.0,
    "ndcg@1": 0.0,
    "p@5": 0.2,
    "r@5": 1.0,
    "ndcg@5": 0.6309297535714575,
    "p@10": 0.1,
    "r@10": 1.0,
    "ndcg@10": 0.6309297535714575
  },
  "retrieved": [
    3874,
    1536,
    6460,
    8612,
    8457,
    7726,
    1537,
    9048,
    7562,
    9085
  ]
}