{
  "qid": 14404,
  "query": "Mã bưu chính quốc gia gồm bao nhiêu ký tự số?",
  "metrics": {
    "mrr": 0.2,
    "map": 0.2,
    "p@1": 0.0,
    "r@1": 0.0,
    "ndcg@1": 0.0,
    "p@5": 0.2,
    "r@5": 1.0,
    "ndcg@5": 0.38685280723454163,
    "p@10": 0.1,
    "r@10": 1.0,
    "ndcg@10": 0.38685280723454163
  },
  "retrieved": [
    7603,
    7602,
    7597,
    7600,
    7601,
    14870,
    14865,
    7599,
    13326,
    14874
  ]
}