{
  "qid": 144282,
  "query": "Trước thời điểm xét giảm thời hạn chấp hành án phạt tù thì cơ quan có thẩm quyền cần xét họp trước bao nhiêu ngày?",
  "metrics": {
    "mrr": 0.5,
    "map": 0.5,
    "p@1": 0.0,
    "r@1": 0.0,
    "ndcg@1": 0.0,
    "p@5": 0.2,
    "r@5": 1.0,
    "ndcg@5": 0.6309297535714575,
    "p@10": 0.1,
    "r@10": 1.0,
    "ndcg@10": 0.6309297535714575
  },
  "retrieved": [
    1899,
    1896,
    4438,
    10845,
    1891,
    1890,
    1889,
    6654,
    4437,
    1898
  ]
}