{
  "qid": 144208,
  "query": "Công ty kinh doanh kho ngoại quan xăng dầu có trách nhiệm như thế nào đối với việc xăng dầu sau khi pha chế từ kho ngoại quan xăng dầu đưa ra nước ngoài?",
  "metrics": {
    "mrr": 0.16666666666666666,
    "map": 0.16666666666666666,
    "p@1": 0.0,
    "r@1": 0.0,
    "ndcg@1": 0.0,
    "p@5": 0.0,
    "r@5": 0.0,
    "ndcg@5": 0.0,
    "p@10": 0.1,
    "r@10": 1.0,
    "ndcg@10": 0.3562071871080222
  },
  "retrieved": [
    11988,
    11986,
    11987,
    11995,
    11998,
    11994,
    8390,
    11993,
    11989,
    11990
  ]
}