{
  "qid": 145429,
  "query": "Kế toán trưởng là gì? Quyền hạn và trách nhiệm của kế toán trưởng như thế nào?",
  "metrics": {
    "mrr": 0.3333333333333333,
    "map": 0.3333333333333333,
    "p@1": 0.0,
    "r@1": 0.0,
    "ndcg@1": 0.0,
    "p@5": 0.2,
    "r@5": 1.0,
    "ndcg@5": 0.5,
    "p@10": 0.1,
    "r@10": 1.0,
    "ndcg@10": 0.5
  },
  "retrieved": [
    4399,
    4397,
    2897,
    2899,
    9365,
    2895,
    2891,
    2893,
    4396,
    4395
  ]
}