{
  "qid": 145634,
  "query": "Việc điều chỉnh mức hưởng trợ cấp sinh hoạt hàng tháng đối với nghệ nhân ưu tú có thu nhập thấp được thực hiện trong trường hợp nào?",
  "metrics": {
    "mrr": 0.1111111111111111,
    "map": 0.1111111111111111,
    "p@1": 0.0,
    "r@1": 0.0,
    "ndcg@1": 0.0,
    "p@5": 0.0,
    "r@5": 0.0,
    "ndcg@5": 0.0,
    "p@10": 0.1,
    "r@10": 1.0,
    "ndcg@10": 0.3010299956639812
  },
  "retrieved": [
    12336,
    12343,
    12344,
    12342,
    12346,
    5013,
    14097,
    12337,
    12338,
    8795
  ]
}