{
  "qid": 145747,
  "query": "Hồ sơ hải quan đối với xe máy nhập khẩu để tổ chức triển lãm xe gồm những gì?",
  "metrics": {
    "mrr": 0.5,
    "map": 0.5,
    "p@1": 0.0,
    "r@1": 0.0,
    "ndcg@1": 0.0,
    "p@5": 0.2,
    "r@5": 1.0,
    "ndcg@5": 0.6309297535714575,
    "p@10": 0.1,
    "r@10": 1.0,
    "ndcg@10": 0.6309297535714575
  },
  "retrieved": [
    8387,
    8360,
    2792,
    6171,
    6170,
    12269,
    13809,
    8388,
    10320,
    11427
  ]
}