{
  "qid": 145879,
  "query": "Hậu quả kháng nghị bản án hình sự sơ thẩm là gì?",
  "metrics": {
    "mrr": 0.5,
    "map": 0.25,
    "p@1": 0.0,
    "r@1": 0.0,
    "ndcg@1": 0.0,
    "p@5": 0.2,
    "r@5": 0.5,
    "ndcg@5": 0.38685280723454163,
    "p@10": 0.1,
    "r@10": 0.5,
    "ndcg@10": 0.38685280723454163
  },
  "retrieved": [
    10834,
    10816,
    4925,
    10833,
    10820,
    10813,
    6090,
    10504,
    9242,
    10832
  ]
}