{
  "qid": 146167,
  "query": "Trách nhiệm thực hiện điều chỉnh lương hưu theo Nghị định 42/2023/NĐ-CP của các cá nhân, tổ chức ra sao?",
  "metrics": {
    "mrr": 0.25,
    "map": 0.25,
    "p@1": 0.0,
    "r@1": 0.0,
    "ndcg@1": 0.0,
    "p@5": 0.2,
    "r@5": 1.0,
    "ndcg@5": 0.43067655807339306,
    "p@10": 0.1,
    "r@10": 1.0,
    "ndcg@10": 0.43067655807339306
  },
  "retrieved": [
    3938,
    9459,
    5013,
    9460,
    796,
    10143,
    9457,
    3943,
    795,
    798
  ]
}