{
  "qid": 146521,
  "query": "Người tham gia thanh niên xung phong kháng chiến năm 1975 có được hưởng chế độ trợ cấp một lần không?",
  "metrics": {
    "mrr": 0.2,
    "map": 0.2,
    "p@1": 0.0,
    "r@1": 0.0,
    "ndcg@1": 0.0,
    "p@5": 0.2,
    "r@5": 1.0,
    "ndcg@5": 0.38685280723454163,
    "p@10": 0.1,
    "r@10": 1.0,
    "ndcg@10": 0.38685280723454163
  },
  "retrieved": [
    13722,
    13725,
    11042,
    11327,
    13723,
    13724,
    11043,
    11039,
    13727,
    13726
  ]
}