{
  "qid": 146662,
  "query": "Giáo viên trung học cơ sở hạng III có trách nhiệm tham gia xây dựng kế hoạch giáo dục cho học sinh tại trường mình hay không?",
  "metrics": {
    "mrr": 0.3333333333333333,
    "map": 0.3333333333333333,
    "p@1": 0.0,
    "r@1": 0.0,
    "ndcg@1": 0.0,
    "p@5": 0.2,
    "r@5": 1.0,
    "ndcg@5": 0.5,
    "p@10": 0.1,
    "r@10": 1.0,
    "ndcg@10": 0.5
  },
  "retrieved": [
    1533,
    2817,
    1531,
    1532,
    3852,
    3847,
    7319,
    1538,
    14311,
    1534
  ]
}