{
  "qid": 146738,
  "query": "Thủ kho vật chứng trong thi hành án dân sự có trách nhiệm như thế nào?",
  "metrics": {
    "mrr": 0.5,
    "map": 0.5,
    "p@1": 0.0,
    "r@1": 0.0,
    "ndcg@1": 0.0,
    "p@5": 0.2,
    "r@5": 1.0,
    "ndcg@5": 0.6309297535714575,
    "p@10": 0.1,
    "r@10": 1.0,
    "ndcg@10": 0.6309297535714575
  },
  "retrieved": [
    945,
    953,
    954,
    829,
    948,
    959,
    951,
    950,
    956,
    952
  ]
}