{
  "qid": 146793,
  "query": "Nghiệm thu có điều kiện công trình xây dựng được thực hiện khi nào?",
  "metrics": {
    "mrr": 0.5,
    "map": 0.5,
    "p@1": 0.0,
    "r@1": 0.0,
    "ndcg@1": 0.0,
    "p@5": 0.2,
    "r@5": 1.0,
    "ndcg@5": 0.6309297535714575,
    "p@10": 0.1,
    "r@10": 1.0,
    "ndcg@10": 0.6309297535714575
  },
  "retrieved": [
    459,
    6892,
    6891,
    6880,
    6922,
    6893,
    6890,
    4537,
    8588,
    6889
  ]
}