{
  "qid": 146892,
  "query": "Hệ số lương giáo viên THCS (cấp 2) hiện nay là bao nhiêu?",
  "metrics": {
    "mrr": 0.16666666666666666,
    "map": 0.16666666666666666,
    "p@1": 0.0,
    "r@1": 0.0,
    "ndcg@1": 0.0,
    "p@5": 0.0,
    "r@5": 0.0,
    "ndcg@5": 0.0,
    "p@10": 0.1,
    "r@10": 1.0,
    "ndcg@10": 0.3562071871080222
  },
  "retrieved": [
    7726,
    1537,
    7562,
    7561,
    7559,
    1536,
    7563,
    6460,
    8457,
    7564
  ]
}