{
  "qid": 146968,
  "query": "Khách du lịch khi đến địa phương mà mình tham quan du lịch có các nghĩa vụ nào?",
  "metrics": {
    "mrr": 0.14285714285714285,
    "map": 0.14285714285714285,
    "p@1": 0.0,
    "r@1": 0.0,
    "ndcg@1": 0.0,
    "p@5": 0.0,
    "r@5": 0.0,
    "ndcg@5": 0.0,
    "p@10": 0.1,
    "r@10": 1.0,
    "ndcg@10": 0.3333333333333333
  },
  "retrieved": [
    9808,
    9768,
    9789,
    9818,
    12417,
    9760,
    9755,
    9762,
    9746,
    9813
  ]
}