{
  "qid": 147247,
  "query": "Trường hợp nào sẽ áp dụng hình thức kỷ luật cách chức đối với công chức cấp huyện?",
  "metrics": {
    "mrr": 0.3333333333333333,
    "map": 0.3333333333333333,
    "p@1": 0.0,
    "r@1": 0.0,
    "ndcg@1": 0.0,
    "p@5": 0.2,
    "r@5": 1.0,
    "ndcg@5": 0.5,
    "p@10": 0.1,
    "r@10": 1.0,
    "ndcg@10": 0.5
  },
  "retrieved": [
    13747,
    8224,
    13753,
    13778,
    317,
    13755,
    3868,
    13779,
    2360,
    8170
  ]
}