{
  "qid": 147369,
  "query": "Người được cấp Chứng chỉ hành nghề lưu trữ có thể hoạt động ngoài phạm vi chứng chỉ đã được cấp không?",
  "metrics": {
    "mrr": 0.5,
    "map": 0.5,
    "p@1": 0.0,
    "r@1": 0.0,
    "ndcg@1": 0.0,
    "p@5": 0.2,
    "r@5": 1.0,
    "ndcg@5": 0.6309297535714575,
    "p@10": 0.1,
    "r@10": 1.0,
    "ndcg@10": 0.6309297535714575
  },
  "retrieved": [
    242,
    241,
    235,
    9378,
    240,
    239,
    12352,
    9368,
    9374,
    238
  ]
}