{
  "qid": 147441,
  "query": "Bảo lãnh dự thầu trong khi lựa chọn nhà thầu cung cấp tàu bay ra sao?",
  "metrics": {
    "mrr": 0.25,
    "map": 0.25,
    "p@1": 0.0,
    "r@1": 0.0,
    "ndcg@1": 0.0,
    "p@5": 0.2,
    "r@5": 1.0,
    "ndcg@5": 0.43067655807339306,
    "p@10": 0.1,
    "r@10": 1.0,
    "ndcg@10": 0.43067655807339306
  },
  "retrieved": [
    13311,
    13305,
    13301,
    13299,
    13314,
    4281,
    4513,
    13290,
    13291,
    4518
  ]
}