{
  "qid": 147871,
  "query": "Phó thủ trưởng cơ quan điều tra có được tự mình giải quyết khiếu nại về quyết định của mình không?",
  "metrics": {
    "mrr": 0.5,
    "map": 0.5,
    "p@1": 0.0,
    "r@1": 0.0,
    "ndcg@1": 0.0,
    "p@5": 0.2,
    "r@5": 1.0,
    "ndcg@5": 0.6309297535714575,
    "p@10": 0.1,
    "r@10": 1.0,
    "ndcg@10": 0.6309297535714575
  },
  "retrieved": [
    10943,
    10513,
    10938,
    10942,
    10953,
    12541,
    988,
    3559,
    995,
    10518
  ]
}