{
  "qid": 148049,
  "query": "Tín hiệu của xe quân sự đi thực hiện nhiệm vụ chỉ huy cứu hộ cứu nạn được xác định như thế nào?",
  "metrics": {
    "mrr": 0.2,
    "map": 0.2,
    "p@1": 0.0,
    "r@1": 0.0,
    "ndcg@1": 0.0,
    "p@5": 0.2,
    "r@5": 1.0,
    "ndcg@5": 0.38685280723454163,
    "p@10": 0.1,
    "r@10": 1.0,
    "ndcg@10": 0.38685280723454163
  },
  "retrieved": [
    12307,
    8728,
    8730,
    8724,
    12309,
    12313,
    8722,
    8721,
    2558,
    8726
  ]
}