{
  "qid": 148335,
  "query": "Làm sao để có thể thực hiện việc chứng thực bản sao y giấy tờ nước ngoài một cách đúng quy định của pháp luật?",
  "metrics": {
    "mrr": 0.25,
    "map": 0.25,
    "p@1": 0.0,
    "r@1": 0.0,
    "ndcg@1": 0.0,
    "p@5": 0.2,
    "r@5": 1.0,
    "ndcg@5": 0.43067655807339306,
    "p@10": 0.1,
    "r@10": 1.0,
    "ndcg@10": 0.43067655807339306
  },
  "retrieved": [
    13945,
    11331,
    1434,
    1433,
    11209,
    6412,
    1431,
    1438,
    11210,
    12351
  ]
}