{
  "qid": 148781,
  "query": "Có bao nhiêu loại thông tin hải quan?",
  "metrics": {
    "mrr": 0.25,
    "map": 0.25,
    "p@1": 0.0,
    "r@1": 0.0,
    "ndcg@1": 0.0,
    "p@5": 0.2,
    "r@5": 1.0,
    "ndcg@5": 0.43067655807339306,
    "p@10": 0.1,
    "r@10": 1.0,
    "ndcg@10": 0.43067655807339306
  },
  "retrieved": [
    8413,
    8310,
    8415,
    8412,
    8314,
    8370,
    8416,
    8333,
    8380,
    8321
  ]
}