{
  "qid": 149082,
  "query": "Cơ quan nào báo cáo định kỳ về hoạt động giám sát an toàn thực phẩm nông lâm thủy sản cho Bộ Nông nghiệp và Phát triển nông thôn?",
  "metrics": {
    "mrr": 0.3333333333333333,
    "map": 0.3333333333333333,
    "p@1": 0.0,
    "r@1": 0.0,
    "ndcg@1": 0.0,
    "p@5": 0.2,
    "r@5": 1.0,
    "ndcg@5": 0.5,
    "p@10": 0.1,
    "r@10": 1.0,
    "ndcg@10": 0.5
  },
  "retrieved": [
    8504,
    8526,
    8525,
    8506,
    8522,
    8523,
    8521,
    8505,
    3003,
    8507
  ]
}