{
  "qid": 149155,
  "query": "Vi phạm quy định về cảnh báo sức khỏe trên bao bì thuốc lá, xử phạt ra sao?",
  "metrics": {
    "mrr": 0.5,
    "map": 0.5,
    "p@1": 0.0,
    "r@1": 0.0,
    "ndcg@1": 0.0,
    "p@5": 0.2,
    "r@5": 1.0,
    "ndcg@5": 0.6309297535714575,
    "p@10": 0.1,
    "r@10": 1.0,
    "ndcg@10": 0.6309297535714575
  },
  "retrieved": [
    14567,
    14568,
    4941,
    4943,
    4938,
    4942,
    4940,
    10388,
    4939,
    14566
  ]
}