{
  "qid": 149226,
  "query": "Thừa phát lại được thực hiện tống đạt các giấy tờ, tài liệu nào?",
  "metrics": {
    "mrr": 0.16666666666666666,
    "map": 0.16666666666666666,
    "p@1": 0.0,
    "r@1": 0.0,
    "ndcg@1": 0.0,
    "p@5": 0.0,
    "r@5": 0.0,
    "ndcg@5": 0.0,
    "p@10": 0.1,
    "r@10": 1.0,
    "ndcg@10": 0.3562071871080222
  },
  "retrieved": [
    8959,
    8928,
    8988,
    8961,
    9412,
    8958,
    8960,
    5863,
    9422,
    8948
  ]
}