{
  "qid": 14944,
  "query": "Luật sư khi chuyển sang hành nghề Thừa phát lại thì có phải học đào tạo thêm không?",
  "metrics": {
    "mrr": 0.14285714285714285,
    "map": 0.14285714285714285,
    "p@1": 0.0,
    "r@1": 0.0,
    "ndcg@1": 0.0,
    "p@5": 0.0,
    "r@5": 0.0,
    "ndcg@5": 0.0,
    "p@10": 0.1,
    "r@10": 1.0,
    "ndcg@10": 0.3333333333333333
  },
  "retrieved": [
    699,
    5833,
    8937,
    2642,
    1609,
    2646,
    8933,
    8930,
    8939,
    13626
  ]
}