{
  "qid": 149732,
  "query": "Hướng dẫn tập sự đối với công chức và viên chức được quy định như thế nào?",
  "metrics": {
    "mrr": 0.5,
    "map": 0.5,
    "p@1": 0.0,
    "r@1": 0.0,
    "ndcg@1": 0.0,
    "p@5": 0.2,
    "r@5": 1.0,
    "ndcg@5": 0.6309297535714575,
    "p@10": 0.1,
    "r@10": 1.0,
    "ndcg@10": 0.6309297535714575
  },
  "retrieved": [
    14231,
    14229,
    10983,
    10986,
    8457,
    4524,
    10984,
    5840,
    8118,
    4201
  ]
}