{
  "qid": 149731,
  "query": "Thẩm quyền bổ nhiệm viên chức sau khi hoàn thành chế độ tập sự được quy định như thế nào?",
  "metrics": {
    "mrr": 0.5,
    "map": 0.5,
    "p@1": 0.0,
    "r@1": 0.0,
    "ndcg@1": 0.0,
    "p@5": 0.2,
    "r@5": 1.0,
    "ndcg@5": 0.6309297535714575,
    "p@10": 0.1,
    "r@10": 1.0,
    "ndcg@10": 0.6309297535714575
  },
  "retrieved": [
    14228,
    14231,
    14209,
    6460,
    8457,
    4201,
    3868,
    8453,
    10983,
    14251
  ]
}