{
  "qid": 149873,
  "query": "Có thể nhờ người khác đi xin Giấy xác nhận tình trạng hôn nhân thay mình không?",
  "metrics": {
    "mrr": 0.3333333333333333,
    "map": 0.3333333333333333,
    "p@1": 0.0,
    "r@1": 0.0,
    "ndcg@1": 0.0,
    "p@5": 0.2,
    "r@5": 1.0,
    "ndcg@5": 0.5,
    "p@10": 0.1,
    "r@10": 1.0,
    "ndcg@10": 0.5
  },
  "retrieved": [
    4565,
    2275,
    4555,
    2263,
    4586,
    4557,
    5136,
    4585,
    2258,
    2257
  ]
}