{
  "qid": 150101,
  "query": "Hệ số lương đối với các viên chức chuyên ngành tuyên truyền viên văn hóa là bao nhiêu?",
  "metrics": {
    "mrr": 0.5,
    "map": 0.5,
    "p@1": 0.0,
    "r@1": 0.0,
    "ndcg@1": 0.0,
    "p@5": 0.2,
    "r@5": 1.0,
    "ndcg@5": 0.6309297535714575,
    "p@10": 0.1,
    "r@10": 1.0,
    "ndcg@10": 0.6309297535714575
  },
  "retrieved": [
    6460,
    1536,
    8457,
    8458,
    7561,
    7562,
    7726,
    8612,
    7563,
    4526
  ]
}