{
  "qid": 150112,
  "query": "Các hình thức thanh toán không sử dụng tiền bị cấm theo quy định pháp luật là gì?",
  "metrics": {
    "mrr": 0.5,
    "map": 0.5,
    "p@1": 0.0,
    "r@1": 0.0,
    "ndcg@1": 0.0,
    "p@5": 0.2,
    "r@5": 1.0,
    "ndcg@5": 0.6309297535714575,
    "p@10": 0.1,
    "r@10": 1.0,
    "ndcg@10": 0.6309297535714575
  },
  "retrieved": [
    5271,
    10437,
    9471,
    2441,
    14180,
    9472,
    4016,
    10443,
    10330,
    5083
  ]
}