{
  "qid": 150620,
  "query": "Ghi nhãn và hướng dẫn sử dụng thuốc y học cổ truyền được hướng dẫn cụ thể như thế nào?",
  "metrics": {
    "mrr": 0.1111111111111111,
    "map": 0.1111111111111111,
    "p@1": 0.0,
    "r@1": 0.0,
    "ndcg@1": 0.0,
    "p@5": 0.0,
    "r@5": 0.0,
    "ndcg@5": 0.0,
    "p@10": 0.1,
    "r@10": 1.0,
    "ndcg@10": 0.3010299956639812
  },
  "retrieved": [
    860,
    856,
    12375,
    1096,
    859,
    857,
    1101,
    861,
    1104,
    858
  ]
}