{
  "qid": 150889,
  "query": "Khi có quyết định khởi tố vụ án hình sự thì cơ quan điều tra cần gửi quyết định đến Viện kiểm sát trong thời hạn bao nhiêu ngày?",
  "metrics": {
    "mrr": 0.5,
    "map": 0.5,
    "p@1": 0.0,
    "r@1": 0.0,
    "ndcg@1": 0.0,
    "p@5": 0.2,
    "r@5": 1.0,
    "ndcg@5": 0.6309297535714575,
    "p@10": 0.1,
    "r@10": 1.0,
    "ndcg@10": 0.6309297535714575
  },
  "retrieved": [
    10633,
    10631,
    3569,
    10638,
    10630,
    3570,
    10635,
    10641,
    995,
    10642
  ]
}