{
  "qid": 151091,
  "query": "Quyền của tổ chức đấu giá tài sản được quy định như thế nào?",
  "metrics": {
    "mrr": 0.3333333333333333,
    "map": 0.3333333333333333,
    "p@1": 0.0,
    "r@1": 0.0,
    "ndcg@1": 0.0,
    "p@5": 0.2,
    "r@5": 1.0,
    "ndcg@5": 0.5,
    "p@10": 0.1,
    "r@10": 1.0,
    "ndcg@10": 0.5
  },
  "retrieved": [
    720,
    723,
    711,
    725,
    734,
    706,
    721,
    735,
    692,
    6569
  ]
}