{
  "qid": 151224,
  "query": "Tiêu chuẩn bổ nhiệm đối với viên chức quản lý được quy định như thế nào?",
  "metrics": {
    "mrr": 0.5,
    "map": 0.5,
    "p@1": 0.0,
    "r@1": 0.0,
    "ndcg@1": 0.0,
    "p@5": 0.2,
    "r@5": 1.0,
    "ndcg@5": 0.6309297535714575,
    "p@10": 0.1,
    "r@10": 1.0,
    "ndcg@10": 0.6309297535714575
  },
  "retrieved": [
    2030,
    14251,
    2334,
    12617,
    8613,
    14269,
    6463,
    3466,
    8458,
    6462
  ]
}