{
  "qid": 151276,
  "query": "Ai có quyền quyết định việc xét tặng danh hiệu Chiến sĩ thi đua cấp Bộ cho các cá nhân thuộc hệ thống cơ quan công tác dân tộc?",
  "metrics": {
    "mrr": 0.14285714285714285,
    "map": 0.14285714285714285,
    "p@1": 0.0,
    "r@1": 0.0,
    "ndcg@1": 0.0,
    "p@5": 0.0,
    "r@5": 0.0,
    "ndcg@5": 0.0,
    "p@10": 0.1,
    "r@10": 1.0,
    "ndcg@10": 0.3333333333333333
  },
  "retrieved": [
    7852,
    8845,
    8844,
    2086,
    8748,
    2087,
    2100,
    1144,
    2108,
    2083
  ]
}