{
  "qid": 151429,
  "query": "Đạt bao nhiêu điểm mới được xác định trúng tuyển trong kỳ thi tuyển công chức cấp huyện?",
  "metrics": {
    "mrr": 0.3333333333333333,
    "map": 0.3333333333333333,
    "p@1": 0.0,
    "r@1": 0.0,
    "ndcg@1": 0.0,
    "p@5": 0.2,
    "r@5": 1.0,
    "ndcg@5": 0.5,
    "p@10": 0.1,
    "r@10": 1.0,
    "ndcg@10": 0.5
  },
  "retrieved": [
    2372,
    2375,
    14217,
    2374,
    6926,
    13122,
    2367,
    14224,
    14249,
    4188
  ]
}