{
  "qid": 151571,
  "query": "Hệ số lương viên chức được áp dụng dược sĩ chính là loại mấy?",
  "metrics": {
    "mrr": 0.2,
    "map": 0.2,
    "p@1": 0.0,
    "r@1": 0.0,
    "ndcg@1": 0.0,
    "p@5": 0.2,
    "r@5": 1.0,
    "ndcg@5": 0.38685280723454163,
    "p@10": 0.1,
    "r@10": 1.0,
    "ndcg@10": 0.38685280723454163
  },
  "retrieved": [
    2814,
    1529,
    7787,
    3846,
    1536,
    7726,
    8457,
    4660,
    8612,
    4658
  ]
}