{
  "qid": 15186,
  "query": "Việc thu thập chứng cứ trong vụ án hình sự được pháp luật quy định như thế nào?",
  "metrics": {
    "mrr": 0.2,
    "map": 0.2,
    "p@1": 0.0,
    "r@1": 0.0,
    "ndcg@1": 0.0,
    "p@5": 0.2,
    "r@5": 1.0,
    "ndcg@5": 0.38685280723454163,
    "p@10": 0.1,
    "r@10": 1.0,
    "ndcg@10": 0.38685280723454163
  },
  "retrieved": [
    10585,
    10704,
    7968,
    10564,
    10565,
    10729,
    10886,
    10608,
    7974,
    10516
  ]
}