{
  "qid": 151823,
  "query": "Doanh nghiệp được cấp Giấy phép kinh doanh nhập khẩu ô tô phải có trách nhiệm gì?",
  "metrics": {
    "mrr": 0.2,
    "map": 0.2,
    "p@1": 0.0,
    "r@1": 0.0,
    "ndcg@1": 0.0,
    "p@5": 0.2,
    "r@5": 1.0,
    "ndcg@5": 0.38685280723454163,
    "p@10": 0.1,
    "r@10": 1.0,
    "ndcg@10": 0.38685280723454163
  },
  "retrieved": [
    14347,
    14343,
    14342,
    14359,
    14348,
    14357,
    14329,
    13143,
    14332,
    14330
  ]
}