{
  "qid": 152339,
  "query": "Đoàn đánh giá việc đáp ứng thực hành tốt bảo quản thuốc, nguyên liệu làm thuốc có những trách nhiệm và quyền hạn như thế nào?",
  "metrics": {
    "mrr": 0.25,
    "map": 0.25,
    "p@1": 0.0,
    "r@1": 0.0,
    "ndcg@1": 0.0,
    "p@5": 0.2,
    "r@5": 1.0,
    "ndcg@5": 0.43067655807339306,
    "p@10": 0.1,
    "r@10": 1.0,
    "ndcg@10": 0.43067655807339306
  },
  "retrieved": [
    3549,
    14602,
    3537,
    2513,
    7763,
    14601,
    14598,
    1095,
    3536,
    11153
  ]
}