{
  "qid": 152323,
  "query": "Có được cấp giấy chứng nhận quyền sử dụng đất sau khi trúng đấu giá hay không?",
  "metrics": {
    "mrr": 0.5,
    "map": 0.5,
    "p@1": 0.0,
    "r@1": 0.0,
    "ndcg@1": 0.0,
    "p@5": 0.2,
    "r@5": 1.0,
    "ndcg@5": 0.6309297535714575,
    "p@10": 0.1,
    "r@10": 1.0,
    "ndcg@10": 0.6309297535714575
  },
  "retrieved": [
    14719,
    735,
    5398,
    5446,
    5450,
    5477,
    733,
    762,
    5447,
    737
  ]
}