{
  "qid": 15246,
  "query": "Hợp tác quốc tế về phòng thủ dân sự bao gồm những nội dung nào?",
  "metrics": {
    "mrr": 0.5,
    "map": 0.5,
    "p@1": 0.0,
    "r@1": 0.0,
    "ndcg@1": 0.0,
    "p@5": 0.2,
    "r@5": 1.0,
    "ndcg@5": 0.6309297535714575,
    "p@10": 0.1,
    "r@10": 1.0,
    "ndcg@10": 0.6309297535714575
  },
  "retrieved": [
    2542,
    2555,
    2543,
    2554,
    2556,
    2541,
    2576,
    2577,
    2578,
    2544
  ]
}