{
  "qid": 152597,
  "query": "Tổ chức khoa học và công nghệ phải đăng ký hoạt động khoa học và công nghệ vào thời điểm nào?",
  "metrics": {
    "mrr": 0.2,
    "map": 0.2,
    "p@1": 0.0,
    "r@1": 0.0,
    "ndcg@1": 0.0,
    "p@5": 0.2,
    "r@5": 1.0,
    "ndcg@5": 0.38685280723454163,
    "p@10": 0.1,
    "r@10": 1.0,
    "ndcg@10": 0.38685280723454163
  },
  "retrieved": [
    8236,
    8237,
    8240,
    8242,
    8239,
    8241,
    8238,
    8244,
    8243,
    8248
  ]
}