{
  "qid": 152527,
  "query": "Ai có quyền ra quyết định ủy thác điều tra vụ án hình sự?",
  "metrics": {
    "mrr": 0.3333333333333333,
    "map": 0.3333333333333333,
    "p@1": 0.0,
    "r@1": 0.0,
    "ndcg@1": 0.0,
    "p@5": 0.2,
    "r@5": 1.0,
    "ndcg@5": 0.5,
    "p@10": 0.1,
    "r@10": 1.0,
    "ndcg@10": 0.5
  },
  "retrieved": [
    7974,
    10638,
    10513,
    10641,
    10636,
    3569,
    10633,
    10642,
    10631,
    10630
  ]
}