{
  "qid": 15270,
  "query": "Chế độ báo cáo của cơ quan hành chính nhà nước được ban hành theo nguyên tắc nào?",
  "metrics": {
    "mrr": 0.5,
    "map": 0.5,
    "p@1": 0.0,
    "r@1": 0.0,
    "ndcg@1": 0.0,
    "p@5": 0.2,
    "r@5": 1.0,
    "ndcg@5": 0.6309297535714575,
    "p@10": 0.1,
    "r@10": 1.0,
    "ndcg@10": 0.6309297535714575
  },
  "retrieved": [
    10105,
    10109,
    10106,
    10110,
    10108,
    10151,
    10107,
    3608,
    3609,
    10115
  ]
}