{
  "qid": 152831,
  "query": "Cán bộ hỏi cung bị can thì có cần phải đăng ký với ai hay không?",
  "metrics": {
    "mrr": 0.5,
    "map": 0.5,
    "p@1": 0.0,
    "r@1": 0.0,
    "ndcg@1": 0.0,
    "p@5": 0.2,
    "r@5": 1.0,
    "ndcg@5": 0.6309297535714575,
    "p@10": 0.1,
    "r@10": 1.0,
    "ndcg@10": 0.6309297535714575
  },
  "retrieved": [
    10661,
    3557,
    10660,
    3559,
    3558,
    10893,
    3553,
    6705,
    10550,
    3560
  ]
}