{
  "qid": 153014,
  "query": "Phạm vi trách nhiệm bồi thường của Nhà nước trong hoạt động thi hành án dân sự được quy định như thế nào?",
  "metrics": {
    "mrr": 0.5,
    "map": 0.5,
    "p@1": 0.0,
    "r@1": 0.0,
    "ndcg@1": 0.0,
    "p@5": 0.2,
    "r@5": 1.0,
    "ndcg@5": 0.6309297535714575,
    "p@10": 0.1,
    "r@10": 1.0,
    "ndcg@10": 0.6309297535714575
  },
  "retrieved": [
    12699,
    12713,
    8903,
    6795,
    8885,
    12724,
    12712,
    12695,
    8886,
    12696
  ]
}