{
  "qid": 153159,
  "query": "Chức danh nghề nghiệp đối với giáo viên tiểu học được bổ nhiệm theo nguyên tắc nào?",
  "metrics": {
    "mrr": 0.16666666666666666,
    "map": 0.16666666666666666,
    "p@1": 0.0,
    "r@1": 0.0,
    "ndcg@1": 0.0,
    "p@5": 0.0,
    "r@5": 0.0,
    "ndcg@5": 0.0,
    "p@10": 0.1,
    "r@10": 1.0,
    "ndcg@10": 0.3562071871080222
  },
  "retrieved": [
    2820,
    1537,
    1538,
    2815,
    2814,
    1534,
    1535,
    3852,
    2817,
    1539
  ]
}