{
  "qid": 153275,
  "query": "Viên chức chuyên ngành mỹ thuật được bổ nhiệm vào chức danh họa sĩ hạng 4 cần đáp ứng tiêu chuẩn về năng lực chuyên môn, nghiệp vụ thế nào?",
  "metrics": {
    "mrr": 0.3333333333333333,
    "map": 0.3333333333333333,
    "p@1": 0.0,
    "r@1": 0.0,
    "ndcg@1": 0.0,
    "p@5": 0.2,
    "r@5": 1.0,
    "ndcg@5": 0.5,
    "p@10": 0.1,
    "r@10": 1.0,
    "ndcg@10": 0.5
  },
  "retrieved": [
    7465,
    7462,
    7463,
    13119,
    7458,
    7457,
    13124,
    6924,
    3876,
    13121
  ]
}