{
  "qid": 153257,
  "query": "Thanh tra viên chuyên ngành hàng hải được quyền xử phạt thuyền viên cho thuê chứng chỉ chuyên môn của mình không?",
  "metrics": {
    "mrr": 0.14285714285714285,
    "map": 0.14285714285714285,
    "p@1": 0.0,
    "r@1": 0.0,
    "ndcg@1": 0.0,
    "p@5": 0.0,
    "r@5": 0.0,
    "ndcg@5": 0.0,
    "p@10": 0.1,
    "r@10": 1.0,
    "ndcg@10": 0.3333333333333333
  },
  "retrieved": [
    3771,
    3719,
    3770,
    3777,
    3784,
    3735,
    4637,
    3775,
    3769,
    3756
  ]
}