{
  "qid": 153499,
  "query": "Có thể làm giáo viên mầm non khi có bằng tốt nghiệp đại học cử nhân quản lý giáo dục hay không?",
  "metrics": {
    "mrr": 1.0,
    "map": 0.5,
    "p@1": 1.0,
    "r@1": 0.5,
    "ndcg@1": 1.0,
    "p@5": 0.2,
    "r@5": 0.5,
    "ndcg@5": 0.6131471927654584,
    "p@10": 0.1,
    "r@10": 0.5,
    "ndcg@10": 0.6131471927654584
  },
  "retrieved": [
    1532,
    9867,
    6751,
    5968,
    14286,
    1529,
    4747,
    11935,
    11934,
    1844
  ]
}