{
  "qid": 1537,
  "query": "Chế độ, chính sách đối với người tập sự công chức được quy định ra sao?",
  "metrics": {
    "mrr": 0.3333333333333333,
    "map": 0.3333333333333333,
    "p@1": 0.0,
    "r@1": 0.0,
    "ndcg@1": 0.0,
    "p@5": 0.2,
    "r@5": 1.0,
    "ndcg@5": 0.5,
    "p@10": 0.1,
    "r@10": 1.0,
    "ndcg@10": 0.5
  },
  "retrieved": [
    8118,
    4524,
    14230,
    14228,
    4134,
    11019,
    533,
    4205,
    4201,
    11017
  ]
}