{
  "qid": 153858,
  "query": "Mở sổ, ghi sổ, khóa sổ và lưu trữ sổ kế toán được quy định như thế nào?",
  "metrics": {
    "mrr": 0.5,
    "map": 0.5,
    "p@1": 0.0,
    "r@1": 0.0,
    "ndcg@1": 0.0,
    "p@5": 0.2,
    "r@5": 1.0,
    "ndcg@5": 0.6309297535714575,
    "p@10": 0.1,
    "r@10": 1.0,
    "ndcg@10": 0.6309297535714575
  },
  "retrieved": [
    5869,
    2870,
    2868,
    5827,
    12083,
    1632,
    9147,
    5826,
    1631,
    13739
  ]
}