{
  "qid": 154215,
  "query": "Thẩm tra viên có được làm Kiểm sát viên trong cùng một vụ án hình sự hay không?",
  "metrics": {
    "mrr": 1.0,
    "map": 0.5,
    "p@1": 1.0,
    "r@1": 0.5,
    "ndcg@1": 1.0,
    "p@5": 0.2,
    "r@5": 0.5,
    "ndcg@5": 0.6131471927654584,
    "p@10": 0.1,
    "r@10": 0.5,
    "ndcg@10": 0.6131471927654584
  },
  "retrieved": [
    10528,
    10525,
    5833,
    10503,
    10799,
    10803,
    10530,
    10745,
    3897,
    10521
  ]
}