{
  "qid": 154342,
  "query": "Xe buýt chở khách phải có ít nhất bao nhiêu chỗ ngồi theo quy định của pháp luật?",
  "metrics": {
    "mrr": 0.5,
    "map": 0.5,
    "p@1": 0.0,
    "r@1": 0.0,
    "ndcg@1": 0.0,
    "p@5": 0.2,
    "r@5": 1.0,
    "ndcg@5": 0.6309297535714575,
    "p@10": 0.1,
    "r@10": 1.0,
    "ndcg@10": 0.6309297535714575
  },
  "retrieved": [
    10321,
    13131,
    13129,
    13139,
    13162,
    4465,
    10363,
    788,
    10326,
    13159
  ]
}