{
  "qid": 154698,
  "query": "Thanh tra viên hay Trưởng đoàn thanh tra chuyên ngành cấp Sở có quyền xử phạt người có hành vi lôi kéo người khác chỉ bỏ phiếu cho người thuộc một giới tính nhất định khi bầu cử đại biểu Hội đồng nhân dân vì định kiến giới?",
  "metrics": {
    "mrr": 0.2,
    "map": 0.2,
    "p@1": 0.0,
    "r@1": 0.0,
    "ndcg@1": 0.0,
    "p@5": 0.2,
    "r@5": 1.0,
    "ndcg@5": 0.38685280723454163,
    "p@10": 0.1,
    "r@10": 1.0,
    "ndcg@10": 0.38685280723454163
  },
  "retrieved": [
    1549,
    1547,
    1550,
    1542,
    4637,
    11127,
    14198,
    1545,
    1548,
    4956
  ]
}