{
  "qid": 154846,
  "query": "Trường hợp nào được áp dụng các biện pháp điều tra tố tụng đặc biệt?",
  "metrics": {
    "mrr": 0.25,
    "map": 0.25,
    "p@1": 0.0,
    "r@1": 0.0,
    "ndcg@1": 0.0,
    "p@5": 0.2,
    "r@5": 1.0,
    "ndcg@5": 0.43067655807339306,
    "p@10": 0.1,
    "r@10": 1.0,
    "ndcg@10": 0.43067655807339306
  },
  "retrieved": [
    10705,
    10702,
    10703,
    10701,
    10976,
    10704,
    10700,
    10642,
    6703,
    10586
  ]
}