{
  "qid": 154988,
  "query": "Kỹ thuật viên đường bộ hạng 2 được hưởng lương như thế nào?",
  "metrics": {
    "mrr": 0.16666666666666666,
    "map": 0.16666666666666666,
    "p@1": 0.0,
    "r@1": 0.0,
    "ndcg@1": 0.0,
    "p@5": 0.0,
    "r@5": 0.0,
    "ndcg@5": 0.0,
    "p@10": 0.1,
    "r@10": 1.0,
    "ndcg@10": 0.3562071871080222
  },
  "retrieved": [
    6460,
    339,
    8612,
    8457,
    8799,
    1536,
    7726,
    9588,
    796,
    14270
  ]
}