{
  "qid": 155174,
  "query": "Xin cấp Giấy xác nhận tình trạng hôn nhân trong trường hợp đăng ký thường trú tại nhiều nơi khác nhau được thực hiện như thế nào?",
  "metrics": {
    "mrr": 0.2,
    "map": 0.2,
    "p@1": 0.0,
    "r@1": 0.0,
    "ndcg@1": 0.0,
    "p@5": 0.2,
    "r@5": 1.0,
    "ndcg@5": 0.38685280723454163,
    "p@10": 0.1,
    "r@10": 1.0,
    "ndcg@10": 0.38685280723454163
  },
  "retrieved": [
    2263,
    2275,
    4586,
    4565,
    4557,
    5136,
    4585,
    908,
    4555,
    2258
  ]
}