{
  "qid": 155175,
  "query": "Trách nhiệm lập văn bản cam đoan về tình trạng hôn nhân được pháp luật quy định như thế nào?",
  "metrics": {
    "mrr": 0.2,
    "map": 0.2,
    "p@1": 0.0,
    "r@1": 0.0,
    "ndcg@1": 0.0,
    "p@5": 0.2,
    "r@5": 1.0,
    "ndcg@5": 0.38685280723454163,
    "p@10": 0.1,
    "r@10": 1.0,
    "ndcg@10": 0.38685280723454163
  },
  "retrieved": [
    2275,
    4557,
    2263,
    4565,
    4558,
    4562,
    4555,
    4567,
    909,
    14443
  ]
}