{
  "qid": 155248,
  "query": "Viện kiểm sát khi kiểm sát điều tra vụ án hình sự có nhiệm vụ và quyền hạn như thế nào?",
  "metrics": {
    "mrr": 0.5,
    "map": 0.5,
    "p@1": 0.0,
    "r@1": 0.0,
    "ndcg@1": 0.0,
    "p@5": 0.2,
    "r@5": 1.0,
    "ndcg@5": 0.6309297535714575,
    "p@10": 0.1,
    "r@10": 1.0,
    "ndcg@10": 0.6309297535714575
  },
  "retrieved": [
    10638,
    10643,
    10633,
    10641,
    10518,
    10631,
    10744,
    10519,
    10627,
    996
  ]
}