{
  "qid": 15534,
  "query": "Thủ tục xin cấp giấy xác nhận tình trạng hôn nhân được quy định như thế nào?",
  "metrics": {
    "mrr": 0.2,
    "map": 0.2,
    "p@1": 0.0,
    "r@1": 0.0,
    "ndcg@1": 0.0,
    "p@5": 0.2,
    "r@5": 1.0,
    "ndcg@5": 0.38685280723454163,
    "p@10": 0.1,
    "r@10": 1.0,
    "ndcg@10": 0.38685280723454163
  },
  "retrieved": [
    4565,
    2275,
    2263,
    4586,
    4557,
    4585,
    2258,
    2257,
    908,
    1242
  ]
}