{
  "qid": 155589,
  "query": "Thời hạn thanh tra trong hoạt động thanh tra ngành Nội vụ được quy định ra sao?",
  "metrics": {
    "mrr": 0.3333333333333333,
    "map": 0.3333333333333333,
    "p@1": 0.0,
    "r@1": 0.0,
    "ndcg@1": 0.0,
    "p@5": 0.2,
    "r@5": 1.0,
    "ndcg@5": 0.5,
    "p@10": 0.1,
    "r@10": 1.0,
    "ndcg@10": 0.5
  },
  "retrieved": [
    4266,
    4265,
    4264,
    4262,
    4261,
    4268,
    4263,
    13370,
    9378,
    181
  ]
}