{
  "qid": 155997,
  "query": "Thay đổi nơi tiếp nhận hồ sơ đề nghị chấp thuận hoạt động mua nợ của tổ chức tín dụng từ ngày 09/02/2023?",
  "metrics": {
    "mrr": 0.25,
    "map": 0.25,
    "p@1": 0.0,
    "r@1": 0.0,
    "ndcg@1": 0.0,
    "p@5": 0.2,
    "r@5": 1.0,
    "ndcg@5": 0.43067655807339306,
    "p@10": 0.1,
    "r@10": 1.0,
    "ndcg@10": 0.43067655807339306
  },
  "retrieved": [
    9550,
    9568,
    9569,
    9551,
    9545,
    9549,
    9547,
    9564,
    9930,
    328
  ]
}