{
  "qid": 156084,
  "query": "Quyền và nghĩa vụ của người giám định trong tố tụng hình sự được quy định như thế nào?",
  "metrics": {
    "mrr": 0.5,
    "map": 0.5,
    "p@1": 0.0,
    "r@1": 0.0,
    "ndcg@1": 0.0,
    "p@5": 0.2,
    "r@5": 1.0,
    "ndcg@5": 0.6309297535714575,
    "p@10": 0.1,
    "r@10": 1.0,
    "ndcg@10": 0.6309297535714575
  },
  "retrieved": [
    10684,
    10545,
    10518,
    7931,
    10478,
    10542,
    10780,
    10539,
    13022,
    10540
  ]
}