{
  "qid": 156039,
  "query": "Chủ tịch Ủy ban nhân dân cấp tỉnh có quyền xử phạt người nhập khẩu phân bón không bảo đảm chất lượng có trị giá 100.000.000 đồng không?",
  "metrics": {
    "mrr": 0.16666666666666666,
    "map": 0.16666666666666666,
    "p@1": 0.0,
    "r@1": 0.0,
    "ndcg@1": 0.0,
    "p@5": 0.0,
    "r@5": 0.0,
    "ndcg@5": 0.0,
    "p@10": 0.1,
    "r@10": 1.0,
    "ndcg@10": 0.3562071871080222
  },
  "retrieved": [
    4539,
    11111,
    12269,
    14191,
    12284,
    4637,
    12285,
    8472,
    8481,
    12272
  ]
}