{
  "qid": 156070,
  "query": "Xây dựng nhà tạm chưa xin phép trên đất nông nghiệp bị phạt bao nhiêu?",
  "metrics": {
    "mrr": 0.3333333333333333,
    "map": 0.3333333333333333,
    "p@1": 0.0,
    "r@1": 0.0,
    "ndcg@1": 0.0,
    "p@5": 0.2,
    "r@5": 1.0,
    "ndcg@5": 0.5,
    "p@10": 0.1,
    "r@10": 1.0,
    "ndcg@10": 0.5
  },
  "retrieved": [
    11105,
    11106,
    11102,
    11121,
    11119,
    11110,
    11117,
    11120,
    11116,
    7051
  ]
}