{
  "qid": 156379,
  "query": "Người kháng cáo có quyền rút kháng cáo bản án hình sự sơ thẩm vào thời điểm nào?",
  "metrics": {
    "mrr": 0.16666666666666666,
    "map": 0.16666666666666666,
    "p@1": 0.0,
    "r@1": 0.0,
    "ndcg@1": 0.0,
    "p@5": 0.0,
    "r@5": 0.0,
    "ndcg@5": 0.0,
    "p@10": 0.1,
    "r@10": 1.0,
    "ndcg@10": 0.3562071871080222
  },
  "retrieved": [
    10825,
    10808,
    10831,
    10810,
    10809,
    10819,
    10834,
    10820,
    10833,
    4925
  ]
}