{
  "qid": 156450,
  "query": "Công tác cơ yếu hoặc hoạt động cơ yếu là gì? Người làm công tác cơ yếu là gì?",
  "metrics": {
    "mrr": 0.25,
    "map": 0.25,
    "p@1": 0.0,
    "r@1": 0.0,
    "ndcg@1": 0.0,
    "p@5": 0.2,
    "r@5": 1.0,
    "ndcg@5": 0.43067655807339306,
    "p@10": 0.1,
    "r@10": 1.0,
    "ndcg@10": 0.43067655807339306
  },
  "retrieved": [
    4775,
    4768,
    4791,
    4787,
    4790,
    7555,
    4795,
    7556,
    7565,
    4792
  ]
}