{
  "qid": 156527,
  "query": "Quán ăn sử dụng hộp xốp, màng bọc thực phẩm không đảm bảo chất lượng sẽ bị xử phạt như thế nào?",
  "metrics": {
    "mrr": 0.1111111111111111,
    "map": 0.1111111111111111,
    "p@1": 0.0,
    "r@1": 0.0,
    "ndcg@1": 0.0,
    "p@5": 0.0,
    "r@5": 0.0,
    "ndcg@5": 0.0,
    "p@10": 0.1,
    "r@10": 1.0,
    "ndcg@10": 0.3010299956639812
  },
  "retrieved": [
    14128,
    14170,
    14171,
    14190,
    2999,
    14206,
    11910,
    10351,
    14177,
    14195
  ]
}