{
  "qid": 156693,
  "query": "Quyền yêu cầu cung cấp thông tin của công dân được quy định thế nào?",
  "metrics": {
    "mrr": 0.5,
    "map": 0.45,
    "p@1": 0.0,
    "r@1": 0.0,
    "ndcg@1": 0.0,
    "p@5": 0.4,
    "r@5": 1.0,
    "ndcg@5": 0.6240505200038379,
    "p@10": 0.2,
    "r@10": 1.0,
    "ndcg@10": 0.6240505200038379
  },
  "retrieved": [
    11693,
    11688,
    11716,
    11719,
    11689,
    11699,
    12640,
    11717,
    9740,
    11694
  ]
}