{
  "qid": 156906,
  "query": "Giáo viên dạy tại lớp hòa nhập cho người khuyết tật trong trường cao đẳng thì có được hưởng phụ cấp ưu đãi không?",
  "metrics": {
    "mrr": 0.3333333333333333,
    "map": 0.3333333333333333,
    "p@1": 0.0,
    "r@1": 0.0,
    "ndcg@1": 0.0,
    "p@5": 0.2,
    "r@5": 1.0,
    "ndcg@5": 0.5,
    "p@10": 0.1,
    "r@10": 1.0,
    "ndcg@10": 0.5
  },
  "retrieved": [
    13842,
    13835,
    13841,
    13836,
    3438,
    6360,
    14287,
    532,
    13847,
    8499
  ]
}