{
  "qid": 156973,
  "query": "Việc giáo dục hòa nhập đối với người khuyết tật có được giám sát hay không?",
  "metrics": {
    "mrr": 0.1111111111111111,
    "map": 0.1111111111111111,
    "p@1": 0.0,
    "r@1": 0.0,
    "ndcg@1": 0.0,
    "p@5": 0.0,
    "r@5": 0.0,
    "ndcg@5": 0.0,
    "p@10": 0.1,
    "r@10": 1.0,
    "ndcg@10": 0.3010299956639812
  },
  "retrieved": [
    3444,
    3446,
    3432,
    3437,
    3431,
    3427,
    3433,
    3428,
    3443,
    3441
  ]
}