{
  "qid": 156975,
  "query": "Trưng cầu giám định được quy định như thế nào? Các trường hợp nào bắt buộc phải trưng cầu giám định?",
  "metrics": {
    "mrr": 0.25,
    "map": 0.125,
    "p@1": 0.0,
    "r@1": 0.0,
    "ndcg@1": 0.0,
    "p@5": 0.2,
    "r@5": 0.5,
    "ndcg@5": 0.2640681225725909,
    "p@10": 0.1,
    "r@10": 0.5,
    "ndcg@10": 0.2640681225725909
  },
  "retrieved": [
    10685,
    1006,
    7931,
    10682,
    1008,
    1010,
    7928,
    4009,
    1009,
    10688
  ]
}