{
  "qid": 157181,
  "query": "Vụ Kiểm toán nội bộ Ngân hàng nhà nước có trách nhiệm và quyền hạn gì trong hoạt động kiểm toán nội bộ Ngân hàng Nhà nước?",
  "metrics": {
    "mrr": 0.3333333333333333,
    "map": 0.3333333333333333,
    "p@1": 0.0,
    "r@1": 0.0,
    "ndcg@1": 0.0,
    "p@5": 0.2,
    "r@5": 1.0,
    "ndcg@5": 0.5,
    "p@10": 0.1,
    "r@10": 1.0,
    "ndcg@10": 0.5
  },
  "retrieved": [
    6855,
    6862,
    6860,
    6865,
    6864,
    6861,
    6863,
    6866,
    6853,
    6851
  ]
}