{
  "qid": 157318,
  "query": "Doanh nghiệp đấu giá tư nhân có các quyền gì theo quy định?",
  "metrics": {
    "mrr": 0.2,
    "map": 0.2,
    "p@1": 0.0,
    "r@1": 0.0,
    "ndcg@1": 0.0,
    "p@5": 0.2,
    "r@5": 1.0,
    "ndcg@5": 0.38685280723454163,
    "p@10": 0.1,
    "r@10": 1.0,
    "ndcg@10": 0.38685280723454163
  },
  "retrieved": [
    710,
    712,
    715,
    713,
    711,
    716,
    7830,
    691,
    692,
    735
  ]
}