{
  "qid": 157586,
  "query": "Điều kiện để được cấp chứng chỉ bồi dưỡng cán bộ, công chức, viên chức được quy định như thế nào?",
  "metrics": {
    "mrr": 0.16666666666666666,
    "map": 0.16666666666666666,
    "p@1": 0.0,
    "r@1": 0.0,
    "ndcg@1": 0.0,
    "p@5": 0.0,
    "r@5": 0.0,
    "ndcg@5": 0.0,
    "p@10": 0.1,
    "r@10": 1.0,
    "ndcg@10": 0.3562071871080222
  },
  "retrieved": [
    11003,
    1038,
    1039,
    1033,
    5502,
    1037,
    11020,
    11016,
    12809,
    11017
  ]
}