{
  "qid": 15763,
  "query": "Nhà của người có công với cách mạng đang bị tranh chấp thì có được hỗ trợ sửa chữa?",
  "metrics": {
    "mrr": 0.2,
    "map": 0.2,
    "p@1": 0.0,
    "r@1": 0.0,
    "ndcg@1": 0.0,
    "p@5": 0.2,
    "r@5": 1.0,
    "ndcg@5": 0.38685280723454163,
    "p@10": 0.1,
    "r@10": 1.0,
    "ndcg@10": 0.38685280723454163
  },
  "retrieved": [
    9349,
    11048,
    9353,
    13388,
    9350,
    9351,
    9348,
    14394,
    3787,
    11054
  ]
}