{
  "qid": 157856,
  "query": "Việc sử dụng và khai thác cơ sở dữ liệu lý lịch tư pháp được yêu cầu thế nào?",
  "metrics": {
    "mrr": 0.14285714285714285,
    "map": 0.19642857142857142,
    "p@1": 0.0,
    "r@1": 0.0,
    "ndcg@1": 0.0,
    "p@5": 0.0,
    "r@5": 0.0,
    "ndcg@5": 0.0,
    "p@10": 0.2,
    "r@10": 1.0,
    "ndcg@10": 0.39780880120575696
  },
  "retrieved": [
    6083,
    13484,
    6080,
    6084,
    6111,
    6081,
    6082,
    6112,
    6116,
    6109
  ]
}