{
  "qid": 158578,
  "query": "Cơ quan có thẩm quyền khởi tố căn cứ vào đâu để khởi tố vụ án hình sự?",
  "metrics": {
    "mrr": 0.14285714285714285,
    "map": 0.14285714285714285,
    "p@1": 0.0,
    "r@1": 0.0,
    "ndcg@1": 0.0,
    "p@5": 0.0,
    "r@5": 0.0,
    "ndcg@5": 0.0,
    "p@10": 0.1,
    "r@10": 1.0,
    "ndcg@10": 0.3333333333333333
  },
  "retrieved": [
    10635,
    10633,
    10638,
    3569,
    10631,
    989,
    10620,
    1002,
    10632,
    10900
  ]
}