{
  "qid": 159139,
  "query": "Trong Lễ tang cán bộ Quân đội là Thiếu tướng Quân đội nhân dân Việt Nam thì gia đình của cán bộ này sẽ đứng ở vị trí nào?",
  "metrics": {
    "mrr": 0.25,
    "map": 0.25,
    "p@1": 0.0,
    "r@1": 0.0,
    "ndcg@1": 0.0,
    "p@5": 0.2,
    "r@5": 1.0,
    "ndcg@5": 0.43067655807339306,
    "p@10": 0.1,
    "r@10": 1.0,
    "ndcg@10": 0.43067655807339306
  },
  "retrieved": [
    11776,
    13851,
    8226,
    11789,
    3935,
    13875,
    14491,
    11770,
    11798,
    11788
  ]
}