{
  "qid": 159581,
  "query": "Trưởng đoàn thanh tra chuyên ngành của Bộ Khoa học và Công nghệ có quyền xử phạt người không thực hiện đúng hướng dẫn khi cơ quan, tổ chức tiến hành khắc phục sự cố hạt nhân không?",
  "metrics": {
    "mrr": 0.5,
    "map": 0.5,
    "p@1": 0.0,
    "r@1": 0.0,
    "ndcg@1": 0.0,
    "p@5": 0.2,
    "r@5": 1.0,
    "ndcg@5": 0.6309297535714575,
    "p@10": 0.1,
    "r@10": 1.0,
    "ndcg@10": 0.6309297535714575
  },
  "retrieved": [
    12037,
    4637,
    6937,
    6934,
    11127,
    6936,
    3304,
    14198,
    12019,
    7017
  ]
}