{
  "qid": 159554,
  "query": "Cơ quan nào có trách nhiệm thanh tra việc đáp ứng những điều kiện về thi đấu môn Quyền anh?",
  "metrics": {
    "mrr": 0.5,
    "map": 0.5,
    "p@1": 0.0,
    "r@1": 0.0,
    "ndcg@1": 0.0,
    "p@5": 0.2,
    "r@5": 1.0,
    "ndcg@5": 0.6309297535714575,
    "p@10": 0.1,
    "r@10": 1.0,
    "ndcg@10": 0.6309297535714575
  },
  "retrieved": [
    254,
    4415,
    4411,
    12983,
    256,
    7746,
    586,
    257,
    6616,
    588
  ]
}