{
  "qid": 159882,
  "query": "Những ai được nhận bảo hiểm xã hội một lần? Mức hưởng bảo hiểm xã hội một lần là bao nhiêu?",
  "metrics": {
    "mrr": 0.5,
    "map": 0.5,
    "p@1": 0.0,
    "r@1": 0.0,
    "ndcg@1": 0.0,
    "p@5": 0.2,
    "r@5": 1.0,
    "ndcg@5": 0.6309297535714575,
    "p@10": 0.1,
    "r@10": 1.0,
    "ndcg@10": 0.6309297535714575
  },
  "retrieved": [
    797,
    14094,
    11858,
    795,
    796,
    11861,
    799,
    14097,
    11850,
    14110
  ]
}