{
  "qid": 159994,
  "query": "Nguyên tắc bổ nhiệm viên chức vào các chức danh y tế công cộng là gì?",
  "metrics": {
    "mrr": 0.5,
    "map": 0.5,
    "p@1": 0.0,
    "r@1": 0.0,
    "ndcg@1": 0.0,
    "p@5": 0.2,
    "r@5": 1.0,
    "ndcg@5": 0.6309297535714575,
    "p@10": 0.1,
    "r@10": 1.0,
    "ndcg@10": 0.6309297535714575
  },
  "retrieved": [
    7785,
    6458,
    13059,
    12615,
    12617,
    3466,
    7562,
    3467,
    6924,
    14249
  ]
}