{
  "qid": 160082,
  "query": "Kinh phí chi trả phụ cấp trách nhiệm công việc cho huấn luyện viên trưởng đội tuyển thể dục, thể thao tỉnh được quy định thế nào?",
  "metrics": {
    "mrr": 0.5,
    "map": 0.5,
    "p@1": 0.0,
    "r@1": 0.0,
    "ndcg@1": 0.0,
    "p@5": 0.2,
    "r@5": 1.0,
    "ndcg@5": 0.6309297535714575,
    "p@10": 0.1,
    "r@10": 1.0,
    "ndcg@10": 0.6309297535714575
  },
  "retrieved": [
    585,
    1685,
    255,
    257,
    3137,
    258,
    3403,
    1297,
    1686,
    3410
  ]
}