{
  "qid": 160198,
  "query": "Trưởng đoàn thanh tra chuyên ngành của Bộ Khoa học và Công nghệ có quyền xử phạt tổ chức nhập khẩu thiết bị hạt nhân không đúng số lượng ghi trong giấy phép không?",
  "metrics": {
    "mrr": 0.1111111111111111,
    "map": 0.1111111111111111,
    "p@1": 0.0,
    "r@1": 0.0,
    "ndcg@1": 0.0,
    "p@5": 0.0,
    "r@5": 0.0,
    "ndcg@5": 0.0,
    "p@10": 0.1,
    "r@10": 1.0,
    "ndcg@10": 0.3010299956639812
  },
  "retrieved": [
    6937,
    12019,
    12036,
    12024,
    6934,
    6930,
    12025,
    6936,
    4637,
    11127
  ]
}