{
  "qid": 160210,
  "query": "Người bị bắt theo quyết định truy nã có quyền gì?",
  "metrics": {
    "mrr": 0.5,
    "map": 0.5,
    "p@1": 0.0,
    "r@1": 0.0,
    "ndcg@1": 0.0,
    "p@5": 0.2,
    "r@5": 1.0,
    "ndcg@5": 0.6309297535714575,
    "p@10": 0.1,
    "r@10": 1.0,
    "ndcg@10": 0.6309297535714575
  },
  "retrieved": [
    10591,
    10535,
    10708,
    10590,
    6995,
    10536,
    10594,
    10596,
    10586,
    6686
  ]
}