{
  "qid": 160444,
  "query": "Thời hạn để Cảng hàng không thông báo về việc bắt giữ tàu bay cho Cục Hàng không Việt Nam được quy định như thế nào?",
  "metrics": {
    "mrr": 0.25,
    "map": 0.25,
    "p@1": 0.0,
    "r@1": 0.0,
    "ndcg@1": 0.0,
    "p@5": 0.2,
    "r@5": 1.0,
    "ndcg@5": 0.43067655807339306,
    "p@10": 0.1,
    "r@10": 1.0,
    "ndcg@10": 0.43067655807339306
  },
  "retrieved": [
    1797,
    1798,
    1792,
    1794,
    1793,
    1795,
    1790,
    5929,
    5935,
    12958
  ]
}