{
  "qid": 160838,
  "query": "Hồ sơ đề nghị mở cảng hàng không cần những giấy tờ gì? Được giải quyết trong thời hạn bao nhiêu ngày?",
  "metrics": {
    "mrr": 0.5,
    "map": 0.5,
    "p@1": 0.0,
    "r@1": 0.0,
    "ndcg@1": 0.0,
    "p@5": 0.2,
    "r@5": 1.0,
    "ndcg@5": 0.6309297535714575,
    "p@10": 0.1,
    "r@10": 1.0,
    "ndcg@10": 0.6309297535714575
  },
  "retrieved": [
    5911,
    5910,
    5914,
    5915,
    5923,
    5928,
    13504,
    5926,
    5930,
    5918
  ]
}