{
  "qid": 161021,
  "query": "Cơ quan đầu mối xử lý nhiễu có hại của Bộ Quốc phòng có trách nhiệm như thế nào?",
  "metrics": {
    "mrr": 0.3333333333333333,
    "map": 0.3333333333333333,
    "p@1": 0.0,
    "r@1": 0.0,
    "ndcg@1": 0.0,
    "p@5": 0.2,
    "r@5": 1.0,
    "ndcg@5": 0.5,
    "p@10": 0.1,
    "r@10": 1.0,
    "ndcg@10": 0.5
  },
  "retrieved": [
    12532,
    12534,
    12530,
    12529,
    12531,
    12528,
    12527,
    12525,
    12533,
    974
  ]
}