{
  "qid": 161172,
  "query": "Yêu cầu đối với báo cáo kết quả bồi dưỡng ở nước ngoài của học viên đi bồi dưỡng ở nước ngoài được quy định như thế nào?",
  "metrics": {
    "mrr": 0.3333333333333333,
    "map": 0.3333333333333333,
    "p@1": 0.0,
    "r@1": 0.0,
    "ndcg@1": 0.0,
    "p@5": 0.2,
    "r@5": 1.0,
    "ndcg@5": 0.5,
    "p@10": 0.1,
    "r@10": 1.0,
    "ndcg@10": 0.5
  },
  "retrieved": [
    1041,
    1043,
    1042,
    1040,
    4860,
    12821,
    11014,
    12815,
    11009,
    11008
  ]
}