{
  "qid": 161281,
  "query": "Hồ sơ trúng tuyển viên chức bao gồm những gì? Thời hạn hoàn thiện hồ sơ viên chức trong bao lâu?",
  "metrics": {
    "mrr": 0.25,
    "map": 0.25,
    "p@1": 0.0,
    "r@1": 0.0,
    "ndcg@1": 0.0,
    "p@5": 0.2,
    "r@5": 1.0,
    "ndcg@5": 0.43067655807339306,
    "p@10": 0.1,
    "r@10": 1.0,
    "ndcg@10": 0.43067655807339306
  },
  "retrieved": [
    14225,
    14223,
    7805,
    14224,
    4188,
    7807,
    14249,
    13125,
    14247,
    8737
  ]
}