{
  "qid": 16140,
  "query": "Công chức cấp huyện được cử đi đào tạo không được cơ sở đào tạo cấp văn bằng tốt nghiệp phải nộp trả đầy đủ chi phí đền bù khi nào?",
  "metrics": {
    "mrr": 0.25,
    "map": 0.25,
    "p@1": 0.0,
    "r@1": 0.0,
    "ndcg@1": 0.0,
    "p@5": 0.2,
    "r@5": 1.0,
    "ndcg@5": 0.43067655807339306,
    "p@10": 0.1,
    "r@10": 1.0,
    "ndcg@10": 0.43067655807339306
  },
  "retrieved": [
    10984,
    10985,
    310,
    10991,
    10989,
    4875,
    11015,
    14392,
    316,
    10986
  ]
}