{
  "qid": 161592,
  "query": "Ai có quyền quyết định thành lập Hội đồng xét tặng chuyên ngành Giải thưởng Bông lúa vàng Việt Nam?",
  "metrics": {
    "mrr": 0.16666666666666666,
    "map": 0.16666666666666666,
    "p@1": 0.0,
    "r@1": 0.0,
    "ndcg@1": 0.0,
    "p@5": 0.0,
    "r@5": 0.0,
    "ndcg@5": 0.0,
    "p@10": 0.1,
    "r@10": 1.0,
    "ndcg@10": 0.3562071871080222
  },
  "retrieved": [
    6206,
    6203,
    8738,
    6201,
    6198,
    6205,
    6209,
    7848,
    6202,
    5986
  ]
}