{
  "qid": 161651,
  "query": "Cách xếp lương đối với giáo viên tiểu học hạng 3 được quy định như thế nào?",
  "metrics": {
    "mrr": 0.1111111111111111,
    "map": 0.1111111111111111,
    "p@1": 0.0,
    "r@1": 0.0,
    "ndcg@1": 0.0,
    "p@5": 0.0,
    "r@5": 0.0,
    "ndcg@5": 0.0,
    "p@10": 0.1,
    "r@10": 1.0,
    "ndcg@10": 0.3010299956639812
  },
  "retrieved": [
    1537,
    7726,
    2820,
    2815,
    1538,
    1539,
    2817,
    2814,
    1536,
    6460
  ]
}