{
  "qid": 161762,
  "query": "Hồ sơ đề nghị cấp Giấy chứng nhận đủ điều kiện",
  "metrics": {
    "mrr": 0.2,
    "map": 0.2,
    "p@1": 0.0,
    "r@1": 0.0,
    "ndcg@1": 0.0,
    "p@5": 0.2,
    "r@5": 1.0,
    "ndcg@5": 0.38685280723454163,
    "p@10": 0.1,
    "r@10": 1.0,
    "ndcg@10": 0.38685280723454163
  },
  "retrieved": [
    11978,
    12093,
    9659,
    11516,
    11976,
    12092,
    11981,
    7091,
    12111,
    13900
  ]
}