{
  "qid": 161986,
  "query": "Nguyên tắc xếp lương chức danh nghề nghiệp viên chức chuyên ngành đăng kiểm là gì?",
  "metrics": {
    "mrr": 0.2,
    "map": 0.2,
    "p@1": 0.0,
    "r@1": 0.0,
    "ndcg@1": 0.0,
    "p@5": 0.2,
    "r@5": 1.0,
    "ndcg@5": 0.38685280723454163,
    "p@10": 0.1,
    "r@10": 1.0,
    "ndcg@10": 0.38685280723454163
  },
  "retrieved": [
    14249,
    8453,
    3466,
    8605,
    6458,
    14270,
    7726,
    8457,
    6463,
    6460
  ]
}