{
  "qid": 161966,
  "query": "Cơ quan Trung ương xây dựng cơ sở dữ liệu thống kê, kiểm kê đất đai về các nội dung gì?",
  "metrics": {
    "mrr": 0.5,
    "map": 0.5,
    "p@1": 0.0,
    "r@1": 0.0,
    "ndcg@1": 0.0,
    "p@5": 0.2,
    "r@5": 1.0,
    "ndcg@5": 0.6309297535714575,
    "p@10": 0.1,
    "r@10": 1.0,
    "ndcg@10": 0.6309297535714575
  },
  "retrieved": [
    5475,
    5398,
    5429,
    5433,
    5455,
    5432,
    5428,
    5396,
    5430,
    5403
  ]
}