{
  "qid": 162115,
  "query": "Quyết định giám đốc thẩm bản án hình sự phúc thẩm có được thay đổi trước ngay tại phiên tòa không?",
  "metrics": {
    "mrr": 0.14285714285714285,
    "map": 0.14285714285714285,
    "p@1": 0.0,
    "r@1": 0.0,
    "ndcg@1": 0.0,
    "p@5": 0.0,
    "r@5": 0.0,
    "ndcg@5": 0.0,
    "p@10": 0.1,
    "r@10": 1.0,
    "ndcg@10": 0.3333333333333333
  },
  "retrieved": [
    10860,
    10859,
    10825,
    10819,
    10871,
    10831,
    10858,
    10830,
    10861,
    10912
  ]
}