{
  "qid": 162457,
  "query": "Di sản văn hóa phi vật thể có giá trị lâu đời có được đưa vào danh mục di sản văn hóa phi vật thể của nhân loại hay không?",
  "metrics": {
    "mrr": 0.2,
    "map": 0.2,
    "p@1": 0.0,
    "r@1": 0.0,
    "ndcg@1": 0.0,
    "p@5": 0.2,
    "r@5": 1.0,
    "ndcg@5": 0.38685280723454163,
    "p@10": 0.1,
    "r@10": 1.0,
    "ndcg@10": 0.38685280723454163
  },
  "retrieved": [
    3901,
    3911,
    3912,
    3905,
    3910,
    3902,
    3903,
    3907,
    3906,
    3908
  ]
}