{
  "qid": 16287,
  "query": "Hồ sơ đăng ký bảo lưu quyền sở hữu khi mua bán tài sản gắn liền với đất có bảo lưu quyền sở hữu",
  "metrics": {
    "mrr": 0.14285714285714285,
    "map": 0.14285714285714285,
    "p@1": 0.0,
    "r@1": 0.0,
    "ndcg@1": 0.0,
    "p@5": 0.0,
    "r@5": 0.0,
    "ndcg@5": 0.0,
    "p@10": 0.1,
    "r@10": 1.0,
    "ndcg@10": 0.3333333333333333
  },
  "retrieved": [
    11174,
    11213,
    1283,
    1282,
    11211,
    7833,
    11194,
    11218,
    7821,
    7830
  ]
}