{
  "qid": 163014,
  "query": "Giải thưởng Bông lúa vàng Việt Nam được tổ chức trao tặng vào thời gian nào?",
  "metrics": {
    "mrr": 0.25,
    "map": 0.125,
    "p@1": 0.0,
    "r@1": 0.0,
    "ndcg@1": 0.0,
    "p@5": 0.2,
    "r@5": 0.5,
    "ndcg@5": 0.2640681225725909,
    "p@10": 0.1,
    "r@10": 0.5,
    "ndcg@10": 0.2640681225725909
  },
  "retrieved": [
    6198,
    6201,
    8738,
    6208,
    6287,
    1356,
    4284,
    6206,
    5612,
    8489
  ]
}