{
  "qid": 163034,
  "query": "Xuất bản xuất bản phẩm nhưng không có xác nhận đăng ký xuất bản thì nhà xuất bản bị xử phạt thế nào?",
  "metrics": {
    "mrr": 0.25,
    "map": 0.25,
    "p@1": 0.0,
    "r@1": 0.0,
    "ndcg@1": 0.0,
    "p@5": 0.2,
    "r@5": 1.0,
    "ndcg@5": 0.43067655807339306,
    "p@10": 0.1,
    "r@10": 1.0,
    "ndcg@10": 0.43067655807339306
  },
  "retrieved": [
    1459,
    1475,
    1463,
    14924,
    1462,
    7737,
    14928,
    1458,
    14903,
    14932
  ]
}