{
  "qid": 163021,
  "query": "Bắt buộc phải có cán bộ lãnh đạo là người dân tộc thiểu số ở các địa phương vùng dân tộc thiểu số không?",
  "metrics": {
    "mrr": 0.5,
    "map": 0.5,
    "p@1": 0.0,
    "r@1": 0.0,
    "ndcg@1": 0.0,
    "p@5": 0.2,
    "r@5": 1.0,
    "ndcg@5": 0.6309297535714575,
    "p@10": 0.1,
    "r@10": 1.0,
    "ndcg@10": 0.6309297535714575
  },
  "retrieved": [
    2026,
    4748,
    2025,
    2027,
    2030,
    2318,
    2092,
    2029,
    4758,
    4745
  ]
}