{
  "qid": 163364,
  "query": "Ai là người có thẩm quyền phân công Cán bộ điều tra giải quyết nguồn tin về tội phạm?",
  "metrics": {
    "mrr": 0.3333333333333333,
    "map": 0.3333333333333333,
    "p@1": 0.0,
    "r@1": 0.0,
    "ndcg@1": 0.0,
    "p@5": 0.2,
    "r@5": 1.0,
    "ndcg@5": 0.5,
    "p@10": 0.1,
    "r@10": 1.0,
    "ndcg@10": 0.5
  },
  "retrieved": [
    995,
    998,
    10513,
    10517,
    10515,
    10516,
    996,
    10637,
    993,
    10519
  ]
}