{
  "qid": 163642,
  "query": "Người làm công việc giám sát môi trường nhà máy Alumin được hưởng chế độ ốm đau trong trường hợp nào?",
  "metrics": {
    "mrr": 0.25,
    "map": 0.25,
    "p@1": 0.0,
    "r@1": 0.0,
    "ndcg@1": 0.0,
    "p@5": 0.2,
    "r@5": 1.0,
    "ndcg@5": 0.43067655807339306,
    "p@10": 0.1,
    "r@10": 1.0,
    "ndcg@10": 0.43067655807339306
  },
  "retrieved": [
    11846,
    11848,
    11847,
    11845,
    14108,
    14228,
    2573,
    14090,
    14089,
    1684
  ]
}