{
  "qid": 163761,
  "query": "Thủ tục kiểm tra và công nhận người nước ngoài biết tiếng Việt thành thạo được thực hiện như thế nào?",
  "metrics": {
    "mrr": 0.5,
    "map": 0.5,
    "p@1": 0.0,
    "r@1": 0.0,
    "ndcg@1": 0.0,
    "p@5": 0.2,
    "r@5": 1.0,
    "ndcg@5": 0.6309297535714575,
    "p@10": 0.1,
    "r@10": 1.0,
    "ndcg@10": 0.6309297535714575
  },
  "retrieved": [
    7754,
    12369,
    7760,
    7756,
    12367,
    7753,
    7757,
    12368,
    14701,
    1614
  ]
}