{
  "qid": 163770,
  "query": "Con thương binh khi thi tuyển viên chức làm việc trong trạm y tế xã thì phải thi mấy vòng?",
  "metrics": {
    "mrr": 0.2,
    "map": 0.2,
    "p@1": 0.0,
    "r@1": 0.0,
    "ndcg@1": 0.0,
    "p@5": 0.2,
    "r@5": 1.0,
    "ndcg@5": 0.38685280723454163,
    "p@10": 0.1,
    "r@10": 1.0,
    "ndcg@10": 0.38685280723454163
  },
  "retrieved": [
    14213,
    14475,
    6926,
    14222,
    14216,
    663,
    3870,
    14215,
    1236,
    10415
  ]
}