{
  "qid": 163760,
  "query": "Người nước ngoài cần chuẩn bị những giấy tờ nào cho hồ sơ đề nghị kiểm tra, công nhận biết tiếng Việt thành thạo trong khám chữa bệnh?",
  "metrics": {
    "mrr": 0.25,
    "map": 0.25,
    "p@1": 0.0,
    "r@1": 0.0,
    "ndcg@1": 0.0,
    "p@5": 0.2,
    "r@5": 1.0,
    "ndcg@5": 0.43067655807339306,
    "p@10": 0.1,
    "r@10": 1.0,
    "ndcg@10": 0.43067655807339306
  },
  "retrieved": [
    7753,
    12367,
    12368,
    12369,
    7756,
    7754,
    7757,
    7760,
    12354,
    1439
  ]
}