{
  "qid": 163741,
  "query": "Thừa phát lại thì sẽ có những quyền và nghĩa vụ như thế nào?",
  "metrics": {
    "mrr": 0.5,
    "map": 0.5,
    "p@1": 0.0,
    "r@1": 0.0,
    "ndcg@1": 0.0,
    "p@5": 0.2,
    "r@5": 1.0,
    "ndcg@5": 0.6309297535714575,
    "p@10": 0.1,
    "r@10": 1.0,
    "ndcg@10": 0.6309297535714575
  },
  "retrieved": [
    8944,
    8942,
    9412,
    5842,
    8978,
    8969,
    9410,
    8948,
    8954,
    8947
  ]
}