{
  "qid": 163829,
  "query": "Đào tạo nghề đấu giá và những trường hợp được miễn đào tạo nghề đấu giá",
  "metrics": {
    "mrr": 0.5,
    "map": 0.375,
    "p@1": 0.0,
    "r@1": 0.0,
    "ndcg@1": 0.0,
    "p@5": 0.2,
    "r@5": 0.5,
    "ndcg@5": 0.38685280723454163,
    "p@10": 0.2,
    "r@10": 1.0,
    "ndcg@10": 0.5802792108518124
  },
  "retrieved": [
    697,
    698,
    6568,
    6564,
    6589,
    699,
    6566,
    700,
    764,
    6565
  ]
}