{
  "qid": 164010,
  "query": "Thành viên Hội đồng thẩm định chương trình đào tạo trình độ trung cấp phải đáp ứng các tiêu chuẩn gì?",
  "metrics": {
    "mrr": 0.3333333333333333,
    "map": 0.3333333333333333,
    "p@1": 0.0,
    "r@1": 0.0,
    "ndcg@1": 0.0,
    "p@5": 0.2,
    "r@5": 1.0,
    "ndcg@5": 0.5,
    "p@10": 0.1,
    "r@10": 1.0,
    "ndcg@10": 0.5
  },
  "retrieved": [
    9828,
    3341,
    3344,
    11535,
    4549,
    3350,
    3343,
    9832,
    10999,
    3334
  ]
}