{
  "qid": 164766,
  "query": "Công cụ nợ chưa đến ngày đáo hạn thì có thể được mua lại không?",
  "metrics": {
    "mrr": 0.5,
    "map": 0.5,
    "p@1": 0.0,
    "r@1": 0.0,
    "ndcg@1": 0.0,
    "p@5": 0.2,
    "r@5": 1.0,
    "ndcg@5": 0.6309297535714575,
    "p@10": 0.1,
    "r@10": 1.0,
    "ndcg@10": 0.6309297535714575
  },
  "retrieved": [
    13440,
    13433,
    13454,
    13429,
    14951,
    13434,
    13449,
    13435,
    13456,
    13432
  ]
}