{
  "qid": 164872,
  "query": "Giấy công nhận giấy chứng nhận khả năng chuyên môn được cấp theo thủ tục như thế nào?",
  "metrics": {
    "mrr": 0.5,
    "map": 0.5,
    "p@1": 0.0,
    "r@1": 0.0,
    "ndcg@1": 0.0,
    "p@5": 0.2,
    "r@5": 1.0,
    "ndcg@5": 0.6309297535714575,
    "p@10": 0.1,
    "r@10": 1.0,
    "ndcg@10": 0.6309297535714575
  },
  "retrieved": [
    3759,
    3771,
    3777,
    9096,
    7088,
    3784,
    12960,
    9097,
    7087,
    12353
  ]
}