{
  "qid": 165171,
  "query": "Ai là người có thẩm quyền ra quyết định thi hành án hình sự theo quy định hiện nay?",
  "metrics": {
    "mrr": 0.25,
    "map": 0.25,
    "p@1": 0.0,
    "r@1": 0.0,
    "ndcg@1": 0.0,
    "p@5": 0.2,
    "r@5": 1.0,
    "ndcg@5": 0.43067655807339306,
    "p@10": 0.1,
    "r@10": 1.0,
    "ndcg@10": 0.43067655807339306
  },
  "retrieved": [
    4927,
    4920,
    285,
    10841,
    4447,
    12730,
    4919,
    6996,
    6992,
    6995
  ]
}