{
  "qid": 165306,
  "query": "Thanh tra viên chuyên ngành hàng hải được quyền xử phạt chủ tàu biển không thực hiện đăng ký thay đổi theo quy định không?",
  "metrics": {
    "mrr": 0.1111111111111111,
    "map": 0.1111111111111111,
    "p@1": 0.0,
    "r@1": 0.0,
    "ndcg@1": 0.0,
    "p@5": 0.0,
    "r@5": 0.0,
    "ndcg@5": 0.0,
    "p@10": 0.1,
    "r@10": 1.0,
    "ndcg@10": 0.3010299956639812
  },
  "retrieved": [
    7674,
    3739,
    11179,
    13950,
    1279,
    3756,
    7678,
    3782,
    4637,
    3752
  ]
}