{
  "qid": 165660,
  "query": "Nhà xuất bản thực hiện xuất bản điện tử không có tên miền Internet Việt Nam thì bị xử phạt thế nào?",
  "metrics": {
    "mrr": 0.25,
    "map": 0.25,
    "p@1": 0.0,
    "r@1": 0.0,
    "ndcg@1": 0.0,
    "p@5": 0.2,
    "r@5": 1.0,
    "ndcg@5": 0.43067655807339306,
    "p@10": 0.1,
    "r@10": 1.0,
    "ndcg@10": 0.43067655807339306
  },
  "retrieved": [
    1460,
    1463,
    14904,
    14932,
    14903,
    1475,
    5172,
    1462,
    14928,
    1474
  ]
}