{
  "qid": 16566,
  "query": "Cơ quan nào có thẩm quyền quyết định đưa cơ sở phá dỡ tàu biển vào hoạt động trên cơ sở đề nghị của Cục trưởng Cục Hàng hải Việt Nam?",
  "metrics": {
    "mrr": 0.5,
    "map": 0.5,
    "p@1": 0.0,
    "r@1": 0.0,
    "ndcg@1": 0.0,
    "p@5": 0.2,
    "r@5": 1.0,
    "ndcg@5": 0.6309297535714575,
    "p@10": 0.1,
    "r@10": 1.0,
    "ndcg@10": 0.6309297535714575
  },
  "retrieved": [
    13950,
    13947,
    13949,
    13948,
    13952,
    13951,
    13953,
    13938,
    13937,
    13955
  ]
}