{
  "qid": 166125,
  "query": "Hệ thống quản lý chất lượng xét nghiệm của cơ sở khám chữa bệnh được thực hiện theo quy định thế nào?",
  "metrics": {
    "mrr": 0.3333333333333333,
    "map": 0.3333333333333333,
    "p@1": 0.0,
    "r@1": 0.0,
    "ndcg@1": 0.0,
    "p@5": 0.2,
    "r@5": 1.0,
    "ndcg@5": 0.5,
    "p@10": 0.1,
    "r@10": 1.0,
    "ndcg@10": 0.5
  },
  "retrieved": [
    269,
    267,
    265,
    266,
    270,
    264,
    271,
    263,
    9225,
    268
  ]
}