{
  "qid": 166168,
  "query": "Người khiếu nại trong thi hành án hình sự có quyền rút khiếu nại bất kỳ lúc nào có đúng không?",
  "metrics": {
    "mrr": 0.2,
    "map": 0.2,
    "p@1": 0.0,
    "r@1": 0.0,
    "ndcg@1": 0.0,
    "p@5": 0.2,
    "r@5": 1.0,
    "ndcg@5": 0.38685280723454163,
    "p@10": 0.1,
    "r@10": 1.0,
    "ndcg@10": 0.38685280723454163
  },
  "retrieved": [
    2207,
    10521,
    2204,
    8996,
    10940,
    1712,
    10635,
    1198,
    2200,
    10925
  ]
}