{
  "qid": 166263,
  "query": "Việc đăng ký hoạt động hỗ trợ nghiên cứu thử nghiệm lâm sàng tại Việt Nam được thực hiện tại cơ quan nào?",
  "metrics": {
    "mrr": 0.25,
    "map": 0.25,
    "p@1": 0.0,
    "r@1": 0.0,
    "ndcg@1": 0.0,
    "p@5": 0.2,
    "r@5": 1.0,
    "ndcg@5": 0.43067655807339306,
    "p@10": 0.1,
    "r@10": 1.0,
    "ndcg@10": 0.43067655807339306
  },
  "retrieved": [
    8303,
    8290,
    8305,
    8297,
    8298,
    8291,
    8304,
    8288,
    8289,
    8292
  ]
}