{
  "qid": 166292,
  "query": "Quyết định tạm giữ người phạm tội đầu thú có thể được gia hạn bao nhiêu lần?",
  "metrics": {
    "mrr": 0.5,
    "map": 0.5,
    "p@1": 0.0,
    "r@1": 0.0,
    "ndcg@1": 0.0,
    "p@5": 0.2,
    "r@5": 1.0,
    "ndcg@5": 0.6309297535714575,
    "p@10": 0.1,
    "r@10": 1.0,
    "ndcg@10": 0.6309297535714575
  },
  "retrieved": [
    10536,
    10595,
    10594,
    10572,
    10629,
    12727,
    6650,
    12726,
    10713,
    6683
  ]
}