{
  "qid": 166472,
  "query": "Lực lượng cảnh sát nhân dân vũ trang canh gác bảo vệ mục tiêu bằng phương pháp nào?",
  "metrics": {
    "mrr": 0.16666666666666666,
    "map": 0.16666666666666666,
    "p@1": 0.0,
    "r@1": 0.0,
    "ndcg@1": 0.0,
    "p@5": 0.0,
    "r@5": 0.0,
    "ndcg@5": 0.0,
    "p@10": 0.1,
    "r@10": 1.0,
    "ndcg@10": 0.3562071871080222
  },
  "retrieved": [
    97,
    95,
    102,
    112,
    98,
    99,
    105,
    110,
    109,
    106
  ]
}