{
  "qid": 167091,
  "query": "Quy định về tổ chức xét thăng hạng chức danh nghề nghiệp đối với viên chức ngành y tế?",
  "metrics": {
    "mrr": 0.25,
    "map": 0.25,
    "p@1": 0.0,
    "r@1": 0.0,
    "ndcg@1": 0.0,
    "p@5": 0.2,
    "r@5": 1.0,
    "ndcg@5": 0.43067655807339306,
    "p@10": 0.1,
    "r@10": 1.0,
    "ndcg@10": 0.43067655807339306
  },
  "retrieved": [
    6925,
    6926,
    6924,
    14244,
    6923,
    14238,
    3878,
    14239,
    8733,
    6927
  ]
}