{
  "qid": 167460,
  "query": "Trình tự khiếu nại quyết định xử lý vi phạm hành chính được quy định như thế nào?",
  "metrics": {
    "mrr": 0.14285714285714285,
    "map": 0.14285714285714285,
    "p@1": 0.0,
    "r@1": 0.0,
    "ndcg@1": 0.0,
    "p@5": 0.0,
    "r@5": 0.0,
    "ndcg@5": 0.0,
    "p@10": 0.1,
    "r@10": 1.0,
    "ndcg@10": 0.3333333333333333
  },
  "retrieved": [
    11586,
    1493,
    1711,
    1508,
    1499,
    647,
    1707,
    1482,
    11830,
    1485
  ]
}