{
  "qid": 16775,
  "query": "Yêu cầu về ngôn ngữ trong hành nghề dược đối với người nước ngoài được quy định như thế nào?",
  "metrics": {
    "mrr": 0.5,
    "map": 0.5,
    "p@1": 0.0,
    "r@1": 0.0,
    "ndcg@1": 0.0,
    "p@5": 0.2,
    "r@5": 1.0,
    "ndcg@5": 0.6309297535714575,
    "p@10": 0.1,
    "r@10": 1.0,
    "ndcg@10": 0.6309297535714575
  },
  "retrieved": [
    7754,
    7753,
    7756,
    7751,
    7758,
    7759,
    7760,
    7757,
    7779,
    12354
  ]
}