{
  "qid": 16809,
  "query": "Thương nhân được phép kinh doanh nhà ở có phòng cho khách du lịch thuê khi đáp ứng các điều kiện gì?",
  "metrics": {
    "mrr": 1.0,
    "map": 0.5,
    "p@1": 1.0,
    "r@1": 0.5,
    "ndcg@1": 1.0,
    "p@5": 0.2,
    "r@5": 0.5,
    "ndcg@5": 0.6131471927654584,
    "p@10": 0.1,
    "r@10": 0.5,
    "ndcg@10": 0.6131471927654584
  },
  "retrieved": [
    9792,
    12090,
    11893,
    2770,
    11890,
    3263,
    2771,
    5262,
    11896,
    12091
  ]
}