{
  "qid": 168365,
  "query": "Đội trưởng Đội Quản lý thị trường có thẩm quyền xử phạt doanh nghiệp lưu thông thức ăn thủy sản trên thị trường khi chưa gửi thông tin đến Bộ Nông nghiệp và Phát triển nông thôn không?",
  "metrics": {
    "mrr": 0.16666666666666666,
    "map": 0.16666666666666666,
    "p@1": 0.0,
    "r@1": 0.0,
    "ndcg@1": 0.0,
    "p@5": 0.0,
    "r@5": 0.0,
    "ndcg@5": 0.0,
    "p@10": 0.1,
    "r@10": 1.0,
    "ndcg@10": 0.3562071871080222
  },
  "retrieved": [
    14324,
    4379,
    14322,
    12445,
    8529,
    4637,
    7008,
    8507,
    8504,
    12104
  ]
}