{
  "qid": 169813,
  "query": "Thanh tra viên chuyên ngành hàng hải được quyền xử phạt tổ chức thi công xây dựng cảng cạn sai vị trí được phép không?",
  "metrics": {
    "mrr": 0.3333333333333333,
    "map": 0.3333333333333333,
    "p@1": 0.0,
    "r@1": 0.0,
    "ndcg@1": 0.0,
    "p@5": 0.2,
    "r@5": 1.0,
    "ndcg@5": 0.5,
    "p@10": 0.1,
    "r@10": 1.0,
    "ndcg@10": 0.5
  },
  "retrieved": [
    7674,
    7678,
    4637,
    13084,
    6631,
    9105,
    7662,
    7673,
    9104,
    13071
  ]
}