{
  "qid": 17041,
  "query": "Trưởng đoàn thanh tra của Cục Báo chí có quyền xử phạt tổ chức họp báo có nội dung kích động bạo lực không?",
  "metrics": {
    "mrr": 0.3333333333333333,
    "map": 0.3333333333333333,
    "p@1": 0.0,
    "r@1": 0.0,
    "ndcg@1": 0.0,
    "p@5": 0.2,
    "r@5": 1.0,
    "ndcg@5": 0.5,
    "p@10": 0.1,
    "r@10": 1.0,
    "ndcg@10": 0.5
  },
  "retrieved": [
    14912,
    4054,
    4637,
    4052,
    3650,
    14198,
    9736,
    14921,
    14916,
    11127
  ]
}