{
  "qid": 17110,
  "query": "Trình độ cao đẳng có được bổ nhiệm thành viên của Hội đồng quản lý đơn vị sự nghiệp công lập thuộc Ngân hàng Nhà nước Việt Nam không?",
  "metrics": {
    "mrr": 0.3333333333333333,
    "map": 0.3333333333333333,
    "p@1": 0.0,
    "r@1": 0.0,
    "ndcg@1": 0.0,
    "p@5": 0.2,
    "r@5": 1.0,
    "ndcg@5": 0.5,
    "p@10": 0.1,
    "r@10": 1.0,
    "ndcg@10": 0.5
  },
  "retrieved": [
    14210,
    3154,
    5542,
    5545,
    3156,
    13775,
    5544,
    5537,
    14228,
    5536
  ]
}