{
  "qid": 17418,
  "query": "Lưu trữ dữ liệu giấy phép lái xe trên hệ thống thông tin trong thời gian bao lâu?",
  "metrics": {
    "mrr": 0.2,
    "map": 0.2,
    "p@1": 0.0,
    "r@1": 0.0,
    "ndcg@1": 0.0,
    "p@5": 0.2,
    "r@5": 1.0,
    "ndcg@5": 0.38685280723454163,
    "p@10": 0.1,
    "r@10": 1.0,
    "ndcg@10": 0.38685280723454163
  },
  "retrieved": [
    7120,
    7116,
    7118,
    7122,
    7124,
    7126,
    7125,
    7121,
    7113,
    7115
  ]
}