{
  "qid": 175030,
  "query": "Ai có quyền quyết định việc xét tặng danh hiệu Tập thể lao động tiên tiến cho tập thể ngành Tòa án?",
  "metrics": {
    "mrr": 0.5,
    "map": 0.5,
    "p@1": 0.0,
    "r@1": 0.0,
    "ndcg@1": 0.0,
    "p@5": 0.2,
    "r@5": 1.0,
    "ndcg@5": 0.6309297535714575,
    "p@10": 0.1,
    "r@10": 1.0,
    "ndcg@10": 0.6309297535714575
  },
  "retrieved": [
    1359,
    1156,
    8862,
    7704,
    1354,
    5604,
    5605,
    7853,
    3490,
    7859
  ]
}