{
  "qid": 175231,
  "query": "Thủ tục đăng ký văn bản thông báo về việc xử lý tài sản thế chấp tàu biển",
  "metrics": {
    "mrr": 0.5,
    "map": 0.5,
    "p@1": 0.0,
    "r@1": 0.0,
    "ndcg@1": 0.0,
    "p@5": 0.2,
    "r@5": 1.0,
    "ndcg@5": 0.6309297535714575,
    "p@10": 0.1,
    "r@10": 1.0,
    "ndcg@10": 0.6309297535714575
  },
  "retrieved": [
    1283,
    11208,
    11233,
    1285,
    1280,
    1284,
    11174,
    1282,
    11218,
    7833
  ]
}