{
  "qid": 175511,
  "query": "Kỳ phiếu là gì?",
  "metrics": {
    "mrr": 0.25,
    "map": 0.25,
    "p@1": 0.0,
    "r@1": 0.0,
    "ndcg@1": 0.0,
    "p@5": 0.2,
    "r@5": 1.0,
    "ndcg@5": 0.43067655807339306,
    "p@10": 0.1,
    "r@10": 1.0,
    "ndcg@10": 0.43067655807339306
  },
  "retrieved": [
    1655,
    4017,
    1645,
    1649,
    1646,
    1654,
    1664,
    1648,
    7878,
    7884
  ]
}