{
  "qid": 1760,
  "query": "Tổ chức đối thoại trong quá trình giải quyết khiếu nại lần đầu được quy định như thế nào?",
  "metrics": {
    "mrr": 0.2,
    "map": 0.2,
    "p@1": 0.0,
    "r@1": 0.0,
    "ndcg@1": 0.0,
    "p@5": 0.2,
    "r@5": 1.0,
    "ndcg@5": 0.38685280723454163,
    "p@10": 0.1,
    "r@10": 1.0,
    "ndcg@10": 0.38685280723454163
  },
  "retrieved": [
    2243,
    1498,
    1753,
    1754,
    1730,
    1714,
    1739,
    648,
    1755,
    1731
  ]
}