{
  "qid": 17698,
  "query": "Hồ sơ đăng ký tuyển chọn, giao trực tiếp tổ chức chủ trì nhiệm vụ KHCN cấp quốc gia có bắt buộc phải niêm phong không?",
  "metrics": {
    "mrr": 0.2,
    "map": 0.2,
    "p@1": 0.0,
    "r@1": 0.0,
    "ndcg@1": 0.0,
    "p@5": 0.2,
    "r@5": 1.0,
    "ndcg@5": 0.38685280723454163,
    "p@10": 0.1,
    "r@10": 1.0,
    "ndcg@10": 0.38685280723454163
  },
  "retrieved": [
    8662,
    8658,
    8673,
    8657,
    8659,
    8670,
    8668,
    8660,
    8667,
    8664
  ]
}