{
  "qid": 177521,
  "query": "Giám đốc thẩm là gì?",
  "metrics": {
    "mrr": 0.14285714285714285,
    "map": 0.14285714285714285,
    "p@1": 0.0,
    "r@1": 0.0,
    "ndcg@1": 0.0,
    "p@5": 0.0,
    "r@5": 0.0,
    "ndcg@5": 0.0,
    "p@10": 0.1,
    "r@10": 1.0,
    "ndcg@10": 0.3333333333333333
  },
  "retrieved": [
    10871,
    10872,
    10860,
    10858,
    10855,
    10862,
    10847,
    10859,
    10857,
    10850
  ]
}