{
  "qid": 178671,
  "query": "Thành phần Hội đồng xét xử phúc thẩm vụ án hình sự bao gồm những ai?",
  "metrics": {
    "mrr": 0.5,
    "map": 0.5,
    "p@1": 0.0,
    "r@1": 0.0,
    "ndcg@1": 0.0,
    "p@5": 0.2,
    "r@5": 1.0,
    "ndcg@5": 0.6309297535714575,
    "p@10": 0.1,
    "r@10": 1.0,
    "ndcg@10": 0.6309297535714575
  },
  "retrieved": [
    10835,
    10731,
    10832,
    10737,
    10839,
    10837,
    10836,
    10932,
    10873,
    3978
  ]
}