{
  "qid": 178834,
  "query": "Nhóm chức danh nghề nghiệp bác sĩ phân thành mấy hạng và mã số của từng hạng là gì?",
  "metrics": {
    "mrr": 0.5,
    "map": 0.5,
    "p@1": 0.0,
    "r@1": 0.0,
    "ndcg@1": 0.0,
    "p@5": 0.2,
    "r@5": 1.0,
    "ndcg@5": 0.6309297535714575,
    "p@10": 0.1,
    "r@10": 1.0,
    "ndcg@10": 0.6309297535714575
  },
  "retrieved": [
    12615,
    12605,
    3852,
    13119,
    2820,
    1535,
    2815,
    3847,
    1530,
    12599
  ]
}