{
  "qid": 18030,
  "query": "Tổ chức có thể cung cấp thông tin quảng cáo được cài đặt sẵn từ nước ngoài trong các kênh chương trình nước ngoài không?",
  "metrics": {
    "mrr": 0.5,
    "map": 0.5,
    "p@1": 0.0,
    "r@1": 0.0,
    "ndcg@1": 0.0,
    "p@5": 0.2,
    "r@5": 1.0,
    "ndcg@5": 0.6309297535714575,
    "p@10": 0.1,
    "r@10": 1.0,
    "ndcg@10": 0.6309297535714575
  },
  "retrieved": [
    6382,
    14919,
    14918,
    6384,
    6375,
    6388,
    6383,
    6378,
    6385,
    6368
  ]
}