{
  "qid": 18080,
  "query": "Cơ quan nào có trách nhiệm rà soát giữa kỳ việc áp dụng biện pháp tự vệ trong phòng vệ thương mại?",
  "metrics": {
    "mrr": 0.3333333333333333,
    "map": 0.3333333333333333,
    "p@1": 0.0,
    "r@1": 0.0,
    "ndcg@1": 0.0,
    "p@5": 0.2,
    "r@5": 1.0,
    "ndcg@5": 0.5,
    "p@10": 0.1,
    "r@10": 1.0,
    "ndcg@10": 0.5
  },
  "retrieved": [
    5290,
    5296,
    12915,
    12916,
    5319,
    12902,
    12848,
    12919,
    12908,
    12860
  ]
}