{
  "qid": 18089,
  "query": "Tuyên truyền viên văn hóa chính được tính hệ số lương thế nào?",
  "metrics": {
    "mrr": 0.5,
    "map": 0.5,
    "p@1": 0.0,
    "r@1": 0.0,
    "ndcg@1": 0.0,
    "p@5": 0.2,
    "r@5": 1.0,
    "ndcg@5": 0.6309297535714575,
    "p@10": 0.1,
    "r@10": 1.0,
    "ndcg@10": 0.6309297535714575
  },
  "retrieved": [
    6460,
    1536,
    7562,
    7561,
    7559,
    7563,
    8457,
    7726,
    7564,
    8612
  ]
}