{
  "qid": 18236,
  "query": "Nhiệm vụ và quyền hạn của Lãnh sự danh dự nước Cộng hòa xã hội chủ nghĩa Việt Nam được quy định ra sao?",
  "metrics": {
    "mrr": 0.25,
    "map": 0.25,
    "p@1": 0.0,
    "r@1": 0.0,
    "ndcg@1": 0.0,
    "p@5": 0.2,
    "r@5": 1.0,
    "ndcg@5": 0.43067655807339306,
    "p@10": 0.1,
    "r@10": 1.0,
    "ndcg@10": 0.43067655807339306
  },
  "retrieved": [
    1397,
    1403,
    1400,
    1410,
    17,
    12237,
    10480,
    3008,
    1413,
    1414
  ]
}