{
  "qid": 18234,
  "query": "Lãnh sự danh dự nước Cộng hòa xã hội chủ nghĩa Việt Nam chịu sự quản lý và chỉ đạo trực tiếp bởi ai?",
  "metrics": {
    "mrr": 0.3333333333333333,
    "map": 0.3333333333333333,
    "p@1": 0.0,
    "r@1": 0.0,
    "ndcg@1": 0.0,
    "p@5": 0.2,
    "r@5": 1.0,
    "ndcg@5": 0.5,
    "p@10": 0.1,
    "r@10": 1.0,
    "ndcg@10": 0.5
  },
  "retrieved": [
    1397,
    1403,
    1401,
    17,
    10480,
    3008,
    1413,
    1414,
    1415,
    1400
  ]
}