{
  "qid": 18286,
  "query": "Thời gian áp dụng biện pháp cách ly y tế tại cửa khẩu là bao lâu?",
  "metrics": {
    "mrr": 0.2,
    "map": 0.2,
    "p@1": 0.0,
    "r@1": 0.0,
    "ndcg@1": 0.0,
    "p@5": 0.2,
    "r@5": 1.0,
    "ndcg@5": 0.38685280723454163,
    "p@10": 0.1,
    "r@10": 1.0,
    "ndcg@10": 0.38685280723454163
  },
  "retrieved": [
    10417,
    10413,
    10422,
    10418,
    10414,
    10424,
    10420,
    10425,
    10426,
    10415
  ]
}