{
  "qid": 18452,
  "query": "Tái thẩm là gì?",
  "metrics": {
    "mrr": 0.3333333333333333,
    "map": 0.3333333333333333,
    "p@1": 0.0,
    "r@1": 0.0,
    "ndcg@1": 0.0,
    "p@5": 0.2,
    "r@5": 1.0,
    "ndcg@5": 0.5,
    "p@10": 0.1,
    "r@10": 1.0,
    "ndcg@10": 0.5
  },
  "retrieved": [
    10880,
    10878,
    10874,
    1508,
    12729,
    913,
    10876,
    10844,
    9242,
    10875
  ]
}