{
  "qid": 18797,
  "query": "Công chứng viên có thể tham gia bồi dưỡng nghiệp vụ hàng năm ở những đâu?",
  "metrics": {
    "mrr": 0.25,
    "map": 0.25,
    "p@1": 0.0,
    "r@1": 0.0,
    "ndcg@1": 0.0,
    "p@5": 0.2,
    "r@5": 1.0,
    "ndcg@5": 0.43067655807339306,
    "p@10": 0.1,
    "r@10": 1.0,
    "ndcg@10": 0.43067655807339306
  },
  "retrieved": [
    1622,
    1621,
    1620,
    1619,
    1623,
    1607,
    1636,
    5834,
    2255,
    1035
  ]
}