{
  "qid": 18801,
  "query": "Viện kiểm sát có thẩm quyền giải quyết tố giác tội phạm hay không?",
  "metrics": {
    "mrr": 0.2,
    "map": 0.2,
    "p@1": 0.0,
    "r@1": 0.0,
    "ndcg@1": 0.0,
    "p@5": 0.2,
    "r@5": 1.0,
    "ndcg@5": 0.38685280723454163,
    "p@10": 0.1,
    "r@10": 1.0,
    "ndcg@10": 0.38685280723454163
  },
  "retrieved": [
    1000,
    10622,
    995,
    998,
    991,
    10623,
    10626,
    997,
    10624,
    999
  ]
}