{
  "qid": 18878,
  "query": "Chánh án Tòa án nhân dân tối cao tiến hành giải quyết các khiếu nại nào?",
  "metrics": {
    "mrr": 0.3333333333333333,
    "map": 0.3333333333333333,
    "p@1": 0.0,
    "r@1": 0.0,
    "ndcg@1": 0.0,
    "p@5": 0.2,
    "r@5": 1.0,
    "ndcg@5": 0.5,
    "p@10": 0.1,
    "r@10": 1.0,
    "ndcg@10": 0.5
  },
  "retrieved": [
    1488,
    1527,
    1487,
    1526,
    194,
    1504,
    1525,
    10945,
    10881,
    10942
  ]
}