{
  "qid": 18982,
  "query": "Ngoại tệ là gì? Nguyên tắc tính trạng thái ngoại tệ được quy định như thế nào?",
  "metrics": {
    "mrr": 0.16666666666666666,
    "map": 0.16666666666666666,
    "p@1": 0.0,
    "r@1": 0.0,
    "ndcg@1": 0.0,
    "p@5": 0.0,
    "r@5": 0.0,
    "ndcg@5": 0.0,
    "p@10": 0.1,
    "r@10": 1.0,
    "ndcg@10": 0.3562071871080222
  },
  "retrieved": [
    7108,
    12837,
    12840,
    12838,
    5807,
    7107,
    12836,
    5790,
    5808,
    3449
  ]
}