{
  "qid": 19422,
  "query": "Thực hiện dân chủ trong hoạt động của cơ sở khám chữa bệnh công lập nhằm mục đích gì?",
  "metrics": {
    "mrr": 0.25,
    "map": 0.25,
    "p@1": 0.0,
    "r@1": 0.0,
    "ndcg@1": 0.0,
    "p@5": 0.2,
    "r@5": 1.0,
    "ndcg@5": 0.43067655807339306,
    "p@10": 0.1,
    "r@10": 1.0,
    "ndcg@10": 0.43067655807339306
  },
  "retrieved": [
    5946,
    5961,
    9253,
    5947,
    3142,
    4124,
    4753,
    805,
    7763,
    5139
  ]
}