{
  "qid": 19492,
  "query": "Cơ quan nào có quyền thanh tra về các điều kiện của sân tập luyện và thi đấu môn Patin trong nhà?",
  "metrics": {
    "mrr": 0.3333333333333333,
    "map": 0.3333333333333333,
    "p@1": 0.0,
    "r@1": 0.0,
    "ndcg@1": 0.0,
    "p@5": 0.2,
    "r@5": 1.0,
    "ndcg@5": 0.5,
    "p@10": 0.1,
    "r@10": 1.0,
    "ndcg@10": 0.5
  },
  "retrieved": [
    1293,
    4411,
    4415,
    12983,
    4412,
    257,
    6616,
    4414,
    254,
    4413
  ]
}