{
  "qid": 19521,
  "query": "Các cơ sở di tích lịch sử có trách nhiệm như thế nào khi giảm giá cho người cao tuổi?",
  "metrics": {
    "mrr": 0.3333333333333333,
    "map": 0.3333333333333333,
    "p@1": 0.0,
    "r@1": 0.0,
    "ndcg@1": 0.0,
    "p@5": 0.2,
    "r@5": 1.0,
    "ndcg@5": 0.5,
    "p@10": 0.1,
    "r@10": 1.0,
    "ndcg@10": 0.5
  },
  "retrieved": [
    6040,
    6041,
    6042,
    6039,
    9207,
    2188,
    9202,
    12408,
    9209,
    1557
  ]
}