{
  "qid": 19704,
  "query": "Sử dụng bao bì cũ không có dấu hợp quy khi phân bón đã công bố hợp quy có bị xử phạt hay không?",
  "metrics": {
    "mrr": 0.5,
    "map": 0.5,
    "p@1": 0.0,
    "r@1": 0.0,
    "ndcg@1": 0.0,
    "p@5": 0.2,
    "r@5": 1.0,
    "ndcg@5": 0.6309297535714575,
    "p@10": 0.1,
    "r@10": 1.0,
    "ndcg@10": 0.6309297535714575
  },
  "retrieved": [
    12271,
    14827,
    6390,
    14206,
    12289,
    14828,
    14810,
    6176,
    11877,
    2301
  ]
}