{
  "qid": 19809,
  "query": "Người làm công tác kiểm toán nội bộ có phải chịu trách nhiệm về kết quả kiểm toán được giao hay sẽ do bộ phận kiểm toán chịu trách nhiệm thay?",
  "metrics": {
    "mrr": 0.25,
    "map": 0.25,
    "p@1": 0.0,
    "r@1": 0.0,
    "ndcg@1": 0.0,
    "p@5": 0.2,
    "r@5": 1.0,
    "ndcg@5": 0.43067655807339306,
    "p@10": 0.1,
    "r@10": 1.0,
    "ndcg@10": 0.43067655807339306
  },
  "retrieved": [
    5671,
    5692,
    5686,
    5688,
    6849,
    5689,
    5690,
    5684,
    6846,
    5693
  ]
}