{
  "qid": 19866,
  "query": "Trưởng đoàn thanh tra chuyên ngành của Bộ Giao thông vận tải có quyền xử phạt tổ chức bố trí thời giờ làm việc cho nhân viên hàng không không đúng quy định không?",
  "metrics": {
    "mrr": 0.5,
    "map": 0.5,
    "p@1": 0.0,
    "r@1": 0.0,
    "ndcg@1": 0.0,
    "p@5": 0.2,
    "r@5": 1.0,
    "ndcg@5": 0.6309297535714575,
    "p@10": 0.1,
    "r@10": 1.0,
    "ndcg@10": 0.6309297535714575
  },
  "retrieved": [
    12971,
    4637,
    13155,
    12974,
    5928,
    10377,
    6544,
    11127,
    4970,
    14198
  ]
}