{
  "qid": 19961,
  "query": "Thuyền viên tàu biển Việt Nam được đào tạo, bồi dưỡng thông qua các chương trình nào?",
  "metrics": {
    "mrr": 0.3333333333333333,
    "map": 0.3333333333333333,
    "p@1": 0.0,
    "r@1": 0.0,
    "ndcg@1": 0.0,
    "p@5": 0.2,
    "r@5": 1.0,
    "ndcg@5": 0.5,
    "p@10": 0.1,
    "r@10": 1.0,
    "ndcg@10": 0.5
  },
  "retrieved": [
    3781,
    3780,
    3770,
    3784,
    3717,
    3736,
    3719,
    3738,
    7662,
    3765
  ]
}