{
  "qid": 20655,
  "query": "Các trường hợp định giá lại tài sản trong tố tụng hình sự?",
  "metrics": {
    "mrr": 0.5,
    "map": 0.5,
    "p@1": 0.0,
    "r@1": 0.0,
    "ndcg@1": 0.0,
    "p@5": 0.2,
    "r@5": 1.0,
    "ndcg@5": 0.6309297535714575,
    "p@10": 0.1,
    "r@10": 1.0,
    "ndcg@10": 0.6309297535714575
  },
  "retrieved": [
    10612,
    10695,
    2050,
    10578,
    10697,
    10693,
    5214,
    2048,
    2043,
    2041
  ]
}