{
  "qid": 208,
  "query": "Doanh nghiệp được áp dụng những chế độ ưu tiên nào khi thực hiện thủ tục hải quan?",
  "metrics": {
    "mrr": 0.3333333333333333,
    "map": 0.3333333333333333,
    "p@1": 0.0,
    "r@1": 0.0,
    "ndcg@1": 0.0,
    "p@5": 0.2,
    "r@5": 1.0,
    "ndcg@5": 0.5,
    "p@10": 0.1,
    "r@10": 1.0,
    "ndcg@10": 0.5
  },
  "retrieved": [
    8319,
    8318,
    8316,
    8317,
    11352,
    8403,
    4800,
    8333,
    14453,
    8405
  ]
}