{
  "qid": 20945,
  "query": "Bố trí số lượng người làm việc trong trường mẫu giáo theo nguyên tắc thế nào?",
  "metrics": {
    "mrr": 0.25,
    "map": 0.25,
    "p@1": 0.0,
    "r@1": 0.0,
    "ndcg@1": 0.0,
    "p@5": 0.2,
    "r@5": 0.5,
    "ndcg@5": 0.2640681225725909,
    "p@10": 0.2,
    "r@10": 1.0,
    "ndcg@10": 0.45749452618986164
  },
  "retrieved": [
    6360,
    6356,
    6361,
    6357,
    6359,
    11926,
    1529,
    12001,
    495,
    6751
  ]
}