{
  "qid": 2233,
  "query": "Đoàn thanh tra chuyên ngành thực hiện thanh tra trong thời gian bao lâu?",
  "metrics": {
    "mrr": 0.3333333333333333,
    "map": 0.3333333333333333,
    "p@1": 0.0,
    "r@1": 0.0,
    "ndcg@1": 0.0,
    "p@5": 0.2,
    "r@5": 1.0,
    "ndcg@5": 0.5,
    "p@10": 0.1,
    "r@10": 1.0,
    "ndcg@10": 0.5
  },
  "retrieved": [
    7017,
    4950,
    7016,
    7002,
    4981,
    7003,
    7005,
    4835,
    4265,
    4970
  ]
}