{
  "qid": 2237,
  "query": "Trong tố tụng hình sự người thực hiện trợ giúp pháp lý bị thay đổi trong trường hợp nào?",
  "metrics": {
    "mrr": 0.5,
    "map": 0.5,
    "p@1": 0.0,
    "r@1": 0.0,
    "ndcg@1": 0.0,
    "p@5": 0.2,
    "r@5": 1.0,
    "ndcg@5": 0.6309297535714575,
    "p@10": 0.1,
    "r@10": 1.0,
    "ndcg@10": 0.6309297535714575
  },
  "retrieved": [
    13031,
    13022,
    13024,
    10006,
    13030,
    13029,
    2834,
    2829,
    13020,
    13023
  ]
}