{
  "qid": 22522,
  "query": "Thủ tục cấp giấy chứng minh nhân dân được pháp luật quy định như thế nào?",
  "metrics": {
    "mrr": 0.5,
    "map": 0.5,
    "p@1": 0.0,
    "r@1": 0.0,
    "ndcg@1": 0.0,
    "p@5": 0.2,
    "r@5": 1.0,
    "ndcg@5": 0.6309297535714575,
    "p@10": 0.1,
    "r@10": 1.0,
    "ndcg@10": 0.6309297535714575
  },
  "retrieved": [
    3062,
    4674,
    14467,
    3450,
    5998,
    3992,
    9674,
    6004,
    6040,
    1301
  ]
}