{
  "qid": 22746,
  "query": "Đơn vị sự nghiệp của tổ chức tín dụng phi ngân hàng chấm dứt hoạt động, giải thể trong các trường hợp nào?",
  "metrics": {
    "mrr": 0.25,
    "map": 0.25,
    "p@1": 0.0,
    "r@1": 0.0,
    "ndcg@1": 0.0,
    "p@5": 0.2,
    "r@5": 1.0,
    "ndcg@5": 0.43067655807339306,
    "p@10": 0.1,
    "r@10": 1.0,
    "ndcg@10": 0.43067655807339306
  },
  "retrieved": [
    10059,
    10085,
    10087,
    10082,
    10083,
    10084,
    10061,
    13000,
    10103,
    10101
  ]
}