{
  "qid": 22786,
  "query": "Bên mua tài sản có bảo lưu quyền tài sản có được quyền đăng ký văn bản thông báo về việc xử lý tài sản bảo đảm không?",
  "metrics": {
    "mrr": 0.16666666666666666,
    "map": 0.16666666666666666,
    "p@1": 0.0,
    "r@1": 0.0,
    "ndcg@1": 0.0,
    "p@5": 0.0,
    "r@5": 0.0,
    "ndcg@5": 0.0,
    "p@10": 0.1,
    "r@10": 1.0,
    "ndcg@10": 0.3562071871080222
  },
  "retrieved": [
    11233,
    1281,
    1282,
    1283,
    11218,
    11178,
    11189,
    11185,
    7822,
    11213
  ]
}