{
  "qid": 22908,
  "query": "Đánh giá xếp loại giáo viên mầm non nhằm mục đích gì?",
  "metrics": {
    "mrr": 0.3333333333333333,
    "map": 0.3333333333333333,
    "p@1": 0.0,
    "r@1": 0.0,
    "ndcg@1": 0.0,
    "p@5": 0.2,
    "r@5": 1.0,
    "ndcg@5": 0.5,
    "p@10": 0.1,
    "r@10": 1.0,
    "ndcg@10": 0.5
  },
  "retrieved": [
    1529,
    5968,
    5969,
    1535,
    1530,
    5973,
    1532,
    11935,
    4549,
    6360
  ]
}