{
  "qid": 22910,
  "query": "Việc đánh giá xếp loại giáo viên sau một năm học phải căn cứ vào các nội dung như thế nào?",
  "metrics": {
    "mrr": 0.16666666666666666,
    "map": 0.16666666666666666,
    "p@1": 0.0,
    "r@1": 0.0,
    "ndcg@1": 0.0,
    "p@5": 0.0,
    "r@5": 0.0,
    "ndcg@5": 0.0,
    "p@10": 0.1,
    "r@10": 1.0,
    "ndcg@10": 0.3562071871080222
  },
  "retrieved": [
    5970,
    5971,
    9840,
    5975,
    9863,
    5972,
    5973,
    5976,
    5969,
    5974
  ]
}