{
  "qid": 22937,
  "query": "Chứng từ kế toán có được thuộc danh mục tài liệu bí mật của doanh nghiệp không?",
  "metrics": {
    "mrr": 0.2,
    "map": 0.2,
    "p@1": 0.0,
    "r@1": 0.0,
    "ndcg@1": 0.0,
    "p@5": 0.2,
    "r@5": 1.0,
    "ndcg@5": 0.38685280723454163,
    "p@10": 0.1,
    "r@10": 1.0,
    "ndcg@10": 0.38685280723454163
  },
  "retrieved": [
    2862,
    11339,
    12081,
    12079,
    2883,
    9386,
    5827,
    11072,
    13739,
    9147
  ]
}