{
  "qid": 23122,
  "query": "Doanh nghiệp bị thu hồi Giấy chứng nhận đủ điều kiện kinh doanh sân bóng đá trong trường hợp nào?",
  "metrics": {
    "mrr": 0.25,
    "map": 0.25,
    "p@1": 0.0,
    "r@1": 0.0,
    "ndcg@1": 0.0,
    "p@5": 0.2,
    "r@5": 1.0,
    "ndcg@5": 0.43067655807339306,
    "p@10": 0.1,
    "r@10": 1.0,
    "ndcg@10": 0.43067655807339306
  },
  "retrieved": [
    6505,
    6502,
    6504,
    11980,
    3277,
    6501,
    6500,
    6467,
    6537,
    895
  ]
}