{
  "qid": 23138,
  "query": "Chưa đóng bảo hiểm xã hội đủ 20 năm thì công nhân quốc phòng có được hưởng bảo hiểm xã hội một lần không?",
  "metrics": {
    "mrr": 0.2,
    "map": 0.2,
    "p@1": 0.0,
    "r@1": 0.0,
    "ndcg@1": 0.0,
    "p@5": 0.2,
    "r@5": 1.0,
    "ndcg@5": 0.38685280723454163,
    "p@10": 0.1,
    "r@10": 1.0,
    "ndcg@10": 0.38685280723454163
  },
  "retrieved": [
    13886,
    799,
    795,
    11854,
    14094,
    14097,
    796,
    11859,
    11867,
    11844
  ]
}