{
  "qid": 23439,
  "query": "Để hưởng bảo hiểm xã hội một lần thì cần đáp ứng điều kiện gì?",
  "metrics": {
    "mrr": 0.2,
    "map": 0.2,
    "p@1": 0.0,
    "r@1": 0.0,
    "ndcg@1": 0.0,
    "p@5": 0.2,
    "r@5": 1.0,
    "ndcg@5": 0.38685280723454163,
    "p@10": 0.1,
    "r@10": 1.0,
    "ndcg@10": 0.38685280723454163
  },
  "retrieved": [
    797,
    796,
    795,
    11858,
    14094,
    11861,
    11850,
    14110,
    799,
    11865
  ]
}