{
  "qid": 23484,
  "query": "Chức danh y sĩ hạng 4 được áp dụng hệ số lương viên chức loại nào?",
  "metrics": {
    "mrr": 0.5,
    "map": 0.5,
    "p@1": 0.0,
    "r@1": 0.0,
    "ndcg@1": 0.0,
    "p@5": 0.2,
    "r@5": 1.0,
    "ndcg@5": 0.6309297535714575,
    "p@10": 0.1,
    "r@10": 1.0,
    "ndcg@10": 0.6309297535714575
  },
  "retrieved": [
    12605,
    1536,
    6460,
    12615,
    8612,
    8457,
    7726,
    1537,
    12617,
    8732
  ]
}