{
  "qid": 23516,
  "query": "Hội đồng thi tuyển Chấp hành viên sơ cấp có được phép có 02 Phó chủ tịch được hay không?",
  "metrics": {
    "mrr": 1.0,
    "map": 0.5,
    "p@1": 1.0,
    "r@1": 0.5,
    "ndcg@1": 1.0,
    "p@5": 0.2,
    "r@5": 0.5,
    "ndcg@5": 0.6131471927654584,
    "p@10": 0.1,
    "r@10": 0.5,
    "ndcg@10": 0.6131471927654584
  },
  "retrieved": [
    2366,
    2362,
    2372,
    2373,
    2364,
    2375,
    2368,
    2369,
    2365,
    2370
  ]
}