{
  "qid": 23711,
  "query": "Thương nhân gửi biểu mẫu kê khai giá thực phẩm chức năng dành cho trẻ em dưới 06 tuổi bằng hình thức nào?",
  "metrics": {
    "mrr": 0.16666666666666666,
    "map": 0.16666666666666666,
    "p@1": 0.0,
    "r@1": 0.0,
    "ndcg@1": 0.0,
    "p@5": 0.0,
    "r@5": 0.0,
    "ndcg@5": 0.0,
    "p@10": 0.1,
    "r@10": 1.0,
    "ndcg@10": 0.3562071871080222
  },
  "retrieved": [
    8638,
    8653,
    8649,
    8651,
    8639,
    8642,
    8652,
    8650,
    8644,
    8647
  ]
}