{
  "qid": 23737,
  "query": "Quản lý tài sản phần mềm về bảo đảm an toàn hệ thống thông tin trong hoạt động ngân hàng được quy định như thế nào?",
  "metrics": {
    "mrr": 0.2,
    "map": 0.2,
    "p@1": 0.0,
    "r@1": 0.0,
    "ndcg@1": 0.0,
    "p@5": 0.2,
    "r@5": 1.0,
    "ndcg@5": 0.38685280723454163,
    "p@10": 0.1,
    "r@10": 1.0,
    "ndcg@10": 0.38685280723454163
  },
  "retrieved": [
    10191,
    10197,
    10231,
    6842,
    10200,
    10215,
    10227,
    10196,
    12794,
    10230
  ]
}