{
  "qid": 23998,
  "query": "Quyết định đình chỉ vụ án hình sự trong giai đoạn truy tố phải ghi rõ những nội dung gì?",
  "metrics": {
    "mrr": 0.1111111111111111,
    "map": 0.1111111111111111,
    "p@1": 0.0,
    "r@1": 0.0,
    "ndcg@1": 0.0,
    "p@5": 0.0,
    "r@5": 0.0,
    "ndcg@5": 0.0,
    "p@10": 0.1,
    "r@10": 1.0,
    "ndcg@10": 0.3010299956639812
  },
  "retrieved": [
    10918,
    10929,
    6686,
    10726,
    10583,
    10724,
    10759,
    10713,
    10725,
    10760
  ]
}