{
  "qid": 24091,
  "query": "Trường hợp nào doanh nghiệp bị tạm dừng hiệu lực Giấy chứng nhận đã cấp cho cơ sở bảo hành, bảo dưỡng ô tô?",
  "metrics": {
    "mrr": 0.5,
    "map": 0.5,
    "p@1": 0.0,
    "r@1": 0.0,
    "ndcg@1": 0.0,
    "p@5": 0.2,
    "r@5": 1.0,
    "ndcg@5": 0.6309297535714575,
    "p@10": 0.1,
    "r@10": 1.0,
    "ndcg@10": 0.6309297535714575
  },
  "retrieved": [
    14356,
    14347,
    14340,
    14357,
    14355,
    14350,
    14339,
    14349,
    14341,
    14330
  ]
}