{
  "qid": 24391,
  "query": "Người bị buộc tội có được quyền từ chối luật sư bào chữa hay không?",
  "metrics": {
    "mrr": 0.25,
    "map": 0.25,
    "p@1": 0.0,
    "r@1": 0.0,
    "ndcg@1": 0.0,
    "p@5": 0.2,
    "r@5": 1.0,
    "ndcg@5": 0.43067655807339306,
    "p@10": 0.1,
    "r@10": 1.0,
    "ndcg@10": 0.43067655807339306
  },
  "retrieved": [
    10555,
    6701,
    10493,
    10554,
    10553,
    10549,
    13029,
    13018,
    6699,
    13022
  ]
}