{
  "qid": 24392,
  "query": "Những trường hợp nào phải chỉ định người bào chữa mặc dù người bị buộc tội không yêu cầu?",
  "metrics": {
    "mrr": 0.5,
    "map": 0.5,
    "p@1": 0.0,
    "r@1": 0.0,
    "ndcg@1": 0.0,
    "p@5": 0.2,
    "r@5": 1.0,
    "ndcg@5": 0.6309297535714575,
    "p@10": 0.1,
    "r@10": 1.0,
    "ndcg@10": 0.6309297535714575
  },
  "retrieved": [
    10554,
    10553,
    6701,
    10549,
    10555,
    13018,
    10550,
    10552,
    10893,
    10493
  ]
}