{
  "qid": 24691,
  "query": "Cơ quan, tổ chức nào có trách nhiệm lập và gửi báo cáo về hoạt động viễn thám?",
  "metrics": {
    "mrr": 0.3333333333333333,
    "map": 0.3333333333333333,
    "p@1": 0.0,
    "r@1": 0.0,
    "ndcg@1": 0.0,
    "p@5": 0.2,
    "r@5": 1.0,
    "ndcg@5": 0.5,
    "p@10": 0.1,
    "r@10": 1.0,
    "ndcg@10": 0.5
  },
  "retrieved": [
    3586,
    3603,
    3602,
    3582,
    3600,
    3592,
    3598,
    3599,
    3590,
    3594
  ]
}