{
  "qid": 24954,
  "query": "Nếu có nhiều bị can là người dưới 18 tuổi trong một vụ án hình sự mà căn cứ đình chỉ vụ án không liên quan đến tất cả các bị can thì xử lý thế nào?",
  "metrics": {
    "mrr": 0.3333333333333333,
    "map": 0.3333333333333333,
    "p@1": 0.0,
    "r@1": 0.0,
    "ndcg@1": 0.0,
    "p@5": 0.2,
    "r@5": 1.0,
    "ndcg@5": 0.5,
    "p@10": 0.1,
    "r@10": 1.0,
    "ndcg@10": 0.5
  },
  "retrieved": [
    10726,
    10758,
    10725,
    10724,
    10759,
    10760,
    10929,
    10717,
    6686,
    10918
  ]
}