{
  "qid": 25140,
  "query": "Việc tổ chức lễ hội tín ngưỡng phải đảm bảo yếu tố nào?",
  "metrics": {
    "mrr": 0.3333333333333333,
    "map": 0.3333333333333333,
    "p@1": 0.0,
    "r@1": 0.0,
    "ndcg@1": 0.0,
    "p@5": 0.2,
    "r@5": 1.0,
    "ndcg@5": 0.5,
    "p@10": 0.1,
    "r@10": 1.0,
    "ndcg@10": 0.5
  },
  "retrieved": [
    2144,
    2143,
    2140,
    2145,
    13405,
    9210,
    13410,
    2136,
    2181,
    2132
  ]
}