{
  "qid": 25193,
  "query": "Hệ số lương và nguyên tắc xếp lương đối với viên chức chuyên ngành quản lý dự án đường sắt ra sao?",
  "metrics": {
    "mrr": 0.3333333333333333,
    "map": 0.3333333333333333,
    "p@1": 0.0,
    "r@1": 0.0,
    "ndcg@1": 0.0,
    "p@5": 0.2,
    "r@5": 1.0,
    "ndcg@5": 0.5,
    "p@10": 0.1,
    "r@10": 1.0,
    "ndcg@10": 0.5
  },
  "retrieved": [
    8457,
    7562,
    1536,
    6460,
    7563,
    8458,
    7561,
    7556,
    7726,
    8612
  ]
}