{
  "qid": 25229,
  "query": "Danh hiệu Chiến sĩ thi đua Bộ Thông tin và Truyền thông được xét tặng cho những cá nhân nào?",
  "metrics": {
    "mrr": 0.5,
    "map": 0.5,
    "p@1": 0.0,
    "r@1": 0.0,
    "ndcg@1": 0.0,
    "p@5": 0.2,
    "r@5": 1.0,
    "ndcg@5": 0.6309297535714575,
    "p@10": 0.1,
    "r@10": 1.0,
    "ndcg@10": 0.6309297535714575
  },
  "retrieved": [
    10027,
    10026,
    10036,
    8748,
    981,
    7852,
    5588,
    6300,
    8862,
    7688
  ]
}