{
  "qid": 26048,
  "query": "Ai có thẩm quyền xử lý kỷ luật buộc thôi việc công chức cấp xã?",
  "metrics": {
    "mrr": 0.2,
    "map": 0.2,
    "p@1": 0.0,
    "r@1": 0.0,
    "ndcg@1": 0.0,
    "p@5": 0.2,
    "r@5": 1.0,
    "ndcg@5": 0.38685280723454163,
    "p@10": 0.1,
    "r@10": 1.0,
    "ndcg@10": 0.38685280723454163
  },
  "retrieved": [
    317,
    13779,
    13753,
    7808,
    13764,
    13747,
    13741,
    1757,
    13784,
    1709
  ]
}