{
  "qid": 26093,
  "query": "Phạm tội vô ý gây thương tích với tỉ lệ thương tật 35% mà bị hại không có yêu cầu thì có khởi tố vụ án không?",
  "metrics": {
    "mrr": 0.3333333333333333,
    "map": 0.3333333333333333,
    "p@1": 0.0,
    "r@1": 0.0,
    "ndcg@1": 0.0,
    "p@5": 0.2,
    "r@5": 1.0,
    "ndcg@5": 0.5,
    "p@10": 0.1,
    "r@10": 1.0,
    "ndcg@10": 0.5
  },
  "retrieved": [
    10632,
    10516,
    10634,
    10517,
    10532,
    10562,
    10928,
    10495,
    10633,
    10514
  ]
}