{
  "qid": 2626,
  "query": "Khách du lịch có những quyền và nghĩa vụ như thế nào?",
  "metrics": {
    "mrr": 0.125,
    "map": 0.1736111111111111,
    "p@1": 0.0,
    "r@1": 0.0,
    "ndcg@1": 0.0,
    "p@5": 0.0,
    "r@5": 0.0,
    "ndcg@5": 0.0,
    "p@10": 0.2,
    "r@10": 1.0,
    "ndcg@10": 0.37800210039683896
  },
  "retrieved": [
    9796,
    9780,
    9768,
    9744,
    9808,
    9790,
    12410,
    9755,
    9754,
    9761
  ]
}