{
  "qid": 26418,
  "query": "Để được bổ nhiệm chức danh Chủ tịch Hội đồng quản lý đơn vị sự nghiệp công lập thuộc Ngân hàng Nhà nước thì cần đáp ứng những điều kiện gì?",
  "metrics": {
    "mrr": 0.3333333333333333,
    "map": 0.3333333333333333,
    "p@1": 0.0,
    "r@1": 0.0,
    "ndcg@1": 0.0,
    "p@5": 0.2,
    "r@5": 1.0,
    "ndcg@5": 0.5,
    "p@10": 0.1,
    "r@10": 1.0,
    "ndcg@10": 0.5
  },
  "retrieved": [
    5545,
    3154,
    5542,
    13775,
    3156,
    4392,
    5544,
    12004,
    14254,
    3153
  ]
}