{
  "qid": 26417,
  "query": "Ủy ban nhân dân tỉnh có trách nhiệm gì trong việc áp dụng tiêu chuẩn chức danh nghề nghiệp đối với viên chức chuyên ngành công tác xã hội?",
  "metrics": {
    "mrr": 0.3333333333333333,
    "map": 0.3333333333333333,
    "p@1": 0.0,
    "r@1": 0.0,
    "ndcg@1": 0.0,
    "p@5": 0.2,
    "r@5": 1.0,
    "ndcg@5": 0.5,
    "p@10": 0.1,
    "r@10": 1.0,
    "ndcg@10": 0.5
  },
  "retrieved": [
    13126,
    3467,
    6463,
    10996,
    14239,
    14271,
    14240,
    6924,
    13116,
    6923
  ]
}