{
  "qid": 26558,
  "query": "Trách nhiệm của viên chức, đơn vị sử dụng viên chức trong việc cử viên chức đi đào tạo bồi dưỡng là gì?",
  "metrics": {
    "mrr": 0.1111111111111111,
    "map": 0.05555555555555555,
    "p@1": 0.0,
    "r@1": 0.0,
    "ndcg@1": 0.0,
    "p@5": 0.0,
    "r@5": 0.0,
    "ndcg@5": 0.0,
    "p@10": 0.1,
    "r@10": 0.5,
    "ndcg@10": 0.18457569677956817
  },
  "retrieved": [
    8613,
    11014,
    14228,
    11017,
    1041,
    11019,
    1040,
    1049,
    11020,
    14273
  ]
}