{
  "qid": 2656,
  "query": "Viên chức được bổ nhiệm chức danh thẩm kế viên hạng 2 được áp dụng hệ số lương viên chức loại mấy?",
  "metrics": {
    "mrr": 0.25,
    "map": 0.25,
    "p@1": 0.0,
    "r@1": 0.0,
    "ndcg@1": 0.0,
    "p@5": 0.2,
    "r@5": 1.0,
    "ndcg@5": 0.43067655807339306,
    "p@10": 0.1,
    "r@10": 1.0,
    "ndcg@10": 0.43067655807339306
  },
  "retrieved": [
    1536,
    8457,
    8612,
    6460,
    7726,
    1537,
    7785,
    8458,
    7787,
    7562
  ]
}