{
  "qid": 26666,
  "query": "Khi viết bảng kê chi tiền áp dụng cho doanh nghiệp vừa và nhỏ sai thì xử lý như thế nào?",
  "metrics": {
    "mrr": 0.2,
    "map": 0.2,
    "p@1": 0.0,
    "r@1": 0.0,
    "ndcg@1": 0.0,
    "p@5": 0.2,
    "r@5": 1.0,
    "ndcg@5": 0.38685280723454163,
    "p@10": 0.1,
    "r@10": 1.0,
    "ndcg@10": 0.38685280723454163
  },
  "retrieved": [
    376,
    835,
    11454,
    10406,
    2862,
    2485,
    11347,
    13738,
    11538,
    11549
  ]
}