{
  "qid": 2698,
  "query": "Việc lựa chọn người tham gia Đoàn thanh tra chuyên ngành hải quan được thực hiện như thế nào?",
  "metrics": {
    "mrr": 0.5,
    "map": 0.5,
    "p@1": 0.0,
    "r@1": 0.0,
    "ndcg@1": 0.0,
    "p@5": 0.2,
    "r@5": 1.0,
    "ndcg@5": 0.6309297535714575,
    "p@10": 0.1,
    "r@10": 1.0,
    "ndcg@10": 0.6309297535714575
  },
  "retrieved": [
    7005,
    4957,
    7017,
    4950,
    7003,
    7016,
    7002,
    14531,
    4981,
    4835
  ]
}