{
  "qid": 27523,
  "query": "Thủ tục bổ nhiệm giám định viên tư pháp tại Bộ Thông tin và Truyền thông được thực hiện như thế nào?",
  "metrics": {
    "mrr": 0.25,
    "map": 0.25,
    "p@1": 0.0,
    "r@1": 0.0,
    "ndcg@1": 0.0,
    "p@5": 0.2,
    "r@5": 1.0,
    "ndcg@5": 0.43067655807339306,
    "p@10": 0.1,
    "r@10": 1.0,
    "ndcg@10": 0.43067655807339306
  },
  "retrieved": [
    4002,
    7922,
    4008,
    4005,
    4006,
    2005,
    7921,
    7923,
    2008,
    4010
  ]
}