{
  "qid": 27524,
  "query": "Hồ sơ đề nghị bổ nhiệm giám định viên tư pháp trong lĩnh vực thông tin và truyền thông bao gồm những nội dung gì?",
  "metrics": {
    "mrr": 0.2,
    "map": 0.2,
    "p@1": 0.0,
    "r@1": 0.0,
    "ndcg@1": 0.0,
    "p@5": 0.2,
    "r@5": 1.0,
    "ndcg@5": 0.38685280723454163,
    "p@10": 0.1,
    "r@10": 1.0,
    "ndcg@10": 0.38685280723454163
  },
  "retrieved": [
    7922,
    4002,
    4005,
    4008,
    4006,
    4010,
    2007,
    2008,
    7921,
    2005
  ]
}