{
  "qid": 2774,
  "query": "Trong hoạt động mua, bán nợ của tổ chức tín dụng nếu xảy ra tranh chấp thì sẽ xử lý như thế nào?",
  "metrics": {
    "mrr": 0.14285714285714285,
    "map": 0.14285714285714285,
    "p@1": 0.0,
    "r@1": 0.0,
    "ndcg@1": 0.0,
    "p@5": 0.0,
    "r@5": 0.0,
    "ndcg@5": 0.0,
    "p@10": 0.1,
    "r@10": 1.0,
    "ndcg@10": 0.3333333333333333
  },
  "retrieved": [
    9545,
    9568,
    9555,
    9549,
    9561,
    4018,
    9563,
    9564,
    6122,
    9550
  ]
}