{
  "qid": 27890,
  "query": "Thủ tục đăng ký thay đổi, cải chính hộ tịch được quy định như thế nào?",
  "metrics": {
    "mrr": 0.5,
    "map": 0.5,
    "p@1": 0.0,
    "r@1": 0.0,
    "ndcg@1": 0.0,
    "p@5": 0.2,
    "r@5": 1.0,
    "ndcg@5": 0.6309297535714575,
    "p@10": 0.1,
    "r@10": 1.0,
    "ndcg@10": 0.6309297535714575
  },
  "retrieved": [
    2266,
    4570,
    4573,
    4588,
    6099,
    4576,
    3997,
    13478,
    4582,
    2269
  ]
}