{
  "qid": 28009,
  "query": "Việc xem xét miễn nhiệm công chức lãnh đạo cấp tỉnh được thực hiện như thế nào?",
  "metrics": {
    "mrr": 0.14285714285714285,
    "map": 0.14285714285714285,
    "p@1": 0.0,
    "r@1": 0.0,
    "ndcg@1": 0.0,
    "p@5": 0.0,
    "r@5": 0.0,
    "ndcg@5": 0.0,
    "p@10": 0.1,
    "r@10": 1.0,
    "ndcg@10": 0.3333333333333333
  },
  "retrieved": [
    2360,
    14263,
    9465,
    2361,
    13058,
    2314,
    14262,
    14256,
    2359,
    4007
  ]
}