{
  "qid": 28113,
  "query": "Hiện nay có bao nhiêu ngạch Thanh tra viên Công an nhân dân?",
  "metrics": {
    "mrr": 0.5,
    "map": 0.5,
    "p@1": 0.0,
    "r@1": 0.0,
    "ndcg@1": 0.0,
    "p@5": 0.2,
    "r@5": 1.0,
    "ndcg@5": 0.6309297535714575,
    "p@10": 0.1,
    "r@10": 1.0,
    "ndcg@10": 0.6309297535714575
  },
  "retrieved": [
    9134,
    9135,
    9136,
    181,
    2072,
    184,
    3897,
    13108,
    8194,
    179
  ]
}