{
  "qid": 28377,
  "query": "Ủy viên Hội đồng an toàn sinh học có những quyền hạn gì?",
  "metrics": {
    "mrr": 0.5,
    "map": 0.5,
    "p@1": 0.0,
    "r@1": 0.0,
    "ndcg@1": 0.0,
    "p@5": 0.2,
    "r@5": 1.0,
    "ndcg@5": 0.6309297535714575,
    "p@10": 0.1,
    "r@10": 1.0,
    "ndcg@10": 0.6309297535714575
  },
  "retrieved": [
    8186,
    8185,
    8182,
    8190,
    8184,
    8183,
    8179,
    8188,
    2096,
    13994
  ]
}