{
  "qid": 28552,
  "query": "Trong công tác thực hiện quy tắc ứng xử tại các cơ sở y tế, các lãnh đạo, quản lý cơ sở có trách nhiệm thế nào?",
  "metrics": {
    "mrr": 0.3333333333333333,
    "map": 0.3333333333333333,
    "p@1": 0.0,
    "r@1": 0.0,
    "ndcg@1": 0.0,
    "p@5": 0.2,
    "r@5": 1.0,
    "ndcg@5": 0.5,
    "p@10": 0.1,
    "r@10": 1.0,
    "ndcg@10": 0.5
  },
  "retrieved": [
    7172,
    7174,
    7175,
    7171,
    7179,
    6763,
    6753,
    7164,
    7176,
    7177
  ]
}