{
  "qid": 28585,
  "query": "Hồ sơ đề nghị xác nhận nội dung quảng cáo mỹ phẩm gồm những gì?",
  "metrics": {
    "mrr": 0.5,
    "map": 0.5,
    "p@1": 0.0,
    "r@1": 0.0,
    "ndcg@1": 0.0,
    "p@5": 0.2,
    "r@5": 1.0,
    "ndcg@5": 0.6309297535714575,
    "p@10": 0.1,
    "r@10": 1.0,
    "ndcg@10": 0.6309297535714575
  },
  "retrieved": [
    9521,
    9533,
    9524,
    9539,
    9530,
    9538,
    9541,
    12277,
    9519,
    9531
  ]
}