{
  "qid": 28775,
  "query": "Trách nhiệm bảo hành, bảo dưỡng ô tô của doanh nghiệp sản xuất, lắp ráp và doanh nghiệp nhập khẩu ô tô?",
  "metrics": {
    "mrr": 0.5,
    "map": 0.5,
    "p@1": 0.0,
    "r@1": 0.0,
    "ndcg@1": 0.0,
    "p@5": 0.2,
    "r@5": 1.0,
    "ndcg@5": 0.6309297535714575,
    "p@10": 0.1,
    "r@10": 1.0,
    "ndcg@10": 0.6309297535714575
  },
  "retrieved": [
    14355,
    14332,
    14348,
    14329,
    14349,
    14330,
    14331,
    14341,
    14357,
    14343
  ]
}