{
  "qid": 2888,
  "query": "Ai có quyền quyết định việc công nhận danh hiệu Chiến sĩ thi đua cấp Bộ ngành Lao động Thương binh và Xã hội?",
  "metrics": {
    "mrr": 0.5,
    "map": 0.5,
    "p@1": 0.0,
    "r@1": 0.0,
    "ndcg@1": 0.0,
    "p@5": 0.2,
    "r@5": 1.0,
    "ndcg@5": 0.6309297535714575,
    "p@10": 0.1,
    "r@10": 1.0,
    "ndcg@10": 0.6309297535714575
  },
  "retrieved": [
    8841,
    8862,
    1143,
    8843,
    5591,
    3477,
    7704,
    8860,
    1156,
    8845
  ]
}