{
  "qid": 28888,
  "query": "Người đã tham gia bảo hiểm xã hội 20 năm đã đủ điều kiện nhận bảo hiểm xã hội một lần chưa?",
  "metrics": {
    "mrr": 0.3333333333333333,
    "map": 0.3333333333333333,
    "p@1": 0.0,
    "r@1": 0.0,
    "ndcg@1": 0.0,
    "p@5": 0.2,
    "r@5": 1.0,
    "ndcg@5": 0.5,
    "p@10": 0.1,
    "r@10": 1.0,
    "ndcg@10": 0.5
  },
  "retrieved": [
    795,
    799,
    14094,
    796,
    14109,
    11859,
    800,
    14095,
    798,
    13280
  ]
}