{
  "qid": 29100,
  "query": "Điều kiện để công cụ nợ được mua lại là gì?",
  "metrics": {
    "mrr": 0.14285714285714285,
    "map": 0.14285714285714285,
    "p@1": 0.0,
    "r@1": 0.0,
    "ndcg@1": 0.0,
    "p@5": 0.0,
    "r@5": 0.0,
    "ndcg@5": 0.0,
    "p@10": 0.1,
    "r@10": 1.0,
    "ndcg@10": 0.3333333333333333
  },
  "retrieved": [
    13440,
    13449,
    13429,
    13434,
    13435,
    13456,
    13433,
    13432,
    13454,
    13428
  ]
}