{
  "qid": 29121,
  "query": "Thực hiện đăng ký đấu giá tài sản như thế nào?",
  "metrics": {
    "mrr": 0.5,
    "map": 0.5,
    "p@1": 0.0,
    "r@1": 0.0,
    "ndcg@1": 0.0,
    "p@5": 0.2,
    "r@5": 1.0,
    "ndcg@5": 0.6309297535714575,
    "p@10": 0.1,
    "r@10": 1.0,
    "ndcg@10": 0.6309297535714575
  },
  "retrieved": [
    736,
    725,
    739,
    715,
    746,
    6588,
    696,
    720,
    712,
    767
  ]
}