{
  "qid": 29402,
  "query": "Cơ quan có thẩm quyền cấp đổi giấy phép kinh doanh vận tải hay không?",
  "metrics": {
    "mrr": 0.5,
    "map": 0.5,
    "p@1": 0.0,
    "r@1": 0.0,
    "ndcg@1": 0.0,
    "p@5": 0.2,
    "r@5": 1.0,
    "ndcg@5": 0.6309297535714575,
    "p@10": 0.1,
    "r@10": 1.0,
    "ndcg@10": 0.6309297535714575
  },
  "retrieved": [
    9778,
    13143,
    13145,
    14758,
    13144,
    7124,
    9779,
    13135,
    13148,
    10379
  ]
}