{
  "qid": 29456,
  "query": "Giấy chứng nhận huấn luyện nghiệp vụ của thuyền viên được cấp lại trong trường hợp nào?",
  "metrics": {
    "mrr": 0.14285714285714285,
    "map": 0.14285714285714285,
    "p@1": 0.0,
    "r@1": 0.0,
    "ndcg@1": 0.0,
    "p@5": 0.0,
    "r@5": 0.0,
    "ndcg@5": 0.0,
    "p@10": 0.1,
    "r@10": 1.0,
    "ndcg@10": 0.3333333333333333
  },
  "retrieved": [
    3766,
    3768,
    3767,
    3734,
    3738,
    3765,
    3758,
    3784,
    3719,
    3759
  ]
}