{
  "qid": 29629,
  "query": "Đoàn thanh tra chuyên ngành đối với cơ sở giáo dục mầm non được tiến hành trong bao lâu?",
  "metrics": {
    "mrr": 0.5,
    "map": 0.5,
    "p@1": 0.0,
    "r@1": 0.0,
    "ndcg@1": 0.0,
    "p@5": 0.2,
    "r@5": 1.0,
    "ndcg@5": 0.6309297535714575,
    "p@10": 0.1,
    "r@10": 1.0,
    "ndcg@10": 0.6309297535714575
  },
  "retrieved": [
    7017,
    7016,
    7003,
    11927,
    7005,
    1532,
    13391,
    4966,
    4265,
    4266
  ]
}