{
  "qid": 29661,
  "query": "Đánh giá trình độ tập luyện thể thao của vận động thì hội đồng giám định có những trách nhiệm nào?",
  "metrics": {
    "mrr": 0.14285714285714285,
    "map": 0.14285714285714285,
    "p@1": 0.0,
    "r@1": 0.0,
    "ndcg@1": 0.0,
    "p@5": 0.0,
    "r@5": 0.0,
    "ndcg@5": 0.0,
    "p@10": 0.1,
    "r@10": 1.0,
    "ndcg@10": 0.3333333333333333
  },
  "retrieved": [
    3135,
    3138,
    3133,
    3134,
    1291,
    3144,
    3137,
    3140,
    3143,
    11971
  ]
}