{
  "qid": 29804,
  "query": "Những trường hợp nào tòa án quyết định xét xử vắng mặt bị cáo?",
  "metrics": {
    "mrr": 0.5,
    "map": 0.5,
    "p@1": 0.0,
    "r@1": 0.0,
    "ndcg@1": 0.0,
    "p@5": 0.2,
    "r@5": 1.0,
    "ndcg@5": 0.6309297535714575,
    "p@10": 0.1,
    "r@10": 1.0,
    "ndcg@10": 0.6309297535714575
  },
  "retrieved": [
    10828,
    10767,
    10768,
    10739,
    10763,
    10503,
    10746,
    10775,
    10824,
    10750
  ]
}