{
  "qid": 29918,
  "query": "Nếu người đại diện theo pháp luật của pháp nhân vắng mặt mà không có lý do thì sao?",
  "metrics": {
    "mrr": 0.5,
    "map": 0.5,
    "p@1": 0.0,
    "r@1": 0.0,
    "ndcg@1": 0.0,
    "p@5": 0.2,
    "r@5": 1.0,
    "ndcg@5": 0.6309297535714575,
    "p@10": 0.1,
    "r@10": 1.0,
    "ndcg@10": 0.6309297535714575
  },
  "retrieved": [
    10908,
    10903,
    2532,
    10902,
    10910,
    3557,
    10912,
    2536,
    10905,
    2535
  ]
}