{
  "qid": 30109,
  "query": "Hội đồng thẩm định quy hoạch cảng hàng không sân bay gồm các thành phần nào và có trách nhiệm, quyền hạn gì?",
  "metrics": {
    "mrr": 0.25,
    "map": 0.25,
    "p@1": 0.0,
    "r@1": 0.0,
    "ndcg@1": 0.0,
    "p@5": 0.2,
    "r@5": 1.0,
    "ndcg@5": 0.43067655807339306,
    "p@10": 0.1,
    "r@10": 1.0,
    "ndcg@10": 0.43067655807339306
  },
  "retrieved": [
    5891,
    5886,
    5892,
    5896,
    5889,
    5885,
    5882,
    5917,
    5904,
    5872
  ]
}