{
  "qid": 30118,
  "query": "Chánh Thanh tra tỉnh có thẩm quyền xử phạt vi phạm hành chính đến 250.000.000 đồng?",
  "metrics": {
    "mrr": 0.16666666666666666,
    "map": 0.16666666666666666,
    "p@1": 0.0,
    "r@1": 0.0,
    "ndcg@1": 0.0,
    "p@5": 0.0,
    "r@5": 0.0,
    "ndcg@5": 0.0,
    "p@10": 0.1,
    "r@10": 1.0,
    "ndcg@10": 0.3562071871080222
  },
  "retrieved": [
    11127,
    3304,
    11615,
    14935,
    14198,
    4637,
    4640,
    7031,
    14850,
    9190
  ]
}