{
  "qid": 30432,
  "query": "Khi nào cơ quan chức năng được quyền khám xét người?",
  "metrics": {
    "mrr": 0.14285714285714285,
    "map": 0.14285714285714285,
    "p@1": 0.0,
    "r@1": 0.0,
    "ndcg@1": 0.0,
    "p@5": 0.0,
    "r@5": 0.0,
    "ndcg@5": 0.0,
    "p@10": 0.1,
    "r@10": 1.0,
    "ndcg@10": 0.3333333333333333
  },
  "retrieved": [
    10671,
    10670,
    10672,
    10489,
    8409,
    10675,
    10669,
    12334,
    10677,
    6235
  ]
}