{
  "qid": 30600,
  "query": "Hướng dẫn xử lý đối với sản phẩm động vật không bảo đảm yêu cầu vệ sinh thú y tại cơ sở giết mổ như thế nào?",
  "metrics": {
    "mrr": 0.3333333333333333,
    "map": 0.3333333333333333,
    "p@1": 0.0,
    "r@1": 0.0,
    "ndcg@1": 0.0,
    "p@5": 0.2,
    "r@5": 1.0,
    "ndcg@5": 0.5,
    "p@10": 0.1,
    "r@10": 1.0,
    "ndcg@10": 0.5
  },
  "retrieved": [
    9623,
    9656,
    9635,
    9652,
    9658,
    9663,
    9628,
    9655,
    9627,
    9634
  ]
}