{
  "qid": 31242,
  "query": "Tiêu chuẩn xét thăng cấp bậc quân hàm Trung sĩ đối với hạ sĩ quan Quân đội được quy định như thế nào?",
  "metrics": {
    "mrr": 0.3333333333333333,
    "map": 0.3333333333333333,
    "p@1": 0.0,
    "r@1": 0.0,
    "ndcg@1": 0.0,
    "p@5": 0.2,
    "r@5": 1.0,
    "ndcg@5": 0.5,
    "p@10": 0.1,
    "r@10": 1.0,
    "ndcg@10": 0.5
  },
  "retrieved": [
    7334,
    7331,
    7335,
    7332,
    7330,
    7340,
    14491,
    7339,
    11499,
    7341
  ]
}