{
  "qid": 32032,
  "query": "Đương sự yêu cầu Văn phòng Thừa phát lại tổ chức thi hành án thì có cần phải lập hợp đồng hay không?",
  "metrics": {
    "mrr": 0.16666666666666666,
    "map": 0.16666666666666666,
    "p@1": 0.0,
    "r@1": 0.0,
    "ndcg@1": 0.0,
    "p@5": 0.0,
    "r@5": 0.0,
    "ndcg@5": 0.0,
    "p@10": 0.1,
    "r@10": 1.0,
    "ndcg@10": 0.3562071871080222
  },
  "retrieved": [
    8982,
    8984,
    9425,
    8970,
    8981,
    8980,
    8988,
    9422,
    8971,
    9418
  ]
}