{
  "qid": 32124,
  "query": "Thời hạn xét thăng cấp bậc quân hàm đối với Binh nhì phục vụ trong Quân đội nhân dân Việt Nam là bao lâu?",
  "metrics": {
    "mrr": 0.5,
    "map": 0.5,
    "p@1": 0.0,
    "r@1": 0.0,
    "ndcg@1": 0.0,
    "p@5": 0.2,
    "r@5": 1.0,
    "ndcg@5": 0.6309297535714575,
    "p@10": 0.1,
    "r@10": 1.0,
    "ndcg@10": 0.6309297535714575
  },
  "retrieved": [
    7331,
    7334,
    7332,
    14491,
    7335,
    7333,
    7330,
    7340,
    7341,
    7328
  ]
}