{
  "qid": 3234,
  "query": "Nhà nước hỗ trợ đầu tư vào các dự án của công ty nông lâm nghiệp như thế nào?",
  "metrics": {
    "mrr": 0.2,
    "map": 0.2,
    "p@1": 0.0,
    "r@1": 0.0,
    "ndcg@1": 0.0,
    "p@5": 0.2,
    "r@5": 1.0,
    "ndcg@5": 0.38685280723454163,
    "p@10": 0.1,
    "r@10": 1.0,
    "ndcg@10": 0.38685280723454163
  },
  "retrieved": [
    13056,
    13052,
    2463,
    14680,
    14679,
    13055,
    9605,
    14676,
    7518,
    2462
  ]
}