{
  "qid": 32408,
  "query": "Công an có được phép khám xét chỗ ở hay không?",
  "metrics": {
    "mrr": 0.5,
    "map": 0.41666666666666663,
    "p@1": 0.0,
    "r@1": 0.0,
    "ndcg@1": 0.0,
    "p@5": 0.2,
    "r@5": 0.5,
    "ndcg@5": 0.38685280723454163,
    "p@10": 0.2,
    "r@10": 1.0,
    "ndcg@10": 0.6052602440527057
  },
  "retrieved": [
    10672,
    10669,
    10489,
    14445,
    10671,
    10670,
    10675,
    8409,
    13139,
    10321
  ]
}