{
  "qid": 32745,
  "query": "Giám định viên pháp y tâm thần được hưởng phụ cấp trách nhiệm công việc giám định tư pháp thế nào?",
  "metrics": {
    "mrr": 0.16666666666666666,
    "map": 0.16666666666666666,
    "p@1": 0.0,
    "r@1": 0.0,
    "ndcg@1": 0.0,
    "p@5": 0.0,
    "r@5": 0.0,
    "ndcg@5": 0.0,
    "p@10": 0.1,
    "r@10": 1.0,
    "ndcg@10": 0.3562071871080222
  },
  "retrieved": [
    1682,
    1684,
    2006,
    339,
    2008,
    1683,
    4008,
    1686,
    2007,
    4002
  ]
}