{
  "qid": 33177,
  "query": "Thời hạn giải quyết tin báo về tội phạm đươc quy định như thế nào?",
  "metrics": {
    "mrr": 0.25,
    "map": 0.25,
    "p@1": 0.0,
    "r@1": 0.0,
    "ndcg@1": 0.0,
    "p@5": 0.2,
    "r@5": 1.0,
    "ndcg@5": 0.43067655807339306,
    "p@10": 0.1,
    "r@10": 1.0,
    "ndcg@10": 0.43067655807339306
  },
  "retrieved": [
    1000,
    994,
    995,
    997,
    10626,
    10624,
    999,
    10625,
    10623,
    996
  ]
}