{
  "qid": 33285,
  "query": "Vi phạm quy định về cấp Giấy chứng nhận cơ sở đủ điều kiện an toàn thực phẩm bị xử phạt vi phạm hành chính như thế nào?",
  "metrics": {
    "mrr": 0.25,
    "map": 0.25,
    "p@1": 0.0,
    "r@1": 0.0,
    "ndcg@1": 0.0,
    "p@5": 0.2,
    "r@5": 1.0,
    "ndcg@5": 0.43067655807339306,
    "p@10": 0.1,
    "r@10": 1.0,
    "ndcg@10": 0.43067655807339306
  },
  "retrieved": [
    14171,
    14170,
    14206,
    14187,
    14204,
    14193,
    14188,
    14810,
    10380,
    14205
  ]
}