{
  "qid": 33565,
  "query": "Người làm công tác kiểm toán nội bộ tại các đơn vị này cần đáp ứng các điều kiện, tiêu chuẩn về bằng cấp chuyên môn thế nào?",
  "metrics": {
    "mrr": 0.14285714285714285,
    "map": 0.14285714285714285,
    "p@1": 0.0,
    "r@1": 0.0,
    "ndcg@1": 0.0,
    "p@5": 0.0,
    "r@5": 0.0,
    "ndcg@5": 0.0,
    "p@10": 0.1,
    "r@10": 1.0,
    "ndcg@10": 0.3333333333333333
  },
  "retrieved": [
    6860,
    5672,
    6862,
    6861,
    6849,
    5686,
    5676,
    5675,
    6867,
    5671
  ]
}