{
  "qid": 33715,
  "query": "Hồ sơ đồ án quy hoạch chi tiết xây dựng điểm dân cư nông thôn chia làm mấy phần?",
  "metrics": {
    "mrr": 0.16666666666666666,
    "map": 0.16666666666666666,
    "p@1": 0.0,
    "r@1": 0.0,
    "ndcg@1": 0.0,
    "p@5": 0.0,
    "r@5": 0.0,
    "ndcg@5": 0.0,
    "p@10": 0.1,
    "r@10": 1.0,
    "ndcg@10": 0.3562071871080222
  },
  "retrieved": [
    2418,
    2401,
    2412,
    2414,
    2411,
    2413,
    2415,
    5487,
    2416,
    2399
  ]
}