{
  "qid": 3419,
  "query": "Việc bổ nhiệm chức danh nghề nghiệp đối với viên chức chuyên ngành công tác xã hội thực hiện theo nguyên tắc nào?",
  "metrics": {
    "mrr": 0.5,
    "map": 0.5,
    "p@1": 0.0,
    "r@1": 0.0,
    "ndcg@1": 0.0,
    "p@5": 0.2,
    "r@5": 1.0,
    "ndcg@5": 0.6309297535714575,
    "p@10": 0.1,
    "r@10": 1.0,
    "ndcg@10": 0.6309297535714575
  },
  "retrieved": [
    3467,
    6458,
    14249,
    6463,
    8457,
    7465,
    12599,
    6460,
    9588,
    14271
  ]
}