{
  "qid": 34338,
  "query": "Trong thời gian tạm giam nếu tài sản của bị can không có người bảo quản thì phải giải quyết như thế nào?",
  "metrics": {
    "mrr": 0.5,
    "map": 0.5,
    "p@1": 0.0,
    "r@1": 0.0,
    "ndcg@1": 0.0,
    "p@5": 0.2,
    "r@5": 1.0,
    "ndcg@5": 0.6309297535714575,
    "p@10": 0.1,
    "r@10": 1.0,
    "ndcg@10": 0.6309297535714575
  },
  "retrieved": [
    10596,
    10597,
    2535,
    1180,
    2536,
    10557,
    2534,
    12727,
    10721,
    6703
  ]
}