{
  "qid": 34563,
  "query": "Sinh viên sư phạm trong trường hợp nào không phải bồi hoàn kinh phí hỗ trợ tiền đóng học phí và chi phí sinh hoạt?",
  "metrics": {
    "mrr": 0.3333333333333333,
    "map": 0.3333333333333333,
    "p@1": 0.0,
    "r@1": 0.0,
    "ndcg@1": 0.0,
    "p@5": 0.2,
    "r@5": 1.0,
    "ndcg@5": 0.5,
    "p@10": 0.1,
    "r@10": 1.0,
    "ndcg@10": 0.5
  },
  "retrieved": [
    14387,
    14384,
    14385,
    14391,
    14383,
    14386,
    14390,
    14388,
    14380,
    9730
  ]
}