{
  "qid": 34936,
  "query": "Thủy thủ trực ca tàu biển Việt Nam cần đáp ứng những tiêu chuẩn chuyên môn gì?",
  "metrics": {
    "mrr": 0.25,
    "map": 0.25,
    "p@1": 0.0,
    "r@1": 0.0,
    "ndcg@1": 0.0,
    "p@5": 0.2,
    "r@5": 1.0,
    "ndcg@5": 0.43067655807339306,
    "p@10": 0.1,
    "r@10": 1.0,
    "ndcg@10": 0.43067655807339306
  },
  "retrieved": [
    3752,
    3727,
    3772,
    3726,
    3719,
    3779,
    3757,
    7664,
    7663,
    3717
  ]
}