{
  "qid": 35028,
  "query": "Quá trình sản xuất, kinh doanh tiền chất công nghiệp cần đáp ứng yêu cầu gì đối với công nghệ, thiết bị, dụng cụ, bao bì?",
  "metrics": {
    "mrr": 0.3333333333333333,
    "map": 0.3333333333333333,
    "p@1": 0.0,
    "r@1": 0.0,
    "ndcg@1": 0.0,
    "p@5": 0.2,
    "r@5": 1.0,
    "ndcg@5": 0.5,
    "p@10": 0.1,
    "r@10": 1.0,
    "ndcg@10": 0.5
  },
  "retrieved": [
    13893,
    13901,
    13895,
    14178,
    14177,
    7501,
    13899,
    11880,
    13905,
    12994
  ]
}