{
  "qid": 35090,
  "query": "Điều kiện tập thể Viện Kiểm sát nhân dân nộp hồ sơ đề nghị tặng Bằng khen của Thủ tướng Chính phủ năm 2023 là gì?",
  "metrics": {
    "mrr": 0.2,
    "map": 0.2,
    "p@1": 0.0,
    "r@1": 0.0,
    "ndcg@1": 0.0,
    "p@5": 0.2,
    "r@5": 1.0,
    "ndcg@5": 0.38685280723454163,
    "p@10": 0.1,
    "r@10": 1.0,
    "ndcg@10": 0.38685280723454163
  },
  "retrieved": [
    1156,
    8762,
    7861,
    5606,
    1341,
    1363,
    1357,
    7706,
    8760,
    981
  ]
}