{
  "qid": 35213,
  "query": "Chỉ tốt nghiệp cao đẳng thì có được trở thành giáo viên tiểu học công lập không?",
  "metrics": {
    "mrr": 0.16666666666666666,
    "map": 0.16666666666666666,
    "p@1": 0.0,
    "r@1": 0.0,
    "ndcg@1": 0.0,
    "p@5": 0.0,
    "r@5": 0.0,
    "ndcg@5": 0.0,
    "p@10": 0.1,
    "r@10": 1.0,
    "ndcg@10": 0.3562071871080222
  },
  "retrieved": [
    1538,
    2814,
    2820,
    8499,
    9867,
    2815,
    14380,
    3455,
    1537,
    8501
  ]
}