{
  "qid": 35540,
  "query": "Nghĩa vụ của khách du lịch là gì?",
  "metrics": {
    "mrr": 0.14285714285714285,
    "map": 0.14285714285714285,
    "p@1": 0.0,
    "r@1": 0.0,
    "ndcg@1": 0.0,
    "p@5": 0.0,
    "r@5": 0.0,
    "ndcg@5": 0.0,
    "p@10": 0.1,
    "r@10": 1.0,
    "ndcg@10": 0.3333333333333333
  },
  "retrieved": [
    9796,
    9780,
    9768,
    9744,
    9808,
    9790,
    9755,
    6613,
    12410,
    6612
  ]
}