{
  "qid": 3555,
  "query": "Xuất bản xuất bản phẩm gây mất đoàn kết dân tộc thì nhà xuất bản bị xử phạt vi phạm hành chính thế nào?",
  "metrics": {
    "mrr": 0.5,
    "map": 0.5,
    "p@1": 0.0,
    "r@1": 0.0,
    "ndcg@1": 0.0,
    "p@5": 0.2,
    "r@5": 1.0,
    "ndcg@5": 0.6309297535714575,
    "p@10": 0.1,
    "r@10": 1.0,
    "ndcg@10": 0.6309297535714575
  },
  "retrieved": [
    14903,
    14925,
    14904,
    14928,
    1458,
    1459,
    1463,
    14929,
    7737,
    1475
  ]
}