{
  "qid": 35565,
  "query": "Tập thể được khen thưởng trong Quân đội nhân dân có các nghĩa vụ gì?",
  "metrics": {
    "mrr": 0.2,
    "map": 0.2,
    "p@1": 0.0,
    "r@1": 0.0,
    "ndcg@1": 0.0,
    "p@5": 0.2,
    "r@5": 1.0,
    "ndcg@5": 0.38685280723454163,
    "p@10": 0.1,
    "r@10": 1.0,
    "ndcg@10": 0.38685280723454163
  },
  "retrieved": [
    1150,
    1156,
    10039,
    7721,
    1373,
    6285,
    6311,
    5610,
    1161,
    1336
  ]
}