{
  "qid": 35997,
  "query": "Thời hạn giữ chức vụ quản lý trong các đơn vị sự nghiệp của bộ y tế cho mỗi lần bổ nhiệm là bao lâu?",
  "metrics": {
    "mrr": 0.14285714285714285,
    "map": 0.14285714285714285,
    "p@1": 0.0,
    "r@1": 0.0,
    "ndcg@1": 0.0,
    "p@5": 0.0,
    "r@5": 0.0,
    "ndcg@5": 0.0,
    "p@10": 0.1,
    "r@10": 1.0,
    "ndcg@10": 0.3333333333333333
  },
  "retrieved": [
    14256,
    14254,
    14260,
    2334,
    14210,
    14492,
    14250,
    14259,
    14251,
    14258
  ]
}