{
  "qid": 36101,
  "query": "Khám xét chỗ ở được thực hiện khi nào?",
  "metrics": {
    "mrr": 0.5,
    "map": 0.5,
    "p@1": 0.0,
    "r@1": 0.0,
    "ndcg@1": 0.0,
    "p@5": 0.2,
    "r@5": 1.0,
    "ndcg@5": 0.6309297535714575,
    "p@10": 0.1,
    "r@10": 1.0,
    "ndcg@10": 0.6309297535714575
  },
  "retrieved": [
    10672,
    10669,
    10489,
    10671,
    10670,
    10675,
    8409,
    10677,
    13139,
    3714
  ]
}