{
  "qid": 3620,
  "query": "Có bao nhiêu loại báo cáo công tác dân tộc và yêu cầu của từng loại báo cáo là gì?",
  "metrics": {
    "mrr": 0.25,
    "map": 0.125,
    "p@1": 0.0,
    "r@1": 0.0,
    "ndcg@1": 0.0,
    "p@5": 0.2,
    "r@5": 0.5,
    "ndcg@5": 0.2640681225725909,
    "p@10": 0.1,
    "r@10": 0.5,
    "ndcg@10": 0.2640681225725909
  },
  "retrieved": [
    1303,
    1312,
    1316,
    1304,
    1313,
    1314,
    4760,
    2529,
    1309,
    4762
  ]
}