{
  "qid": 36356,
  "query": "Thủ tục, thời điểm bổ nhiệm kế toán trưởng tại các đơn vị kế toán trong lĩnh vực kế toán nhà nước được quy định như thế nào?",
  "metrics": {
    "mrr": 0.5,
    "map": 0.5,
    "p@1": 0.0,
    "r@1": 0.0,
    "ndcg@1": 0.0,
    "p@5": 0.2,
    "r@5": 1.0,
    "ndcg@5": 0.6309297535714575,
    "p@10": 0.1,
    "r@10": 1.0,
    "ndcg@10": 0.6309297535714575
  },
  "retrieved": [
    4388,
    4394,
    4389,
    4392,
    4399,
    4396,
    4395,
    4393,
    4391,
    2895
  ]
}