{
  "qid": 36485,
  "query": "Việc gắn camera hành trình có phải bắt buộc thực hiện đối với mọi loại xe ô tô hay không?",
  "metrics": {
    "mrr": 0.16666666666666666,
    "map": 0.16666666666666666,
    "p@1": 0.0,
    "r@1": 0.0,
    "ndcg@1": 0.0,
    "p@5": 0.0,
    "r@5": 0.0,
    "ndcg@5": 0.0,
    "p@10": 0.1,
    "r@10": 1.0,
    "ndcg@10": 0.3562071871080222
  },
  "retrieved": [
    13149,
    10326,
    2825,
    13138,
    4465,
    13139,
    13132,
    13129,
    10321,
    13158
  ]
}