{
  "qid": 36729,
  "query": "Giám sát cắt hủy tiền không đủ tiêu chuẩn lưu thông như thế nào?",
  "metrics": {
    "mrr": 0.2,
    "map": 0.2,
    "p@1": 0.0,
    "r@1": 0.0,
    "ndcg@1": 0.0,
    "p@5": 0.2,
    "r@5": 1.0,
    "ndcg@5": 0.38685280723454163,
    "p@10": 0.1,
    "r@10": 1.0,
    "ndcg@10": 0.38685280723454163
  },
  "retrieved": [
    7622,
    3823,
    7630,
    3841,
    7631,
    7636,
    3830,
    7629,
    7640,
    7621
  ]
}