{
  "qid": 36860,
  "query": "Nhân viên hàng không sẽ có những nhiệm vụ gì?",
  "metrics": {
    "mrr": 0.5,
    "map": 0.5,
    "p@1": 0.0,
    "r@1": 0.0,
    "ndcg@1": 0.0,
    "p@5": 0.2,
    "r@5": 1.0,
    "ndcg@5": 0.6309297535714575,
    "p@10": 0.1,
    "r@10": 1.0,
    "ndcg@10": 0.6309297535714575
  },
  "retrieved": [
    12961,
    12958,
    12955,
    12957,
    12963,
    4366,
    12959,
    12972,
    12971,
    5930
  ]
}