{
  "qid": 36907,
  "query": "Việc đặt tiền để bảo đảm có phải là một trong các biện pháp ngăn chặn trong tố tụng hình sự hay không?",
  "metrics": {
    "mrr": 0.25,
    "map": 0.25,
    "p@1": 0.0,
    "r@1": 0.0,
    "ndcg@1": 0.0,
    "p@5": 0.2,
    "r@5": 1.0,
    "ndcg@5": 0.43067655807339306,
    "p@10": 0.1,
    "r@10": 1.0,
    "ndcg@10": 0.43067655807339306
  },
  "retrieved": [
    10970,
    10973,
    6685,
    10586,
    10602,
    6703,
    12719,
    10972,
    12048,
    12724
  ]
}