{
  "qid": 36923,
  "query": "Các chức danh nghề nghiệp đạo diễn nghệ thuật có hệ số lương bao nhiêu?",
  "metrics": {
    "mrr": 0.14285714285714285,
    "map": 0.14285714285714285,
    "p@1": 0.0,
    "r@1": 0.0,
    "ndcg@1": 0.0,
    "p@5": 0.0,
    "r@5": 0.0,
    "ndcg@5": 0.0,
    "p@10": 0.1,
    "r@10": 1.0,
    "ndcg@10": 0.3333333333333333
  },
  "retrieved": [
    8612,
    12587,
    12588,
    12599,
    13119,
    6458,
    1536,
    8457,
    6460,
    7562
  ]
}