{
  "qid": 36922,
  "query": "Khi xếp lương các chức danh nghề nghiệp đạo diễn nghệ thuật cần đảm bảo những nguyên tắc gì?",
  "metrics": {
    "mrr": 0.5,
    "map": 0.5,
    "p@1": 0.0,
    "r@1": 0.0,
    "ndcg@1": 0.0,
    "p@5": 0.2,
    "r@5": 1.0,
    "ndcg@5": 0.6309297535714575,
    "p@10": 0.1,
    "r@10": 1.0,
    "ndcg@10": 0.6309297535714575
  },
  "retrieved": [
    12587,
    6458,
    8612,
    6449,
    12588,
    12599,
    13119,
    7562,
    7556,
    7561
  ]
}