{
  "qid": 37016,
  "query": "Hiện nay Đài Tiếng nói Việt Nam có bao nhiêu Phó Tổng Giám đốc?",
  "metrics": {
    "mrr": 0.2,
    "map": 0.2,
    "p@1": 0.0,
    "r@1": 0.0,
    "ndcg@1": 0.0,
    "p@5": 0.2,
    "r@5": 1.0,
    "ndcg@5": 0.38685280723454163,
    "p@10": 0.1,
    "r@10": 1.0,
    "ndcg@10": 0.38685280723454163
  },
  "retrieved": [
    3420,
    3421,
    3676,
    3702,
    3423,
    3705,
    11449,
    11784,
    11774,
    1846
  ]
}