{
  "qid": 37058,
  "query": "Chứng thực Giấy ủy quyền làm thủ tục chuyển nhượng quyền sử dụng đất?",
  "metrics": {
    "mrr": 0.3333333333333333,
    "map": 0.3333333333333333,
    "p@1": 0.0,
    "r@1": 0.0,
    "ndcg@1": 0.0,
    "p@5": 0.2,
    "r@5": 1.0,
    "ndcg@5": 0.5,
    "p@10": 0.1,
    "r@10": 1.0,
    "ndcg@10": 0.5
  },
  "retrieved": [
    1431,
    11213,
    1441,
    11197,
    11209,
    11210,
    11112,
    11116,
    7830,
    11109
  ]
}