{
  "qid": 37295,
  "query": "Vệ tinh viễn thám có thuộc công trình hạ tầng thu nhận dữ liệu ảnh viễn thám hay không?",
  "metrics": {
    "mrr": 0.25,
    "map": 0.25,
    "p@1": 0.0,
    "r@1": 0.0,
    "ndcg@1": 0.0,
    "p@5": 0.2,
    "r@5": 1.0,
    "ndcg@5": 0.43067655807339306,
    "p@10": 0.1,
    "r@10": 1.0,
    "ndcg@10": 0.43067655807339306
  },
  "retrieved": [
    3581,
    3579,
    3584,
    3575,
    3582,
    3586,
    3585,
    3576,
    3599,
    3600
  ]
}