{
  "qid": 37706,
  "query": "Điều chỉnh tiền lương đã đóng bảo hiểm xã hội bắt buộc được quy định như thế nào?",
  "metrics": {
    "mrr": 0.3333333333333333,
    "map": 0.3333333333333333,
    "p@1": 0.0,
    "r@1": 0.0,
    "ndcg@1": 0.0,
    "p@5": 0.2,
    "r@5": 1.0,
    "ndcg@5": 0.5,
    "p@10": 0.1,
    "r@10": 1.0,
    "ndcg@10": 0.5
  },
  "retrieved": [
    14104,
    14097,
    14096,
    795,
    11858,
    14103,
    11867,
    11869,
    14101,
    11871
  ]
}