{
  "qid": 37865,
  "query": "Nguyên tắc xác định người trúng tuyển công chức trong kỳ tuyển dụng công chức ra sao?",
  "metrics": {
    "mrr": 0.5,
    "map": 0.5,
    "p@1": 0.0,
    "r@1": 0.0,
    "ndcg@1": 0.0,
    "p@5": 0.2,
    "r@5": 1.0,
    "ndcg@5": 0.6309297535714575,
    "p@10": 0.1,
    "r@10": 1.0,
    "ndcg@10": 0.6309297535714575
  },
  "retrieved": [
    14224,
    14217,
    2372,
    2374,
    14249,
    8079,
    8075,
    2028,
    2375,
    14216
  ]
}