{
  "qid": 38618,
  "query": "Nhân viên bảo vệ tại cơ quan nhà nước được trang bị khúc côn nhị hay không?",
  "metrics": {
    "mrr": 0.3333333333333333,
    "map": 0.3333333333333333,
    "p@1": 0.0,
    "r@1": 0.0,
    "ndcg@1": 0.0,
    "p@5": 0.2,
    "r@5": 1.0,
    "ndcg@5": 0.5,
    "p@10": 0.1,
    "r@10": 1.0,
    "ndcg@10": 0.5
  },
  "retrieved": [
    436,
    7434,
    6077,
    7142,
    6932,
    4780,
    9163,
    8497,
    6075,
    4044
  ]
}