{
  "qid": 38617,
  "query": "Tiêu chuẩn nhân viên bảo vệ tại các cơ quan nhà nước là gì?",
  "metrics": {
    "mrr": 0.25,
    "map": 0.25,
    "p@1": 0.0,
    "r@1": 0.0,
    "ndcg@1": 0.0,
    "p@5": 0.2,
    "r@5": 1.0,
    "ndcg@5": 0.43067655807339306,
    "p@10": 0.1,
    "r@10": 1.0,
    "ndcg@10": 0.43067655807339306
  },
  "retrieved": [
    6075,
    2931,
    436,
    6068,
    6070,
    8041,
    10255,
    12961,
    3251,
    9385
  ]
}