{
  "qid": 38766,
  "query": "Trưởng đoàn thanh tra chuyên ngành cấp sở có quyền xử phạt huấn luyện viên thể thao thành tích cao không thực hiện biện pháp bảo đảm an toàn cho vận động viên không?",
  "metrics": {
    "mrr": 0.2,
    "map": 0.2,
    "p@1": 0.0,
    "r@1": 0.0,
    "ndcg@1": 0.0,
    "p@5": 0.2,
    "r@5": 1.0,
    "ndcg@5": 0.38685280723454163,
    "p@10": 0.1,
    "r@10": 1.0,
    "ndcg@10": 0.38685280723454163
  },
  "retrieved": [
    588,
    586,
    14198,
    257,
    4637,
    255,
    585,
    11127,
    590,
    11972
  ]
}