{
  "qid": 38968,
  "query": "Việc thanh lọc tài nguyên thông tin của thư viện công lập được thực hiện như thế nào?",
  "metrics": {
    "mrr": 0.1111111111111111,
    "map": 0.1111111111111111,
    "p@1": 0.0,
    "r@1": 0.0,
    "ndcg@1": 0.0,
    "p@5": 0.0,
    "r@5": 0.0,
    "ndcg@5": 0.0,
    "p@10": 0.1,
    "r@10": 1.0,
    "ndcg@10": 0.3010299956639812
  },
  "retrieved": [
    2721,
    2748,
    2737,
    2735,
    2736,
    2742,
    2743,
    2745,
    2744,
    2749
  ]
}