{
  "qid": 39015,
  "query": "Viên chức được bổ nhiệm vào chức danh họa sĩ hạng 4 cần tốt nghiệp trung cấp trở lên đúng không?",
  "metrics": {
    "mrr": 0.3333333333333333,
    "map": 0.3333333333333333,
    "p@1": 0.0,
    "r@1": 0.0,
    "ndcg@1": 0.0,
    "p@5": 0.2,
    "r@5": 1.0,
    "ndcg@5": 0.5,
    "p@10": 0.1,
    "r@10": 1.0,
    "ndcg@10": 0.5
  },
  "retrieved": [
    7465,
    7462,
    7463,
    7458,
    12599,
    8456,
    13119,
    8457,
    13121,
    1536
  ]
}