{
  "qid": 39255,
  "query": "Ai có trách nhiệm bồi thường trong trường hợp tài sản bị hư hỏng do áp dụng biện pháp khẩn cấp tạm thời?",
  "metrics": {
    "mrr": 0.2,
    "map": 0.2,
    "p@1": 0.0,
    "r@1": 0.0,
    "ndcg@1": 0.0,
    "p@5": 0.2,
    "r@5": 1.0,
    "ndcg@5": 0.38685280723454163,
    "p@10": 0.1,
    "r@10": 1.0,
    "ndcg@10": 0.38685280723454163
  },
  "retrieved": [
    12711,
    12724,
    192,
    2232,
    12729,
    6909,
    4484,
    5325,
    7369,
    12899
  ]
}