{
  "qid": 39547,
  "query": "Mỗi người hướng dẫn tập luyện môn Mô tô nước trên biển được hướng dẫn tối đa bao nhiêu người trong một lần tập?",
  "metrics": {
    "mrr": 0.25,
    "map": 0.25,
    "p@1": 0.0,
    "r@1": 0.0,
    "ndcg@1": 0.0,
    "p@5": 0.2,
    "r@5": 1.0,
    "ndcg@5": 0.43067655807339306,
    "p@10": 0.1,
    "r@10": 1.0,
    "ndcg@10": 0.43067655807339306
  },
  "retrieved": [
    4414,
    8781,
    7748,
    5628,
    6616,
    8779,
    4415,
    12982,
    4411,
    4412
  ]
}