{
  "qid": 39817,
  "query": "Doanh nghiệp sản xuất rượu công nghiệp có được trực tiếp bán lẻ rượu không?",
  "metrics": {
    "mrr": 0.5,
    "map": 0.5,
    "p@1": 0.0,
    "r@1": 0.0,
    "ndcg@1": 0.0,
    "p@5": 0.2,
    "r@5": 1.0,
    "ndcg@5": 0.6309297535714575,
    "p@10": 0.1,
    "r@10": 1.0,
    "ndcg@10": 0.6309297535714575
  },
  "retrieved": [
    11876,
    11887,
    11904,
    11885,
    11900,
    11882,
    11880,
    11901,
    11897,
    11889
  ]
}