{
  "qid": 40118,
  "query": "Khách du lịch quốc tế đến Việt Nam cần tuân thủ các nghĩa vụ gì?",
  "metrics": {
    "mrr": 0.3333333333333333,
    "map": 0.3333333333333333,
    "p@1": 0.0,
    "r@1": 0.0,
    "ndcg@1": 0.0,
    "p@5": 0.2,
    "r@5": 1.0,
    "ndcg@5": 0.5,
    "p@10": 0.1,
    "r@10": 1.0,
    "ndcg@10": 0.5
  },
  "retrieved": [
    9808,
    9780,
    9755,
    9753,
    6620,
    6610,
    9773,
    9801,
    9812,
    12173
  ]
}