{
  "qid": 40197,
  "query": "Viên chức chuyên ngành Thông tin và Truyền thông dự xét thăng hạng phải chuẩn bị các giấy tờ nào?",
  "metrics": {
    "mrr": 0.3333333333333333,
    "map": 0.3333333333333333,
    "p@1": 0.0,
    "r@1": 0.0,
    "ndcg@1": 0.0,
    "p@5": 0.2,
    "r@5": 1.0,
    "ndcg@5": 0.5,
    "p@10": 0.1,
    "r@10": 1.0,
    "ndcg@10": 0.5
  },
  "retrieved": [
    3875,
    3877,
    3876,
    6925,
    6924,
    3878,
    13119,
    14239,
    3872,
    3879
  ]
}