{
  "qid": 4028,
  "query": "Cơ sở Đo lường Chất lượng thực hiện kiểm định chuẩn đo lường thuộc lĩnh vực quân sự, quốc phòng có những nghĩa vụ gì?",
  "metrics": {
    "mrr": 0.2,
    "map": 0.2,
    "p@1": 0.0,
    "r@1": 0.0,
    "ndcg@1": 0.0,
    "p@5": 0.2,
    "r@5": 1.0,
    "ndcg@5": 0.38685280723454163,
    "p@10": 0.1,
    "r@10": 1.0,
    "ndcg@10": 0.38685280723454163
  },
  "retrieved": [
    2618,
    2610,
    2606,
    2632,
    2619,
    2602,
    2620,
    2608,
    2622,
    2604
  ]
}