{
  "qid": 40480,
  "query": "Việc kháng cáo, kháng nghị bản án hình sự sơ thẩm có được thay đổi, bổ sung trước khi bắt đầu phiên tòa phúc thẩm không?",
  "metrics": {
    "mrr": 0.3333333333333333,
    "map": 0.3333333333333333,
    "p@1": 0.0,
    "r@1": 0.0,
    "ndcg@1": 0.0,
    "p@5": 0.2,
    "r@5": 1.0,
    "ndcg@5": 0.5,
    "p@10": 0.1,
    "r@10": 1.0,
    "ndcg@10": 0.5
  },
  "retrieved": [
    10831,
    10825,
    10819,
    10737,
    10830,
    10743,
    10839,
    10834,
    4925,
    10504
  ]
}