{
  "qid": 40546,
  "query": "Chủ tịch Ủy ban nhân dân cấp xã ra quyết định cấm tiếp xúc với nạn nhân bạo lực gia đình phải đáp ứng các điều kiện nào?",
  "metrics": {
    "mrr": 0.3333333333333333,
    "map": 0.3333333333333333,
    "p@1": 0.0,
    "r@1": 0.0,
    "ndcg@1": 0.0,
    "p@5": 0.2,
    "r@5": 1.0,
    "ndcg@5": 0.5,
    "p@10": 0.1,
    "r@10": 1.0,
    "ndcg@10": 0.5
  },
  "retrieved": [
    8037,
    8027,
    8035,
    8034,
    8038,
    1689,
    8039,
    1692,
    8040,
    8042
  ]
}