{
  "qid": 40735,
  "query": "Mức lương của Đạo diễn nghệ thuật hạng III có thể tăng lên bao nhiêu nếu tăng lương cơ sở lên 1.800.000 đồng?",
  "metrics": {
    "mrr": 0.2,
    "map": 0.2,
    "p@1": 0.0,
    "r@1": 0.0,
    "ndcg@1": 0.0,
    "p@5": 0.2,
    "r@5": 1.0,
    "ndcg@5": 0.38685280723454163,
    "p@10": 0.1,
    "r@10": 1.0,
    "ndcg@10": 0.38685280723454163
  },
  "retrieved": [
    8612,
    12588,
    12599,
    13119,
    1536,
    12587,
    6460,
    7726,
    7460,
    8457
  ]
}