{
  "qid": 40839,
  "query": "Trách nhiệm của giảng viên trong việc đổi mới phương pháp giảng dạy được quy định thế nào?",
  "metrics": {
    "mrr": 0.5,
    "map": 0.5,
    "p@1": 0.0,
    "r@1": 0.0,
    "ndcg@1": 0.0,
    "p@5": 0.2,
    "r@5": 1.0,
    "ndcg@5": 0.6309297535714575,
    "p@10": 0.1,
    "r@10": 1.0,
    "ndcg@10": 0.6309297535714575
  },
  "retrieved": [
    1046,
    12813,
    503,
    12815,
    13633,
    533,
    1049,
    502,
    3457,
    3437
  ]
}