{
  "qid": 41001,
  "query": "Lễ đưa tang và xe tang của Lễ tang cấp cao được quy định như thế nào?",
  "metrics": {
    "mrr": 0.3333333333333333,
    "map": 0.3333333333333333,
    "p@1": 0.0,
    "r@1": 0.0,
    "ndcg@1": 0.0,
    "p@5": 0.2,
    "r@5": 1.0,
    "ndcg@5": 0.5,
    "p@10": 0.1,
    "r@10": 1.0,
    "ndcg@10": 0.5
  },
  "retrieved": [
    11803,
    11765,
    11793,
    11767,
    11761,
    11806,
    11776,
    11766,
    11780,
    11804
  ]
}