{
  "qid": 41373,
  "query": "Biên tập viên hạng 1 được áp dụng hệ số lương của viên chức loại mấy?",
  "metrics": {
    "mrr": 0.5,
    "map": 0.5,
    "p@1": 0.0,
    "r@1": 0.0,
    "ndcg@1": 0.0,
    "p@5": 0.2,
    "r@5": 1.0,
    "ndcg@5": 0.6309297535714575,
    "p@10": 0.1,
    "r@10": 1.0,
    "ndcg@10": 0.6309297535714575
  },
  "retrieved": [
    8612,
    1536,
    6460,
    7726,
    8457,
    1537,
    6449,
    6458,
    8458,
    7561
  ]
}