{
  "qid": 41679,
  "query": "Thực hiện phê duyệt nhiệm vụ quy hoạch chi tiết xây dựng điểm dân cư nông thôn theo các nội dung cụ thể gì?",
  "metrics": {
    "mrr": 0.16666666666666666,
    "map": 0.16666666666666666,
    "p@1": 0.0,
    "r@1": 0.0,
    "ndcg@1": 0.0,
    "p@5": 0.0,
    "r@5": 0.0,
    "ndcg@5": 0.0,
    "p@10": 0.1,
    "r@10": 1.0,
    "ndcg@10": 0.3562071871080222
  },
  "retrieved": [
    2418,
    2401,
    2411,
    2412,
    2415,
    2414,
    2416,
    2413,
    2399,
    14406
  ]
}