{
  "qid": 41813,
  "query": "Mức lương của viên chức là diễn viên hạng IV là bao nhiêu?",
  "metrics": {
    "mrr": 0.2,
    "map": 0.2,
    "p@1": 0.0,
    "r@1": 0.0,
    "ndcg@1": 0.0,
    "p@5": 0.2,
    "r@5": 1.0,
    "ndcg@5": 0.38685280723454163,
    "p@10": 0.1,
    "r@10": 1.0,
    "ndcg@10": 0.38685280723454163
  },
  "retrieved": [
    12588,
    12599,
    13119,
    6460,
    1536,
    8457,
    8623,
    14270,
    14249,
    12594
  ]
}