{
  "qid": 42181,
  "query": "Cách xác định hệ số lương giáo viên mầm non hạng 4 hiện nay được thực hiện như thế nào theo quy định hiện hành?",
  "metrics": {
    "mrr": 0.16666666666666666,
    "map": 0.16666666666666666,
    "p@1": 0.0,
    "r@1": 0.0,
    "ndcg@1": 0.0,
    "p@5": 0.0,
    "r@5": 0.0,
    "ndcg@5": 0.0,
    "p@10": 0.1,
    "r@10": 1.0,
    "ndcg@10": 0.3562071871080222
  },
  "retrieved": [
    1537,
    7726,
    1535,
    1530,
    1532,
    1536,
    6460,
    8612,
    8457,
    11935
  ]
}