{
  "qid": 42730,
  "query": "Việc xếp lương đối với viên chức chuyên ngành cảng vụ hàng không được thực hiện như thế nào?",
  "metrics": {
    "mrr": 0.16666666666666666,
    "map": 0.16666666666666666,
    "p@1": 0.0,
    "r@1": 0.0,
    "ndcg@1": 0.0,
    "p@5": 0.0,
    "r@5": 0.0,
    "ndcg@5": 0.0,
    "p@10": 0.1,
    "r@10": 1.0,
    "ndcg@10": 0.3562071871080222
  },
  "retrieved": [
    8457,
    6458,
    6460,
    6463,
    7787,
    1536,
    14249,
    5932,
    8458,
    7457
  ]
}