{
  "qid": 42847,
  "query": "Khi khiếu nại bồi thường nhầm loại đất quyền và nghĩa vụ của người khiếu nại quy định ra sao?",
  "metrics": {
    "mrr": 0.1111111111111111,
    "map": 0.1111111111111111,
    "p@1": 0.0,
    "r@1": 0.0,
    "ndcg@1": 0.0,
    "p@5": 0.0,
    "r@5": 0.0,
    "ndcg@5": 0.0,
    "p@10": 0.1,
    "r@10": 1.0,
    "ndcg@10": 0.3010299956639812
  },
  "retrieved": [
    12705,
    1714,
    12706,
    1713,
    10940,
    10941,
    1740,
    1756,
    1712,
    1499
  ]
}