{
  "qid": 42855,
  "query": "Đôn đốc công tác bồi thường nhà nước được thực hiện dựa trên những căn cứ nào?",
  "metrics": {
    "mrr": 0.25,
    "map": 0.25,
    "p@1": 0.0,
    "r@1": 0.0,
    "ndcg@1": 0.0,
    "p@5": 0.2,
    "r@5": 1.0,
    "ndcg@5": 0.43067655807339306,
    "p@10": 0.1,
    "r@10": 1.0,
    "ndcg@10": 0.43067655807339306
  },
  "retrieved": [
    8894,
    8892,
    8890,
    8891,
    8878,
    12765,
    8886,
    215,
    8895,
    574
  ]
}