{
  "qid": 42969,
  "query": "Cá nhân đạt tiêu chuẩn danh hiệu lao động tiên tiến thì có được xét tặng danh hiệu chiến sĩ thi đua cơ sở hay không?",
  "metrics": {
    "mrr": 0.25,
    "map": 0.25,
    "p@1": 0.0,
    "r@1": 0.0,
    "ndcg@1": 0.0,
    "p@5": 0.2,
    "r@5": 1.0,
    "ndcg@5": 0.43067655807339306,
    "p@10": 0.1,
    "r@10": 1.0,
    "ndcg@10": 0.43067655807339306
  },
  "retrieved": [
    7852,
    3477,
    2087,
    8843,
    5591,
    1330,
    1143,
    1156,
    8862,
    1331
  ]
}