{
  "qid": 43106,
  "query": "Doanh nghiệp ủy quyền việc xuất khẩu cho bên gia công hàng hóa thì trách nhiệm khai hải quan do ai thực hiện?",
  "metrics": {
    "mrr": 0.14285714285714285,
    "map": 0.14285714285714285,
    "p@1": 0.0,
    "r@1": 0.0,
    "ndcg@1": 0.0,
    "p@5": 0.0,
    "r@5": 0.0,
    "ndcg@5": 0.0,
    "p@10": 0.1,
    "r@10": 1.0,
    "ndcg@10": 0.3333333333333333
  },
  "retrieved": [
    8354,
    8344,
    8332,
    11469,
    471,
    8357,
    8312,
    8342,
    8351,
    8343
  ]
}