{
  "qid": 433,
  "query": "Doanh nghiệp kinh doanh casino có được phép tổ chức kinh doanh casino tại nhiều địa điểm không?",
  "metrics": {
    "mrr": 0.2,
    "map": 0.2,
    "p@1": 0.0,
    "r@1": 0.0,
    "ndcg@1": 0.0,
    "p@5": 0.2,
    "r@5": 1.0,
    "ndcg@5": 0.38685280723454163,
    "p@10": 0.1,
    "r@10": 1.0,
    "ndcg@10": 0.38685280723454163
  },
  "retrieved": [
    3308,
    3273,
    3248,
    3283,
    3251,
    3258,
    11313,
    3260,
    3267,
    11311
  ]
}