{
  "qid": 43383,
  "query": "Xe được quyền ưu tiên lắp đặt thiết bị phát tín hiệu ưu tiên sai quy định thì có bị buộc tháo bỏ hay không?",
  "metrics": {
    "mrr": 0.5,
    "map": 0.5,
    "p@1": 0.0,
    "r@1": 0.0,
    "ndcg@1": 0.0,
    "p@5": 0.2,
    "r@5": 1.0,
    "ndcg@5": 0.6309297535714575,
    "p@10": 0.1,
    "r@10": 1.0,
    "ndcg@10": 0.6309297535714575
  },
  "retrieved": [
    3972,
    3969,
    12305,
    12320,
    3967,
    12318,
    12317,
    3968,
    3970,
    12322
  ]
}