{
  "qid": 43522,
  "query": "Thanh tra Sở Lao động Thương binh và Xã hội tỉnh có chức năng gì?",
  "metrics": {
    "mrr": 0.5,
    "map": 0.5,
    "p@1": 0.0,
    "r@1": 0.0,
    "ndcg@1": 0.0,
    "p@5": 0.2,
    "r@5": 1.0,
    "ndcg@5": 0.6309297535714575,
    "p@10": 0.1,
    "r@10": 1.0,
    "ndcg@10": 0.6309297535714575
  },
  "retrieved": [
    13372,
    13376,
    13393,
    13401,
    13392,
    13390,
    13396,
    9336,
    13397,
    13373
  ]
}