{
  "qid": 43806,
  "query": "Tờ hướng dẫn sử dụng thuốc bao gồm những nội dung nào?",
  "metrics": {
    "mrr": 0.5,
    "map": 0.5,
    "p@1": 0.0,
    "r@1": 0.0,
    "ndcg@1": 0.0,
    "p@5": 0.2,
    "r@5": 1.0,
    "ndcg@5": 0.6309297535714575,
    "p@10": 0.1,
    "r@10": 1.0,
    "ndcg@10": 0.6309297535714575
  },
  "retrieved": [
    1095,
    1102,
    1128,
    1103,
    1125,
    1094,
    1105,
    1093,
    1127,
    7618
  ]
}