{
  "qid": 43879,
  "query": "Phòng giao dịch của tổ chức tài chính vi mô chấm dứt hoạt động, giải thể trong những trường hợp nào?",
  "metrics": {
    "mrr": 0.25,
    "map": 0.25,
    "p@1": 0.0,
    "r@1": 0.0,
    "ndcg@1": 0.0,
    "p@5": 0.2,
    "r@5": 1.0,
    "ndcg@5": 0.43067655807339306,
    "p@10": 0.1,
    "r@10": 1.0,
    "ndcg@10": 0.43067655807339306
  },
  "retrieved": [
    10095,
    10099,
    10087,
    10082,
    10084,
    10083,
    10085,
    10097,
    10096,
    10061
  ]
}