{
  "qid": 43954,
  "query": "Nội dung của quyết định điều tra có bao gồm lý do ra quyết định đình chỉ điều tra hay không?",
  "metrics": {
    "mrr": 0.16666666666666666,
    "map": 0.16666666666666666,
    "p@1": 0.0,
    "r@1": 0.0,
    "ndcg@1": 0.0,
    "p@5": 0.0,
    "r@5": 0.0,
    "ndcg@5": 0.0,
    "p@10": 0.1,
    "r@10": 1.0,
    "ndcg@10": 0.3562071871080222
  },
  "retrieved": [
    10707,
    10723,
    10712,
    10709,
    10911,
    10711,
    10706,
    10713,
    12728,
    10625
  ]
}