{
  "qid": 43968,
  "query": "Ngoài dữ liệu không gian đất đai nền thì còn cần những tài liệu nào để xây dựng dữ liệu không gian địa chính?",
  "metrics": {
    "mrr": 0.3333333333333333,
    "map": 0.3333333333333333,
    "p@1": 0.0,
    "r@1": 0.0,
    "ndcg@1": 0.0,
    "p@5": 0.2,
    "r@5": 1.0,
    "ndcg@5": 0.5,
    "p@10": 0.1,
    "r@10": 1.0,
    "ndcg@10": 0.5
  },
  "retrieved": [
    5405,
    5414,
    5404,
    5406,
    5421,
    5422,
    5432,
    5429,
    5456,
    5408
  ]
}