{
  "qid": 44114,
  "query": "Những cơ quan nào có trách nhiệm cung cấp thông tin lý lịch tư pháp cho cơ quan quản lý cơ sở dữ liệu lý lịch tư pháp?",
  "metrics": {
    "mrr": 0.5,
    "map": 0.5,
    "p@1": 0.0,
    "r@1": 0.0,
    "ndcg@1": 0.0,
    "p@5": 0.2,
    "r@5": 1.0,
    "ndcg@5": 0.6309297535714575,
    "p@10": 0.1,
    "r@10": 1.0,
    "ndcg@10": 0.6309297535714575
  },
  "retrieved": [
    6085,
    13467,
    6083,
    13464,
    6111,
    3997,
    6116,
    13471,
    6112,
    6096
  ]
}