{
  "qid": 44290,
  "query": "Thời lượng chương trình đào tạo để lấy chứng chỉ đào tạo đấu thầu cơ bản là bao lâu?",
  "metrics": {
    "mrr": 0.5,
    "map": 0.5,
    "p@1": 0.0,
    "r@1": 0.0,
    "ndcg@1": 0.0,
    "p@5": 0.2,
    "r@5": 1.0,
    "ndcg@5": 0.6309297535714575,
    "p@10": 0.1,
    "r@10": 1.0,
    "ndcg@10": 0.6309297535714575
  },
  "retrieved": [
    4509,
    4507,
    4504,
    4510,
    4511,
    4519,
    4505,
    4523,
    12960,
    4508
  ]
}