{
  "qid": 44605,
  "query": "Ai là người có quyền quyết định thay đổi Thẩm phán trong tiến hành tố tụng hình sự?",
  "metrics": {
    "mrr": 0.1111111111111111,
    "map": 0.1111111111111111,
    "p@1": 0.0,
    "r@1": 0.0,
    "ndcg@1": 0.0,
    "p@5": 0.0,
    "r@5": 0.0,
    "ndcg@5": 0.0,
    "p@10": 0.1,
    "r@10": 1.0,
    "ndcg@10": 0.3010299956639812
  },
  "retrieved": [
    1933,
    1934,
    10518,
    10694,
    10896,
    12701,
    12747,
    10521,
    10530,
    10522
  ]
}