{
  "qid": 44720,
  "query": "Người tiếp công dân trong ngành Kiểm sát nhân dân tiếp nhận nội dung kiến nghị như thế nào?",
  "metrics": {
    "mrr": 0.25,
    "map": 0.25,
    "p@1": 0.0,
    "r@1": 0.0,
    "ndcg@1": 0.0,
    "p@5": 0.2,
    "r@5": 1.0,
    "ndcg@5": 0.43067655807339306,
    "p@10": 0.1,
    "r@10": 1.0,
    "ndcg@10": 0.43067655807339306
  },
  "retrieved": [
    1505,
    1675,
    1762,
    6241,
    6245,
    3180,
    6242,
    3170,
    6215,
    635
  ]
}