{
  "qid": 44870,
  "query": "Sĩ quan quân đội trúng tuyển trong kỳ thi tuyển công chức cấp trung ương cần đạt bao nhiêu điểm ở vòng 2?",
  "metrics": {
    "mrr": 0.25,
    "map": 0.25,
    "p@1": 0.0,
    "r@1": 0.0,
    "ndcg@1": 0.0,
    "p@5": 0.2,
    "r@5": 1.0,
    "ndcg@5": 0.43067655807339306,
    "p@10": 0.1,
    "r@10": 1.0,
    "ndcg@10": 0.43067655807339306
  },
  "retrieved": [
    2372,
    14213,
    2374,
    14217,
    2375,
    14249,
    2367,
    2363,
    14216,
    14224
  ]
}