{
  "qid": 45847,
  "query": "Trường hợp nhà của người có công với cách mạng trước đây đã được hỗ trợ theo các chính sách khác thì có được hỗ trợ nữa hay không?",
  "metrics": {
    "mrr": 0.5,
    "map": 0.5,
    "p@1": 0.0,
    "r@1": 0.0,
    "ndcg@1": 0.0,
    "p@5": 0.2,
    "r@5": 1.0,
    "ndcg@5": 0.6309297535714575,
    "p@10": 0.1,
    "r@10": 1.0,
    "ndcg@10": 0.6309297535714575
  },
  "retrieved": [
    13388,
    9349,
    14394,
    11057,
    11054,
    9351,
    11040,
    11059,
    2574,
    1216
  ]
}