{
  "qid": 46191,
  "query": "Cán bộ có những hành vi như thế nào sẽ bị xem xét xử lý kỷ luật?",
  "metrics": {
    "mrr": 0.3333333333333333,
    "map": 0.3333333333333333,
    "p@1": 0.0,
    "r@1": 0.0,
    "ndcg@1": 0.0,
    "p@5": 0.2,
    "r@5": 1.0,
    "ndcg@5": 0.5,
    "p@10": 0.1,
    "r@10": 1.0,
    "ndcg@10": 0.5
  },
  "retrieved": [
    13778,
    13744,
    13746,
    13779,
    1702,
    13742,
    13749,
    13761,
    1747,
    13745
  ]
}