{
  "qid": 46285,
  "query": "Người lao động đóng trên 20 năm bảo hiểm xã hội có thể hưởng bảo hiểm xã hội một lần không?",
  "metrics": {
    "mrr": 0.3333333333333333,
    "map": 0.3333333333333333,
    "p@1": 0.0,
    "r@1": 0.0,
    "ndcg@1": 0.0,
    "p@5": 0.2,
    "r@5": 1.0,
    "ndcg@5": 0.5,
    "p@10": 0.1,
    "r@10": 1.0,
    "ndcg@10": 0.5
  },
  "retrieved": [
    14097,
    795,
    14094,
    11854,
    14092,
    11852,
    799,
    11859,
    14095,
    14109
  ]
}