{
  "qid": 46345,
  "query": "Khi xét khen thưởng sẽ ưu tiên nữ hơn nam?",
  "metrics": {
    "mrr": 0.25,
    "map": 0.25,
    "p@1": 0.0,
    "r@1": 0.0,
    "ndcg@1": 0.0,
    "p@5": 0.2,
    "r@5": 1.0,
    "ndcg@5": 0.43067655807339306,
    "p@10": 0.1,
    "r@10": 1.0,
    "ndcg@10": 0.43067655807339306
  },
  "retrieved": [
    6665,
    3889,
    5585,
    7682,
    10015,
    1134,
    3471,
    6664,
    7853,
    6282
  ]
}