{
  "qid": 46356,
  "query": "Để được công nhận tiến bộ kỹ thuật về sản phẩm nông nghiệp cần đáp ứng những tiêu chí nào?",
  "metrics": {
    "mrr": 0.5,
    "map": 0.5,
    "p@1": 0.0,
    "r@1": 0.0,
    "ndcg@1": 0.0,
    "p@5": 0.2,
    "r@5": 1.0,
    "ndcg@5": 0.6309297535714575,
    "p@10": 0.1,
    "r@10": 1.0,
    "ndcg@10": 0.6309297535714575
  },
  "retrieved": [
    4377,
    4380,
    7543,
    4385,
    4381,
    6790,
    6201,
    14320,
    8743,
    4387
  ]
}