{
  "qid": 46471,
  "query": "Danh mục hàng hóa xuất nhập khẩu Việt Nam cung cấp những thông tin gì của hàng hóa?",
  "metrics": {
    "mrr": 0.16666666666666666,
    "map": 0.16666666666666666,
    "p@1": 0.0,
    "r@1": 0.0,
    "ndcg@1": 0.0,
    "p@5": 0.0,
    "r@5": 0.0,
    "ndcg@5": 0.0,
    "p@10": 0.1,
    "r@10": 1.0,
    "ndcg@10": 0.3562071871080222
  },
  "retrieved": [
    9938,
    11469,
    12861,
    8325,
    8326,
    8324,
    8323,
    12879,
    12897,
    8391
  ]
}