{
  "qid": 47095,
  "query": "Kiểm sát viên có thể trực tiếp lập hồ sơ giải quyết nguồn tin về tội phạm không?",
  "metrics": {
    "mrr": 0.5,
    "map": 0.5,
    "p@1": 0.0,
    "r@1": 0.0,
    "ndcg@1": 0.0,
    "p@5": 0.2,
    "r@5": 1.0,
    "ndcg@5": 0.6309297535714575,
    "p@10": 0.1,
    "r@10": 1.0,
    "ndcg@10": 0.6309297535714575
  },
  "retrieved": [
    10520,
    10519,
    10791,
    996,
    10678,
    10637,
    10803,
    10518,
    10623,
    999
  ]
}