{
  "qid": 47153,
  "query": "Khi mở sổ, ghi sổ, khóa sổ và lưu trữ sổ kế toán thì doanh nghiệp siêu nhỏ phải thực hiện theo những quy định nào?",
  "metrics": {
    "mrr": 0.3333333333333333,
    "map": 0.3333333333333333,
    "p@1": 0.0,
    "r@1": 0.0,
    "ndcg@1": 0.0,
    "p@5": 0.2,
    "r@5": 1.0,
    "ndcg@5": 0.5,
    "p@10": 0.1,
    "r@10": 1.0,
    "ndcg@10": 0.5
  },
  "retrieved": [
    5827,
    5869,
    2870,
    2868,
    12083,
    1632,
    9147,
    5826,
    1631,
    13739
  ]
}