{
  "qid": 47456,
  "query": "Để tránh việc bán phá giá thì việc xác định giá xuất khẩu hàng hóa được thực hiện bằng phương pháp nào?",
  "metrics": {
    "mrr": 0.1111111111111111,
    "map": 0.1111111111111111,
    "p@1": 0.0,
    "r@1": 0.0,
    "ndcg@1": 0.0,
    "p@5": 0.0,
    "r@5": 0.0,
    "ndcg@5": 0.0,
    "p@10": 0.1,
    "r@10": 1.0,
    "ndcg@10": 0.3010299956639812
  },
  "retrieved": [
    12867,
    5300,
    5303,
    12871,
    12875,
    12866,
    12863,
    12912,
    12865,
    12882
  ]
}