{
  "qid": 47711,
  "query": "Có được áp dụng biện pháp tạm giam đối với phụ nữ đang mang thai hoặc đang nuôi con nhỏ hay không?",
  "metrics": {
    "mrr": 0.3333333333333333,
    "map": 0.3333333333333333,
    "p@1": 0.0,
    "r@1": 0.0,
    "ndcg@1": 0.0,
    "p@5": 0.2,
    "r@5": 1.0,
    "ndcg@5": 0.5,
    "p@10": 0.1,
    "r@10": 1.0,
    "ndcg@10": 0.5
  },
  "retrieved": [
    11568,
    14592,
    10596,
    13743,
    1112,
    12760,
    7141,
    6703,
    10824,
    10755
  ]
}