{
  "qid": 47907,
  "query": "Trang phục của lực lượng bảo vệ doanh nghiệp phải đáp ứng yêu cầu nào?",
  "metrics": {
    "mrr": 0.25,
    "map": 0.25,
    "p@1": 0.0,
    "r@1": 0.0,
    "ndcg@1": 0.0,
    "p@5": 0.2,
    "r@5": 1.0,
    "ndcg@5": 0.43067655807339306,
    "p@10": 0.1,
    "r@10": 1.0,
    "ndcg@10": 0.43067655807339306
  },
  "retrieved": [
    8497,
    6070,
    6077,
    8486,
    8484,
    8498,
    8496,
    8729,
    8487,
    1222
  ]
}