{
  "qid": 48099,
  "query": "Căn cứ vào đâu để tổ chức chức thi hoặc xét thăng hạng chức danh nghề nghiệp giáo viên mầm non?",
  "metrics": {
    "mrr": 0.3333333333333333,
    "map": 0.3333333333333333,
    "p@1": 0.0,
    "r@1": 0.0,
    "ndcg@1": 0.0,
    "p@5": 0.2,
    "r@5": 1.0,
    "ndcg@5": 0.5,
    "p@10": 0.1,
    "r@10": 1.0,
    "ndcg@10": 0.5
  },
  "retrieved": [
    1535,
    1532,
    14238,
    1537,
    8733,
    3872,
    14244,
    14241,
    14242,
    1530
  ]
}