{
  "qid": 48530,
  "query": "Chủ tịch Ủy ban nhân dân cấp tỉnh có quyền xử phạt cơ sở khảo nghiệm thức ăn chăn nuôi công bố kết quả khảo nghiệm không trung thực không?",
  "metrics": {
    "mrr": 0.25,
    "map": 0.25,
    "p@1": 0.0,
    "r@1": 0.0,
    "ndcg@1": 0.0,
    "p@5": 0.2,
    "r@5": 1.0,
    "ndcg@5": 0.43067655807339306,
    "p@10": 0.1,
    "r@10": 1.0,
    "ndcg@10": 0.43067655807339306
  },
  "retrieved": [
    12255,
    12286,
    12279,
    4637,
    4541,
    12259,
    12289,
    12257,
    8472,
    8471
  ]
}