{
  "qid": 48959,
  "query": "Việc tổ chức thực hiện bồi dưỡng bắt buộc về chuyên môn, nghiệp vụ của luật sư phải đảm bảo những nội dung nào?",
  "metrics": {
    "mrr": 1.0,
    "map": 0.5,
    "p@1": 1.0,
    "r@1": 0.5,
    "ndcg@1": 1.0,
    "p@5": 0.2,
    "r@5": 0.5,
    "ndcg@5": 0.6131471927654584,
    "p@10": 0.1,
    "r@10": 0.5,
    "ndcg@10": 0.6131471927654584
  },
  "retrieved": [
    2644,
    2642,
    2655,
    2646,
    2645,
    2656,
    2661,
    2652,
    2650,
    2651
  ]
}