{
  "qid": 48957,
  "query": "Tổ chức nào thực hiện bồi dưỡng bắt buộc về chuyên môn, nghiệp vụ của luật sư?",
  "metrics": {
    "mrr": 0.14285714285714285,
    "map": 0.14285714285714285,
    "p@1": 0.0,
    "r@1": 0.0,
    "ndcg@1": 0.0,
    "p@5": 0.0,
    "r@5": 0.0,
    "ndcg@5": 0.0,
    "p@10": 0.1,
    "r@10": 1.0,
    "ndcg@10": 0.3333333333333333
  },
  "retrieved": [
    2644,
    2642,
    2656,
    2655,
    2646,
    2661,
    2645,
    2652,
    2650,
    2651
  ]
}