{
  "qid": 49812,
  "query": "Cơ sở đào tạo về đấu thầu tổ chức khóa đào tạo dựa trên những cơ sở nào?",
  "metrics": {
    "mrr": 0.5,
    "map": 0.25,
    "p@1": 0.0,
    "r@1": 0.0,
    "ndcg@1": 0.0,
    "p@5": 0.2,
    "r@5": 0.5,
    "ndcg@5": 0.38685280723454163,
    "p@10": 0.1,
    "r@10": 0.5,
    "ndcg@10": 0.38685280723454163
  },
  "retrieved": [
    4509,
    4507,
    4505,
    4519,
    14382,
    4504,
    4111,
    4109,
    4113,
    4511
  ]
}