{
  "qid": 49887,
  "query": "Giáo viên tiểu học được tuyển dụng yêu cầu trình độ đào tạo đại học thì thời gian tập sự là bao lâu?",
  "metrics": {
    "mrr": 0.2,
    "map": 0.2,
    "p@1": 0.0,
    "r@1": 0.0,
    "ndcg@1": 0.0,
    "p@5": 0.2,
    "r@5": 1.0,
    "ndcg@5": 0.38685280723454163,
    "p@10": 0.1,
    "r@10": 1.0,
    "ndcg@10": 0.38685280723454163
  },
  "retrieved": [
    1538,
    14380,
    1537,
    2820,
    14228,
    2817,
    1844,
    14230,
    2814,
    14382
  ]
}