{
  "qid": 49996,
  "query": "Khi tổ chức cứu hộ trên đường cao tốc thì yêu cầu cứu hộ phải có những nội dung nào?",
  "metrics": {
    "mrr": 0.5,
    "map": 0.5,
    "p@1": 0.0,
    "r@1": 0.0,
    "ndcg@1": 0.0,
    "p@5": 0.2,
    "r@5": 1.0,
    "ndcg@5": 0.6309297535714575,
    "p@10": 0.1,
    "r@10": 1.0,
    "ndcg@10": 0.6309297535714575
  },
  "retrieved": [
    8446,
    8448,
    8450,
    8449,
    8445,
    8444,
    8447,
    8451,
    8727,
    8724
  ]
}