{
  "qid": 50065,
  "query": "Chi phí đền bù và cách tính chi phí đền bù đối với đào tạo viên chức được quy định như thế nào?",
  "metrics": {
    "mrr": 0.5,
    "map": 0.5,
    "p@1": 0.0,
    "r@1": 0.0,
    "ndcg@1": 0.0,
    "p@5": 0.2,
    "r@5": 1.0,
    "ndcg@5": 0.6309297535714575,
    "p@10": 0.1,
    "r@10": 1.0,
    "ndcg@10": 0.6309297535714575
  },
  "retrieved": [
    10984,
    10985,
    10989,
    10986,
    10987,
    10991,
    10990,
    11015,
    10988,
    1056
  ]
}