{
  "qid": 50632,
  "query": "Bảo hiểm tai nạn bắt buộc trong hoạt động xây dựng được áp dụng cho những đối tượng nào?",
  "metrics": {
    "mrr": 0.1111111111111111,
    "map": 0.1111111111111111,
    "p@1": 0.0,
    "r@1": 0.0,
    "ndcg@1": 0.0,
    "p@5": 0.0,
    "r@5": 0.0,
    "ndcg@5": 0.0,
    "p@10": 0.1,
    "r@10": 1.0,
    "ndcg@10": 0.3010299956639812
  },
  "retrieved": [
    14794,
    11428,
    4180,
    14793,
    11446,
    11442,
    11438,
    14803,
    14795,
    14792
  ]
}