{
  "qid": 50975,
  "query": "Tiêu chuẩn bổ nhiệm thừa phát lại là gì?",
  "metrics": {
    "mrr": 0.3333333333333333,
    "map": 0.3333333333333333,
    "p@1": 0.0,
    "r@1": 0.0,
    "ndcg@1": 0.0,
    "p@5": 0.2,
    "r@5": 1.0,
    "ndcg@5": 0.5,
    "p@10": 0.1,
    "r@10": 1.0,
    "ndcg@10": 0.5
  },
  "retrieved": [
    8940,
    8936,
    8932,
    8939,
    8928,
    9000,
    8957,
    8992,
    8941,
    8947
  ]
}