{
  "qid": 51632,
  "query": "Nộp xuất bản phẩm cho Thư viện Quốc gia Việt Nam không đúng thời hạn thì nhà xuất bản bị xử phạt thế nào?",
  "metrics": {
    "mrr": 0.5,
    "map": 0.5,
    "p@1": 0.0,
    "r@1": 0.0,
    "ndcg@1": 0.0,
    "p@5": 0.2,
    "r@5": 1.0,
    "ndcg@5": 0.6309297535714575,
    "p@10": 0.1,
    "r@10": 1.0,
    "ndcg@10": 0.6309297535714575
  },
  "retrieved": [
    1463,
    14927,
    14904,
    14923,
    14928,
    7733,
    7737,
    14903,
    1475,
    7736
  ]
}