{
  "qid": 51670,
  "query": "Chế độ giảm định mức tiết dạy đối với giáo viên THCS làm chủ tịch công đoàn thế nào?",
  "metrics": {
    "mrr": 0.5,
    "map": 0.5,
    "p@1": 0.0,
    "r@1": 0.0,
    "ndcg@1": 0.0,
    "p@5": 0.2,
    "r@5": 1.0,
    "ndcg@5": 0.6309297535714575,
    "p@10": 0.1,
    "r@10": 1.0,
    "ndcg@10": 0.6309297535714575
  },
  "retrieved": [
    8499,
    8501,
    8502,
    8500,
    7148,
    8503,
    7147,
    14287,
    6360,
    7318
  ]
}