{
  "qid": 51799,
  "query": "Chứng chỉ kế toán trưởng có thay thế chứng chỉ bồi dưỡng được không?",
  "metrics": {
    "mrr": 0.3333333333333333,
    "map": 0.3333333333333333,
    "p@1": 0.0,
    "r@1": 0.0,
    "ndcg@1": 0.0,
    "p@5": 0.2,
    "r@5": 1.0,
    "ndcg@5": 0.5,
    "p@10": 0.1,
    "r@10": 1.0,
    "ndcg@10": 0.5
  },
  "retrieved": [
    11003,
    4395,
    2896,
    2893,
    1036,
    6008,
    3313,
    2252,
    1039,
    6001
  ]
}