{
  "qid": 51921,
  "query": "Điều kiện để được hưởng chế độ ốm đau là gì?",
  "metrics": {
    "mrr": 0.2,
    "map": 0.2,
    "p@1": 0.0,
    "r@1": 0.0,
    "ndcg@1": 0.0,
    "p@5": 0.2,
    "r@5": 1.0,
    "ndcg@5": 0.38685280723454163,
    "p@10": 0.1,
    "r@10": 1.0,
    "ndcg@10": 0.38685280723454163
  },
  "retrieved": [
    11848,
    11846,
    14108,
    11847,
    11845,
    2573,
    13880,
    9253,
    14089,
    14090
  ]
}