{
  "qid": 51936,
  "query": "Ngôn ngữ hợp pháp hóa lãnh sự có bắt buộc là tiếng Anh không?",
  "metrics": {
    "mrr": 0.5,
    "map": 0.5,
    "p@1": 0.0,
    "r@1": 0.0,
    "ndcg@1": 0.0,
    "p@5": 0.2,
    "r@5": 1.0,
    "ndcg@5": 0.6309297535714575,
    "p@10": 0.1,
    "r@10": 1.0,
    "ndcg@10": 0.6309297535714575
  },
  "retrieved": [
    13498,
    146,
    8300,
    5707,
    13505,
    153,
    1415,
    1412,
    7754,
    5705
  ]
}