{
  "qid": 51932,
  "query": "Trường hợp nào có quyền hủy bỏ hợp đồng dịch vụ đấu giá biển số xe ô tô?",
  "metrics": {
    "mrr": 0.5,
    "map": 0.5,
    "p@1": 0.0,
    "r@1": 0.0,
    "ndcg@1": 0.0,
    "p@5": 0.2,
    "r@5": 1.0,
    "ndcg@5": 0.6309297535714575,
    "p@10": 0.1,
    "r@10": 1.0,
    "ndcg@10": 0.6309297535714575
  },
  "retrieved": [
    759,
    720,
    13139,
    734,
    10326,
    711,
    13148,
    4471,
    13129,
    4464
  ]
}