{
  "qid": 5194,
  "query": "Cơ quan điều tra có quyền quyết định khởi tố đối với những vụ án hình sự nào?",
  "metrics": {
    "mrr": 0.14285714285714285,
    "map": 0.14285714285714285,
    "p@1": 0.0,
    "r@1": 0.0,
    "ndcg@1": 0.0,
    "p@5": 0.0,
    "r@5": 0.0,
    "ndcg@5": 0.0,
    "p@10": 0.1,
    "r@10": 1.0,
    "ndcg@10": 0.3333333333333333
  },
  "retrieved": [
    10638,
    3569,
    10633,
    10636,
    10641,
    10631,
    10630,
    10642,
    10513,
    995
  ]
}