{
  "qid": 52207,
  "query": "Thanh tra viên chuyên ngành hàng hải được quyền xử phạt thuyền trưởng yêu cầu thay thế hoa tiêu mà không có lý do chính đáng không?",
  "metrics": {
    "mrr": 0.16666666666666666,
    "map": 0.16666666666666666,
    "p@1": 0.0,
    "r@1": 0.0,
    "ndcg@1": 0.0,
    "p@5": 0.0,
    "r@5": 0.0,
    "ndcg@5": 0.0,
    "p@10": 0.1,
    "r@10": 1.0,
    "ndcg@10": 0.3562071871080222
  },
  "retrieved": [
    9089,
    13074,
    7674,
    7663,
    11626,
    4637,
    3782,
    11621,
    7032,
    11615
  ]
}