{
  "qid": 52344,
  "query": "Những loại hàng hóa nào không được gửi vào kho ngoại quan?",
  "metrics": {
    "mrr": 0.2,
    "map": 0.2,
    "p@1": 0.0,
    "r@1": 0.0,
    "ndcg@1": 0.0,
    "p@5": 0.2,
    "r@5": 1.0,
    "ndcg@5": 0.38685280723454163,
    "p@10": 0.1,
    "r@10": 1.0,
    "ndcg@10": 0.38685280723454163
  },
  "retrieved": [
    8391,
    8395,
    8390,
    8394,
    8392,
    8393,
    8389,
    5286,
    5285,
    11998
  ]
}