{
  "qid": 52520,
  "query": "Đối tượng nào được tham gia vào công tác thi đua của Tòa án nhân dân?",
  "metrics": {
    "mrr": 0.16666666666666666,
    "map": 0.16666666666666666,
    "p@1": 0.0,
    "r@1": 0.0,
    "ndcg@1": 0.0,
    "p@5": 0.0,
    "r@5": 0.0,
    "ndcg@5": 0.0,
    "p@10": 0.1,
    "r@10": 1.0,
    "ndcg@10": 0.3562071871080222
  },
  "retrieved": [
    1130,
    1149,
    1164,
    1148,
    1166,
    1131,
    1156,
    1136,
    1173,
    1135
  ]
}