{
  "qid": 52683,
  "query": "Người bán rượu bia cho người chưa đủ 18 tuổi thì có bị xử phạt hay không?",
  "metrics": {
    "mrr": 0.14285714285714285,
    "map": 0.07142857142857142,
    "p@1": 0.0,
    "r@1": 0.0,
    "ndcg@1": 0.0,
    "p@5": 0.0,
    "r@5": 0.0,
    "ndcg@5": 0.0,
    "p@10": 0.1,
    "r@10": 0.5,
    "ndcg@10": 0.20438239758848611
  },
  "retrieved": [
    14571,
    14204,
    14850,
    4544,
    14567,
    12025,
    14572,
    11100,
    14653,
    14828
  ]
}