{
  "qid": 52973,
  "query": "Trình tự, thủ tục điều tra vụ việc phòng vệ thương mại tại Việt Nam được quy định như thế nào?",
  "metrics": {
    "mrr": 0.2,
    "map": 0.2,
    "p@1": 0.0,
    "r@1": 0.0,
    "ndcg@1": 0.0,
    "p@5": 0.2,
    "r@5": 1.0,
    "ndcg@5": 0.38685280723454163,
    "p@10": 0.1,
    "r@10": 1.0,
    "ndcg@10": 0.38685280723454163
  },
  "retrieved": [
    12848,
    5290,
    5296,
    12856,
    5293,
    12861,
    12850,
    12928,
    12940,
    12938
  ]
}