{
  "qid": 53263,
  "query": "Người lao động bị tai nạn trên đường đi làm thì công ty có trách nhiệm như thế nào?",
  "metrics": {
    "mrr": 0.3333333333333333,
    "map": 0.3333333333333333,
    "p@1": 0.0,
    "r@1": 0.0,
    "ndcg@1": 0.0,
    "p@5": 0.2,
    "r@5": 1.0,
    "ndcg@5": 0.5,
    "p@10": 0.1,
    "r@10": 1.0,
    "ndcg@10": 0.5
  },
  "retrieved": [
    2573,
    4179,
    4180,
    4186,
    4372,
    11845,
    10304,
    14107,
    11866,
    4178
  ]
}