{
  "qid": 53355,
  "query": "Thẩm quyền lập và giá trị của vi bằng được quy định như thế nào?",
  "metrics": {
    "mrr": 0.2,
    "map": 0.2,
    "p@1": 0.0,
    "r@1": 0.0,
    "ndcg@1": 0.0,
    "p@5": 0.2,
    "r@5": 1.0,
    "ndcg@5": 0.38685280723454163,
    "p@10": 0.1,
    "r@10": 1.0,
    "ndcg@10": 0.38685280723454163
  },
  "retrieved": [
    8968,
    5860,
    5858,
    8965,
    8962,
    8966,
    8964,
    5859,
    9415,
    5868
  ]
}