{
  "qid": 53770,
  "query": "Trường hợp nào được vào kho tiền trong ngành Ngân hàng?",
  "metrics": {
    "mrr": 0.25,
    "map": 0.25,
    "p@1": 0.0,
    "r@1": 0.0,
    "ndcg@1": 0.0,
    "p@5": 0.2,
    "r@5": 1.0,
    "ndcg@5": 0.43067655807339306,
    "p@10": 0.1,
    "r@10": 1.0,
    "ndcg@10": 0.43067655807339306
  },
  "retrieved": [
    407,
    379,
    416,
    408,
    413,
    3816,
    392,
    399,
    2230,
    398
  ]
}