{
  "qid": 53808,
  "query": "Quyết định kháng nghị theo thủ tục giám đốc thẩm đối với quyết định của Tòa án trong vụ án hình sự có những nội dung nào?",
  "metrics": {
    "mrr": 0.3333333333333333,
    "map": 0.3333333333333333,
    "p@1": 0.0,
    "r@1": 0.0,
    "ndcg@1": 0.0,
    "p@5": 0.2,
    "r@5": 1.0,
    "ndcg@5": 0.5,
    "p@10": 0.1,
    "r@10": 1.0,
    "ndcg@10": 0.5
  },
  "retrieved": [
    10857,
    10848,
    10855,
    10863,
    10844,
    10504,
    10856,
    10861,
    10521,
    10853
  ]
}