{
  "qid": 54033,
  "query": "Điểm kinh doanh casino phải đáp ứng những điều kiện nào?",
  "metrics": {
    "mrr": 0.1111111111111111,
    "map": 0.1111111111111111,
    "p@1": 0.0,
    "r@1": 0.0,
    "ndcg@1": 0.0,
    "p@5": 0.0,
    "r@5": 0.0,
    "ndcg@5": 0.0,
    "p@10": 0.1,
    "r@10": 1.0,
    "ndcg@10": 0.3010299956639812
  },
  "retrieved": [
    3276,
    3270,
    3283,
    3260,
    3308,
    3277,
    3274,
    3258,
    3251,
    3267
  ]
}