{
  "qid": 54081,
  "query": "Giấy ủy quyền của cá nhân nước ngoài cho cá nhân nước ngoài khác để được công nhận và sử dụng tại Việt Nam có cần được hợp pháp hóa lãnh sự không?",
  "metrics": {
    "mrr": 1.0,
    "map": 0.8055555555555555,
    "p@1": 1.0,
    "r@1": 0.3333333333333333,
    "ndcg@1": 1.0,
    "p@5": 0.6,
    "r@5": 1.0,
    "ndcg@5": 0.9060254355346823,
    "p@10": 0.3,
    "r@10": 1.0,
    "ndcg@10": 0.9060254355346823
  },
  "retrieved": [
    13495,
    7962,
    13493,
    13500,
    13496,
    8300,
    7269,
    13505,
    13498,
    13508
  ]
}