{
  "qid": 54190,
  "query": "Thương nhân xuất khẩu gạo có cần phải có một lượng gạo dự trữ nhất định trong kho trữ gạo của mình hay không?",
  "metrics": {
    "mrr": 0.5,
    "map": 0.5,
    "p@1": 0.0,
    "r@1": 0.0,
    "ndcg@1": 0.0,
    "p@5": 0.2,
    "r@5": 1.0,
    "ndcg@5": 0.6309297535714575,
    "p@10": 0.1,
    "r@10": 1.0,
    "ndcg@10": 0.6309297535714575
  },
  "retrieved": [
    12090,
    12098,
    12101,
    12108,
    12103,
    12091,
    12110,
    12105,
    12099,
    12106
  ]
}