{
  "qid": 54245,
  "query": "Khi nào phải nộp hồ sơ đề nghị chấp thuận chuyển giao công nghệ?",
  "metrics": {
    "mrr": 0.3333333333333333,
    "map": 0.3333333333333333,
    "p@1": 0.0,
    "r@1": 0.0,
    "ndcg@1": 0.0,
    "p@5": 0.2,
    "r@5": 1.0,
    "ndcg@5": 0.5,
    "p@10": 0.1,
    "r@10": 1.0,
    "ndcg@10": 0.5
  },
  "retrieved": [
    7520,
    7521,
    7519,
    9620,
    7523,
    7522,
    7524,
    8273,
    8268,
    8657
  ]
}