{
  "qid": 54261,
  "query": "Nội quy phiên tòa xét xử vụ án hình sự được phổ biến khi nào? Ai là người phổ biến nội quy phiên tòa xét xử vụ án hình sự?",
  "metrics": {
    "mrr": 1.0,
    "map": 0.5,
    "p@1": 1.0,
    "r@1": 0.5,
    "ndcg@1": 1.0,
    "p@5": 0.2,
    "r@5": 0.5,
    "ndcg@5": 0.6131471927654584,
    "p@10": 0.1,
    "r@10": 0.5,
    "ndcg@10": 0.6131471927654584
  },
  "retrieved": [
    10524,
    10935,
    2522,
    2516,
    2518,
    10803,
    10523,
    2520,
    10630,
    10778
  ]
}