{
  "qid": 54278,
  "query": "Xuất nhập khẩu qua cửa khẩu biên giới thì phải đảm bảo nguyên tắc nào?",
  "metrics": {
    "mrr": 0.3333333333333333,
    "map": 0.3333333333333333,
    "p@1": 0.0,
    "r@1": 0.0,
    "ndcg@1": 0.0,
    "p@5": 0.2,
    "r@5": 1.0,
    "ndcg@5": 0.5,
    "p@10": 0.1,
    "r@10": 1.0,
    "ndcg@10": 0.5
  },
  "retrieved": [
    9684,
    9680,
    13697,
    9667,
    13711,
    9678,
    13696,
    9681,
    13713,
    13709
  ]
}