{
  "qid": 5443,
  "query": "Chủ tịch Ủy ban nhân dân cấp tỉnh có quyền xử phạt cơ sở sản xuất không lưu kết quả thử nghiệm thức ăn chăn nuôi không?",
  "metrics": {
    "mrr": 0.5,
    "map": 0.5,
    "p@1": 0.0,
    "r@1": 0.0,
    "ndcg@1": 0.0,
    "p@5": 0.2,
    "r@5": 1.0,
    "ndcg@5": 0.6309297535714575,
    "p@10": 0.1,
    "r@10": 1.0,
    "ndcg@10": 0.6309297535714575
  },
  "retrieved": [
    9661,
    4637,
    4541,
    9658,
    8481,
    2455,
    8472,
    8471,
    8255,
    12285
  ]
}