{
  "qid": 54437,
  "query": "Kỳ thi Chấp hành viên sơ cấp có các hình thức thi nào? Cách chấm điểm bài thi ra sao?",
  "metrics": {
    "mrr": 0.25,
    "map": 0.125,
    "p@1": 0.0,
    "r@1": 0.0,
    "ndcg@1": 0.0,
    "p@5": 0.2,
    "r@5": 0.5,
    "ndcg@5": 0.2640681225725909,
    "p@10": 0.1,
    "r@10": 0.5,
    "ndcg@10": 0.2640681225725909
  },
  "retrieved": [
    2366,
    2373,
    2367,
    2370,
    2372,
    9865,
    9847,
    5944,
    2365,
    9849
  ]
}