{
  "qid": 54939,
  "query": "Quyền và nghĩa vụ của đấu giá viên là gì?",
  "metrics": {
    "mrr": 0.3333333333333333,
    "map": 0.3333333333333333,
    "p@1": 0.0,
    "r@1": 0.0,
    "ndcg@1": 0.0,
    "p@5": 0.2,
    "r@5": 1.0,
    "ndcg@5": 0.5,
    "p@10": 0.1,
    "r@10": 1.0,
    "ndcg@10": 0.5
  },
  "retrieved": [
    6573,
    6576,
    706,
    711,
    6575,
    734,
    708,
    752,
    707,
    750
  ]
}