{
  "qid": 55277,
  "query": "Viện kiểm sát quyết định nhập vụ án hình sự trong giai đoạn truy tố khi nào?",
  "metrics": {
    "mrr": 0.5,
    "map": 0.5,
    "p@1": 0.0,
    "r@1": 0.0,
    "ndcg@1": 0.0,
    "p@5": 0.2,
    "r@5": 1.0,
    "ndcg@5": 0.6309297535714575,
    "p@10": 0.1,
    "r@10": 1.0,
    "ndcg@10": 0.6309297535714575
  },
  "retrieved": [
    10918,
    10719,
    7984,
    10751,
    6686,
    10713,
    10608,
    10929,
    10726,
    10647
  ]
}