{
  "qid": 55331,
  "query": "Mức xử phạt vi phạm hành chính đối với doanh nghiệp kinh doanh casino khi không thành lập Bộ phận kiểm soát nội bộ được quy định thế nào?",
  "metrics": {
    "mrr": 0.5,
    "map": 0.5,
    "p@1": 0.0,
    "r@1": 0.0,
    "ndcg@1": 0.0,
    "p@5": 0.2,
    "r@5": 1.0,
    "ndcg@5": 0.6309297535714575,
    "p@10": 0.1,
    "r@10": 1.0,
    "ndcg@10": 0.6309297535714575
  },
  "retrieved": [
    3264,
    3292,
    3297,
    3271,
    3289,
    3290,
    3306,
    3267,
    3280,
    3291
  ]
}