{
  "qid": 55569,
  "query": "Biên soạn giáo trình đào tạo của trường cao đẳng nghề theo các bước nào?",
  "metrics": {
    "mrr": 0.14285714285714285,
    "map": 0.14285714285714285,
    "p@1": 0.0,
    "r@1": 0.0,
    "ndcg@1": 0.0,
    "p@5": 0.0,
    "r@5": 0.0,
    "ndcg@5": 0.0,
    "p@10": 0.1,
    "r@10": 1.0,
    "ndcg@10": 0.3333333333333333
  },
  "retrieved": [
    3926,
    3348,
    3350,
    3919,
    3349,
    9870,
    3347,
    3920,
    3334,
    492
  ]
}