{
  "qid": 5560,
  "query": "Có thể ủy quyền cho luật sư để khiếu nại đến Bộ tài chính nếu không thể đến trực tiếp trụ sở của Bộ hay không?",
  "metrics": {
    "mrr": 0.3333333333333333,
    "map": 0.3333333333333333,
    "p@1": 0.0,
    "r@1": 0.0,
    "ndcg@1": 0.0,
    "p@5": 0.2,
    "r@5": 1.0,
    "ndcg@5": 0.5,
    "p@10": 0.1,
    "r@10": 1.0,
    "ndcg@10": 0.5
  },
  "retrieved": [
    6220,
    1716,
    1712,
    2652,
    2658,
    2642,
    2655,
    635,
    6483,
    634
  ]
}