{
  "qid": 55739,
  "query": "Học ngành nào để có chứng chỉ hành nghề xét nghiệm?",
  "metrics": {
    "mrr": 0.25,
    "map": 0.25,
    "p@1": 0.0,
    "r@1": 0.0,
    "ndcg@1": 0.0,
    "p@5": 0.2,
    "r@5": 1.0,
    "ndcg@5": 0.43067655807339306,
    "p@10": 0.1,
    "r@10": 1.0,
    "ndcg@10": 0.43067655807339306
  },
  "retrieved": [
    12376,
    13626,
    12371,
    12353,
    12380,
    11144,
    12383,
    12372,
    14466,
    8298
  ]
}