{
  "qid": 55771,
  "query": "Tổ chức thu phí, lệ phí của cảng, bến thủy nội địa thực hiện kê khai, nộp phí, lệ phí theo tháng hay năm?",
  "metrics": {
    "mrr": 0.16666666666666666,
    "map": 0.16666666666666666,
    "p@1": 0.0,
    "r@1": 0.0,
    "ndcg@1": 0.0,
    "p@5": 0.0,
    "r@5": 0.0,
    "ndcg@5": 0.0,
    "p@10": 0.1,
    "r@10": 1.0,
    "ndcg@10": 0.3562071871080222
  },
  "retrieved": [
    9094,
    9103,
    13165,
    5776,
    11062,
    8775,
    11066,
    6939,
    8338,
    9064
  ]
}