{
  "qid": 55996,
  "query": "Sĩ quan Công an nhân dân cấp bậc hàm Thiếu úy thi tuyển công chức có được ưu tiên theo quy định không?",
  "metrics": {
    "mrr": 0.5,
    "map": 0.5,
    "p@1": 0.0,
    "r@1": 0.0,
    "ndcg@1": 0.0,
    "p@5": 0.2,
    "r@5": 1.0,
    "ndcg@5": 0.6309297535714575,
    "p@10": 0.1,
    "r@10": 1.0,
    "ndcg@10": 0.6309297535714575
  },
  "retrieved": [
    11494,
    14213,
    11499,
    14491,
    11496,
    4989,
    11497,
    11495,
    11500,
    11498
  ]
}