{
  "qid": 56154,
  "query": "Người đã là Thẩm phán muốn trở thành đấu giá viên thì có phải tham gia đào tạo nghề đấu giá hay không?",
  "metrics": {
    "mrr": 0.14285714285714285,
    "map": 0.14285714285714285,
    "p@1": 0.0,
    "r@1": 0.0,
    "ndcg@1": 0.0,
    "p@5": 0.0,
    "r@5": 0.0,
    "ndcg@5": 0.0,
    "p@10": 0.1,
    "r@10": 1.0,
    "ndcg@10": 0.3333333333333333
  },
  "retrieved": [
    697,
    700,
    6568,
    764,
    6565,
    698,
    699,
    729,
    701,
    728
  ]
}