{
  "qid": 56213,
  "query": "Để được cấp Giấy chứng nhận khả năng chuyên môn sỹ quan kỹ thuật điện tàu biển Việt Nam cần đáp ứng những điều kiện nào?",
  "metrics": {
    "mrr": 1.0,
    "map": 0.6428571428571428,
    "p@1": 1.0,
    "r@1": 0.5,
    "ndcg@1": 1.0,
    "p@5": 0.2,
    "r@5": 0.5,
    "ndcg@5": 0.6131471927654584,
    "p@10": 0.2,
    "r@10": 1.0,
    "ndcg@10": 0.8175295903539445
  },
  "retrieved": [
    3754,
    3719,
    7662,
    3778,
    3745,
    7666,
    3744,
    3757,
    3732,
    7676
  ]
}