{
  "qid": 56214,
  "query": "Giấy chứng nhận khả năng chuyên môn sỹ quan kỹ thuật điện hết hạn được cấp lại trong trường hợp nào?",
  "metrics": {
    "mrr": 0.5,
    "map": 0.5,
    "p@1": 0.0,
    "r@1": 0.0,
    "ndcg@1": 0.0,
    "p@5": 0.2,
    "r@5": 1.0,
    "ndcg@5": 0.6309297535714575,
    "p@10": 0.1,
    "r@10": 1.0,
    "ndcg@10": 0.6309297535714575
  },
  "retrieved": [
    3754,
    3757,
    3719,
    3732,
    3745,
    7910,
    7906,
    3778,
    3744,
    3776
  ]
}