{
  "qid": 56374,
  "query": "Quy trình mua phụ tùng vật tư tàu bay ban đầu được quy định như thế nào?",
  "metrics": {
    "mrr": 0.5,
    "map": 0.5,
    "p@1": 0.0,
    "r@1": 0.0,
    "ndcg@1": 0.0,
    "p@5": 0.2,
    "r@5": 1.0,
    "ndcg@5": 0.6309297535714575,
    "p@10": 0.1,
    "r@10": 1.0,
    "ndcg@10": 0.6309297535714575
  },
  "retrieved": [
    13305,
    13308,
    13304,
    13307,
    13306,
    13282,
    13287,
    13285,
    13313,
    13309
  ]
}