{
  "qid": 56664,
  "query": "Hệ số lương đối với Quản lý dự án đường thủy hạng 1 thế nào?",
  "metrics": {
    "mrr": 0.3333333333333333,
    "map": 0.3333333333333333,
    "p@1": 0.0,
    "r@1": 0.0,
    "ndcg@1": 0.0,
    "p@5": 0.2,
    "r@5": 1.0,
    "ndcg@5": 0.5,
    "p@10": 0.1,
    "r@10": 1.0,
    "ndcg@10": 0.5
  },
  "retrieved": [
    3874,
    7562,
    1536,
    8457,
    6460,
    7561,
    7559,
    7563,
    4526,
    7557
  ]
}