{
  "qid": 56731,
  "query": "Trình tự, thủ tục hợp pháp hóa lãnh sự tại Bộ Ngoại giao như thế nào?",
  "metrics": {
    "mrr": 0.3333333333333333,
    "map": 0.3333333333333333,
    "p@1": 0.0,
    "r@1": 0.0,
    "ndcg@1": 0.0,
    "p@5": 0.2,
    "r@5": 1.0,
    "ndcg@5": 0.5,
    "p@10": 0.1,
    "r@10": 1.0,
    "ndcg@10": 0.5
  },
  "retrieved": [
    13492,
    13496,
    13505,
    145,
    13498,
    13511,
    13509,
    13500,
    7962,
    146
  ]
}