{
  "qid": 56882,
  "query": "Tổ chức, cá nhân nhập khẩu hóa chất có cần phải khai báo?",
  "metrics": {
    "mrr": 0.3333333333333333,
    "map": 0.3333333333333333,
    "p@1": 0.0,
    "r@1": 0.0,
    "ndcg@1": 0.0,
    "p@5": 0.2,
    "r@5": 1.0,
    "ndcg@5": 0.5,
    "p@10": 0.1,
    "r@10": 1.0,
    "ndcg@10": 0.5
  },
  "retrieved": [
    13917,
    13919,
    13918,
    13916,
    13926,
    12855,
    13891,
    13915,
    5524,
    2803
  ]
}