{
  "qid": 5712,
  "query": "Mã số định danh của các loại sách (ISBN) được hiểu như thế nào? Sách điện tử có mã số ISBN hay không?",
  "metrics": {
    "mrr": 0.14285714285714285,
    "map": 0.14285714285714285,
    "p@1": 0.0,
    "r@1": 0.0,
    "ndcg@1": 0.0,
    "p@5": 0.0,
    "r@5": 0.0,
    "ndcg@5": 0.0,
    "p@10": 0.1,
    "r@10": 1.0,
    "ndcg@10": 0.3333333333333333
  },
  "retrieved": [
    5173,
    5175,
    5176,
    5171,
    5172,
    5167,
    5170,
    5177,
    5168,
    5169
  ]
}