{
  "qid": 57272,
  "query": "Viên chức y tế được tuyển dụng làm Điều dưỡng hạng IV có trình độ cao đẳng thì xếp lương hệ số bao nhiêu sau khi tập sự?",
  "metrics": {
    "mrr": 0.2,
    "map": 0.2,
    "p@1": 0.0,
    "r@1": 0.0,
    "ndcg@1": 0.0,
    "p@5": 0.2,
    "r@5": 1.0,
    "ndcg@5": 0.38685280723454163,
    "p@10": 0.1,
    "r@10": 1.0,
    "ndcg@10": 0.38685280723454163
  },
  "retrieved": [
    1536,
    8457,
    6460,
    7726,
    8612,
    14270,
    1537,
    14228,
    14239,
    14249
  ]
}