{
  "qid": 58218,
  "query": "Ai có thẩm quyền kháng nghị bản án phúc thẩm theo thủ tục giám đốc thẩm?",
  "metrics": {
    "mrr": 0.14285714285714285,
    "map": 0.14285714285714285,
    "p@1": 0.0,
    "r@1": 0.0,
    "ndcg@1": 0.0,
    "p@5": 0.0,
    "r@5": 0.0,
    "ndcg@5": 0.0,
    "p@10": 0.1,
    "r@10": 1.0,
    "ndcg@10": 0.3333333333333333
  },
  "retrieved": [
    10504,
    10854,
    10865,
    9242,
    4925,
    913,
    10850,
    10855,
    10821,
    10844
  ]
}