{
  "qid": 5837,
  "query": "Cơ quan nào có trách nhiệm xác nhận quốc tịch của phạm nhân đến chấp hành án phạt tù?",
  "metrics": {
    "mrr": 0.5,
    "map": 0.5,
    "p@1": 0.0,
    "r@1": 0.0,
    "ndcg@1": 0.0,
    "p@5": 0.2,
    "r@5": 1.0,
    "ndcg@5": 0.6309297535714575,
    "p@10": 0.1,
    "r@10": 1.0,
    "ndcg@10": 0.6309297535714575
  },
  "retrieved": [
    3011,
    3010,
    3052,
    6656,
    1890,
    4436,
    6653,
    3048,
    1901,
    3012
  ]
}