{
  "qid": 58692,
  "query": "Hội đồng tiêu hủy tiền in hỏng đúc hỏng có trách nhiệm như thế nào đối với tiền in hỏng đúc hỏng?",
  "metrics": {
    "mrr": 0.1111111111111111,
    "map": 0.1111111111111111,
    "p@1": 0.0,
    "r@1": 0.0,
    "ndcg@1": 0.0,
    "p@5": 0.0,
    "r@5": 0.0,
    "ndcg@5": 0.0,
    "p@10": 0.1,
    "r@10": 1.0,
    "ndcg@10": 0.3010299956639812
  },
  "retrieved": [
    7636,
    7634,
    7633,
    7642,
    7635,
    7622,
    7632,
    7619,
    7643,
    7621
  ]
}