{
  "qid": 59023,
  "query": "Yêu cầu về báo cáo kiểm toán phải đáp ứng những yêu cầu gì?",
  "metrics": {
    "mrr": 0.3333333333333333,
    "map": 0.3333333333333333,
    "p@1": 0.0,
    "r@1": 0.0,
    "ndcg@1": 0.0,
    "p@5": 0.2,
    "r@5": 1.0,
    "ndcg@5": 0.5,
    "p@10": 0.1,
    "r@10": 1.0,
    "ndcg@10": 0.5
  },
  "retrieved": [
    6860,
    6858,
    5681,
    7411,
    2877,
    6861,
    13194,
    5671,
    13195,
    6863
  ]
}