{
  "qid": 59030,
  "query": "Kế hoạch giáo dục cá nhân dành cho người khuyết tật tham gia học tập như thế nào?",
  "metrics": {
    "mrr": 0.16666666666666666,
    "map": 0.16666666666666666,
    "p@1": 0.0,
    "r@1": 0.0,
    "ndcg@1": 0.0,
    "p@5": 0.0,
    "r@5": 0.0,
    "ndcg@5": 0.0,
    "p@10": 0.1,
    "r@10": 1.0,
    "ndcg@10": 0.3562071871080222
  },
  "retrieved": [
    3440,
    3431,
    3428,
    3437,
    3441,
    3435,
    3429,
    3445,
    1236,
    3433
  ]
}