{
  "qid": 59234,
  "query": "Chức danh cán bộ nào được sử dụng thường xuyên một xe ô tô trong thời gian công tác?",
  "metrics": {
    "mrr": 0.25,
    "map": 0.25,
    "p@1": 0.0,
    "r@1": 0.0,
    "ndcg@1": 0.0,
    "p@5": 0.2,
    "r@5": 1.0,
    "ndcg@5": 0.43067655807339306,
    "p@10": 0.1,
    "r@10": 1.0,
    "ndcg@10": 0.43067655807339306
  },
  "retrieved": [
    4456,
    4464,
    4458,
    4453,
    4457,
    4462,
    4470,
    4461,
    4459,
    4460
  ]
}