{
  "qid": 5928,
  "query": "Thanh tra viên chuyên ngành hàng hải được quyền xử phạt tổ chức tự ý đặt tên cảng cạn không?",
  "metrics": {
    "mrr": 0.3333333333333333,
    "map": 0.3333333333333333,
    "p@1": 0.0,
    "r@1": 0.0,
    "ndcg@1": 0.0,
    "p@5": 0.2,
    "r@5": 1.0,
    "ndcg@5": 0.5,
    "p@10": 0.1,
    "r@10": 1.0,
    "ndcg@10": 0.5
  },
  "retrieved": [
    7674,
    7678,
    4637,
    7673,
    13084,
    7032,
    7671,
    11615,
    7675,
    11645
  ]
}