{
  "qid": 59329,
  "query": "Thời hạn kháng cáo bản án, quyết định hình sự sơ thẩm là bao lâu?",
  "metrics": {
    "mrr": 0.25,
    "map": 0.25,
    "p@1": 0.0,
    "r@1": 0.0,
    "ndcg@1": 0.0,
    "p@5": 0.2,
    "r@5": 1.0,
    "ndcg@5": 0.43067655807339306,
    "p@10": 0.1,
    "r@10": 1.0,
    "ndcg@10": 0.43067655807339306
  },
  "retrieved": [
    10820,
    10504,
    10739,
    10810,
    10840,
    10816,
    4925,
    10833,
    10834,
    10808
  ]
}