{
  "qid": 59542,
  "query": "Có những loại cơ sở lưu trú du lịch nào hiện nay?",
  "metrics": {
    "mrr": 0.2,
    "map": 0.2,
    "p@1": 0.0,
    "r@1": 0.0,
    "ndcg@1": 0.0,
    "p@5": 0.2,
    "r@5": 1.0,
    "ndcg@5": 0.38685280723454163,
    "p@10": 0.1,
    "r@10": 1.0,
    "ndcg@10": 0.38685280723454163
  },
  "retrieved": [
    9793,
    9796,
    9794,
    9795,
    9791,
    9792,
    9789,
    9752,
    6624,
    9746
  ]
}