{
  "qid": 5981,
  "query": "Hồ sơ đề nghị cấp Giấy chứng nhận đủ điều kiện kinh doanh xuất khẩu gạo như thế nào?",
  "metrics": {
    "mrr": 0.25,
    "map": 0.25,
    "p@1": 0.0,
    "r@1": 0.0,
    "ndcg@1": 0.0,
    "p@5": 0.2,
    "r@5": 1.0,
    "ndcg@5": 0.43067655807339306,
    "p@10": 0.1,
    "r@10": 1.0,
    "ndcg@10": 0.43067655807339306
  },
  "retrieved": [
    12091,
    12090,
    12111,
    12092,
    12089,
    12094,
    12108,
    12107,
    12087,
    12103
  ]
}