{
  "qid": 60696,
  "query": "Các giấy tờ, tài liệu nào không được chứng nhận hợp pháp hóa lãnh sự?",
  "metrics": {
    "mrr": 0.16666666666666666,
    "map": 0.16666666666666666,
    "p@1": 0.0,
    "r@1": 0.0,
    "ndcg@1": 0.0,
    "p@5": 0.0,
    "r@5": 0.0,
    "ndcg@5": 0.0,
    "p@10": 0.1,
    "r@10": 1.0,
    "ndcg@10": 0.3562071871080222
  },
  "retrieved": [
    13495,
    155,
    13500,
    13512,
    13507,
    13501,
    13508,
    154,
    13505,
    13511
  ]
}