{
  "qid": 60721,
  "query": "Trưởng đoàn thanh tra chuyên ngành Bộ Tư pháp có quyền xử phạt Thừa phát lại lập vi bằng không đúng nội dung theo quy định không?",
  "metrics": {
    "mrr": 0.3333333333333333,
    "map": 0.3333333333333333,
    "p@1": 0.0,
    "r@1": 0.0,
    "ndcg@1": 0.0,
    "p@5": 0.2,
    "r@5": 1.0,
    "ndcg@5": 0.5,
    "p@10": 0.1,
    "r@10": 1.0,
    "ndcg@10": 0.5
  },
  "retrieved": [
    8966,
    8965,
    4637,
    11127,
    8964,
    5858,
    5864,
    5860,
    7017,
    14198
  ]
}