{
  "qid": 60760,
  "query": "Kế toán trưởng trong đơn vị kế toán ngân sách và tài chính xã có phải được hưởng phụ cấp trách nhiệm là 0,2 hay không?",
  "metrics": {
    "mrr": 1.0,
    "map": 0.7,
    "p@1": 1.0,
    "r@1": 0.5,
    "ndcg@1": 1.0,
    "p@5": 0.4,
    "r@5": 1.0,
    "ndcg@5": 0.8503449055347546,
    "p@10": 0.2,
    "r@10": 1.0,
    "ndcg@10": 0.8503449055347546
  },
  "retrieved": [
    4389,
    4392,
    4393,
    2897,
    4397,
    2895,
    4399,
    1685,
    4388,
    4398
  ]
}