{
  "qid": 60823,
  "query": "Công tác phối hợp phòng, chống buôn lậu, vận chuyển trái phép hàng hóa qua biên giới thực hiện thông qua những nội dung nào?",
  "metrics": {
    "mrr": 0.16666666666666666,
    "map": 0.16666666666666666,
    "p@1": 0.0,
    "r@1": 0.0,
    "ndcg@1": 0.0,
    "p@5": 0.0,
    "r@5": 0.0,
    "ndcg@5": 0.0,
    "p@10": 0.1,
    "r@10": 1.0,
    "ndcg@10": 0.3562071871080222
  },
  "retrieved": [
    479,
    8408,
    8411,
    464,
    473,
    474,
    476,
    480,
    465,
    13698
  ]
}