{
  "qid": 61146,
  "query": "Nội dung bồi dưỡng cán bộ làm công tác phòng chống khủng bố như thế nào?",
  "metrics": {
    "mrr": 0.5,
    "map": 0.5,
    "p@1": 0.0,
    "r@1": 0.0,
    "ndcg@1": 0.0,
    "p@5": 0.2,
    "r@5": 1.0,
    "ndcg@5": 0.6309297535714575,
    "p@10": 0.1,
    "r@10": 1.0,
    "ndcg@10": 0.6309297535714575
  },
  "retrieved": [
    2255,
    2250,
    2252,
    2246,
    2248,
    2253,
    2249,
    2251,
    7152,
    11009
  ]
}