{
  "qid": 61268,
  "query": "Các Phó Chánh tra thành phố Hà Nội do ai quyết định bổ nhiệm?",
  "metrics": {
    "mrr": 0.5,
    "map": 0.5,
    "p@1": 0.0,
    "r@1": 0.0,
    "ndcg@1": 0.0,
    "p@5": 0.2,
    "r@5": 1.0,
    "ndcg@5": 0.6309297535714575,
    "p@10": 0.1,
    "r@10": 1.0,
    "ndcg@10": 0.6309297535714575
  },
  "retrieved": [
    680,
    3100,
    2346,
    7297,
    4455,
    9476,
    4454,
    5388,
    8473,
    4453
  ]
}