{
  "qid": 6134,
  "query": "Thẻ Chấp hành viên được cấp lại hiện nay được làm từ chất liệu gì và kích thước thẻ là bao nhiêu?",
  "metrics": {
    "mrr": 0.5,
    "map": 0.5,
    "p@1": 0.0,
    "r@1": 0.0,
    "ndcg@1": 0.0,
    "p@5": 0.2,
    "r@5": 1.0,
    "ndcg@5": 0.6309297535714575,
    "p@10": 0.1,
    "r@10": 1.0,
    "ndcg@10": 0.6309297535714575
  },
  "retrieved": [
    2947,
    2382,
    2394,
    2314,
    14127,
    2948,
    9806,
    9807,
    1696,
    188
  ]
}