{
  "qid": 61400,
  "query": "Việc xác định loại gỗ rủi ro nhập khẩu vào Việt Nam được thực hiện dựa trên những tiêu chí nào theo quy định?",
  "metrics": {
    "mrr": 0.5,
    "map": 0.5,
    "p@1": 0.0,
    "r@1": 0.0,
    "ndcg@1": 0.0,
    "p@5": 0.2,
    "r@5": 1.0,
    "ndcg@5": 0.6309297535714575,
    "p@10": 0.1,
    "r@10": 1.0,
    "ndcg@10": 0.6309297535714575
  },
  "retrieved": [
    11348,
    11350,
    11347,
    11345,
    11349,
    11351,
    12871,
    7665,
    11366,
    8322
  ]
}