{
  "qid": 61639,
  "query": "Mức độ của hành vi vi phạm được quy định ra sao?",
  "metrics": {
    "mrr": 0.5,
    "map": 0.5,
    "p@1": 0.0,
    "r@1": 0.0,
    "ndcg@1": 0.0,
    "p@5": 0.2,
    "r@5": 1.0,
    "ndcg@5": 0.6309297535714575,
    "p@10": 0.1,
    "r@10": 1.0,
    "ndcg@10": 0.6309297535714575
  },
  "retrieved": [
    4681,
    13746,
    8995,
    13513,
    757,
    13209,
    9972,
    756,
    4284,
    2194
  ]
}