{
  "qid": 6178,
  "query": "Khi xếp lương các chức danh nghề nghiệp diễn viên cần đảm bảo những nguyên tắc gì?",
  "metrics": {
    "mrr": 0.25,
    "map": 0.25,
    "p@1": 0.0,
    "r@1": 0.0,
    "ndcg@1": 0.0,
    "p@5": 0.2,
    "r@5": 1.0,
    "ndcg@5": 0.43067655807339306,
    "p@10": 0.1,
    "r@10": 1.0,
    "ndcg@10": 0.43067655807339306
  },
  "retrieved": [
    12587,
    7562,
    7556,
    6458,
    7561,
    8457,
    7785,
    1536,
    6460,
    7563
  ]
}