{
  "qid": 61847,
  "query": "Thủ tục kháng cáo của người bào chữa được thực hiện như thế nào?",
  "metrics": {
    "mrr": 0.14285714285714285,
    "map": 0.14285714285714285,
    "p@1": 0.0,
    "r@1": 0.0,
    "ndcg@1": 0.0,
    "p@5": 0.0,
    "r@5": 0.0,
    "ndcg@5": 0.0,
    "p@10": 0.1,
    "r@10": 1.0,
    "ndcg@10": 0.3333333333333333
  },
  "retrieved": [
    10828,
    10808,
    10737,
    10830,
    10825,
    10839,
    10809,
    10811,
    10831,
    10732
  ]
}