{
  "qid": 61846,
  "query": "Người bào chữa cho bị cáo trong vụ án hình sự được quyền kháng cáo trong những trường hợp nào?",
  "metrics": {
    "mrr": 0.5,
    "map": 0.5,
    "p@1": 0.0,
    "r@1": 0.0,
    "ndcg@1": 0.0,
    "p@5": 0.2,
    "r@5": 1.0,
    "ndcg@5": 0.6309297535714575,
    "p@10": 0.1,
    "r@10": 1.0,
    "ndcg@10": 0.6309297535714575
  },
  "retrieved": [
    10737,
    10808,
    10799,
    10828,
    10732,
    10503,
    10550,
    10786,
    10893,
    10803
  ]
}