{
  "qid": 61841,
  "query": "Cơ quan nhà nước cấp tỉnh tổ chức ngày hưởng ứng phải tuân theo những yêu cầu nào?",
  "metrics": {
    "mrr": 0.14285714285714285,
    "map": 0.14285714285714285,
    "p@1": 0.0,
    "r@1": 0.0,
    "ndcg@1": 0.0,
    "p@5": 0.0,
    "r@5": 0.0,
    "ndcg@5": 0.0,
    "p@10": 0.1,
    "r@10": 1.0,
    "ndcg@10": 0.3333333333333333
  },
  "retrieved": [
    13653,
    13655,
    13640,
    13642,
    7183,
    2660,
    13654,
    10018,
    2085,
    12492
  ]
}