{
  "qid": 62249,
  "query": "Trong công tác thực hiện quy tắc ứng xử tại cơ sở y tế việc ban hành quy chế, tiêu chí về thi đua khen thưởng là trách nhiệm của cơ quan nào?",
  "metrics": {
    "mrr": 0.5,
    "map": 0.5,
    "p@1": 0.0,
    "r@1": 0.0,
    "ndcg@1": 0.0,
    "p@5": 0.2,
    "r@5": 1.0,
    "ndcg@5": 0.6309297535714575,
    "p@10": 0.1,
    "r@10": 1.0,
    "ndcg@10": 0.6309297535714575
  },
  "retrieved": [
    7179,
    7175,
    7172,
    7171,
    7178,
    7176,
    7177,
    6763,
    1166,
    8756
  ]
}