{
  "qid": 62323,
  "query": "Hội đồng xét xử ra quyết định tạm giam bị cáo sau khi tuyên án hình sự sơ thẩm trong trường hợp nào?",
  "metrics": {
    "mrr": 0.5,
    "map": 0.39285714285714285,
    "p@1": 0.0,
    "r@1": 0.0,
    "ndcg@1": 0.0,
    "p@5": 0.2,
    "r@5": 0.5,
    "ndcg@5": 0.38685280723454163,
    "p@10": 0.2,
    "r@10": 1.0,
    "ndcg@10": 0.5912352048230277
  },
  "retrieved": [
    10824,
    10806,
    10835,
    10739,
    10737,
    10868,
    10805,
    10803,
    6686,
    10810
  ]
}