{
  "qid": 6239,
  "query": "Tại Trung ương cơ quan nào có trách nhiệm trực tiếp xây dựng cơ sở dữ liệu đất đai quốc gia?",
  "metrics": {
    "mrr": 0.3333333333333333,
    "map": 0.3333333333333333,
    "p@1": 0.0,
    "r@1": 0.0,
    "ndcg@1": 0.0,
    "p@5": 0.2,
    "r@5": 1.0,
    "ndcg@5": 0.5,
    "p@10": 0.1,
    "r@10": 1.0,
    "ndcg@10": 0.5
  },
  "retrieved": [
    5398,
    5400,
    5399,
    5475,
    5397,
    5401,
    5396,
    5477,
    5476,
    12778
  ]
}