{
  "qid": 62433,
  "query": "Thừa phát lại khi lập vi bằng có cần phải lưu lại không?",
  "metrics": {
    "mrr": 0.25,
    "map": 0.25,
    "p@1": 0.0,
    "r@1": 0.0,
    "ndcg@1": 0.0,
    "p@5": 0.2,
    "r@5": 1.0,
    "ndcg@5": 0.43067655807339306,
    "p@10": 0.1,
    "r@10": 1.0,
    "ndcg@10": 0.43067655807339306
  },
  "retrieved": [
    5868,
    8966,
    8967,
    8965,
    5859,
    8962,
    5858,
    9410,
    8948,
    8947
  ]
}