{
  "qid": 62565,
  "query": "Hồ sơ, tài liệu lưu trữ trong tàng thư căn cước công dân 12 số bao gồm những loại giấy tờ gì?",
  "metrics": {
    "mrr": 0.16666666666666666,
    "map": 0.16666666666666666,
    "p@1": 0.0,
    "r@1": 0.0,
    "ndcg@1": 0.0,
    "p@5": 0.0,
    "r@5": 0.0,
    "ndcg@5": 0.0,
    "p@10": 0.1,
    "r@10": 1.0,
    "ndcg@10": 0.3562071871080222
  },
  "retrieved": [
    12642,
    12639,
    12644,
    12643,
    12635,
    12634,
    12632,
    12646,
    12630,
    12637
  ]
}