{
  "qid": 62757,
  "query": "Mục đích việc quy định quy tắc ứng xử của viên chức Bộ Tư pháp là gì?",
  "metrics": {
    "mrr": 0.25,
    "map": 0.25,
    "p@1": 0.0,
    "r@1": 0.0,
    "ndcg@1": 0.0,
    "p@5": 0.2,
    "r@5": 1.0,
    "ndcg@5": 0.43067655807339306,
    "p@10": 0.1,
    "r@10": 1.0,
    "ndcg@10": 0.43067655807339306
  },
  "retrieved": [
    7175,
    7176,
    7177,
    2909,
    7172,
    7179,
    7171,
    7164,
    6753,
    6763
  ]
}