{
  "qid": 6303,
  "query": "Văn bản làm căn cứ yêu cầu bồi thường trong hoạt động quản lý hành chính bao gồm những văn bản nào?",
  "metrics": {
    "mrr": 0.14285714285714285,
    "map": 0.14285714285714285,
    "p@1": 0.0,
    "r@1": 0.0,
    "ndcg@1": 0.0,
    "p@5": 0.0,
    "r@5": 0.0,
    "ndcg@5": 0.0,
    "p@10": 0.1,
    "r@10": 1.0,
    "ndcg@10": 0.3333333333333333
  },
  "retrieved": [
    12699,
    12701,
    12696,
    12695,
    12754,
    12733,
    12700,
    7053,
    12698,
    8995
  ]
}