{
  "qid": 63074,
  "query": "Ai sẽ cho phép tổ chức các hội nghị, hội thảo quốc tế tại Việt Nam?",
  "metrics": {
    "mrr": 0.5,
    "map": 0.5,
    "p@1": 0.0,
    "r@1": 0.0,
    "ndcg@1": 0.0,
    "p@5": 0.2,
    "r@5": 1.0,
    "ndcg@5": 0.6309297535714575,
    "p@10": 0.1,
    "r@10": 1.0,
    "ndcg@10": 0.6309297535714575
  },
  "retrieved": [
    6827,
    6828,
    6829,
    6826,
    6831,
    6830,
    6832,
    6833,
    6834,
    4684
  ]
}