{
  "qid": 6308,
  "query": "Kinh doanh dịch vụ lưu trú cần đảm bảo điều kiện gì?",
  "metrics": {
    "mrr": 0.5,
    "map": 0.5,
    "p@1": 0.0,
    "r@1": 0.0,
    "ndcg@1": 0.0,
    "p@5": 0.2,
    "r@5": 1.0,
    "ndcg@5": 0.6309297535714575,
    "p@10": 0.1,
    "r@10": 1.0,
    "ndcg@10": 0.6309297535714575
  },
  "retrieved": [
    9796,
    9792,
    9793,
    9795,
    9752,
    6624,
    9769,
    9746,
    9789,
    9252
  ]
}