{
  "qid": 63097,
  "query": "Nếu như tố cáo có nội dung tố cáo những người giữ chức danh tư pháp trong Tòa án nhân dân thì sao?",
  "metrics": {
    "mrr": 0.3333333333333333,
    "map": 0.3333333333333333,
    "p@1": 0.0,
    "r@1": 0.0,
    "ndcg@1": 0.0,
    "p@5": 0.2,
    "r@5": 1.0,
    "ndcg@5": 0.5,
    "p@10": 0.1,
    "r@10": 1.0,
    "ndcg@10": 0.5
  },
  "retrieved": [
    1521,
    1520,
    1506,
    1485,
    1504,
    1505,
    1516,
    1507,
    1524,
    1525
  ]
}