{
  "qid": 63524,
  "query": "Những công việc nào mà cán bộ quản lý được tham gia ý kiến để thực hiện dân chủ trong cơ sở giáo dục?",
  "metrics": {
    "mrr": 0.5,
    "map": 0.5,
    "p@1": 0.0,
    "r@1": 0.0,
    "ndcg@1": 0.0,
    "p@5": 0.2,
    "r@5": 1.0,
    "ndcg@5": 0.6309297535714575,
    "p@10": 0.1,
    "r@10": 1.0,
    "ndcg@10": 0.6309297535714575
  },
  "retrieved": [
    4124,
    4132,
    6755,
    5976,
    6753,
    806,
    6754,
    4127,
    2914,
    7148
  ]
}