{
  "qid": 63935,
  "query": "Thời gian tập sự của Thẩm tra viên thi hành án dân sự có được tính hưởng phụ cấp thâm niên nghề không?",
  "metrics": {
    "mrr": 0.5,
    "map": 0.5,
    "p@1": 0.0,
    "r@1": 0.0,
    "ndcg@1": 0.0,
    "p@5": 0.2,
    "r@5": 1.0,
    "ndcg@5": 0.6309297535714575,
    "p@10": 0.1,
    "r@10": 1.0,
    "ndcg@10": 0.6309297535714575
  },
  "retrieved": [
    3898,
    3899,
    8464,
    8463,
    8466,
    3897,
    9477,
    9476,
    8462,
    7560
  ]
}