{
  "qid": 63983,
  "query": "Phó Giám đốc Sở Khoa học và Công nghệ phải có kinh nghiệm công tác quản lý về khoa học và công nghệ từ bao nhiêu năm trở lên?",
  "metrics": {
    "mrr": 0.5,
    "map": 0.25,
    "p@1": 0.0,
    "r@1": 0.0,
    "ndcg@1": 0.0,
    "p@5": 0.2,
    "r@5": 0.5,
    "ndcg@5": 0.38685280723454163,
    "p@10": 0.1,
    "r@10": 0.5,
    "ndcg@10": 0.38685280723454163
  },
  "retrieved": [
    6254,
    6256,
    6246,
    8262,
    6248,
    8661,
    10140,
    13095,
    8232,
    12802
  ]
}