{
  "qid": 64370,
  "query": "Tiêu chuẩn về năng lực chuyên môn, nghiệp vụ của giáo viên tiểu học hạng 1 kể từ ngày 30/5/2023 ra sao?",
  "metrics": {
    "mrr": 0.2,
    "map": 0.2,
    "p@1": 0.0,
    "r@1": 0.0,
    "ndcg@1": 0.0,
    "p@5": 0.2,
    "r@5": 1.0,
    "ndcg@5": 0.38685280723454163,
    "p@10": 0.1,
    "r@10": 1.0,
    "ndcg@10": 0.38685280723454163
  },
  "retrieved": [
    2817,
    2820,
    1538,
    1537,
    1533,
    1532,
    2815,
    1531,
    5973,
    14235
  ]
}