{
  "qid": 64604,
  "query": "Hội đồng giám sát tiêu hủy tiền gồm những thành phần nào?",
  "metrics": {
    "mrr": 0.2,
    "map": 0.2,
    "p@1": 0.0,
    "r@1": 0.0,
    "ndcg@1": 0.0,
    "p@5": 0.2,
    "r@5": 1.0,
    "ndcg@5": 0.38685280723454163,
    "p@10": 0.1,
    "r@10": 1.0,
    "ndcg@10": 0.38685280723454163
  },
  "retrieved": [
    7643,
    7629,
    3815,
    3834,
    7623,
    7642,
    7631,
    3837,
    7630,
    3820
  ]
}