{
  "qid": 64711,
  "query": "Thời hạn nộp báo cáo kết quả học tập bồi dưỡng ở nước ngoài đối với cán bộ, công chức, viên chức là khi nào?",
  "metrics": {
    "mrr": 0.2,
    "map": 0.2,
    "p@1": 0.0,
    "r@1": 0.0,
    "ndcg@1": 0.0,
    "p@5": 0.2,
    "r@5": 1.0,
    "ndcg@5": 0.38685280723454163,
    "p@10": 0.1,
    "r@10": 1.0,
    "ndcg@10": 0.38685280723454163
  },
  "retrieved": [
    1041,
    1040,
    11008,
    1042,
    1043,
    11016,
    11014,
    5722,
    11019,
    12809
  ]
}