{
  "qid": 64921,
  "query": "Hết thời hạn cho người bị đề nghị áp dụng biện pháp đưa vào cơ sở cai nghiện bắt buộc đọc hồ sơ, cơ quan Công an phải làm gì?",
  "metrics": {
    "mrr": 0.5,
    "map": 0.5,
    "p@1": 0.0,
    "r@1": 0.0,
    "ndcg@1": 0.0,
    "p@5": 0.2,
    "r@5": 1.0,
    "ndcg@5": 0.6309297535714575,
    "p@10": 0.1,
    "r@10": 1.0,
    "ndcg@10": 0.6309297535714575
  },
  "retrieved": [
    5511,
    5512,
    5514,
    5513,
    1951,
    5508,
    5510,
    5509,
    14513,
    5506
  ]
}