{
  "qid": 65200,
  "query": "Hồ sơ giá truyền tải điện gồm những tài liệu nào?",
  "metrics": {
    "mrr": 0.5,
    "map": 0.5,
    "p@1": 0.0,
    "r@1": 0.0,
    "ndcg@1": 0.0,
    "p@5": 0.2,
    "r@5": 1.0,
    "ndcg@5": 0.6309297535714575,
    "p@10": 0.1,
    "r@10": 1.0,
    "ndcg@10": 0.6309297535714575
  },
  "retrieved": [
    2297,
    2298,
    2293,
    2292,
    2300,
    2291,
    2295,
    2299,
    2294,
    1993
  ]
}