{
  "qid": 65235,
  "query": "Thời hạn tạm giam đối với tội phạm nghiệm trong là bao lâu theo quy định hiện nay?",
  "metrics": {
    "mrr": 0.3333333333333333,
    "map": 0.3333333333333333,
    "p@1": 0.0,
    "r@1": 0.0,
    "ndcg@1": 0.0,
    "p@5": 0.2,
    "r@5": 1.0,
    "ndcg@5": 0.5,
    "p@10": 0.1,
    "r@10": 1.0,
    "ndcg@10": 0.5
  },
  "retrieved": [
    10824,
    1179,
    10649,
    10755,
    10927,
    1181,
    1193,
    1192,
    10971,
    10806
  ]
}