{
  "qid": 65564,
  "query": "Khi giải quyết thủ tục đăng ký hộ tịch tại Cơ quan đại diện lãnh sự của Việt Nam ở nước ngoài, công dân cần xuất trình những giấy tờ gì?",
  "metrics": {
    "mrr": 0.3333333333333333,
    "map": 0.3333333333333333,
    "p@1": 0.0,
    "r@1": 0.0,
    "ndcg@1": 0.0,
    "p@5": 0.2,
    "r@5": 1.0,
    "ndcg@5": 0.5,
    "p@10": 0.1,
    "r@10": 1.0,
    "ndcg@10": 0.5
  },
  "retrieved": [
    2273,
    2272,
    2260,
    2262,
    2267,
    2271,
    2263,
    2265,
    2264,
    2257
  ]
}