{
  "qid": 65616,
  "query": "Thời hạn giám định mức độ ô nhiễm môi trường là bao lâu?",
  "metrics": {
    "mrr": 0.5,
    "map": 0.25,
    "p@1": 0.0,
    "r@1": 0.0,
    "ndcg@1": 0.0,
    "p@5": 0.2,
    "r@5": 0.5,
    "ndcg@5": 0.38685280723454163,
    "p@10": 0.1,
    "r@10": 0.5,
    "ndcg@10": 0.38685280723454163
  },
  "retrieved": [
    3117,
    10683,
    3110,
    14557,
    3118,
    3107,
    3119,
    10176,
    340,
    3109
  ]
}