{
  "qid": 65621,
  "query": "Mẫu Danh sách viên chức đủ tiêu chuẩn, điều kiện dự thi hoặc xét thăng hạng chức danh nghề nghiệp hiện nay như thế nào?",
  "metrics": {
    "mrr": 0.5,
    "map": 0.5,
    "p@1": 0.0,
    "r@1": 0.0,
    "ndcg@1": 0.0,
    "p@5": 0.2,
    "r@5": 1.0,
    "ndcg@5": 0.6309297535714575,
    "p@10": 0.1,
    "r@10": 1.0,
    "ndcg@10": 0.6309297535714575
  },
  "retrieved": [
    14242,
    14244,
    14243,
    6924,
    14241,
    13118,
    14238,
    8733,
    3872,
    3876
  ]
}