{
  "qid": 65726,
  "query": "Nhiệm vụ kế toán là gì?",
  "metrics": {
    "mrr": 0.14285714285714285,
    "map": 0.14285714285714285,
    "p@1": 0.0,
    "r@1": 0.0,
    "ndcg@1": 0.0,
    "p@5": 0.0,
    "r@5": 0.0,
    "ndcg@5": 0.0,
    "p@10": 0.1,
    "r@10": 1.0,
    "ndcg@10": 0.3333333333333333
  },
  "retrieved": [
    2895,
    2903,
    2897,
    4392,
    386,
    9365,
    2848,
    12299,
    9145,
    6359
  ]
}