{
  "qid": 65746,
  "query": "Giảng viên về đấu thầu của cơ sở đào tạo phải gửi báo cáo về hoạt động giảng dạy cho Bộ Kế hoạch và Đầu tư vào thời gian nào?",
  "metrics": {
    "mrr": 0.5,
    "map": 0.5,
    "p@1": 0.0,
    "r@1": 0.0,
    "ndcg@1": 0.0,
    "p@5": 0.2,
    "r@5": 1.0,
    "ndcg@5": 0.6309297535714575,
    "p@10": 0.1,
    "r@10": 1.0,
    "ndcg@10": 0.6309297535714575
  },
  "retrieved": [
    4505,
    4519,
    11533,
    13633,
    502,
    1055,
    1053,
    1046,
    9824,
    4113
  ]
}