{
  "qid": 65764,
  "query": "Ban Giám đốc Học viện Hành chính Quốc gia gồm những ai?",
  "metrics": {
    "mrr": 0.3333333333333333,
    "map": 0.3333333333333333,
    "p@1": 0.0,
    "r@1": 0.0,
    "ndcg@1": 0.0,
    "p@5": 0.2,
    "r@5": 1.0,
    "ndcg@5": 0.5,
    "p@10": 0.1,
    "r@10": 1.0,
    "ndcg@10": 0.5
  },
  "retrieved": [
    5503,
    11002,
    5504,
    10999,
    14282,
    5501,
    11010,
    12810,
    10998,
    14278
  ]
}