{
  "qid": 66088,
  "query": "Viên chức giảng dạy trong các trường trung học cơ sở công lập là ai?",
  "metrics": {
    "mrr": 0.25,
    "map": 0.25,
    "p@1": 0.0,
    "r@1": 0.0,
    "ndcg@1": 0.0,
    "p@5": 0.2,
    "r@5": 1.0,
    "ndcg@5": 0.43067655807339306,
    "p@10": 0.1,
    "r@10": 1.0,
    "ndcg@10": 0.43067655807339306
  },
  "retrieved": [
    8499,
    2814,
    8732,
    3846,
    1529,
    8809,
    3455,
    7724,
    8501,
    13835
  ]
}