{
  "qid": 66165,
  "query": "Tiêu chuẩn chức danh phó trưởng phòng giáo dục và đào tạo thuộc Ủy ban nhân dân huyện quy định như thế nào?",
  "metrics": {
    "mrr": 0.1111111111111111,
    "map": 0.1111111111111111,
    "p@1": 0.0,
    "r@1": 0.0,
    "ndcg@1": 0.0,
    "p@5": 0.0,
    "r@5": 0.0,
    "ndcg@5": 0.0,
    "p@10": 0.1,
    "r@10": 1.0,
    "ndcg@10": 0.3010299956639812
  },
  "retrieved": [
    13063,
    13058,
    13060,
    13111,
    316,
    7293,
    7301,
    7325,
    13061,
    8203
  ]
}