{
  "qid": 66183,
  "query": "Khi cấp phương tiện bảo vệ cá nhân cho người lao động thì phái người sử dụng lao động có những trách nhiệm gì cần thực hiện?",
  "metrics": {
    "mrr": 0.5,
    "map": 0.5,
    "p@1": 0.0,
    "r@1": 0.0,
    "ndcg@1": 0.0,
    "p@5": 0.2,
    "r@5": 1.0,
    "ndcg@5": 0.6309297535714575,
    "p@10": 0.1,
    "r@10": 1.0,
    "ndcg@10": 0.6309297535714575
  },
  "retrieved": [
    4041,
    4040,
    4039,
    4037,
    4042,
    4148,
    4044,
    1833,
    6884,
    4038
  ]
}