{
  "qid": 665,
  "query": "Viên chức được bổ nhiệm vào chức danh nghề nghiệp nhân viên thiết bị tại trường trung học được áp dụng bảng lương nào?",
  "metrics": {
    "mrr": 0.2,
    "map": 0.2,
    "p@1": 0.0,
    "r@1": 0.0,
    "ndcg@1": 0.0,
    "p@5": 0.2,
    "r@5": 1.0,
    "ndcg@5": 0.38685280723454163,
    "p@10": 0.1,
    "r@10": 1.0,
    "ndcg@10": 0.38685280723454163
  },
  "retrieved": [
    8813,
    8809,
    7726,
    7785,
    7787,
    1536,
    8457,
    6460,
    1539,
    7561
  ]
}