{
  "qid": 666,
  "query": "Việc xếp lương cho viên chức được bổ nhiệm vào chức danh nghề nghiệp nhân viên thiết bị tại trường trung học cần tuân thủ theo nguyên tắc gì?",
  "metrics": {
    "mrr": 0.3333333333333333,
    "map": 0.3333333333333333,
    "p@1": 0.0,
    "r@1": 0.0,
    "ndcg@1": 0.0,
    "p@5": 0.2,
    "r@5": 1.0,
    "ndcg@5": 0.5,
    "p@10": 0.1,
    "r@10": 1.0,
    "ndcg@10": 0.5
  },
  "retrieved": [
    8809,
    8813,
    7785,
    7726,
    1539,
    7562,
    6458,
    8457,
    1536,
    7782
  ]
}