{
  "qid": 66614,
  "query": "Viên chức được phân loại dựa trên những căn cứ phân loại nào?",
  "metrics": {
    "mrr": 0.3333333333333333,
    "map": 0.3333333333333333,
    "p@1": 0.0,
    "r@1": 0.0,
    "ndcg@1": 0.0,
    "p@5": 0.2,
    "r@5": 1.0,
    "ndcg@5": 0.5,
    "p@10": 0.1,
    "r@10": 1.0,
    "ndcg@10": 0.5
  },
  "retrieved": [
    8320,
    8842,
    14210,
    8322,
    14613,
    8323,
    8474,
    11357,
    1386,
    11355
  ]
}