{
  "qid": 66619,
  "query": "Nguyên tắc nhập cảnh tro cốt về Việt Nam?",
  "metrics": {
    "mrr": 0.3333333333333333,
    "map": 0.3333333333333333,
    "p@1": 0.0,
    "r@1": 0.0,
    "ndcg@1": 0.0,
    "p@5": 0.2,
    "r@5": 1.0,
    "ndcg@5": 0.5,
    "p@10": 0.1,
    "r@10": 1.0,
    "ndcg@10": 0.5
  },
  "retrieved": [
    119,
    113,
    114,
    115,
    118,
    13697,
    13700,
    6997,
    8365,
    9674
  ]
}