{
  "qid": 66617,
  "query": "Người tập sự viên chức trong thời gian tập sự người hướng dẫn tập sự không?",
  "metrics": {
    "mrr": 0.5,
    "map": 0.5,
    "p@1": 0.0,
    "r@1": 0.0,
    "ndcg@1": 0.0,
    "p@5": 0.2,
    "r@5": 1.0,
    "ndcg@5": 0.6309297535714575,
    "p@10": 0.1,
    "r@10": 1.0,
    "ndcg@10": 0.6309297535714575
  },
  "retrieved": [
    14231,
    14229,
    4212,
    5836,
    6573,
    5842,
    4203,
    14228,
    5841,
    6575
  ]
}