{
  "qid": 66621,
  "query": "Thủ tục nhập cảnh tro cốt về Việt Nam được thực hiện như thế nào?",
  "metrics": {
    "mrr": 0.2,
    "map": 0.2,
    "p@1": 0.0,
    "r@1": 0.0,
    "ndcg@1": 0.0,
    "p@5": 0.2,
    "r@5": 1.0,
    "ndcg@5": 0.38685280723454163,
    "p@10": 0.1,
    "r@10": 1.0,
    "ndcg@10": 0.38685280723454163
  },
  "retrieved": [
    113,
    119,
    115,
    114,
    118,
    9676,
    11645,
    7481,
    9669,
    11632
  ]
}