{
  "qid": 66773,
  "query": "Hội nghị cán bộ công chức hàng năm sẽ thực hiện những nội dung nào theo quy định pháp luật?",
  "metrics": {
    "mrr": 0.1111111111111111,
    "map": 0.1111111111111111,
    "p@1": 0.0,
    "r@1": 0.0,
    "ndcg@1": 0.0,
    "p@5": 0.0,
    "r@5": 0.0,
    "ndcg@5": 0.0,
    "p@10": 0.1,
    "r@10": 1.0,
    "ndcg@10": 0.3010299956639812
  },
  "retrieved": [
    4128,
    806,
    4127,
    2336,
    808,
    814,
    4133,
    4131,
    811,
    810
  ]
}