{
  "qid": 67140,
  "query": "Giới hạn ký tự của tên kênh chương trình trên dịch vụ phát thanh truyền hình là bao nhiêu?",
  "metrics": {
    "mrr": 0.14285714285714285,
    "map": 0.14285714285714285,
    "p@1": 0.0,
    "r@1": 0.0,
    "ndcg@1": 0.0,
    "p@5": 0.0,
    "r@5": 0.0,
    "ndcg@5": 0.0,
    "p@10": 0.1,
    "r@10": 1.0,
    "ndcg@10": 0.3333333333333333
  },
  "retrieved": [
    6368,
    14919,
    6391,
    14918,
    6369,
    6375,
    6388,
    6372,
    6387,
    6382
  ]
}