{
  "qid": 67301,
  "query": "Tàu biển thế chấp gồm những loại nào? Hồ sơ đăng ký thế chấp tàu biển gồm những giấy tờ nào?",
  "metrics": {
    "mrr": 0.3333333333333333,
    "map": 0.16666666666666666,
    "p@1": 0.0,
    "r@1": 0.0,
    "ndcg@1": 0.0,
    "p@5": 0.2,
    "r@5": 0.5,
    "ndcg@5": 0.3065735963827292,
    "p@10": 0.1,
    "r@10": 0.5,
    "ndcg@10": 0.3065735963827292
  },
  "retrieved": [
    1283,
    11208,
    11201,
    1280,
    1285,
    11174,
    1284,
    11173,
    11233,
    7838
  ]
}