{
  "qid": 67470,
  "query": "Thời hạn lưu trữ tài liệu kế toán khi giải thể doanh nghiệp?",
  "metrics": {
    "mrr": 0.3333333333333333,
    "map": 0.3333333333333333,
    "p@1": 0.0,
    "r@1": 0.0,
    "ndcg@1": 0.0,
    "p@5": 0.2,
    "r@5": 1.0,
    "ndcg@5": 0.5,
    "p@10": 0.1,
    "r@10": 1.0,
    "ndcg@10": 0.5
  },
  "retrieved": [
    77,
    2890,
    2883,
    2857,
    2884,
    11034,
    2859,
    2856,
    10095,
    14864
  ]
}