{
  "qid": 67605,
  "query": "Để thi thăng hạng lên chức danh Tìm kiếm cứu nạn hàng hải từ hạng 3 lên hạng 2 thì viên chức cần đáp ứng những điều kiện gì?",
  "metrics": {
    "mrr": 0.16666666666666666,
    "map": 0.16666666666666666,
    "p@1": 0.0,
    "r@1": 0.0,
    "ndcg@1": 0.0,
    "p@5": 0.0,
    "r@5": 0.0,
    "ndcg@5": 0.0,
    "p@10": 0.1,
    "r@10": 1.0,
    "ndcg@10": 0.3562071871080222
  },
  "retrieved": [
    6924,
    13119,
    3873,
    8732,
    3876,
    14239,
    14249,
    14240,
    14236,
    3875
  ]
}