{
  "qid": 67742,
  "query": "Thời hạn để cơ quan có thẩm quyền giải quyết việc tố giác tin báo về tội phạm và kiến nghị khởi tố là bao lâu?",
  "metrics": {
    "mrr": 0.25,
    "map": 0.25,
    "p@1": 0.0,
    "r@1": 0.0,
    "ndcg@1": 0.0,
    "p@5": 0.2,
    "r@5": 1.0,
    "ndcg@5": 0.43067655807339306,
    "p@10": 0.1,
    "r@10": 1.0,
    "ndcg@10": 0.43067655807339306
  },
  "retrieved": [
    1000,
    10626,
    10622,
    995,
    10624,
    997,
    10623,
    990,
    10533,
    999
  ]
}