{
  "qid": 67782,
  "query": "Đơn vị kinh doanh vận tải hàng hóa bằng xe ô tô phải đảm bảo hợp đồng vận chuyển hàng hóa có đầy đủ những nội dung nào?",
  "metrics": {
    "mrr": 0.25,
    "map": 0.25,
    "p@1": 0.0,
    "r@1": 0.0,
    "ndcg@1": 0.0,
    "p@5": 0.2,
    "r@5": 1.0,
    "ndcg@5": 0.43067655807339306,
    "p@10": 0.1,
    "r@10": 1.0,
    "ndcg@10": 0.43067655807339306
  },
  "retrieved": [
    13135,
    13129,
    10326,
    13141,
    13156,
    13137,
    10321,
    13160,
    13133,
    13143
  ]
}