{
  "qid": 68045,
  "query": "Hiệp sĩ bắt cướp bị thương thì được hưởng chế độ chính sách gì?",
  "metrics": {
    "mrr": 0.14285714285714285,
    "map": 0.14285714285714285,
    "p@1": 0.0,
    "r@1": 0.0,
    "ndcg@1": 0.0,
    "p@5": 0.0,
    "r@5": 0.0,
    "ndcg@5": 0.0,
    "p@10": 0.1,
    "r@10": 1.0,
    "ndcg@10": 0.3333333333333333
  },
  "retrieved": [
    1216,
    6075,
    13,
    2574,
    11844,
    2958,
    6195,
    8795,
    4795,
    13723
  ]
}