{
  "qid": 68368,
  "query": "Hội đồng xét xử phúc thẩm có quyền sửa nội dung gì trong bản án sơ thẩm?",
  "metrics": {
    "mrr": 0.5,
    "map": 0.5,
    "p@1": 0.0,
    "r@1": 0.0,
    "ndcg@1": 0.0,
    "p@5": 0.2,
    "r@5": 1.0,
    "ndcg@5": 0.6309297535714575,
    "p@10": 0.1,
    "r@10": 1.0,
    "ndcg@10": 0.6309297535714575
  },
  "retrieved": [
    10832,
    10834,
    10835,
    10865,
    10837,
    10737,
    10839,
    10836,
    10867,
    10825
  ]
}