{
  "qid": 68376,
  "query": "Họa sĩ hạng 4 yêu cầu tiêu chuẩn về năng lực chuyên môn nghiệp vụ như thế nào?",
  "metrics": {
    "mrr": 0.5,
    "map": 0.5,
    "p@1": 0.0,
    "r@1": 0.0,
    "ndcg@1": 0.0,
    "p@5": 0.2,
    "r@5": 1.0,
    "ndcg@5": 0.6309297535714575,
    "p@10": 0.1,
    "r@10": 1.0,
    "ndcg@10": 0.6309297535714575
  },
  "retrieved": [
    7462,
    7463,
    7465,
    14235,
    6455,
    8620,
    13120,
    8608,
    13124,
    7458
  ]
}