{
  "qid": 68439,
  "query": "Cơ sở dữ liệu đất đai do thành phố trực thuộc Trung ương tổ chức xây dựng gồm những nội dung gì?",
  "metrics": {
    "mrr": 0.5,
    "map": 0.5,
    "p@1": 0.0,
    "r@1": 0.0,
    "ndcg@1": 0.0,
    "p@5": 0.2,
    "r@5": 1.0,
    "ndcg@5": 0.6309297535714575,
    "p@10": 0.1,
    "r@10": 1.0,
    "ndcg@10": 0.6309297535714575
  },
  "retrieved": [
    5475,
    5398,
    5477,
    5476,
    5400,
    5399,
    5479,
    1629,
    13464,
    1234
  ]
}