{
  "qid": 68636,
  "query": "Hồ sơ yêu cầu nước ngoài tiếp tục truy cứu trách nhiệm hình sự đối với người phạm tội gồm những thành phần nào?",
  "metrics": {
    "mrr": 0.14285714285714285,
    "map": 0.14285714285714285,
    "p@1": 0.0,
    "r@1": 0.0,
    "ndcg@1": 0.0,
    "p@5": 0.0,
    "r@5": 0.0,
    "ndcg@5": 0.0,
    "p@10": 0.1,
    "r@10": 1.0,
    "ndcg@10": 0.3333333333333333
  },
  "retrieved": [
    1921,
    1925,
    1910,
    1909,
    7987,
    1913,
    1912,
    1922,
    1915,
    7983
  ]
}