{
  "qid": 68795,
  "query": "Việc bổ nhiệm Kiểm tra viên của Viện Kiểm sát quân sự được thực hiện như thế nào?",
  "metrics": {
    "mrr": 0.16666666666666666,
    "map": 0.16666666666666666,
    "p@1": 0.0,
    "r@1": 0.0,
    "ndcg@1": 0.0,
    "p@5": 0.0,
    "r@5": 0.0,
    "ndcg@5": 0.0,
    "p@10": 0.1,
    "r@10": 1.0,
    "ndcg@10": 0.3562071871080222
  },
  "retrieved": [
    13868,
    13873,
    13872,
    13875,
    13866,
    13861,
    10944,
    13864,
    13859,
    13869
  ]
}