{
  "qid": 68907,
  "query": "Quy định mới nhất về cách xếp lương các ngạch công chức Quản lý thị trường là gì?",
  "metrics": {
    "mrr": 0.14285714285714285,
    "map": 0.14285714285714285,
    "p@1": 0.0,
    "r@1": 0.0,
    "ndcg@1": 0.0,
    "p@5": 0.0,
    "r@5": 0.0,
    "ndcg@5": 0.0,
    "p@10": 0.1,
    "r@10": 1.0,
    "ndcg@10": 0.3333333333333333
  },
  "retrieved": [
    7561,
    3466,
    7562,
    9164,
    7563,
    7556,
    1536,
    8612,
    8457,
    7726
  ]
}