{
  "qid": 69179,
  "query": "Lập hóa đơn điện tử có mã của cơ quan thuế như thế nào?",
  "metrics": {
    "mrr": 0.25,
    "map": 0.25,
    "p@1": 0.0,
    "r@1": 0.0,
    "ndcg@1": 0.0,
    "p@5": 0.2,
    "r@5": 1.0,
    "ndcg@5": 0.43067655807339306,
    "p@10": 0.1,
    "r@10": 1.0,
    "ndcg@10": 0.43067655807339306
  },
  "retrieved": [
    14870,
    14856,
    14865,
    14869,
    14874,
    14872,
    14867,
    14859,
    14871,
    14857
  ]
}