{
  "qid": 69189,
  "query": "Doanh nghiệp có thể trả tiền vay từ cá nhân bằng tiền mặt không?",
  "metrics": {
    "mrr": 0.25,
    "map": 0.25,
    "p@1": 0.0,
    "r@1": 0.0,
    "ndcg@1": 0.0,
    "p@5": 0.2,
    "r@5": 1.0,
    "ndcg@5": 0.43067655807339306,
    "p@10": 0.1,
    "r@10": 1.0,
    "ndcg@10": 0.43067655807339306
  },
  "retrieved": [
    12840,
    10406,
    9471,
    9472,
    371,
    12836,
    2983,
    2986,
    12838,
    5748
  ]
}