{
  "qid": 69319,
  "query": "Cơ quan nào phải thông báo ngay cho cơ quan có thẩm quyền của nước ngoài khi người đang chấp hành án phạt tù được đặc xá?",
  "metrics": {
    "mrr": 0.3333333333333333,
    "map": 0.3333333333333333,
    "p@1": 0.0,
    "r@1": 0.0,
    "ndcg@1": 0.0,
    "p@5": 0.2,
    "r@5": 1.0,
    "ndcg@5": 0.5,
    "p@10": 0.1,
    "r@10": 1.0,
    "ndcg@10": 0.5
  },
  "retrieved": [
    292,
    296,
    295,
    3011,
    6992,
    294,
    6991,
    3989,
    291,
    12712
  ]
}