{
  "qid": 69347,
  "query": "Trung tâm Hành động bom mìn quốc gia Việt Nam đặt dưới sự chỉ đạo của ai?",
  "metrics": {
    "mrr": 0.5,
    "map": 0.5,
    "p@1": 0.0,
    "r@1": 0.0,
    "ndcg@1": 0.0,
    "p@5": 0.2,
    "r@5": 1.0,
    "ndcg@5": 0.6309297535714575,
    "p@10": 0.1,
    "r@10": 1.0,
    "ndcg@10": 0.6309297535714575
  },
  "retrieved": [
    3159,
    3157,
    3158,
    13470,
    13080,
    3675,
    13473,
    13389,
    13474,
    8076
  ]
}