{
  "qid": 69348,
  "query": "Quyền hạn của Trung tâm Hành động bom mìn quốc gia Việt Nam là gì?",
  "metrics": {
    "mrr": 0.3333333333333333,
    "map": 0.3333333333333333,
    "p@1": 0.0,
    "r@1": 0.0,
    "ndcg@1": 0.0,
    "p@5": 0.2,
    "r@5": 1.0,
    "ndcg@5": 0.5,
    "p@10": 0.1,
    "r@10": 1.0,
    "ndcg@10": 0.5
  },
  "retrieved": [
    3159,
    3157,
    3158,
    13389,
    13466,
    13470,
    8806,
    13473,
    6081,
    13474
  ]
}