{
  "qid": 69486,
  "query": "Giáo viên dạy giỏi cấp toàn quốc có được nâng bậc lương trước hạn không?",
  "metrics": {
    "mrr": 0.2,
    "map": 0.2,
    "p@1": 0.0,
    "r@1": 0.0,
    "ndcg@1": 0.0,
    "p@5": 0.2,
    "r@5": 1.0,
    "ndcg@5": 0.38685280723454163,
    "p@10": 0.1,
    "r@10": 1.0,
    "ndcg@10": 0.38685280723454163
  },
  "retrieved": [
    2817,
    3457,
    7147,
    7559,
    8171,
    8172,
    1370,
    14491,
    8170,
    7148
  ]
}