{
  "qid": 6953,
  "query": "Cơ quan nào có quyền thanh tra về việc đáp ứng các yêu cầu đối với điều kiện tập luyện môn Lân Sư Rồng trong nhà?",
  "metrics": {
    "mrr": 0.25,
    "map": 0.25,
    "p@1": 0.0,
    "r@1": 0.0,
    "ndcg@1": 0.0,
    "p@5": 0.2,
    "r@5": 1.0,
    "ndcg@5": 0.43067655807339306,
    "p@10": 0.1,
    "r@10": 1.0,
    "ndcg@10": 0.43067655807339306
  },
  "retrieved": [
    4412,
    4411,
    4414,
    4415,
    4751,
    257,
    6616,
    4413,
    6039,
    11971
  ]
}