{
  "qid": 69603,
  "query": "Thời hiệu xử lý kỷ luật buộc thôi việc đối với công chức là bao nhiêu năm?",
  "metrics": {
    "mrr": 0.5,
    "map": 0.5,
    "p@1": 0.0,
    "r@1": 0.0,
    "ndcg@1": 0.0,
    "p@5": 0.2,
    "r@5": 1.0,
    "ndcg@5": 0.6309297535714575,
    "p@10": 0.1,
    "r@10": 1.0,
    "ndcg@10": 0.6309297535714575
  },
  "retrieved": [
    1709,
    13745,
    6668,
    13779,
    13764,
    13747,
    13753,
    13766,
    1757,
    11796
  ]
}