{
  "qid": 69705,
  "query": "Bảo tàng Mỹ thuật Việt Nam được để lại bao nhiêu tổng số tiền phí thăm quan thu được để trang trải chi phí?",
  "metrics": {
    "mrr": 0.3333333333333333,
    "map": 0.3333333333333333,
    "p@1": 0.0,
    "r@1": 0.0,
    "ndcg@1": 0.0,
    "p@5": 0.2,
    "r@5": 1.0,
    "ndcg@5": 0.5,
    "p@10": 0.1,
    "r@10": 1.0,
    "ndcg@10": 0.5
  },
  "retrieved": [
    11066,
    8775,
    8776,
    14540,
    6041,
    9813,
    13798,
    14040,
    13820,
    11814
  ]
}