{
  "qid": 69792,
  "query": "Hàng hóa có xuất xứ là gì?",
  "metrics": {
    "mrr": 0.5,
    "map": 0.5,
    "p@1": 0.0,
    "r@1": 0.0,
    "ndcg@1": 0.0,
    "p@5": 0.2,
    "r@5": 1.0,
    "ndcg@5": 0.6309297535714575,
    "p@10": 0.1,
    "r@10": 1.0,
    "ndcg@10": 0.6309297535714575
  },
  "retrieved": [
    2787,
    2779,
    5255,
    2793,
    2798,
    5520,
    5523,
    2806,
    5517,
    5258
  ]
}