{
  "qid": 69916,
  "query": "Đề xuất hệ số lương ngạch công chức chuyên ngành thống kê?",
  "metrics": {
    "mrr": 0.16666666666666666,
    "map": 0.16666666666666666,
    "p@1": 0.0,
    "r@1": 0.0,
    "ndcg@1": 0.0,
    "p@5": 0.0,
    "r@5": 0.0,
    "ndcg@5": 0.0,
    "p@10": 0.1,
    "r@10": 1.0,
    "ndcg@10": 0.3562071871080222
  },
  "retrieved": [
    668,
    7563,
    8457,
    6460,
    665,
    1536,
    7561,
    7562,
    4879,
    12465
  ]
}