{
  "qid": 69944,
  "query": "Ban Chỉ đạo phòng chống khủng bố quốc gia có những nhiệm vụ nào?",
  "metrics": {
    "mrr": 0.5,
    "map": 0.5,
    "p@1": 0.0,
    "r@1": 0.0,
    "ndcg@1": 0.0,
    "p@5": 0.2,
    "r@5": 1.0,
    "ndcg@5": 0.6309297535714575,
    "p@10": 0.1,
    "r@10": 1.0,
    "ndcg@10": 0.6309297535714575
  },
  "retrieved": [
    7161,
    7155,
    7162,
    7159,
    7160,
    7156,
    7152,
    7158,
    7154,
    7153
  ]
}