{
  "qid": 70167,
  "query": "Thẩm phán được phân công xét xử vụ án hình sự có bị cáo là người dưới 18 tuổi phải đáp ứng điều kiện gì?",
  "metrics": {
    "mrr": 0.5,
    "map": 0.5,
    "p@1": 0.0,
    "r@1": 0.0,
    "ndcg@1": 0.0,
    "p@5": 0.2,
    "r@5": 1.0,
    "ndcg@5": 0.6309297535714575,
    "p@10": 0.1,
    "r@10": 1.0,
    "ndcg@10": 0.6309297535714575
  },
  "retrieved": [
    2516,
    2521,
    2522,
    10803,
    10522,
    10930,
    2518,
    6696,
    10932,
    2520
  ]
}