{
  "qid": 70398,
  "query": "Nếu cần triệu tập người giám định trong vụ án hình sự đang ở nước ngoài thì xử lý như thế nào?",
  "metrics": {
    "mrr": 0.5,
    "map": 0.5,
    "p@1": 0.0,
    "r@1": 0.0,
    "ndcg@1": 0.0,
    "p@5": 0.2,
    "r@5": 1.0,
    "ndcg@5": 0.6309297535714575,
    "p@10": 0.1,
    "r@10": 1.0,
    "ndcg@10": 0.6309297535714575
  },
  "retrieved": [
    7968,
    10964,
    7963,
    10522,
    10545,
    7974,
    10516,
    7965,
    10919,
    10542
  ]
}