{
  "qid": 70502,
  "query": "Quyền và nghĩa vụ của tổ chức tín dụng trong hoạt động mua nợ như thế nào?",
  "metrics": {
    "mrr": 0.2,
    "map": 0.2,
    "p@1": 0.0,
    "r@1": 0.0,
    "ndcg@1": 0.0,
    "p@5": 0.2,
    "r@5": 1.0,
    "ndcg@5": 0.38685280723454163,
    "p@10": 0.1,
    "r@10": 1.0,
    "ndcg@10": 0.38685280723454163
  },
  "retrieved": [
    9547,
    9549,
    9561,
    9564,
    9560,
    9558,
    9545,
    9550,
    9553,
    9568
  ]
}