{
  "qid": 70576,
  "query": "Khi thực hiện hợp tác quốc tế trong lĩnh vực phòng chống ma tuý thì Bộ Công an có những trách nhiệm gì?",
  "metrics": {
    "mrr": 0.5,
    "map": 0.5,
    "p@1": 0.0,
    "r@1": 0.0,
    "ndcg@1": 0.0,
    "p@5": 0.2,
    "r@5": 1.0,
    "ndcg@5": 0.6309297535714575,
    "p@10": 0.1,
    "r@10": 1.0,
    "ndcg@10": 0.6309297535714575
  },
  "retrieved": [
    4688,
    4689,
    4691,
    4684,
    4690,
    4693,
    4701,
    4700,
    2556,
    4692
  ]
}