{
  "qid": 70845,
  "query": "Các loài thực vật rừng quý hiếm được chia thành mấy nhóm theo quy định pháp luật?",
  "metrics": {
    "mrr": 0.5,
    "map": 0.5,
    "p@1": 0.0,
    "r@1": 0.0,
    "ndcg@1": 0.0,
    "p@5": 0.2,
    "r@5": 1.0,
    "ndcg@5": 0.6309297535714575,
    "p@10": 0.1,
    "r@10": 1.0,
    "ndcg@10": 0.6309297535714575
  },
  "retrieved": [
    14418,
    6713,
    6712,
    6718,
    6714,
    6710,
    6742,
    6715,
    6719,
    6748
  ]
}