{
  "qid": 70947,
  "query": "Hiến chương của tổ chức tôn giáo bao gồm những nội dung nào?",
  "metrics": {
    "mrr": 0.3333333333333333,
    "map": 0.3333333333333333,
    "p@1": 0.0,
    "r@1": 0.0,
    "ndcg@1": 0.0,
    "p@5": 0.2,
    "r@5": 1.0,
    "ndcg@5": 0.5,
    "p@10": 0.1,
    "r@10": 1.0,
    "ndcg@10": 0.5
  },
  "retrieved": [
    2154,
    2137,
    2153,
    2175,
    2182,
    2158,
    2197,
    2150,
    2162,
    2183
  ]
}