{
  "qid": 7106,
  "query": "Khách du lịch yêu cầu thay đổi địa điểm du lịch trong quá trình đi tour thì có được không?",
  "metrics": {
    "mrr": 0.2,
    "map": 0.2,
    "p@1": 0.0,
    "r@1": 0.0,
    "ndcg@1": 0.0,
    "p@5": 0.2,
    "r@5": 1.0,
    "ndcg@5": 0.38685280723454163,
    "p@10": 0.1,
    "r@10": 1.0,
    "ndcg@10": 0.38685280723454163
  },
  "retrieved": [
    6609,
    9753,
    9746,
    9786,
    9754,
    9816,
    9762,
    2803,
    13132,
    13518
  ]
}