{
  "qid": 71447,
  "query": "Ai có quyền quyết định việc thành lập Hội đồng quản lý trong đơn vị sự nghiệp công lập thuộc ngành nông nghiệp và phát triển nông thôn?",
  "metrics": {
    "mrr": 0.14285714285714285,
    "map": 0.14285714285714285,
    "p@1": 0.0,
    "r@1": 0.0,
    "ndcg@1": 0.0,
    "p@5": 0.0,
    "r@5": 0.0,
    "ndcg@5": 0.0,
    "p@10": 0.1,
    "r@10": 1.0,
    "ndcg@10": 0.3333333333333333
  },
  "retrieved": [
    8740,
    3156,
    3153,
    8756,
    8753,
    3150,
    3151,
    1221,
    3149,
    5533
  ]
}