{
  "qid": 71669,
  "query": "Giáo viên trung học cơ sở hạng II hiện nay đang có hệ số lương là bao nhiêu?",
  "metrics": {
    "mrr": 0.14285714285714285,
    "map": 0.14285714285714285,
    "p@1": 0.0,
    "r@1": 0.0,
    "ndcg@1": 0.0,
    "p@5": 0.0,
    "r@5": 0.0,
    "ndcg@5": 0.0,
    "p@10": 0.1,
    "r@10": 1.0,
    "ndcg@10": 0.3333333333333333
  },
  "retrieved": [
    1537,
    7726,
    3852,
    3847,
    1533,
    8612,
    1536,
    1534,
    6460,
    8457
  ]
}