{
  "qid": 71721,
  "query": "Chứng từ kế toán có những nội dung nào theo quy định của pháp luật?",
  "metrics": {
    "mrr": 0.5,
    "map": 0.5,
    "p@1": 0.0,
    "r@1": 0.0,
    "ndcg@1": 0.0,
    "p@5": 0.2,
    "r@5": 1.0,
    "ndcg@5": 0.6309297535714575,
    "p@10": 0.1,
    "r@10": 1.0,
    "ndcg@10": 0.6309297535714575
  },
  "retrieved": [
    2862,
    2860,
    2865,
    2863,
    12081,
    9147,
    11339,
    14863,
    2861,
    9146
  ]
}