{
  "qid": 72027,
  "query": "Giấy ủy nhiệm tham dự hội nghị quốc tế liên quan đến điều ước quốc tế do cơ quan nào lưu trữ?",
  "metrics": {
    "mrr": 0.3333333333333333,
    "map": 0.3333333333333333,
    "p@1": 0.0,
    "r@1": 0.0,
    "ndcg@1": 0.0,
    "p@5": 0.2,
    "r@5": 1.0,
    "ndcg@5": 0.5,
    "p@10": 0.1,
    "r@10": 1.0,
    "ndcg@10": 0.5
  },
  "retrieved": [
    12179,
    12220,
    12215,
    12159,
    93,
    6828,
    1403,
    12218,
    6831,
    12238
  ]
}