{
  "qid": 7232,
  "query": "Quyết định không khởi tố vụ án hình sự phải gửi cho những ai?",
  "metrics": {
    "mrr": 0.3333333333333333,
    "map": 0.3333333333333333,
    "p@1": 0.0,
    "r@1": 0.0,
    "ndcg@1": 0.0,
    "p@5": 0.2,
    "r@5": 1.0,
    "ndcg@5": 0.5,
    "p@10": 0.1,
    "r@10": 1.0,
    "ndcg@10": 0.5
  },
  "retrieved": [
    10631,
    10633,
    10635,
    3569,
    10638,
    3571,
    10630,
    10517,
    10636,
    10641
  ]
}