{
  "qid": 72732,
  "query": "Văn bằng bảo hộ đối với kiểu dáng công nghiệp được cấp cho nhiều người thì xác định quyền sở hữu công nghiệp như thế nào?",
  "metrics": {
    "mrr": 0.5,
    "map": 0.5,
    "p@1": 0.0,
    "r@1": 0.0,
    "ndcg@1": 0.0,
    "p@5": 0.2,
    "r@5": 1.0,
    "ndcg@5": 0.6309297535714575,
    "p@10": 0.1,
    "r@10": 1.0,
    "ndcg@10": 0.6309297535714575
  },
  "retrieved": [
    11403,
    11402,
    11393,
    11420,
    11405,
    11400,
    11396,
    11419,
    11389,
    11415
  ]
}