{
  "qid": 7310,
  "query": "Cơ sở dữ liệu đất đai về địa chính được thực hiện tại cấp nào?",
  "metrics": {
    "mrr": 0.1111111111111111,
    "map": 0.1111111111111111,
    "p@1": 0.0,
    "r@1": 0.0,
    "ndcg@1": 0.0,
    "p@5": 0.0,
    "r@5": 0.0,
    "ndcg@5": 0.0,
    "p@10": 0.1,
    "r@10": 1.0,
    "ndcg@10": 0.3010299956639812
  },
  "retrieved": [
    5414,
    5400,
    5418,
    5403,
    5396,
    5474,
    5426,
    5397,
    5398,
    5406
  ]
}