{
  "qid": 73239,
  "query": "Nội dung báo cáo của các tổ chức kinh tế thực hiện dự án đầu tư như thế nào?",
  "metrics": {
    "mrr": 0.25,
    "map": 0.25,
    "p@1": 0.0,
    "r@1": 0.0,
    "ndcg@1": 0.0,
    "p@5": 0.2,
    "r@5": 1.0,
    "ndcg@5": 0.43067655807339306,
    "p@10": 0.1,
    "r@10": 1.0,
    "ndcg@10": 0.43067655807339306
  },
  "retrieved": [
    9602,
    9601,
    14742,
    14750,
    13229,
    14749,
    2673,
    5906,
    9609,
    2306
  ]
}