{
  "qid": 73335,
  "query": "Lập hóa đơn điện tử không có mã của cơ quan thuế như thế nào?",
  "metrics": {
    "mrr": 0.2,
    "map": 0.2,
    "p@1": 0.0,
    "r@1": 0.0,
    "ndcg@1": 0.0,
    "p@5": 0.2,
    "r@5": 1.0,
    "ndcg@5": 0.38685280723454163,
    "p@10": 0.1,
    "r@10": 1.0,
    "ndcg@10": 0.38685280723454163
  },
  "retrieved": [
    14870,
    14856,
    14865,
    14869,
    14874,
    14872,
    14867,
    14859,
    14871,
    14857
  ]
}