{
  "qid": 73967,
  "query": "Một số quy định khác đối với xe đạp vi phạm quy tắc giao thông có thể bị phạt là gì?",
  "metrics": {
    "mrr": 0.3333333333333333,
    "map": 0.3333333333333333,
    "p@1": 0.0,
    "r@1": 0.0,
    "ndcg@1": 0.0,
    "p@5": 0.2,
    "r@5": 1.0,
    "ndcg@5": 0.5,
    "p@10": 0.1,
    "r@10": 1.0,
    "ndcg@10": 0.5
  },
  "retrieved": [
    10306,
    10309,
    10332,
    10307,
    10345,
    10308,
    6171,
    6180,
    6170,
    6177
  ]
}