{
  "qid": 73974,
  "query": "Thẩm quyền quyết định, đề nghị xét tặng danh hiệu thi đua, hình thức khen thưởng của Chánh án Tòa án nhân dân cấp tỉnh?",
  "metrics": {
    "mrr": 0.5,
    "map": 0.5,
    "p@1": 0.0,
    "r@1": 0.0,
    "ndcg@1": 0.0,
    "p@5": 0.2,
    "r@5": 1.0,
    "ndcg@5": 0.6309297535714575,
    "p@10": 0.1,
    "r@10": 1.0,
    "ndcg@10": 0.6309297535714575
  },
  "retrieved": [
    1163,
    1156,
    1159,
    1162,
    1160,
    1130,
    1360,
    1357,
    1317,
    1372
  ]
}