{
  "qid": 74138,
  "query": "Phòng thanh tra chuyên ngành có thể giao cho thanh tra viên xử phạt đối với doanh nghiệp viễn thông cung cấp thông tin về bưu gửi không đầy đủ không?",
  "metrics": {
    "mrr": 0.1111111111111111,
    "map": 0.1111111111111111,
    "p@1": 0.0,
    "r@1": 0.0,
    "ndcg@1": 0.0,
    "p@5": 0.0,
    "r@5": 0.0,
    "ndcg@5": 0.0,
    "p@10": 0.1,
    "r@10": 1.0,
    "ndcg@10": 0.3010299956639812
  },
  "retrieved": [
    14527,
    4956,
    7031,
    4810,
    7032,
    7002,
    4950,
    7003,
    4637,
    4267
  ]
}