{
  "qid": 74405,
  "query": "Thẩm quyền quyết định thuê tàu bay thuộc về ai?",
  "metrics": {
    "mrr": 0.5,
    "map": 0.5,
    "p@1": 0.0,
    "r@1": 0.0,
    "ndcg@1": 0.0,
    "p@5": 0.2,
    "r@5": 1.0,
    "ndcg@5": 0.6309297535714575,
    "p@10": 0.1,
    "r@10": 1.0,
    "ndcg@10": 0.6309297535714575
  },
  "retrieved": [
    13290,
    13287,
    13282,
    13291,
    13293,
    13288,
    13314,
    13301,
    13292,
    13305
  ]
}