{
  "qid": 74693,
  "query": "Trong bảo quản phục chế tài nguyên thông tin của thư viện công lập phải đảm bảo những nguyên tắc cơ bản nào?",
  "metrics": {
    "mrr": 0.1111111111111111,
    "map": 0.1111111111111111,
    "p@1": 0.0,
    "r@1": 0.0,
    "ndcg@1": 0.0,
    "p@5": 0.0,
    "r@5": 0.0,
    "ndcg@5": 0.0,
    "p@10": 0.1,
    "r@10": 1.0,
    "ndcg@10": 0.3010299956639812
  },
  "retrieved": [
    2722,
    2721,
    2723,
    2725,
    2720,
    2735,
    2736,
    12419,
    2728,
    2724
  ]
}