{
  "qid": 74913,
  "query": "Giáo viên trung học cơ sở hạng 2 được áp dụng hệ số lương viên chức loại mấy?",
  "metrics": {
    "mrr": 0.14285714285714285,
    "map": 0.14285714285714285,
    "p@1": 0.0,
    "r@1": 0.0,
    "ndcg@1": 0.0,
    "p@5": 0.0,
    "r@5": 0.0,
    "ndcg@5": 0.0,
    "p@10": 0.1,
    "r@10": 1.0,
    "ndcg@10": 0.3333333333333333
  },
  "retrieved": [
    1537,
    3852,
    3847,
    7726,
    1534,
    1533,
    1536,
    2814,
    1529,
    3846
  ]
}