{
  "qid": 75142,
  "query": "Doanh nghiệp nhà nước được phép mua xe ô tô phục vụ cho công tác chung của doanh nghiệp trong hạn mức bao nhiêu?",
  "metrics": {
    "mrr": 0.14285714285714285,
    "map": 0.14285714285714285,
    "p@1": 0.0,
    "r@1": 0.0,
    "ndcg@1": 0.0,
    "p@5": 0.0,
    "r@5": 0.0,
    "ndcg@5": 0.0,
    "p@10": 0.1,
    "r@10": 1.0,
    "ndcg@10": 0.3333333333333333
  },
  "retrieved": [
    4462,
    4471,
    4449,
    4456,
    4463,
    4451,
    4464,
    4472,
    4470,
    4458
  ]
}