{
  "qid": 75206,
  "query": "Đối với Lễ Quốc tang thì lực lượng phục vụ cho Lễ tang do cơ quan nào chịu trách nhiệm chuẩn bị và số lượng được quy định như thế nào?",
  "metrics": {
    "mrr": 0.2,
    "map": 0.2,
    "p@1": 0.0,
    "r@1": 0.0,
    "ndcg@1": 0.0,
    "p@5": 0.2,
    "r@5": 1.0,
    "ndcg@5": 0.38685280723454163,
    "p@10": 0.1,
    "r@10": 1.0,
    "ndcg@10": 0.38685280723454163
  },
  "retrieved": [
    11758,
    11806,
    35,
    11796,
    11767,
    11783,
    11765,
    11755,
    11792,
    11776
  ]
}