{
  "qid": 75221,
  "query": "Hệ số lương được hưởng của sĩ quan quân đội thuộc cơ quan Việt Nam ở nước ngoài không giữ chức vụ ngoại giao là bao nhiêu?",
  "metrics": {
    "mrr": 0.5,
    "map": 0.5,
    "p@1": 0.0,
    "r@1": 0.0,
    "ndcg@1": 0.0,
    "p@5": 0.2,
    "r@5": 1.0,
    "ndcg@5": 0.6309297535714575,
    "p@10": 0.1,
    "r@10": 1.0,
    "ndcg@10": 0.6309297535714575
  },
  "retrieved": [
    9465,
    8793,
    8791,
    14492,
    8792,
    7561,
    11498,
    14230,
    8075,
    7560
  ]
}