{
  "qid": 75597,
  "query": "Chủ tịch Hội đồng giám sát cuộc đua cần xử lý như thế nào khi các thành viên có ý kiến khác nhau trong cuộc họp?",
  "metrics": {
    "mrr": 0.25,
    "map": 0.25,
    "p@1": 0.0,
    "r@1": 0.0,
    "ndcg@1": 0.0,
    "p@5": 0.2,
    "r@5": 1.0,
    "ndcg@5": 0.43067655807339306,
    "p@10": 0.1,
    "r@10": 1.0,
    "ndcg@10": 0.43067655807339306
  },
  "retrieved": [
    11028,
    11027,
    11030,
    6492,
    7394,
    12997,
    11026,
    12996,
    7714,
    8755
  ]
}