{
  "qid": 76089,
  "query": "Giải thể Tòa xử lý hành chính của Tòa án nhân dân cấp tỉnh trong trường hợp nào?",
  "metrics": {
    "mrr": 0.25,
    "map": 0.25,
    "p@1": 0.0,
    "r@1": 0.0,
    "ndcg@1": 0.0,
    "p@5": 0.2,
    "r@5": 1.0,
    "ndcg@5": 0.43067655807339306,
    "p@10": 0.1,
    "r@10": 1.0,
    "ndcg@10": 0.43067655807339306
  },
  "retrieved": [
    871,
    868,
    869,
    867,
    870,
    10823,
    10945,
    10859,
    8938,
    866
  ]
}