{
  "qid": 7647,
  "query": "Tổ chức không thực hiện lưu chiểu báo chí theo quy định thì bị xử phạt vi phạm hành chính như thế nào?",
  "metrics": {
    "mrr": 0.25,
    "map": 0.25,
    "p@1": 0.0,
    "r@1": 0.0,
    "ndcg@1": 0.0,
    "p@5": 0.2,
    "r@5": 1.0,
    "ndcg@5": 0.43067655807339306,
    "p@10": 0.1,
    "r@10": 1.0,
    "ndcg@10": 0.43067655807339306
  },
  "retrieved": [
    14904,
    8630,
    14903,
    14915,
    8632,
    8635,
    14944,
    14935,
    8627,
    14943
  ]
}