{
  "qid": 76472,
  "query": "Có được phép kinh doanh đặt cược bóng đá quốc tế tại Việt Nam hay không?",
  "metrics": {
    "mrr": 0.3333333333333333,
    "map": 0.16666666666666666,
    "p@1": 0.0,
    "r@1": 0.0,
    "ndcg@1": 0.0,
    "p@5": 0.2,
    "r@5": 0.5,
    "ndcg@5": 0.3065735963827292,
    "p@10": 0.1,
    "r@10": 0.5,
    "ndcg@10": 0.3065735963827292
  },
  "retrieved": [
    6501,
    3247,
    6468,
    6504,
    6505,
    6469,
    6481,
    6502,
    6507,
    6465
  ]
}