{
  "qid": 76606,
  "query": "Các hình thức kỷ luật đối với cán bộ được quy định ra sao?",
  "metrics": {
    "mrr": 0.25,
    "map": 0.25,
    "p@1": 0.0,
    "r@1": 0.0,
    "ndcg@1": 0.0,
    "p@5": 0.2,
    "r@5": 1.0,
    "ndcg@5": 0.43067655807339306,
    "p@10": 0.1,
    "r@10": 1.0,
    "ndcg@10": 0.43067655807339306
  },
  "retrieved": [
    13778,
    13761,
    13749,
    13747,
    13746,
    8224,
    13779,
    13741,
    3868,
    11770
  ]
}