{
  "qid": 76756,
  "query": "Người báo tin về tội phạm có được thông báo kết quả giải quyết tin báo về tội phạm không?",
  "metrics": {
    "mrr": 0.3333333333333333,
    "map": 0.3333333333333333,
    "p@1": 0.0,
    "r@1": 0.0,
    "ndcg@1": 0.0,
    "p@5": 0.2,
    "r@5": 1.0,
    "ndcg@5": 0.5,
    "p@10": 0.1,
    "r@10": 1.0,
    "ndcg@10": 0.5
  },
  "retrieved": [
    1000,
    10622,
    10533,
    999,
    994,
    995,
    998,
    10623,
    990,
    10626
  ]
}