{
  "qid": 76816,
  "query": "Hậu quả pháp lý khi viên chức thực hiện quyền đơn phương chấm dứt hợp đồng không đúng quy định pháp luật là gì?",
  "metrics": {
    "mrr": 0.5,
    "map": 0.5,
    "p@1": 0.0,
    "r@1": 0.0,
    "ndcg@1": 0.0,
    "p@5": 0.2,
    "r@5": 1.0,
    "ndcg@5": 0.6309297535714575,
    "p@10": 0.1,
    "r@10": 1.0,
    "ndcg@10": 0.6309297535714575
  },
  "retrieved": [
    14264,
    10984,
    8599,
    734,
    720,
    14232,
    11191,
    13748,
    9717,
    10095
  ]
}