{
  "qid": 7682,
  "query": "Cơ cấu tổ chức của Thanh tra tỉnh được quy định như thế nào?",
  "metrics": {
    "mrr": 0.3333333333333333,
    "map": 0.3333333333333333,
    "p@1": 0.0,
    "r@1": 0.0,
    "ndcg@1": 0.0,
    "p@5": 0.2,
    "r@5": 1.0,
    "ndcg@5": 0.5,
    "p@10": 0.1,
    "r@10": 1.0,
    "ndcg@10": 0.5
  },
  "retrieved": [
    3106,
    2128,
    3101,
    7294,
    493,
    13399,
    6323,
    7302,
    7297,
    4888
  ]
}