{
  "qid": 77113,
  "query": "Cấp Giấy chứng nhận đăng ký thuế và thông báo mã số thuế cho doanh nghiệp được pháp luật quy định như thế nào?",
  "metrics": {
    "mrr": 0.25,
    "map": 0.25,
    "p@1": 0.0,
    "r@1": 0.0,
    "ndcg@1": 0.0,
    "p@5": 0.2,
    "r@5": 1.0,
    "ndcg@5": 0.43067655807339306,
    "p@10": 0.1,
    "r@10": 1.0,
    "ndcg@10": 0.43067655807339306
  },
  "retrieved": [
    897,
    891,
    11954,
    11948,
    13340,
    11941,
    13339,
    11958,
    11956,
    11959
  ]
}