{
  "qid": 77156,
  "query": "Danh hiệu Chiến sỹ thi đua cơ sở ngành Kiểm sát nhân dân được xét tặng cho những cá nhân nào?",
  "metrics": {
    "mrr": 0.5,
    "map": 0.5,
    "p@1": 0.0,
    "r@1": 0.0,
    "ndcg@1": 0.0,
    "p@5": 0.2,
    "r@5": 1.0,
    "ndcg@5": 0.6309297535714575,
    "p@10": 0.1,
    "r@10": 1.0,
    "ndcg@10": 0.6309297535714575
  },
  "retrieved": [
    1333,
    1331,
    1332,
    1360,
    1369,
    1354,
    1346,
    1342,
    1370,
    1336
  ]
}