{
  "qid": 77157,
  "query": "Ai có quyền quyết định việc xét tặng danh hiệu Chiến sỹ thi đua cơ sở ngành Kiểm sát nhân dân?",
  "metrics": {
    "mrr": 0.3333333333333333,
    "map": 0.3333333333333333,
    "p@1": 0.0,
    "r@1": 0.0,
    "ndcg@1": 0.0,
    "p@5": 0.2,
    "r@5": 1.0,
    "ndcg@5": 0.5,
    "p@10": 0.1,
    "r@10": 1.0,
    "ndcg@10": 0.5
  },
  "retrieved": [
    1360,
    1331,
    1354,
    1353,
    1333,
    1369,
    1370,
    1332,
    1342,
    1357
  ]
}