{
  "qid": 77284,
  "query": "Đi xe máy quá cũ khi bộ phận giảm khói không còn bảo đảm quy chuẩn môi trường về khí thải thì có bị tịch thu xe không?",
  "metrics": {
    "mrr": 0.5,
    "map": 0.5,
    "p@1": 0.0,
    "r@1": 0.0,
    "ndcg@1": 0.0,
    "p@5": 0.2,
    "r@5": 1.0,
    "ndcg@5": 0.6309297535714575,
    "p@10": 0.1,
    "r@10": 1.0,
    "ndcg@10": 0.6309297535714575
  },
  "retrieved": [
    14334,
    10314,
    10306,
    10345,
    10320,
    6172,
    10332,
    10304,
    10328,
    10330
  ]
}