{
  "qid": 7756,
  "query": "Áp dụng hình thức kỉ luật đối với cán bộ, công chức, viên chức đi du lịch nước ngoài nhưng không được cho phép theo hình thức nào?",
  "metrics": {
    "mrr": 0.5,
    "map": 0.5,
    "p@1": 0.0,
    "r@1": 0.0,
    "ndcg@1": 0.0,
    "p@5": 0.2,
    "r@5": 1.0,
    "ndcg@5": 0.6309297535714575,
    "p@10": 0.1,
    "r@10": 1.0,
    "ndcg@10": 0.6309297535714575
  },
  "retrieved": [
    1040,
    13747,
    4133,
    13749,
    13746,
    13741,
    4131,
    11796,
    11008,
    13778
  ]
}