{
  "qid": 77667,
  "query": "Trình tự, thủ tục cung cấp thông tin khách hàng của chi nhánh ngân hàng nước ngoài được quy định như thế nào?",
  "metrics": {
    "mrr": 0.5,
    "map": 0.5,
    "p@1": 0.0,
    "r@1": 0.0,
    "ndcg@1": 0.0,
    "p@5": 0.2,
    "r@5": 1.0,
    "ndcg@5": 0.6309297535714575,
    "p@10": 0.1,
    "r@10": 1.0,
    "ndcg@10": 0.6309297535714575
  },
  "retrieved": [
    14533,
    14529,
    14527,
    14526,
    14532,
    14523,
    14534,
    14535,
    4025,
    14525
  ]
}