{
  "qid": 77818,
  "query": "Để bảo đảm an toàn hệ thống thông tin trong hoạt động ngân hàng thì các tổ chức gửi báo cáo về Ngân hàng Nhà nước những nội dung nào?",
  "metrics": {
    "mrr": 0.3333333333333333,
    "map": 0.3333333333333333,
    "p@1": 0.0,
    "r@1": 0.0,
    "ndcg@1": 0.0,
    "p@5": 0.2,
    "r@5": 1.0,
    "ndcg@5": 0.5,
    "p@10": 0.1,
    "r@10": 1.0,
    "ndcg@10": 0.5
  },
  "retrieved": [
    10159,
    10238,
    10244,
    6858,
    7885,
    10156,
    10195,
    10223,
    10191,
    437
  ]
}