{
  "qid": 77840,
  "query": "Công dân tổ chức họp báo nhưng không thông báo trước bằng văn bản sẽ bị xử phạt hành chính như thế nào?",
  "metrics": {
    "mrr": 1.0,
    "map": 0.5,
    "p@1": 1.0,
    "r@1": 0.5,
    "ndcg@1": 1.0,
    "p@5": 0.2,
    "r@5": 0.5,
    "ndcg@5": 0.6131471927654584,
    "p@10": 0.1,
    "r@10": 0.5,
    "ndcg@10": 0.6131471927654584
  },
  "retrieved": [
    14912,
    4054,
    11131,
    4640,
    4052,
    10619,
    3534,
    6512,
    3531,
    6556
  ]
}