{
  "qid": 78283,
  "query": "Công nghệ nào được nhà nước khuyến khích chuyển giao?",
  "metrics": {
    "mrr": 0.3333333333333333,
    "map": 0.3333333333333333,
    "p@1": 0.0,
    "r@1": 0.0,
    "ndcg@1": 0.0,
    "p@5": 0.2,
    "r@5": 1.0,
    "ndcg@5": 0.5,
    "p@10": 0.1,
    "r@10": 1.0,
    "ndcg@10": 0.5
  },
  "retrieved": [
    7546,
    7543,
    7500,
    7492,
    7522,
    7529,
    7544,
    7531,
    7534,
    7494
  ]
}