{
  "qid": 78467,
  "query": "Giáo viên kiêm chủ tịch công đoàn thì được giảm bao nhiêu tiết dạy?",
  "metrics": {
    "mrr": 0.25,
    "map": 0.25,
    "p@1": 0.0,
    "r@1": 0.0,
    "ndcg@1": 0.0,
    "p@5": 0.2,
    "r@5": 1.0,
    "ndcg@5": 0.43067655807339306,
    "p@10": 0.1,
    "r@10": 1.0,
    "ndcg@10": 0.43067655807339306
  },
  "retrieved": [
    8499,
    8501,
    8500,
    8502,
    7148,
    7147,
    8503,
    4612,
    14287,
    13775
  ]
}