{
  "qid": 78642,
  "query": "Hướng dẫn về thủ tục hải quan đối với trường hợp hàng hóa gửi kho ngoại quan?",
  "metrics": {
    "mrr": 0.2,
    "map": 0.2,
    "p@1": 0.0,
    "r@1": 0.0,
    "ndcg@1": 0.0,
    "p@5": 0.2,
    "r@5": 1.0,
    "ndcg@5": 0.38685280723454163,
    "p@10": 0.1,
    "r@10": 1.0,
    "ndcg@10": 0.38685280723454163
  },
  "retrieved": [
    8395,
    8394,
    8393,
    8390,
    8392,
    8391,
    8389,
    11998,
    11995,
    10392
  ]
}