{
  "qid": 7908,
  "query": "Lực lượng bảo vệ cơ quan cần phải đáp ứng những yêu cầu gì về trang phục?",
  "metrics": {
    "mrr": 0.2,
    "map": 0.2,
    "p@1": 0.0,
    "r@1": 0.0,
    "ndcg@1": 0.0,
    "p@5": 0.2,
    "r@5": 1.0,
    "ndcg@5": 0.38685280723454163,
    "p@10": 0.1,
    "r@10": 1.0,
    "ndcg@10": 0.38685280723454163
  },
  "retrieved": [
    8497,
    6070,
    6077,
    8484,
    8486,
    8498,
    8729,
    1222,
    1220,
    8487
  ]
}