{
  "qid": 7910,
  "query": "Cấp hiệu của lực lượng bảo vệ cơ quan có cấu tạo như thế nào?",
  "metrics": {
    "mrr": 0.5,
    "map": 0.5,
    "p@1": 0.0,
    "r@1": 0.0,
    "ndcg@1": 0.0,
    "p@5": 0.2,
    "r@5": 1.0,
    "ndcg@5": 0.6309297535714575,
    "p@10": 0.1,
    "r@10": 1.0,
    "ndcg@10": 0.6309297535714575
  },
  "retrieved": [
    8484,
    8489,
    13792,
    8487,
    13785,
    6069,
    8497,
    6077,
    3024,
    6070
  ]
}