{
  "qid": 79255,
  "query": "Hồ sơ đăng ký thu tín hiệu truyền hình nước ngoài trực tiếp từ vệ tinh bao gồm những gì?",
  "metrics": {
    "mrr": 0.3333333333333333,
    "map": 0.3333333333333333,
    "p@1": 0.0,
    "r@1": 0.0,
    "ndcg@1": 0.0,
    "p@5": 0.2,
    "r@5": 1.0,
    "ndcg@5": 0.5,
    "p@10": 0.1,
    "r@10": 1.0,
    "ndcg@10": 0.5
  },
  "retrieved": [
    14917,
    6394,
    6395,
    6393,
    2713,
    6369,
    8573,
    6389,
    6367,
    6366
  ]
}