{
  "qid": 795,
  "query": "Báo chí đối ngoại có trách nhiệm gì đối với việc đăng phát nội dung thông tin đối ngoại trên báo chí?",
  "metrics": {
    "mrr": 0.3333333333333333,
    "map": 0.3333333333333333,
    "p@1": 0.0,
    "r@1": 0.0,
    "ndcg@1": 0.0,
    "p@5": 0.2,
    "r@5": 1.0,
    "ndcg@5": 0.5,
    "p@10": 0.1,
    "r@10": 1.0,
    "ndcg@10": 0.5
  },
  "retrieved": [
    3646,
    3654,
    3653,
    3648,
    3655,
    3657,
    3652,
    3647,
    3651,
    3649
  ]
}