{
  "qid": 796,
  "query": "Thời gian đăng phát nội dung thông tin đối ngoại trên báo chí đối ngoại chậm nhất khi nào?",
  "metrics": {
    "mrr": 0.5,
    "map": 0.5,
    "p@1": 0.0,
    "r@1": 0.0,
    "ndcg@1": 0.0,
    "p@5": 0.2,
    "r@5": 1.0,
    "ndcg@5": 0.6309297535714575,
    "p@10": 0.1,
    "r@10": 1.0,
    "ndcg@10": 0.6309297535714575
  },
  "retrieved": [
    3654,
    3651,
    3646,
    3653,
    3652,
    3648,
    3655,
    3657,
    3649,
    3647
  ]
}