{
  "qid": 80103,
  "query": "Tạm hoãn xuất cảnh trong tố tụng hình sự là gì?",
  "metrics": {
    "mrr": 0.5,
    "map": 0.5,
    "p@1": 0.0,
    "r@1": 0.0,
    "ndcg@1": 0.0,
    "p@5": 0.2,
    "r@5": 1.0,
    "ndcg@5": 0.6309297535714575,
    "p@10": 0.1,
    "r@10": 1.0,
    "ndcg@10": 0.6309297535714575
  },
  "retrieved": [
    10601,
    10972,
    10586,
    10970,
    12710,
    6703,
    7999,
    8410,
    8366,
    1934
  ]
}