{
  "qid": 80121,
  "query": "Đơn vị máu, chế phẩm máu đạt tiêu chuẩn khi đáp ứng quy định nào?",
  "metrics": {
    "mrr": 0.5,
    "map": 0.5,
    "p@1": 0.0,
    "r@1": 0.0,
    "ndcg@1": 0.0,
    "p@5": 0.2,
    "r@5": 1.0,
    "ndcg@5": 0.6309297535714575,
    "p@10": 0.1,
    "r@10": 1.0,
    "ndcg@10": 0.6309297535714575
  },
  "retrieved": [
    5495,
    5496,
    5497,
    5499,
    5498,
    2428,
    2966,
    4062,
    4063,
    14561
  ]
}