{
  "qid": 80486,
  "query": "Đã ra quyết định khởi tố bị can nhưng người đó không có tội thì cơ quan nào có trách nhiệm bồi thường cho người bị thiệt hại?",
  "metrics": {
    "mrr": 0.5,
    "map": 0.5,
    "p@1": 0.0,
    "r@1": 0.0,
    "ndcg@1": 0.0,
    "p@5": 0.2,
    "r@5": 1.0,
    "ndcg@5": 0.6309297535714575,
    "p@10": 0.1,
    "r@10": 1.0,
    "ndcg@10": 0.6309297535714575
  },
  "retrieved": [
    12710,
    12727,
    10901,
    12724,
    10656,
    10607,
    12728,
    10537,
    10906,
    10905
  ]
}