{
  "qid": 80515,
  "query": "Bảo quản cơ sở dữ liệu tài liệu lưu trữ điện tử phải đảm bảo những yêu cầu nào?",
  "metrics": {
    "mrr": 0.2,
    "map": 0.2,
    "p@1": 0.0,
    "r@1": 0.0,
    "ndcg@1": 0.0,
    "p@5": 0.2,
    "r@5": 1.0,
    "ndcg@5": 0.38685280723454163,
    "p@10": 0.1,
    "r@10": 1.0,
    "ndcg@10": 0.38685280723454163
  },
  "retrieved": [
    2587,
    2589,
    225,
    2593,
    2594,
    221,
    66,
    222,
    68,
    6113
  ]
}