{
  "qid": 80668,
  "query": "Nguyên tắc chung về sử dụng dịch vụ công nghệ thông tin của bên thứ ba trong hoạt động ngân hàng được quy định như thế nào?",
  "metrics": {
    "mrr": 0.5,
    "map": 0.5,
    "p@1": 0.0,
    "r@1": 0.0,
    "ndcg@1": 0.0,
    "p@5": 0.2,
    "r@5": 1.0,
    "ndcg@5": 0.6309297535714575,
    "p@10": 0.1,
    "r@10": 1.0,
    "ndcg@10": 0.6309297535714575
  },
  "retrieved": [
    14884,
    10222,
    10238,
    10062,
    10245,
    13323,
    7880,
    7125,
    10206,
    10223
  ]
}