{
  "qid": 80669,
  "query": "Hợp đồng sử dụng dịch vụ công nghệ thông tin với bên thứ ba trong hoạt động ngân hàng phải có những nội dung nào?",
  "metrics": {
    "mrr": 0.16666666666666666,
    "map": 0.16666666666666666,
    "p@1": 0.0,
    "r@1": 0.0,
    "ndcg@1": 0.0,
    "p@5": 0.0,
    "r@5": 0.0,
    "ndcg@5": 0.0,
    "p@10": 0.1,
    "r@10": 1.0,
    "ndcg@10": 0.3562071871080222
  },
  "retrieved": [
    10062,
    14884,
    8423,
    10223,
    5184,
    10225,
    10245,
    7216,
    7880,
    10447
  ]
}