{
  "qid": 81071,
  "query": "Thời hạn giám định là bao lâu?",
  "metrics": {
    "mrr": 0.5,
    "map": 0.5,
    "p@1": 0.0,
    "r@1": 0.0,
    "ndcg@1": 0.0,
    "p@5": 0.2,
    "r@5": 1.0,
    "ndcg@5": 0.6309297535714575,
    "p@10": 0.1,
    "r@10": 1.0,
    "ndcg@10": 0.6309297535714575
  },
  "retrieved": [
    7931,
    10685,
    1010,
    10690,
    10682,
    10684,
    1008,
    7919,
    6160,
    3140
  ]
}