{
  "qid": 81070,
  "query": "Thời hạn giải quyết đề nghị giám định quy định như thế nào?",
  "metrics": {
    "mrr": 0.3333333333333333,
    "map": 0.3333333333333333,
    "p@1": 0.0,
    "r@1": 0.0,
    "ndcg@1": 0.0,
    "p@5": 0.2,
    "r@5": 1.0,
    "ndcg@5": 0.5,
    "p@10": 0.1,
    "r@10": 1.0,
    "ndcg@10": 0.5
  },
  "retrieved": [
    12737,
    1010,
    10684,
    10964,
    2210,
    1006,
    1008,
    1013,
    11384,
    203
  ]
}