{
  "qid": 81341,
  "query": "Cơ sở giáo dục thực hiện giáo dục hòa nhập có tối đa bao nhiêu học viên là người khuyết tật ở trong lớp?",
  "metrics": {
    "mrr": 0.25,
    "map": 0.25,
    "p@1": 0.0,
    "r@1": 0.0,
    "ndcg@1": 0.0,
    "p@5": 0.2,
    "r@5": 1.0,
    "ndcg@5": 0.43067655807339306,
    "p@10": 0.1,
    "r@10": 1.0,
    "ndcg@10": 0.43067655807339306
  },
  "retrieved": [
    3428,
    3432,
    3427,
    3431,
    13836,
    3433,
    3446,
    3444,
    3437,
    13842
  ]
}