{
  "qid": 81506,
  "query": "Có thể khiếu nại trực tiếp lần đầu đối với quyết định kỷ luật cán bộ hay không?",
  "metrics": {
    "mrr": 0.1111111111111111,
    "map": 0.05555555555555555,
    "p@1": 0.0,
    "r@1": 0.0,
    "ndcg@1": 0.0,
    "p@5": 0.0,
    "r@5": 0.0,
    "ndcg@5": 0.0,
    "p@10": 0.1,
    "r@10": 0.5,
    "ndcg@10": 0.18457569677956817
  },
  "retrieved": [
    1709,
    1751,
    1757,
    1718,
    1702,
    1758,
    13782,
    1754,
    1747,
    1756
  ]
}