{
  "qid": 81586,
  "query": "Người thay thế kế toán trưởng tại đơn vị Kho bạc Nhà nước cần đáp ứng những tiêu chuẩn, điều kiện gì?",
  "metrics": {
    "mrr": 0.14285714285714285,
    "map": 0.18253968253968253,
    "p@1": 0.0,
    "r@1": 0.0,
    "ndcg@1": 0.0,
    "p@5": 0.0,
    "r@5": 0.0,
    "ndcg@5": 0.0,
    "p@10": 0.2,
    "r@10": 1.0,
    "ndcg@10": 0.3889580943680543
  },
  "retrieved": [
    4389,
    4399,
    4396,
    2895,
    4388,
    2897,
    2896,
    4390,
    2893,
    5542
  ]
}