{
  "qid": 81606,
  "query": "Ngạch Kiểm soát viên chính thị trường hiện nay được xếp lương thế nào?",
  "metrics": {
    "mrr": 0.1111111111111111,
    "map": 0.1111111111111111,
    "p@1": 0.0,
    "r@1": 0.0,
    "ndcg@1": 0.0,
    "p@5": 0.0,
    "r@5": 0.0,
    "ndcg@5": 0.0,
    "p@10": 0.1,
    "r@10": 1.0,
    "ndcg@10": 0.3010299956639812
  },
  "retrieved": [
    9999,
    9982,
    9988,
    7561,
    3466,
    7562,
    3899,
    7563,
    1536,
    7556
  ]
}