{
  "qid": 82021,
  "query": "Kiểm tra ban đầu đối với tàu biển nước ngoài hoạt động trong vùng nước cảng biển Việt Nam sẽ kiểm tra những nội dung gì?",
  "metrics": {
    "mrr": 0.5,
    "map": 0.5,
    "p@1": 0.0,
    "r@1": 0.0,
    "ndcg@1": 0.0,
    "p@5": 0.2,
    "r@5": 1.0,
    "ndcg@5": 0.6309297535714575,
    "p@10": 0.1,
    "r@10": 1.0,
    "ndcg@10": 0.6309297535714575
  },
  "retrieved": [
    7662,
    7666,
    7667,
    7661,
    7674,
    7660,
    7673,
    7663,
    7672,
    7669
  ]
}