{
  "qid": 82241,
  "query": "Viên chức được bổ nhiệm chức danh giáo viên giáo dục nghề nghiệp hạng 4 có hệ số lương viên chức loại mấy?",
  "metrics": {
    "mrr": 0.3333333333333333,
    "map": 0.3333333333333333,
    "p@1": 0.0,
    "r@1": 0.0,
    "ndcg@1": 0.0,
    "p@5": 0.2,
    "r@5": 1.0,
    "ndcg@5": 0.5,
    "p@10": 0.1,
    "r@10": 1.0,
    "ndcg@10": 0.5
  },
  "retrieved": [
    7726,
    1537,
    1536,
    6460,
    3852,
    2820,
    1535,
    8457,
    3846,
    8612
  ]
}