{
  "qid": 82582,
  "query": "Xe quân sự đi làm nhiệm vụ khẩn cấp được lắp đặt thiết bị phát tín hiệu ưu tiên hay không?",
  "metrics": {
    "mrr": 0.16666666666666666,
    "map": 0.08333333333333333,
    "p@1": 0.0,
    "r@1": 0.0,
    "ndcg@1": 0.0,
    "p@5": 0.0,
    "r@5": 0.0,
    "ndcg@5": 0.0,
    "p@10": 0.1,
    "r@10": 0.5,
    "ndcg@10": 0.21840743681816419
  },
  "retrieved": [
    3969,
    12309,
    12306,
    3972,
    12307,
    12318,
    3967,
    3970,
    12305,
    12320
  ]
}