{
  "qid": 82614,
  "query": "Hồ sơ cấp giấy chứng nhận đủ điều kiện kinh doanh casino gồm những gì?",
  "metrics": {
    "mrr": 0.25,
    "map": 0.25,
    "p@1": 0.0,
    "r@1": 0.0,
    "ndcg@1": 0.0,
    "p@5": 0.2,
    "r@5": 1.0,
    "ndcg@5": 0.43067655807339306,
    "p@10": 0.1,
    "r@10": 1.0,
    "ndcg@10": 0.43067655807339306
  },
  "retrieved": [
    3308,
    3276,
    3274,
    3271,
    3277,
    3273,
    3291,
    3278,
    3270,
    12842
  ]
}