{
  "qid": 82637,
  "query": "04 vấn đề cần xác định khi tiến hành tố tụng đối với người bị buộc tội là người dưới 18 tuổi là gì?",
  "metrics": {
    "mrr": 0.3333333333333333,
    "map": 0.3333333333333333,
    "p@1": 0.0,
    "r@1": 0.0,
    "ndcg@1": 0.0,
    "p@5": 0.2,
    "r@5": 1.0,
    "ndcg@5": 0.5,
    "p@10": 0.1,
    "r@10": 1.0,
    "ndcg@10": 0.5
  },
  "retrieved": [
    6697,
    10892,
    10891,
    6702,
    6701,
    6699,
    6693,
    10549,
    6695,
    10492
  ]
}