{
  "qid": 82788,
  "query": "Việc thu thập chứng cứ trong tố tụng hình sự được thực hiện như thế nào?",
  "metrics": {
    "mrr": 0.14285714285714285,
    "map": 0.14285714285714285,
    "p@1": 0.0,
    "r@1": 0.0,
    "ndcg@1": 0.0,
    "p@5": 0.0,
    "r@5": 0.0,
    "ndcg@5": 0.0,
    "p@10": 0.1,
    "r@10": 1.0,
    "ndcg@10": 0.3333333333333333
  },
  "retrieved": [
    10962,
    3112,
    10558,
    10585,
    1509,
    10729,
    10565,
    10704,
    200,
    1512
  ]
}