{
  "qid": 82852,
  "query": "Quy trình xét tặng Kỷ niệm chương Vì sự nghiệp ngành Kế hoạch và Đầu tư Việt Nam được thực hiện như thế nào?",
  "metrics": {
    "mrr": 0.14285714285714285,
    "map": 0.14285714285714285,
    "p@1": 0.0,
    "r@1": 0.0,
    "ndcg@1": 0.0,
    "p@5": 0.0,
    "r@5": 0.0,
    "ndcg@5": 0.0,
    "p@10": 0.1,
    "r@10": 1.0,
    "ndcg@10": 0.3333333333333333
  },
  "retrieved": [
    7699,
    7702,
    983,
    986,
    3483,
    8856,
    7701,
    1345,
    2092,
    1344
  ]
}