{
  "qid": 82903,
  "query": "Việc bổ sung kháng nghị của Kiểm sát viên được thực hiện như thế nào?",
  "metrics": {
    "mrr": 0.2,
    "map": 0.2,
    "p@1": 0.0,
    "r@1": 0.0,
    "ndcg@1": 0.0,
    "p@5": 0.2,
    "r@5": 1.0,
    "ndcg@5": 0.38685280723454163,
    "p@10": 0.1,
    "r@10": 1.0,
    "ndcg@10": 0.38685280723454163
  },
  "retrieved": [
    10831,
    10863,
    10737,
    10871,
    10819,
    10732,
    10858,
    10839,
    10860,
    10875
  ]
}