{
  "qid": 82919,
  "query": "Chủ doanh nghiệp tư nhân được tiếp cận những thông tin nào?",
  "metrics": {
    "mrr": 0.1111111111111111,
    "map": 0.1111111111111111,
    "p@1": 0.0,
    "r@1": 0.0,
    "ndcg@1": 0.0,
    "p@5": 0.0,
    "r@5": 0.0,
    "ndcg@5": 0.0,
    "p@10": 0.1,
    "r@10": 1.0,
    "ndcg@10": 0.3010299956639812
  },
  "retrieved": [
    710,
    7830,
    898,
    11689,
    715,
    2057,
    900,
    712,
    11690,
    11698
  ]
}