{
  "qid": 83439,
  "query": "Người đại diện giao dịch của tổ chức tín dụng khi mua bán vàng miếng với Ngân hàng Nhà nước phải xuất trình các giấy tờ gì?",
  "metrics": {
    "mrr": 0.3333333333333333,
    "map": 0.3333333333333333,
    "p@1": 0.0,
    "r@1": 0.0,
    "ndcg@1": 0.0,
    "p@5": 0.2,
    "r@5": 1.0,
    "ndcg@5": 0.5,
    "p@10": 0.1,
    "r@10": 1.0,
    "ndcg@10": 0.5
  },
  "retrieved": [
    6130,
    6120,
    6121,
    6136,
    6122,
    6137,
    6127,
    6129,
    6119,
    6132
  ]
}