{
  "qid": 83433,
  "query": "Xếp lương viên chức là kiến trúc sư có trình độ thạc sĩ sau khi hết thời gian tập sự như thế nào?",
  "metrics": {
    "mrr": 0.14285714285714285,
    "map": 0.14285714285714285,
    "p@1": 0.0,
    "r@1": 0.0,
    "ndcg@1": 0.0,
    "p@5": 0.0,
    "r@5": 0.0,
    "ndcg@5": 0.0,
    "p@10": 0.1,
    "r@10": 1.0,
    "ndcg@10": 0.3333333333333333
  },
  "retrieved": [
    14230,
    7787,
    1536,
    9826,
    9834,
    8457,
    6460,
    7785,
    8156,
    9823
  ]
}