{
  "qid": 83556,
  "query": "Đối tượng, điều kiện đào tạo trình độ đại học được quy định như thế nào?",
  "metrics": {
    "mrr": 0.14285714285714285,
    "map": 0.14285714285714285,
    "p@1": 0.0,
    "r@1": 0.0,
    "ndcg@1": 0.0,
    "p@5": 0.0,
    "r@5": 0.0,
    "ndcg@5": 0.0,
    "p@10": 0.1,
    "r@10": 1.0,
    "ndcg@10": 0.3333333333333333
  },
  "retrieved": [
    308,
    13626,
    9823,
    9826,
    4603,
    310,
    10982,
    6945,
    14380,
    9836
  ]
}