{
  "qid": 8371,
  "query": "Tính riêng biệt của trợ cấp trong các biện pháp phòng vệ thương mại được xác định như thế nào?",
  "metrics": {
    "mrr": 0.3333333333333333,
    "map": 0.3333333333333333,
    "p@1": 0.0,
    "r@1": 0.0,
    "ndcg@1": 0.0,
    "p@5": 0.2,
    "r@5": 1.0,
    "ndcg@5": 0.5,
    "p@10": 0.1,
    "r@10": 1.0,
    "ndcg@10": 0.5
  },
  "retrieved": [
    5290,
    5294,
    12868,
    12930,
    12848,
    5295,
    12908,
    12850,
    12928,
    12920
  ]
}