{
  "qid": 83804,
  "query": "Cơ quan có thẩm quyền có tiến hành khởi tố vụ án ngay khi nhận được tố giác tội phạm hay không?",
  "metrics": {
    "mrr": 0.2,
    "map": 0.2,
    "p@1": 0.0,
    "r@1": 0.0,
    "ndcg@1": 0.0,
    "p@5": 0.2,
    "r@5": 1.0,
    "ndcg@5": 0.38685280723454163,
    "p@10": 0.1,
    "r@10": 1.0,
    "ndcg@10": 0.38685280723454163
  },
  "retrieved": [
    989,
    995,
    10621,
    10624,
    10620,
    10636,
    10630,
    10517,
    10625,
    1002
  ]
}