{
  "qid": 84024,
  "query": "Quy trình xử lý hồ sơ thay đổi địa chỉ doanh nghiệp của Cơ quan thuế?",
  "metrics": {
    "mrr": 0.14285714285714285,
    "map": 0.14285714285714285,
    "p@1": 0.0,
    "r@1": 0.0,
    "ndcg@1": 0.0,
    "p@5": 0.0,
    "r@5": 0.0,
    "ndcg@5": 0.0,
    "p@10": 0.1,
    "r@10": 1.0,
    "ndcg@10": 0.3333333333333333
  },
  "retrieved": [
    11957,
    13339,
    897,
    11950,
    898,
    894,
    11951,
    11954,
    13350,
    14868
  ]
}