{
  "qid": 84082,
  "query": "Hạ sĩ quan Quân đội nhân dân Việt Nam đang phục vụ tại ngũ vi phạm kỷ luật có thể bị xử lý ra sao?",
  "metrics": {
    "mrr": 0.5,
    "map": 0.5,
    "p@1": 0.0,
    "r@1": 0.0,
    "ndcg@1": 0.0,
    "p@5": 0.2,
    "r@5": 1.0,
    "ndcg@5": 0.6309297535714575,
    "p@10": 0.1,
    "r@10": 1.0,
    "ndcg@10": 0.6309297535714575
  },
  "retrieved": [
    3915,
    7332,
    7331,
    10749,
    7329,
    8937,
    7341,
    302,
    7335,
    2363
  ]
}