{
  "qid": 84427,
  "query": "Biện pháp dẫn giải được áp dụng với những đối tượng nào?",
  "metrics": {
    "mrr": 0.5,
    "map": 0.5,
    "p@1": 0.0,
    "r@1": 0.0,
    "ndcg@1": 0.0,
    "p@5": 0.2,
    "r@5": 1.0,
    "ndcg@5": 0.6309297535714575,
    "p@10": 0.1,
    "r@10": 1.0,
    "ndcg@10": 0.6309297535714575
  },
  "retrieved": [
    10603,
    10604,
    10586,
    7980,
    10414,
    10419,
    10422,
    10416,
    10417,
    12307
  ]
}