{
  "qid": 84428,
  "query": "Có được áp dụng biện pháp dẫn giải đối với người làm chứng hay không?",
  "metrics": {
    "mrr": 0.3333333333333333,
    "map": 0.3333333333333333,
    "p@1": 0.0,
    "r@1": 0.0,
    "ndcg@1": 0.0,
    "p@5": 0.2,
    "r@5": 1.0,
    "ndcg@5": 0.5,
    "p@10": 0.1,
    "r@10": 1.0,
    "ndcg@10": 0.5
  },
  "retrieved": [
    10604,
    10770,
    10543,
    10603,
    10952,
    10586,
    10519,
    10781,
    10934,
    10514
  ]
}