{
  "qid": 84526,
  "query": "Có các hình thức khiếu nại nào?",
  "metrics": {
    "mrr": 0.1111111111111111,
    "map": 0.1111111111111111,
    "p@1": 0.0,
    "r@1": 0.0,
    "ndcg@1": 0.0,
    "p@5": 0.0,
    "r@5": 0.0,
    "ndcg@5": 0.0,
    "p@10": 0.1,
    "r@10": 1.0,
    "ndcg@10": 0.3010299956639812
  },
  "retrieved": [
    1749,
    4811,
    4808,
    1729,
    6223,
    1741,
    1706,
    4807,
    1708,
    6350
  ]
}