{
  "qid": 84661,
  "query": "Ai có thẩm quyền tuyển dụng viên chức?",
  "metrics": {
    "mrr": 0.2,
    "map": 0.2,
    "p@1": 0.0,
    "r@1": 0.0,
    "ndcg@1": 0.0,
    "p@5": 0.2,
    "r@5": 1.0,
    "ndcg@5": 0.38685280723454163,
    "p@10": 0.1,
    "r@10": 1.0,
    "ndcg@10": 0.38685280723454163
  },
  "retrieved": [
    14225,
    14211,
    4188,
    14223,
    14214,
    14227,
    7799,
    14220,
    14274,
    1536
  ]
}