{
  "qid": 84765,
  "query": "Luật sư chuyển sang làm thừa phát lại sẽ có những quyền và nghĩa vụ gì?",
  "metrics": {
    "mrr": 0.16666666666666666,
    "map": 0.16666666666666666,
    "p@1": 0.0,
    "r@1": 0.0,
    "ndcg@1": 0.0,
    "p@5": 0.0,
    "r@5": 0.0,
    "ndcg@5": 0.0,
    "p@10": 0.1,
    "r@10": 1.0,
    "ndcg@10": 0.3562071871080222
  },
  "retrieved": [
    8930,
    1716,
    5841,
    2658,
    8937,
    8942,
    4212,
    2524,
    8970,
    8979
  ]
}