{
  "qid": 85309,
  "query": "Có mấy loại chứng nhận huấn luyện nghiệp vụ đối với thuyền viên tàu biển Việt Nam?",
  "metrics": {
    "mrr": 0.5,
    "map": 0.5,
    "p@1": 0.0,
    "r@1": 0.0,
    "ndcg@1": 0.0,
    "p@5": 0.2,
    "r@5": 1.0,
    "ndcg@5": 0.6309297535714575,
    "p@10": 0.1,
    "r@10": 1.0,
    "ndcg@10": 0.6309297535714575
  },
  "retrieved": [
    3768,
    3734,
    3738,
    3784,
    3719,
    3765,
    3783,
    3767,
    3736,
    3781
  ]
}