{
  "qid": 85769,
  "query": "Viên chức giữ chức danh kiểm nghiệm viên thủy sản hạng 3 được áp dụng hệ số lương viên chức loại nào?",
  "metrics": {
    "mrr": 0.3333333333333333,
    "map": 0.3333333333333333,
    "p@1": 0.0,
    "r@1": 0.0,
    "ndcg@1": 0.0,
    "p@5": 0.2,
    "r@5": 1.0,
    "ndcg@5": 0.5,
    "p@10": 0.1,
    "r@10": 1.0,
    "ndcg@10": 0.5
  },
  "retrieved": [
    1536,
    6460,
    8612,
    8457,
    7726,
    1537,
    7787,
    14239,
    8732,
    8458
  ]
}