{
  "qid": 86423,
  "query": "Trình tự công nhận hạng cơ sở lưu trú du lịch như thế nào?",
  "metrics": {
    "mrr": 0.5,
    "map": 0.5,
    "p@1": 0.0,
    "r@1": 0.0,
    "ndcg@1": 0.0,
    "p@5": 0.2,
    "r@5": 1.0,
    "ndcg@5": 0.6309297535714575,
    "p@10": 0.1,
    "r@10": 1.0,
    "ndcg@10": 0.6309297535714575
  },
  "retrieved": [
    9795,
    9793,
    9796,
    9752,
    6624,
    9789,
    9794,
    9791,
    9769,
    9792
  ]
}