{
  "qid": 86473,
  "query": "Các khoản chi phí cưỡng chế thi hành quyết định xử phạt vi phạm hành chính thì ai có trách nhiệm chi trả?",
  "metrics": {
    "mrr": 0.25,
    "map": 0.25,
    "p@1": 0.0,
    "r@1": 0.0,
    "ndcg@1": 0.0,
    "p@5": 0.2,
    "r@5": 1.0,
    "ndcg@5": 0.43067655807339306,
    "p@10": 0.1,
    "r@10": 1.0,
    "ndcg@10": 0.43067655807339306
  },
  "retrieved": [
    5394,
    5389,
    3533,
    5391,
    11822,
    11610,
    11823,
    5393,
    13364,
    3534
  ]
}