{
  "qid": 8705,
  "query": "Tổ chức thẩm định, duyệt giáo trình đào tạo của trường cao đẳng nghề được pháp luật quy định như thế nào?",
  "metrics": {
    "mrr": 0.5,
    "map": 0.5,
    "p@1": 0.0,
    "r@1": 0.0,
    "ndcg@1": 0.0,
    "p@5": 0.2,
    "r@5": 1.0,
    "ndcg@5": 0.6309297535714575,
    "p@10": 0.1,
    "r@10": 1.0,
    "ndcg@10": 0.6309297535714575
  },
  "retrieved": [
    3919,
    3349,
    3350,
    3334,
    3348,
    3351,
    11534,
    3926,
    492,
    3925
  ]
}