{
  "qid": 87091,
  "query": "Doanh nghiệp viễn thông khi nhận được quyết định mở Cổng Thông tin điện tử nhân đạo quốc gia phải có trách nhiệm gì?",
  "metrics": {
    "mrr": 0.2,
    "map": 0.2,
    "p@1": 0.0,
    "r@1": 0.0,
    "ndcg@1": 0.0,
    "p@5": 0.2,
    "r@5": 1.0,
    "ndcg@5": 0.38685280723454163,
    "p@10": 0.1,
    "r@10": 1.0,
    "ndcg@10": 0.38685280723454163
  },
  "retrieved": [
    9484,
    9496,
    9486,
    9493,
    9494,
    2057,
    9490,
    9495,
    8315,
    9488
  ]
}