{
  "qid": 8725,
  "query": "Thay đổi tiêu chuẩn về năng lực chuyên môn của trợ giúp viên pháp lý hạng III?",
  "metrics": {
    "mrr": 0.5,
    "map": 0.5,
    "p@1": 0.0,
    "r@1": 0.0,
    "ndcg@1": 0.0,
    "p@5": 0.2,
    "r@5": 1.0,
    "ndcg@5": 0.6309297535714575,
    "p@10": 0.1,
    "r@10": 1.0,
    "ndcg@10": 0.6309297535714575
  },
  "retrieved": [
    8608,
    8609,
    8606,
    8611,
    14235,
    13124,
    8619,
    6455,
    8620,
    1532
  ]
}