{
  "qid": 88119,
  "query": "Người dân tộc thiểu số trúng tuyển trong kỳ thi tuyển công chức ngạch Kiểm tra viên hải quan cần đạt bao nhiêu điểm ở vòng 2?",
  "metrics": {
    "mrr": 0.1111111111111111,
    "map": 0.1111111111111111,
    "p@1": 0.0,
    "r@1": 0.0,
    "ndcg@1": 0.0,
    "p@5": 0.0,
    "r@5": 0.0,
    "ndcg@5": 0.0,
    "p@10": 0.1,
    "r@10": 1.0,
    "ndcg@10": 0.3010299956639812
  },
  "retrieved": [
    2372,
    9156,
    14213,
    14216,
    2375,
    3879,
    14249,
    4188,
    14217,
    14211
  ]
}