{
  "qid": 88265,
  "query": "Đấu giá viên lợi dụng danh nghĩa của mình để trục lợi thì có bị thu hồi Chứng chỉ hành nghề đấu giá không?",
  "metrics": {
    "mrr": 0.25,
    "map": 0.25,
    "p@1": 0.0,
    "r@1": 0.0,
    "ndcg@1": 0.0,
    "p@5": 0.2,
    "r@5": 1.0,
    "ndcg@5": 0.43067655807339306,
    "p@10": 0.1,
    "r@10": 1.0,
    "ndcg@10": 0.43067655807339306
  },
  "retrieved": [
    696,
    701,
    704,
    703,
    6568,
    764,
    11416,
    700,
    705,
    711
  ]
}