{
  "qid": 88304,
  "query": "Hệ thống thông tin quốc gia về đăng ký doanh nghiệp và Hệ thống thông tin thuế trao đổi những thông tin gì về doanh nghiệp?",
  "metrics": {
    "mrr": 0.5,
    "map": 0.5,
    "p@1": 0.0,
    "r@1": 0.0,
    "ndcg@1": 0.0,
    "p@5": 0.2,
    "r@5": 1.0,
    "ndcg@5": 0.6309297535714575,
    "p@10": 0.1,
    "r@10": 1.0,
    "ndcg@10": 0.6309297535714575
  },
  "retrieved": [
    903,
    889,
    893,
    896,
    892,
    899,
    894,
    883,
    887,
    891
  ]
}