{
  "qid": 8843,
  "query": "Thời gian chốt số liệu báo cáo tình hình quản lý thoát nước và xử lý nước thải là khi nào?",
  "metrics": {
    "mrr": 0.3333333333333333,
    "map": 0.3333333333333333,
    "p@1": 0.0,
    "r@1": 0.0,
    "ndcg@1": 0.0,
    "p@5": 0.2,
    "r@5": 1.0,
    "ndcg@5": 0.5,
    "p@10": 0.1,
    "r@10": 1.0,
    "ndcg@10": 0.5
  },
  "retrieved": [
    4234,
    6833,
    10116,
    10112,
    1307,
    3613,
    4237,
    3081,
    10111,
    10107
  ]
}