{
  "qid": 88976,
  "query": "Có mấy phương thức trả thưởng trong đặt cược? Thời gian trả thưởng cho khách hàng trúng thưởng là bao lâu?",
  "metrics": {
    "mrr": 0.5,
    "map": 0.5,
    "p@1": 0.0,
    "r@1": 0.0,
    "ndcg@1": 0.0,
    "p@5": 0.2,
    "r@5": 1.0,
    "ndcg@5": 0.6309297535714575,
    "p@10": 0.1,
    "r@10": 1.0,
    "ndcg@10": 0.6309297535714575
  },
  "retrieved": [
    6525,
    6483,
    6465,
    6474,
    6472,
    6486,
    6470,
    3256,
    3301,
    6518
  ]
}