{
  "qid": 88977,
  "query": "Doanh nghiệp kinh doanh đặt cược chậm trả thưởng cho khách hàng trúng thưởng bị phạt ra sao?",
  "metrics": {
    "mrr": 0.5,
    "map": 0.5,
    "p@1": 0.0,
    "r@1": 0.0,
    "ndcg@1": 0.0,
    "p@5": 0.2,
    "r@5": 1.0,
    "ndcg@5": 0.6309297535714575,
    "p@10": 0.1,
    "r@10": 1.0,
    "ndcg@10": 0.6309297535714575
  },
  "retrieved": [
    6483,
    6525,
    6465,
    6486,
    6518,
    6470,
    11033,
    6506,
    6472,
    3301
  ]
}