{
  "qid": 8914,
  "query": "Đạt danh hiệu Tập thể lao động Xuất sắc thì có được xét tặng danh hiệu Cờ thi đua của Bộ Ngoại giao hay không?",
  "metrics": {
    "mrr": 0.3333333333333333,
    "map": 0.3333333333333333,
    "p@1": 0.0,
    "r@1": 0.0,
    "ndcg@1": 0.0,
    "p@5": 0.2,
    "r@5": 1.0,
    "ndcg@5": 0.5,
    "p@10": 0.1,
    "r@10": 1.0,
    "ndcg@10": 0.5
  },
  "retrieved": [
    7853,
    3490,
    3478,
    1359,
    3476,
    7851,
    5588,
    7687,
    1156,
    8841
  ]
}