{
  "qid": 89185,
  "query": "Người có thẩm quyền giải quyết khiếu nại trong thi hành án dân sự thụ lý đơn khiếu nại để giải quyết khi nào?",
  "metrics": {
    "mrr": 0.3333333333333333,
    "map": 0.3333333333333333,
    "p@1": 0.0,
    "r@1": 0.0,
    "ndcg@1": 0.0,
    "p@5": 0.2,
    "r@5": 1.0,
    "ndcg@5": 0.5,
    "p@10": 0.1,
    "r@10": 1.0,
    "ndcg@10": 0.5
  },
  "retrieved": [
    8996,
    2205,
    2206,
    2224,
    2227,
    1491,
    1711,
    2204,
    2200,
    2201
  ]
}