{
  "qid": 89296,
  "query": "Hành vi vi phạm về kiểm nghiệm thực phẩm bị xử phạt như thế nào?",
  "metrics": {
    "mrr": 0.3333333333333333,
    "map": 0.3333333333333333,
    "p@1": 0.0,
    "r@1": 0.0,
    "ndcg@1": 0.0,
    "p@5": 0.2,
    "r@5": 1.0,
    "ndcg@5": 0.5,
    "p@10": 0.1,
    "r@10": 1.0,
    "ndcg@10": 0.5
  },
  "retrieved": [
    14170,
    14189,
    14193,
    14171,
    14188,
    14204,
    14206,
    14177,
    14173,
    14195
  ]
}