{
  "qid": 89792,
  "query": "Trưởng đoàn thanh tra chuyên ngành của Bộ Giao thông vận tải có quyền xử phạt người cho người khác mượn thẻ kiểm soát an ninh hàng không không?",
  "metrics": {
    "mrr": 0.5,
    "map": 0.5,
    "p@1": 0.0,
    "r@1": 0.0,
    "ndcg@1": 0.0,
    "p@5": 0.2,
    "r@5": 1.0,
    "ndcg@5": 0.6309297535714575,
    "p@10": 0.1,
    "r@10": 1.0,
    "ndcg@10": 0.6309297535714575
  },
  "retrieved": [
    7438,
    4637,
    11127,
    10377,
    7436,
    7487,
    5916,
    5879,
    778,
    7432
  ]
}