{
  "qid": 8998,
  "query": "Khi có yêu cầu thay đổi lịch trình chuyến đi từ khách du lịch, hướng dẫn viên du lịch có trách nhiệm gì?",
  "metrics": {
    "mrr": 0.16666666666666666,
    "map": 0.16666666666666666,
    "p@1": 0.0,
    "r@1": 0.0,
    "ndcg@1": 0.0,
    "p@5": 0.0,
    "r@5": 0.0,
    "ndcg@5": 0.0,
    "p@10": 0.1,
    "r@10": 1.0,
    "ndcg@10": 0.3562071871080222
  },
  "retrieved": [
    9746,
    9805,
    9801,
    13129,
    6623,
    9808,
    9807,
    9806,
    9804,
    9809
  ]
}