{
  "qid": 89990,
  "query": "Ban Cơ yếu Chính phủ có những nhiệm vụ và quyền hạn gì trong việc Giúp Bộ trưởng Bộ Quốc phòng?",
  "metrics": {
    "mrr": 0.3333333333333333,
    "map": 0.3333333333333333,
    "p@1": 0.0,
    "r@1": 0.0,
    "ndcg@1": 0.0,
    "p@5": 0.2,
    "r@5": 1.0,
    "ndcg@5": 0.5,
    "p@10": 0.1,
    "r@10": 1.0,
    "ndcg@10": 0.5
  },
  "retrieved": [
    4770,
    5041,
    4785,
    7158,
    7564,
    2564,
    4775,
    4262,
    7565,
    2557
  ]
}