{
  "qid": 90347,
  "query": "Xác định xuất xứ hàng hóa trong trường hợp có nhiều nước tham gia vào quá trình sản xuất được quy định ra sao?",
  "metrics": {
    "mrr": 0.3333333333333333,
    "map": 0.3333333333333333,
    "p@1": 0.0,
    "r@1": 0.0,
    "ndcg@1": 0.0,
    "p@5": 0.2,
    "r@5": 1.0,
    "ndcg@5": 0.5,
    "p@10": 0.1,
    "r@10": 1.0,
    "ndcg@10": 0.5
  },
  "retrieved": [
    1124,
    2777,
    5520,
    2781,
    2783,
    5522,
    5301,
    8331,
    5523,
    5708
  ]
}