{
  "qid": 9037,
  "query": "Khi thực hiện chiết khấu công cụ chuyển nhượng có tính rủi ro thì ngân hàng thương mại cần xử lý ra sao?",
  "metrics": {
    "mrr": 0.3333333333333333,
    "map": 0.3333333333333333,
    "p@1": 0.0,
    "r@1": 0.0,
    "ndcg@1": 0.0,
    "p@5": 0.2,
    "r@5": 1.0,
    "ndcg@5": 0.5,
    "p@10": 0.1,
    "r@10": 1.0,
    "ndcg@10": 0.5
  },
  "retrieved": [
    4016,
    4022,
    4028,
    4025,
    4014,
    4013,
    4018,
    4027,
    4026,
    4021
  ]
}