{
  "qid": 90716,
  "query": "Cơ sở khám chữa bệnh có những nghĩa vụ gì đối với bảo hiểm trách nhiệm trong khám chữa bệnh?",
  "metrics": {
    "mrr": 0.16666666666666666,
    "map": 0.16666666666666666,
    "p@1": 0.0,
    "r@1": 0.0,
    "ndcg@1": 0.0,
    "p@5": 0.0,
    "r@5": 0.0,
    "ndcg@5": 0.0,
    "p@10": 0.1,
    "r@10": 1.0,
    "ndcg@10": 0.3562071871080222
  },
  "retrieved": [
    9253,
    3142,
    2647,
    5139,
    11086,
    11085,
    4753,
    11340,
    1620,
    9225
  ]
}