{
  "qid": 91044,
  "query": "Nhiệm vụ khoa học và công nghệ cấp quốc gia được giao trực tiếp cho cá nhân thực hiện cần đảm bảo những nguyên tắc gì?",
  "metrics": {
    "mrr": 1.0,
    "map": 0.5,
    "p@1": 1.0,
    "r@1": 0.5,
    "ndcg@1": 1.0,
    "p@5": 0.2,
    "r@5": 0.5,
    "ndcg@5": 0.6131471927654584,
    "p@10": 0.1,
    "r@10": 0.5,
    "ndcg@10": 0.6131471927654584
  },
  "retrieved": [
    8656,
    8657,
    8661,
    8670,
    8674,
    8654,
    8668,
    8673,
    8662,
    8658
  ]
}