{
  "qid": 91255,
  "query": "Chứng từ chứng nhận xuất xứ hàng hóa trong thương mại giữa Việt Nam và Liên minh châu Âu có thời hạn hiệu lực ra sao?",
  "metrics": {
    "mrr": 0.25,
    "map": 0.25,
    "p@1": 0.0,
    "r@1": 0.0,
    "ndcg@1": 0.0,
    "p@5": 0.2,
    "r@5": 1.0,
    "ndcg@5": 0.43067655807339306,
    "p@10": 0.1,
    "r@10": 1.0,
    "ndcg@10": 0.43067655807339306
  },
  "retrieved": [
    2798,
    2803,
    2810,
    2800,
    2809,
    2780,
    2777,
    2806,
    2793,
    2783
  ]
}