{
  "qid": 91284,
  "query": "Nội dung báo cáo công tác dân tộc chuyên đề bao gồm những gì?",
  "metrics": {
    "mrr": 0.5,
    "map": 0.5,
    "p@1": 0.0,
    "r@1": 0.0,
    "ndcg@1": 0.0,
    "p@5": 0.2,
    "r@5": 1.0,
    "ndcg@5": 0.6309297535714575,
    "p@10": 0.1,
    "r@10": 1.0,
    "ndcg@10": 0.6309297535714575
  },
  "retrieved": [
    1303,
    1314,
    1304,
    2094,
    1309,
    2086,
    1312,
    1313,
    2093,
    2083
  ]
}