{
  "qid": 91283,
  "query": "Thành phần nội dung của chế độ báo cáo công tác dân tộc chuyên đề bao gồm những?",
  "metrics": {
    "mrr": 0.16666666666666666,
    "map": 0.16666666666666666,
    "p@1": 0.0,
    "r@1": 0.0,
    "ndcg@1": 0.0,
    "p@5": 0.0,
    "r@5": 0.0,
    "ndcg@5": 0.0,
    "p@10": 0.1,
    "r@10": 1.0,
    "ndcg@10": 0.3562071871080222
  },
  "retrieved": [
    1303,
    1314,
    1304,
    2094,
    2093,
    10113,
    1309,
    10111,
    1316,
    1305
  ]
}