{
  "qid": 91627,
  "query": "Bổ sung thông tin người cha trên Giấy khai sinh do đại sứ quán Việt Nam cấp được pháp luật quy định như thế nào?",
  "metrics": {
    "mrr": 0.2,
    "map": 0.2,
    "p@1": 0.0,
    "r@1": 0.0,
    "ndcg@1": 0.0,
    "p@5": 0.2,
    "r@5": 1.0,
    "ndcg@5": 0.38685280723454163,
    "p@10": 0.1,
    "r@10": 1.0,
    "ndcg@10": 0.38685280723454163
  },
  "retrieved": [
    4569,
    4572,
    3130,
    4571,
    2265,
    4562,
    4563,
    2262,
    7799,
    4560
  ]
}