{
  "qid": 91656,
  "query": "Trường hợp nào người giám định phải từ chối tham gia tố tụng hoặc bị thay đổi?",
  "metrics": {
    "mrr": 0.5,
    "map": 0.5,
    "p@1": 0.0,
    "r@1": 0.0,
    "ndcg@1": 0.0,
    "p@5": 0.2,
    "r@5": 1.0,
    "ndcg@5": 0.6309297535714575,
    "p@10": 0.1,
    "r@10": 1.0,
    "ndcg@10": 0.6309297535714575
  },
  "retrieved": [
    10545,
    10526,
    10934,
    1012,
    10684,
    1011,
    10577,
    10546,
    10793,
    1008
  ]
}