{
  "qid": 91677,
  "query": "Hình thức đấu giá bằng bỏ phiếu gián tiếp được pháp luật quy định như thế nào?",
  "metrics": {
    "mrr": 0.3333333333333333,
    "map": 0.3333333333333333,
    "p@1": 0.0,
    "r@1": 0.0,
    "ndcg@1": 0.0,
    "p@5": 0.2,
    "r@5": 1.0,
    "ndcg@5": 0.5,
    "p@10": 0.1,
    "r@10": 1.0,
    "ndcg@10": 0.5
  },
  "retrieved": [
    727,
    737,
    730,
    748,
    729,
    9554,
    705,
    6577,
    6585,
    14527
  ]
}