{
  "qid": 91933,
  "query": "16 mức chi phí quản lý trong thực hiện chính sách, chế độ ưu đãi người có công với cách mạng?",
  "metrics": {
    "mrr": 0.3333333333333333,
    "map": 0.3333333333333333,
    "p@1": 0.0,
    "r@1": 0.0,
    "ndcg@1": 0.0,
    "p@5": 0.2,
    "r@5": 1.0,
    "ndcg@5": 0.5,
    "p@10": 0.1,
    "r@10": 1.0,
    "ndcg@10": 0.5
  },
  "retrieved": [
    13388,
    11054,
    11052,
    11057,
    1216,
    9732,
    3787,
    11040,
    6075,
    11059
  ]
}