{
  "qid": 91995,
  "query": "Thông báo tuyển sinh không đủ thời gian theo quy định thì cơ sở giáo dục bị xử phạt vi phạm hành chính thế nào?",
  "metrics": {
    "mrr": 0.3333333333333333,
    "map": 0.16666666666666666,
    "p@1": 0.0,
    "r@1": 0.0,
    "ndcg@1": 0.0,
    "p@5": 0.2,
    "r@5": 0.5,
    "ndcg@5": 0.3065735963827292,
    "p@10": 0.1,
    "r@10": 0.5,
    "ndcg@10": 0.3065735963827292
  },
  "retrieved": [
    9830,
    9831,
    4609,
    4603,
    4636,
    10366,
    4634,
    4610,
    4640,
    788
  ]
}