{
  "qid": 92138,
  "query": "Người bị buộc tội có quyền từ chối người bào chữa không?",
  "metrics": {
    "mrr": 1.0,
    "map": 0.625,
    "p@1": 1.0,
    "r@1": 0.5,
    "ndcg@1": 1.0,
    "p@5": 0.2,
    "r@5": 0.5,
    "ndcg@5": 0.6131471927654584,
    "p@10": 0.2,
    "r@10": 1.0,
    "ndcg@10": 0.8065735963827293
  },
  "retrieved": [
    10554,
    6701,
    13018,
    10555,
    10493,
    10550,
    10549,
    10553,
    10893,
    10552
  ]
}