{
  "qid": 92480,
  "query": "Cán bộ công chức bị xử lý kỷ luật khi thực hiện các hành vi nào?",
  "metrics": {
    "mrr": 0.3333333333333333,
    "map": 0.3333333333333333,
    "p@1": 0.0,
    "r@1": 0.0,
    "ndcg@1": 0.0,
    "p@5": 0.2,
    "r@5": 1.0,
    "ndcg@5": 0.5,
    "p@10": 0.1,
    "r@10": 1.0,
    "ndcg@10": 0.5
  },
  "retrieved": [
    13778,
    13741,
    13746,
    13749,
    13744,
    1702,
    13779,
    13766,
    3868,
    1039
  ]
}