{
  "qid": 92768,
  "query": "Người tham gia đấu giá tiến hành trả giá khi đấu giá trực tiếp bằng lời nói như thế nào?",
  "metrics": {
    "mrr": 0.5,
    "map": 0.5,
    "p@1": 0.0,
    "r@1": 0.0,
    "ndcg@1": 0.0,
    "p@5": 0.2,
    "r@5": 1.0,
    "ndcg@5": 0.6309297535714575,
    "p@10": 0.1,
    "r@10": 1.0,
    "ndcg@10": 0.6309297535714575
  },
  "retrieved": [
    730,
    728,
    729,
    736,
    692,
    746,
    737,
    727,
    739,
    738
  ]
}