{
  "qid": 93046,
  "query": "Bộ hồ sơ bổ nhiệm phụ trách kế toán cần có những giấy tờ nào?",
  "metrics": {
    "mrr": 0.5,
    "map": 0.5,
    "p@1": 0.0,
    "r@1": 0.0,
    "ndcg@1": 0.0,
    "p@5": 0.2,
    "r@5": 1.0,
    "ndcg@5": 0.6309297535714575,
    "p@10": 0.1,
    "r@10": 1.0,
    "ndcg@10": 0.6309297535714575
  },
  "retrieved": [
    4394,
    4395,
    4393,
    4388,
    4391,
    4399,
    4396,
    4389,
    4398,
    9365
  ]
}