{
  "qid": 93195,
  "query": "Chia tổ chức tôn giáo trực thuộc phải đáp ứng những điều kiện nào?",
  "metrics": {
    "mrr": 1.0,
    "map": 0.5,
    "p@1": 1.0,
    "r@1": 0.5,
    "ndcg@1": 1.0,
    "p@5": 0.2,
    "r@5": 0.5,
    "ndcg@5": 0.6131471927654584,
    "p@10": 0.1,
    "r@10": 0.5,
    "ndcg@10": 0.6131471927654584
  },
  "retrieved": [
    2158,
    2157,
    2159,
    2161,
    2153,
    4261,
    2160,
    2197,
    2181,
    2132
  ]
}