{
  "qid": 93266,
  "query": "Việc thu hồi Giấy đăng ký hoạt động của công ty đấu giá hợp danh được thực hiện theo trình tự, thủ tục nào?",
  "metrics": {
    "mrr": 0.25,
    "map": 0.25,
    "p@1": 0.0,
    "r@1": 0.0,
    "ndcg@1": 0.0,
    "p@5": 0.2,
    "r@5": 1.0,
    "ndcg@5": 0.43067655807339306,
    "p@10": 0.1,
    "r@10": 1.0,
    "ndcg@10": 0.43067655807339306
  },
  "retrieved": [
    712,
    715,
    710,
    719,
    12293,
    5047,
    3944,
    767,
    8951,
    8957
  ]
}