{
  "qid": 93890,
  "query": "Các loại hợp đồng làm việc của viên chức có những mẫu theo quy định như thế nào?",
  "metrics": {
    "mrr": 0.14285714285714285,
    "map": 0.14285714285714285,
    "p@1": 0.0,
    "r@1": 0.0,
    "ndcg@1": 0.0,
    "p@5": 0.0,
    "r@5": 0.0,
    "ndcg@5": 0.0,
    "p@10": 0.1,
    "r@10": 1.0,
    "ndcg@10": 0.3333333333333333
  },
  "retrieved": [
    14227,
    14264,
    14267,
    14225,
    4188,
    14475,
    14226,
    14232,
    14268,
    2314
  ]
}