{
  "qid": 94179,
  "query": "Có được xử lý kỷ luật đối với viên chức quản lý trong ngành y tế bằng hình thức trừ lương không?",
  "metrics": {
    "mrr": 0.1111111111111111,
    "map": 0.1111111111111111,
    "p@1": 0.0,
    "r@1": 0.0,
    "ndcg@1": 0.0,
    "p@5": 0.0,
    "r@5": 0.0,
    "ndcg@5": 0.0,
    "p@10": 0.1,
    "r@10": 1.0,
    "ndcg@10": 0.3010299956639812
  },
  "retrieved": [
    3868,
    8170,
    13747,
    13748,
    13753,
    8224,
    13771,
    13779,
    13755,
    14270
  ]
}