{
  "qid": 94206,
  "query": "Văn phòng công chứng phải niêm yết những thông tin gì tại trụ sở của mình?",
  "metrics": {
    "mrr": 0.14285714285714285,
    "map": 0.14285714285714285,
    "p@1": 0.0,
    "r@1": 0.0,
    "ndcg@1": 0.0,
    "p@5": 0.0,
    "r@5": 0.0,
    "ndcg@5": 0.0,
    "p@10": 0.1,
    "r@10": 1.0,
    "ndcg@10": 0.3333333333333333
  },
  "retrieved": [
    1625,
    10087,
    1472,
    1473,
    1633,
    1611,
    1628,
    9335,
    1626,
    8965
  ]
}