{
  "qid": 945,
  "query": "Căn cứ để ghi sổ kế toán có phải sử dụng số liệu của chứng từ kế toán không?",
  "metrics": {
    "mrr": 0.5,
    "map": 0.5,
    "p@1": 0.0,
    "r@1": 0.0,
    "ndcg@1": 0.0,
    "p@5": 0.2,
    "r@5": 1.0,
    "ndcg@5": 0.6309297535714575,
    "p@10": 0.1,
    "r@10": 1.0,
    "ndcg@10": 0.6309297535714575
  },
  "retrieved": [
    2870,
    2865,
    12083,
    5827,
    2871,
    5749,
    9147,
    2868,
    2847,
    2849
  ]
}