{
  "qid": 94598,
  "query": "Thừa phát lại có thể tổ chức thi hành án hay không? Ai có quyền yêu cầu Thừa phát lại tổ chức thi hành án?",
  "metrics": {
    "mrr": 0.14285714285714285,
    "map": 0.14285714285714285,
    "p@1": 0.0,
    "r@1": 0.0,
    "ndcg@1": 0.0,
    "p@5": 0.0,
    "r@5": 0.0,
    "ndcg@5": 0.0,
    "p@10": 0.1,
    "r@10": 1.0,
    "ndcg@10": 0.3333333333333333
  },
  "retrieved": [
    8969,
    9412,
    8978,
    9410,
    8986,
    8975,
    8977,
    8928,
    9425,
    8981
  ]
}