{
  "qid": 94600,
  "query": "Thừa phát lại khi tổ chức thi hành án sẽ có những quyền gì?",
  "metrics": {
    "mrr": 0.25,
    "map": 0.25,
    "p@1": 0.0,
    "r@1": 0.0,
    "ndcg@1": 0.0,
    "p@5": 0.2,
    "r@5": 1.0,
    "ndcg@5": 0.43067655807339306,
    "p@10": 0.1,
    "r@10": 1.0,
    "ndcg@10": 0.43067655807339306
  },
  "retrieved": [
    8969,
    9412,
    9410,
    8978,
    8975,
    8928,
    8973,
    8986,
    8959,
    8977
  ]
}