{
  "qid": 9470,
  "query": "Cơ sở vật chất và trang thiết bị thi đấu môn Thể dục thể hình tại Việt Nam như thế nào để đảm bảo yêu cầu hoạt động thi đấu?",
  "metrics": {
    "mrr": 0.5,
    "map": 0.5,
    "p@1": 0.0,
    "r@1": 0.0,
    "ndcg@1": 0.0,
    "p@5": 0.2,
    "r@5": 1.0,
    "ndcg@5": 0.6309297535714575,
    "p@10": 0.1,
    "r@10": 1.0,
    "ndcg@10": 0.6309297535714575
  },
  "retrieved": [
    4411,
    12983,
    7746,
    6616,
    257,
    254,
    8780,
    9262,
    9261,
    4412
  ]
}