{
  "qid": 94784,
  "query": "Trong công tác bảo trì công trình xây dựng thì trường hợp nào phải thực hiện kiểm định chất lượng công trình?",
  "metrics": {
    "mrr": 0.3333333333333333,
    "map": 0.3333333333333333,
    "p@1": 0.0,
    "r@1": 0.0,
    "ndcg@1": 0.0,
    "p@5": 0.2,
    "r@5": 1.0,
    "ndcg@5": 0.5,
    "p@10": 0.1,
    "r@10": 1.0,
    "ndcg@10": 0.5
  },
  "retrieved": [
    6903,
    6874,
    6902,
    3415,
    5736,
    6775,
    5733,
    6900,
    3416,
    9065
  ]
}