{
  "qid": 94844,
  "query": "Nội dung ghi trên mẫu bảng thanh toán tiền làm thêm giờ áp dụng cho doanh nghiệp nhỏ và vừa có được phép ghi tắt không?",
  "metrics": {
    "mrr": 0.3333333333333333,
    "map": 0.3333333333333333,
    "p@1": 0.0,
    "r@1": 0.0,
    "ndcg@1": 0.0,
    "p@5": 0.2,
    "r@5": 1.0,
    "ndcg@5": 0.5,
    "p@10": 0.1,
    "r@10": 1.0,
    "ndcg@10": 0.5
  },
  "retrieved": [
    9707,
    12119,
    2862,
    8590,
    13738,
    5711,
    4019,
    10466,
    10406,
    12840
  ]
}