{
  "qid": 95041,
  "query": "Cha mẹ có bị phạt tiền khi con cái chưa đủ 18 tuổi uống rượu bia không?",
  "metrics": {
    "mrr": 0.5,
    "map": 0.5,
    "p@1": 0.0,
    "r@1": 0.0,
    "ndcg@1": 0.0,
    "p@5": 0.2,
    "r@5": 1.0,
    "ndcg@5": 0.6309297535714575,
    "p@10": 0.1,
    "r@10": 1.0,
    "ndcg@10": 0.6309297535714575
  },
  "retrieved": [
    14571,
    14577,
    14576,
    14575,
    14574,
    6694,
    2524,
    2517,
    6524,
    14572
  ]
}