{
  "qid": 95082,
  "query": "Tổ chức tôn giáo hoạt động trên một địa bàn tỉnh cần liên hệ với cơ quan nhà nước nào để sửa đổi hiến chương của tổ chức?",
  "metrics": {
    "mrr": 0.5,
    "map": 0.5,
    "p@1": 0.0,
    "r@1": 0.0,
    "ndcg@1": 0.0,
    "p@5": 0.2,
    "r@5": 1.0,
    "ndcg@5": 0.6309297535714575,
    "p@10": 0.1,
    "r@10": 1.0,
    "ndcg@10": 0.6309297535714575
  },
  "retrieved": [
    2175,
    2154,
    2153,
    2152,
    2159,
    2197,
    2137,
    2161,
    2166,
    2164
  ]
}