{
  "qid": 95289,
  "query": "Văn phòng Thừa phát lại không hoạt động ngay sau khi được cấp Giấy đăng ký hoạt động thì có bị gì không?",
  "metrics": {
    "mrr": 0.2,
    "map": 0.2,
    "p@1": 0.0,
    "r@1": 0.0,
    "ndcg@1": 0.0,
    "p@5": 0.2,
    "r@5": 1.0,
    "ndcg@5": 0.38685280723454163,
    "p@10": 0.1,
    "r@10": 1.0,
    "ndcg@10": 0.38685280723454163
  },
  "retrieved": [
    8950,
    8948,
    8954,
    8953,
    8957,
    8952,
    5867,
    8956,
    8949,
    8943
  ]
}