{
  "qid": 95879,
  "query": "Thủ tục bổ nhiệm thừa phát lại được thực hiện như thế nào?",
  "metrics": {
    "mrr": 0.3333333333333333,
    "map": 0.3333333333333333,
    "p@1": 0.0,
    "r@1": 0.0,
    "ndcg@1": 0.0,
    "p@5": 0.2,
    "r@5": 1.0,
    "ndcg@5": 0.5,
    "p@10": 0.1,
    "r@10": 1.0,
    "ndcg@10": 0.5
  },
  "retrieved": [
    8940,
    9000,
    8936,
    8992,
    8954,
    8994,
    8953,
    8939,
    8941,
    8932
  ]
}