{
  "qid": 95973,
  "query": "Hàng hóa bảo quản trong kho ngoại quan có phải cần phù hợp với hợp đồng thuê kho ngoại quan không?",
  "metrics": {
    "mrr": 0.5,
    "map": 0.5,
    "p@1": 0.0,
    "r@1": 0.0,
    "ndcg@1": 0.0,
    "p@5": 0.2,
    "r@5": 1.0,
    "ndcg@5": 0.6309297535714575,
    "p@10": 0.1,
    "r@10": 1.0,
    "ndcg@10": 0.6309297535714575
  },
  "retrieved": [
    8391,
    8393,
    8392,
    8394,
    8395,
    8390,
    8389,
    11998,
    5285,
    5286
  ]
}