{
  "qid": 96135,
  "query": "Phạm vi trách nhiệm bồi thường của Nhà nước trong hoạt động thi hành án hình sự được quy định như thế nào?",
  "metrics": {
    "mrr": 0.5,
    "map": 0.5,
    "p@1": 0.0,
    "r@1": 0.0,
    "ndcg@1": 0.0,
    "p@5": 0.2,
    "r@5": 1.0,
    "ndcg@5": 0.6309297535714575,
    "p@10": 0.1,
    "r@10": 1.0,
    "ndcg@10": 0.6309297535714575
  },
  "retrieved": [
    12699,
    12712,
    8903,
    12724,
    12747,
    12713,
    217,
    8885,
    12730,
    12695
  ]
}