{
  "qid": 96255,
  "query": "Đấu giá quyền sử dụng đất trong trường hợp chỉ có một người đăng ký tham gia đấu giá được thực hiện trong trường hợp nào?",
  "metrics": {
    "mrr": 0.2,
    "map": 0.2,
    "p@1": 0.0,
    "r@1": 0.0,
    "ndcg@1": 0.0,
    "p@5": 0.2,
    "r@5": 1.0,
    "ndcg@5": 0.38685280723454163,
    "p@10": 0.1,
    "r@10": 1.0,
    "ndcg@10": 0.38685280723454163
  },
  "retrieved": [
    746,
    720,
    721,
    725,
    736,
    752,
    739,
    726,
    723,
    692
  ]
}