{
  "qid": 96345,
  "query": "Buộc thôi việc có được xem là hình thức kỷ luật đối với viên chức là đăng kiểm viên xe cơ giới không?",
  "metrics": {
    "mrr": 0.3333333333333333,
    "map": 0.3333333333333333,
    "p@1": 0.0,
    "r@1": 0.0,
    "ndcg@1": 0.0,
    "p@5": 0.2,
    "r@5": 1.0,
    "ndcg@5": 0.5,
    "p@10": 0.1,
    "r@10": 1.0,
    "ndcg@10": 0.5
  },
  "retrieved": [
    10336,
    13747,
    13755,
    11796,
    13748,
    13771,
    13779,
    13753,
    13749,
    13778
  ]
}