{
  "qid": 96497,
  "query": "Người trúng đấu giá từ chối ký biên bản đấu giá tài sản thì xử lý như thế nào?",
  "metrics": {
    "mrr": 1.0,
    "map": 0.7,
    "p@1": 1.0,
    "r@1": 0.5,
    "ndcg@1": 1.0,
    "p@5": 0.4,
    "r@5": 1.0,
    "ndcg@5": 0.8503449055347546,
    "p@10": 0.2,
    "r@10": 1.0,
    "ndcg@10": 0.8503449055347546
  },
  "retrieved": [
    731,
    733,
    739,
    738,
    735,
    726,
    732,
    759,
    694,
    762
  ]
}