{
  "qid": 96499,
  "query": "Hồ sơ thực hiện đồng thời việc đăng ký khai sinh, đăng ký thường trú và cấp thẻ bảo hiểm y tế cho trẻ sơ sinh gồm những gì?",
  "metrics": {
    "mrr": 0.5,
    "map": 0.5,
    "p@1": 0.0,
    "r@1": 0.0,
    "ndcg@1": 0.0,
    "p@5": 0.2,
    "r@5": 1.0,
    "ndcg@5": 0.6309297535714575,
    "p@10": 0.1,
    "r@10": 1.0,
    "ndcg@10": 0.6309297535714575
  },
  "retrieved": [
    5140,
    5136,
    5131,
    5135,
    5137,
    5133,
    5144,
    5134,
    5132,
    4560
  ]
}