{
  "qid": 96491,
  "query": "Có thay đổi người quản lý địa điểm kinh doanh dịch vụ trò chơi điện tử có thưởng mà không thông báo bị xử phạt thế nào?",
  "metrics": {
    "mrr": 0.5,
    "map": 0.5,
    "p@1": 0.0,
    "r@1": 0.0,
    "ndcg@1": 0.0,
    "p@5": 0.2,
    "r@5": 1.0,
    "ndcg@5": 0.6309297535714575,
    "p@10": 0.1,
    "r@10": 1.0,
    "ndcg@10": 0.6309297535714575
  },
  "retrieved": [
    3248,
    3292,
    3267,
    3301,
    7950,
    7945,
    7948,
    7947,
    7949,
    3256
  ]
}