{
  "qid": 9650,
  "query": "Trong vụ án hình sự nếu bị can trốn thì Cơ quan điều tra có phải ra quyết định tạm đình chỉ điều tra không?",
  "metrics": {
    "mrr": 0.25,
    "map": 0.25,
    "p@1": 0.0,
    "r@1": 0.0,
    "ndcg@1": 0.0,
    "p@5": 0.2,
    "r@5": 1.0,
    "ndcg@5": 0.43067655807339306,
    "p@10": 0.1,
    "r@10": 1.0,
    "ndcg@10": 0.43067655807339306
  },
  "retrieved": [
    6686,
    10724,
    10911,
    10706,
    10717,
    10707,
    10602,
    10929,
    10513,
    10713
  ]
}