{
  "qid": 96635,
  "query": "Quá trình tiếp nhận phương tiện bị tạm giữ được quy định như thế nào?",
  "metrics": {
    "mrr": 0.3333333333333333,
    "map": 0.3333333333333333,
    "p@1": 0.0,
    "r@1": 0.0,
    "ndcg@1": 0.0,
    "p@5": 0.2,
    "r@5": 1.0,
    "ndcg@5": 0.5,
    "p@10": 0.1,
    "r@10": 1.0,
    "ndcg@10": 0.5
  },
  "retrieved": [
    14017,
    14022,
    14026,
    14030,
    8386,
    13027,
    8387,
    8384,
    14025,
    14020
  ]
}