{
  "qid": 96744,
  "query": "Thẩm phán và bị cáo là người thân thích của nhau thì Thẩm phán có bị thay đổi không?",
  "metrics": {
    "mrr": 0.5,
    "map": 0.25,
    "p@1": 0.0,
    "r@1": 0.0,
    "ndcg@1": 0.0,
    "p@5": 0.2,
    "r@5": 0.5,
    "ndcg@5": 0.38685280723454163,
    "p@10": 0.1,
    "r@10": 0.5,
    "ndcg@10": 0.38685280723454163
  },
  "retrieved": [
    10731,
    10530,
    10732,
    10599,
    12728,
    10598,
    10756,
    10896,
    10738,
    10760
  ]
}