{
  "qid": 97246,
  "query": "Sản phẩm an toàn thông tin mạng gồm những sản phẩm gì?",
  "metrics": {
    "mrr": 0.16666666666666666,
    "map": 0.16666666666666666,
    "p@1": 0.0,
    "r@1": 0.0,
    "ndcg@1": 0.0,
    "p@5": 0.0,
    "r@5": 0.0,
    "ndcg@5": 0.0,
    "p@10": 0.1,
    "r@10": 1.0,
    "ndcg@10": 0.3562071871080222
  },
  "retrieved": [
    12148,
    12145,
    12149,
    12150,
    12156,
    12147,
    12155,
    12146,
    12152,
    12151
  ]
}