{
  "qid": 97360,
  "query": "Thẩm quyền cấp lại Giấy chứng nhận an toàn sinh học hết thời hạn là ai?",
  "metrics": {
    "mrr": 0.2,
    "map": 0.2,
    "p@1": 0.0,
    "r@1": 0.0,
    "ndcg@1": 0.0,
    "p@5": 0.2,
    "r@5": 1.0,
    "ndcg@5": 0.38685280723454163,
    "p@10": 0.1,
    "r@10": 1.0,
    "ndcg@10": 0.38685280723454163
  },
  "retrieved": [
    11516,
    8180,
    11526,
    11518,
    11514,
    8181,
    8188,
    11515,
    8178,
    14549
  ]
}