{
  "qid": 97391,
  "query": "Nếu không kinh nghiệp mà vẫn làm người điều hành Điểm kinh doanh trò chơi điện tử có thưởng thì có sao không?",
  "metrics": {
    "mrr": 0.5,
    "map": 0.5,
    "p@1": 0.0,
    "r@1": 0.0,
    "ndcg@1": 0.0,
    "p@5": 0.2,
    "r@5": 1.0,
    "ndcg@5": 0.6309297535714575,
    "p@10": 0.1,
    "r@10": 1.0,
    "ndcg@10": 0.6309297535714575
  },
  "retrieved": [
    3248,
    3292,
    3267,
    3256,
    3268,
    3262,
    3301,
    3255,
    11319,
    3263
  ]
}