{
  "qid": 97447,
  "query": "Giáo viên tiểu học hạng II phải đạt tiêu chuẩn nào?",
  "metrics": {
    "mrr": 0.25,
    "map": 0.25,
    "p@1": 0.0,
    "r@1": 0.0,
    "ndcg@1": 0.0,
    "p@5": 0.2,
    "r@5": 1.0,
    "ndcg@5": 0.43067655807339306,
    "p@10": 0.1,
    "r@10": 1.0,
    "ndcg@10": 0.43067655807339306
  },
  "retrieved": [
    2820,
    1538,
    1537,
    2817,
    2815,
    3852,
    1535,
    1532,
    1533,
    2814
  ]
}