{
  "qid": 97602,
  "query": "Kiến nghị khởi tố vụ án hình sự bị tạm đình chỉ trong những trường hợp nào theo quy định pháp luật?",
  "metrics": {
    "mrr": 0.16666666666666666,
    "map": 0.16666666666666666,
    "p@1": 0.0,
    "r@1": 0.0,
    "ndcg@1": 0.0,
    "p@5": 0.0,
    "r@5": 0.0,
    "ndcg@5": 0.0,
    "p@10": 0.1,
    "r@10": 1.0,
    "ndcg@10": 0.3562071871080222
  },
  "retrieved": [
    3569,
    10636,
    989,
    10516,
    10517,
    10625,
    10642,
    995,
    10513,
    10624
  ]
}