{
  "qid": 97658,
  "query": "Không được khởi tố vụ án hình sự trong những trường hợp nào?",
  "metrics": {
    "mrr": 0.1111111111111111,
    "map": 0.1111111111111111,
    "p@1": 0.0,
    "r@1": 0.0,
    "ndcg@1": 0.0,
    "p@5": 0.0,
    "r@5": 0.0,
    "ndcg@5": 0.0,
    "p@10": 0.1,
    "r@10": 1.0,
    "ndcg@10": 0.3010299956639812
  },
  "retrieved": [
    10638,
    10630,
    3569,
    10635,
    10633,
    10632,
    10631,
    3571,
    10634,
    10636
  ]
}