{
  "qid": 97975,
  "query": "Quy định xử phạt vi phạm hành chính đối với hành vi cản trở trái pháp luật hoạt động báo chí ra sao?",
  "metrics": {
    "mrr": 0.3333333333333333,
    "map": 0.3333333333333333,
    "p@1": 0.0,
    "r@1": 0.0,
    "ndcg@1": 0.0,
    "p@5": 0.2,
    "r@5": 1.0,
    "ndcg@5": 0.5,
    "p@10": 0.1,
    "r@10": 1.0,
    "ndcg@10": 0.5
  },
  "retrieved": [
    10936,
    14903,
    14908,
    8995,
    14944,
    13513,
    14935,
    14906,
    14914,
    14904
  ]
}