{
  "qid": 97987,
  "query": "Việc phân loại hợp tác xã được thực hiện dựa trên nguyên tắc nào?",
  "metrics": {
    "mrr": 1.0,
    "map": 0.54375,
    "p@1": 1.0,
    "r@1": 0.25,
    "ndcg@1": 1.0,
    "p@5": 0.4,
    "r@5": 0.5,
    "ndcg@5": 0.5413996682199069,
    "p@10": 0.4,
    "r@10": 1.0,
    "ndcg@10": 0.7773960039392072
  },
  "retrieved": [
    1384,
    1386,
    9875,
    1391,
    1387,
    1383,
    9873,
    1385,
    1389,
    1388
  ]
}