{
  "qid": 98110,
  "query": "Kích thước tiêu chuẩn của mã số sách tiêu chuẩn quốc tế được quy định như thế nào?",
  "metrics": {
    "mrr": 0.3333333333333333,
    "map": 0.3333333333333333,
    "p@1": 0.0,
    "r@1": 0.0,
    "ndcg@1": 0.0,
    "p@5": 0.2,
    "r@5": 1.0,
    "ndcg@5": 0.5,
    "p@10": 0.1,
    "r@10": 1.0,
    "ndcg@10": 0.5
  },
  "retrieved": [
    5167,
    1462,
    5174,
    8735,
    5175,
    5173,
    5171,
    8805,
    5176,
    3852
  ]
}