{
  "qid": 98262,
  "query": "Người đại diện của nhóm sinh hoạt tôn giáo tập trung có thể là người nước ngoài cư trú hợp pháp tại Việt Nam không?",
  "metrics": {
    "mrr": 0.1111111111111111,
    "map": 0.1111111111111111,
    "p@1": 0.0,
    "r@1": 0.0,
    "ndcg@1": 0.0,
    "p@5": 0.0,
    "r@5": 0.0,
    "ndcg@5": 0.0,
    "p@10": 0.1,
    "r@10": 1.0,
    "ndcg@10": 0.3010299956639812
  },
  "retrieved": [
    2177,
    2138,
    2147,
    2181,
    2179,
    2132,
    2137,
    2178,
    2146,
    2257
  ]
}