{
  "qid": 98412,
  "query": "Sinh viên sư phạm thì được hỗ trợ như thế nào và thời gian hỗ trợ là bao lâu?",
  "metrics": {
    "mrr": 0.2,
    "map": 0.2,
    "p@1": 0.0,
    "r@1": 0.0,
    "ndcg@1": 0.0,
    "p@5": 0.2,
    "r@5": 1.0,
    "ndcg@5": 0.38685280723454163,
    "p@10": 0.1,
    "r@10": 1.0,
    "ndcg@10": 0.38685280723454163
  },
  "retrieved": [
    14388,
    14385,
    14384,
    14386,
    14383,
    14387,
    14391,
    14390,
    14380,
    9725
  ]
}