{
  "qid": 98915,
  "query": "Công chứng viên chuyển sang hành nghề Thừa phát lại thì có cần tham gia đào tạo nữa không?",
  "metrics": {
    "mrr": 0.3333333333333333,
    "map": 0.3333333333333333,
    "p@1": 0.0,
    "r@1": 0.0,
    "ndcg@1": 0.0,
    "p@5": 0.2,
    "r@5": 1.0,
    "ndcg@5": 0.5,
    "p@10": 0.1,
    "r@10": 1.0,
    "ndcg@10": 0.5
  },
  "retrieved": [
    699,
    1610,
    8933,
    5833,
    1609,
    1637,
    1636,
    8937,
    4228,
    8942
  ]
}