{
  "qid": 98998,
  "query": "Báo chí đối ngoại thực hiện đăng, phát thông tin đối ngoại phải tuân thủ những quy định nào?",
  "metrics": {
    "mrr": 0.16666666666666666,
    "map": 0.16666666666666666,
    "p@1": 0.0,
    "r@1": 0.0,
    "ndcg@1": 0.0,
    "p@5": 0.0,
    "r@5": 0.0,
    "ndcg@5": 0.0,
    "p@10": 0.1,
    "r@10": 1.0,
    "ndcg@10": 0.3562071871080222
  },
  "retrieved": [
    3652,
    3654,
    3646,
    3653,
    3655,
    3651,
    3648,
    3650,
    3647,
    3657
  ]
}