{
  "qid": 98997,
  "query": "Đăng, phát nội dung thông tin đối ngoại trên báo chí phải tuân thủ những nguyên tắc nào?",
  "metrics": {
    "mrr": 0.2,
    "map": 0.2,
    "p@1": 0.0,
    "r@1": 0.0,
    "ndcg@1": 0.0,
    "p@5": 0.2,
    "r@5": 1.0,
    "ndcg@5": 0.38685280723454163,
    "p@10": 0.1,
    "r@10": 1.0,
    "ndcg@10": 0.38685280723454163
  },
  "retrieved": [
    3653,
    3652,
    3654,
    3646,
    3650,
    3655,
    3651,
    3648,
    3647,
    3656
  ]
}