{
  "qid": 99645,
  "query": "Giấy công nhận Giấy chứng nhận khả năng chuyên môn của thuyền viên có thời hạn bao lâu?",
  "metrics": {
    "mrr": 0.25,
    "map": 0.25,
    "p@1": 0.0,
    "r@1": 0.0,
    "ndcg@1": 0.0,
    "p@5": 0.2,
    "r@5": 1.0,
    "ndcg@5": 0.43067655807339306,
    "p@10": 0.1,
    "r@10": 1.0,
    "ndcg@10": 0.43067655807339306
  },
  "retrieved": [
    3777,
    3759,
    3784,
    3771,
    3735,
    3719,
    3775,
    3776,
    9096,
    3734
  ]
}