{
  "qid": 9996,
  "query": "Trường mầm non sử dụng giáo viên không đáp ứng điều kiện quy định thì bị xử phạt vi phạm hành chính thế nào?",
  "metrics": {
    "mrr": 0.1111111111111111,
    "map": 0.05555555555555555,
    "p@1": 0.0,
    "r@1": 0.0,
    "ndcg@1": 0.0,
    "p@5": 0.0,
    "r@5": 0.0,
    "ndcg@5": 0.0,
    "p@10": 0.1,
    "r@10": 0.5,
    "ndcg@10": 0.18457569677956817
  },
  "retrieved": [
    4603,
    6360,
    1529,
    1532,
    6359,
    6751,
    4606,
    14572,
    4625,
    1535
  ]
}